[0.000000] (-) TimerEvent: {}
[0.000180] (CommunicationCenter) JobQueued: {'identifier': 'CommunicationCenter', 'dependencies': OrderedDict()}
[0.000200] (mujoco_mapping) JobQueued: {'identifier': 'mujoco_mapping', 'dependencies': OrderedDict()}
[0.000211] (nz-imu) JobQueued: {'identifier': 'nz-imu', 'dependencies': OrderedDict()}
[0.000498] (CommunicationCenter) JobStarted: {'identifier': 'CommunicationCenter'}
[0.003644] (mujoco_mapping) JobStarted: {'identifier': 'mujoco_mapping'}
[0.005969] (nz-imu) JobStarted: {'identifier': 'nz-imu'}
[0.008444] (CommunicationCenter) JobProgress: {'identifier': 'CommunicationCenter', 'progress': 'cmake'}
[0.008648] (CommunicationCenter) Command: {'cmd': ['/usr/bin/cmake', '/home/albusgive2/rlfw/rlfw_deploy/src/CommunicationCenter', '-DCMAKE_INSTALL_PREFIX=/home/albusgive2/rlfw/rlfw_deploy/install/CommunicationCenter'], 'cwd': '/home/albusgive2/rlfw/rlfw_deploy/build/CommunicationCenter', 'env': OrderedDict([('GJS_DEBUG_TOPICS', 'JS ERROR;JS LOG'), ('LESSOPEN', '| /usr/bin/lesspipe %s'), ('LANGUAGE', 'zh_CN:zh'), ('USER', 'albusgive2'), ('XDG_SESSION_TYPE', 'x11'), ('GIT_ASKPASS', '/usr/share/code/resources/app/extensions/git/dist/askpass.sh'), ('SHLVL', '1'), ('LD_LIBRARY_PATH', '/home/albusgive2/rlfw/rlfw_interface/install/rlfw_msgs/lib:/opt/mujoco/lib:/opt/ros/humble/opt/rviz_ogre_vendor/lib:/opt/ros/humble/lib/x86_64-linux-gnu:/opt/ros/humble/lib:/usr/local/cuda/lib64::/usr/local/cuda-12.4/lib64'), ('HOME', '/home/albusgive2'), ('CHROME_DESKTOP', 'code.desktop'), ('CONDA_SHLVL', '0'), ('OLDPWD', '/home/albusgive2/rlfw/rlfw_deploy/src'), ('TERM_PROGRAM_VERSION', '1.97.0'), ('DESKTOP_SESSION', 'ubuntu'), ('GIO_LAUNCHED_DESKTOP_FILE', '/usr/share/applications/code.desktop'), ('ROS_PYTHON_VERSION', '3'), ('GNOME_SHELL_SESSION_MODE', 'ubuntu'), ('GTK_MODULES', 'gail:atk-bridge'), ('VSCODE_GIT_ASKPASS_MAIN', '/usr/share/code/resources/app/extensions/git/dist/askpass-main.js'), ('VSCODE_GIT_ASKPASS_NODE', '/usr/share/code/code'), ('MANAGERPID', '1573'), ('SYSTEMD_EXEC_PID', '1821'), ('DBUS_SESSION_BUS_ADDRESS', 'unix:path=/run/user/1000/bus'), ('COLORTERM', 'truecolor'), ('_CE_M', ''), ('GIO_LAUNCHED_DESKTOP_FILE_PID', '7132'), ('https_proxy', 'http://127.0.0.1:7897'), ('COLCON_PREFIX_PATH', '/home/albusgive2/rlfw/rlfw_deploy/install:/home/albusgive2/rlfw/rlfw_interface/install'), ('ROS_DISTRO', 'humble'), ('GTK_IM_MODULE', 'ibus'), ('LOGNAME', 'albusgive2'), ('http_proxy', 'http://127.0.0.1:7897'), ('JOURNAL_STREAM', '8:12181'), ('_', '/usr/bin/colcon'), ('ROS_VERSION', '2'), ('XDG_SESSION_CLASS', 'user'), ('USERNAME', 'albusgive2'), ('TERM', 'xterm-256color'), ('GNOME_DESKTOP_SESSION_ID', 'this-is-deprecated'), ('_CE_CONDA', ''), ('ROS_LOCALHOST_ONLY', '0'), ('WINDOWPATH', '2'), ('PATH', '/opt/ros/humble/bin:/usr/local/cuda/bin:/home/albusgive2/anaconda3/condabin:/home/albusgive2/.local/bin:/usr/local/sbin:/usr/local/bin:/usr/sbin:/usr/bin:/sbin:/bin:/usr/games:/usr/local/games:/snap/bin:/snap/bin:/home/albusgive2/.config/Code/User/globalStorage/github.copilot-chat/debugCommand:/usr/local/cuda-12.4/bin'), ('SESSION_MANAGER', 'local/albusgive2:@/tmp/.ICE-unix/1794,unix/albusgive2:/tmp/.ICE-unix/1794'), ('INVOCATION_ID', 'a95d020667ba4ddbbf198b657dcc9979'), ('XDG_MENU_PREFIX', 'gnome-'), ('XDG_RUNTIME_DIR', '/run/user/1000'), ('GDK_BACKEND', 'x11'), ('DISPLAY', ':1'), ('LANG', 'zh_CN.UTF-8'), ('XDG_CURRENT_DESKTOP', 'Unity'), ('XMODIFIERS', '@im=ibus'), ('XDG_SESSION_DESKTOP', 'ubuntu'), ('XAUTHORITY', '/run/user/1000/gdm/Xauthority'), ('LS_COLORS', 'rs=0:di=01;34:ln=01;36:mh=00:pi=40;33:so=01;35:do=01;35:bd=40;33;01:cd=40;33;01:or=40;31;01:mi=00:su=37;41:sg=30;43:ca=30;41:tw=30;42:ow=34;42:st=37;44:ex=01;32:*.tar=01;31:*.tgz=01;31:*.arc=01;31:*.arj=01;31:*.taz=01;31:*.lha=01;31:*.lz4=01;31:*.lzh=01;31:*.lzma=01;31:*.tlz=01;31:*.txz=01;31:*.tzo=01;31:*.t7z=01;31:*.zip=01;31:*.z=01;31:*.dz=01;31:*.gz=01;31:*.lrz=01;31:*.lz=01;31:*.lzo=01;31:*.xz=01;31:*.zst=01;31:*.tzst=01;31:*.bz2=01;31:*.bz=01;31:*.tbz=01;31:*.tbz2=01;31:*.tz=01;31:*.deb=01;31:*.rpm=01;31:*.jar=01;31:*.war=01;31:*.ear=01;31:*.sar=01;31:*.rar=01;31:*.alz=01;31:*.ace=01;31:*.zoo=01;31:*.cpio=01;31:*.7z=01;31:*.rz=01;31:*.cab=01;31:*.wim=01;31:*.swm=01;31:*.dwm=01;31:*.esd=01;31:*.jpg=01;35:*.jpeg=01;35:*.mjpg=01;35:*.mjpeg=01;35:*.gif=01;35:*.bmp=01;35:*.pbm=01;35:*.pgm=01;35:*.ppm=01;35:*.tga=01;35:*.xbm=01;35:*.xpm=01;35:*.tif=01;35:*.tiff=01;35:*.png=01;35:*.svg=01;35:*.svgz=01;35:*.mng=01;35:*.pcx=01;35:*.mov=01;35:*.mpg=01;35:*.mpeg=01;35:*.m2v=01;35:*.mkv=01;35:*.webm=01;35:*.webp=01;35:*.ogm=01;35:*.mp4=01;35:*.m4v=01;35:*.mp4v=01;35:*.vob=01;35:*.qt=01;35:*.nuv=01;35:*.wmv=01;35:*.asf=01;35:*.rm=01;35:*.rmvb=01;35:*.flc=01;35:*.avi=01;35:*.fli=01;35:*.flv=01;35:*.gl=01;35:*.dl=01;35:*.xcf=01;35:*.xwd=01;35:*.yuv=01;35:*.cgm=01;35:*.emf=01;35:*.ogv=01;35:*.ogx=01;35:*.aac=00;36:*.au=00;36:*.flac=00;36:*.m4a=00;36:*.mid=00;36:*.midi=00;36:*.mka=00;36:*.mp3=00;36:*.mpc=00;36:*.ogg=00;36:*.ra=00;36:*.wav=00;36:*.oga=00;36:*.opus=00;36:*.spx=00;36:*.xspf=00;36:'), ('VSCODE_GIT_IPC_HANDLE', '/run/user/1000/vscode-git-3d487d3973.sock'), ('TERM_PROGRAM', 'vscode'), ('SSH_AGENT_LAUNCHER', 'gnome-keyring'), ('SSH_AUTH_SOCK', '/run/user/1000/keyring/ssh'), ('AMENT_PREFIX_PATH', '/home/albusgive2/rlfw/rlfw_deploy/install/nz-imu:/home/albusgive2/rlfw/rlfw_deploy/install/mujoco_mapping:/home/albusgive2/rlfw/rlfw_deploy/install/CommunicationCenter:/home/albusgive2/rlfw/rlfw_interface/install/rlfw_msgs:/opt/ros/humble'), ('CONDA_PYTHON_EXE', '/home/albusgive2/anaconda3/bin/python'), ('ORIGINAL_XDG_CURRENT_DESKTOP', 'ubuntu:GNOME'), ('SHELL', '/bin/bash'), ('QT_ACCESSIBILITY', '1'), ('GDMSESSION', 'ubuntu'), ('LESSCLOSE', '/usr/bin/lesspipe %s %s'), ('GPG_AGENT_INFO', '/run/user/1000/gnupg/S.gpg-agent:0:1'), ('GJS_DEBUG_OUTPUT', 'stderr'), ('VSCODE_GIT_ASKPASS_EXTRA_ARGS', ''), ('QT_IM_MODULE', 'ibus'), ('PWD', '/home/albusgive2/rlfw/rlfw_deploy/build/CommunicationCenter'), ('XDG_CONFIG_DIRS', '/etc/xdg/xdg-ubuntu:/etc/xdg'), ('CONDA_EXE', '/home/albusgive2/anaconda3/bin/conda'), ('XDG_DATA_DIRS', '/usr/share/ubuntu:/usr/share/gnome:/usr/local/share/:/usr/share/:/var/lib/snapd/desktop'), ('PYTHONPATH', '/home/albusgive2/rlfw/rlfw_interface/install/rlfw_msgs/local/lib/python3.10/dist-packages:/opt/ros/humble/lib/python3.10/site-packages:/opt/ros/humble/local/lib/python3.10/dist-packages'), ('COLCON', '1'), ('CMAKE_PREFIX_PATH', '/home/albusgive2/rlfw/rlfw_deploy/install/nz-imu:/home/albusgive2/rlfw/rlfw_deploy/install/mujoco_mapping:/home/albusgive2/rlfw/rlfw_deploy/install/CommunicationCenter:/home/albusgive2/rlfw/rlfw_interface/install/rlfw_msgs:/opt/ros/humble')]), 'shell': False}
[0.010725] (mujoco_mapping) JobProgress: {'identifier': 'mujoco_mapping', 'progress': 'cmake'}
[0.011025] (mujoco_mapping) Command: {'cmd': ['/usr/bin/cmake', '/home/albusgive2/rlfw/rlfw_deploy/src/mujoco_mapping', '-DCMAKE_INSTALL_PREFIX=/home/albusgive2/rlfw/rlfw_deploy/install/mujoco_mapping'], 'cwd': '/home/albusgive2/rlfw/rlfw_deploy/build/mujoco_mapping', 'env': OrderedDict([('GJS_DEBUG_TOPICS', 'JS ERROR;JS LOG'), ('LESSOPEN', '| /usr/bin/lesspipe %s'), ('LANGUAGE', 'zh_CN:zh'), ('USER', 'albusgive2'), ('XDG_SESSION_TYPE', 'x11'), ('GIT_ASKPASS', '/usr/share/code/resources/app/extensions/git/dist/askpass.sh'), ('SHLVL', '1'), ('LD_LIBRARY_PATH', '/home/albusgive2/rlfw/rlfw_interface/install/rlfw_msgs/lib:/opt/mujoco/lib:/opt/ros/humble/opt/rviz_ogre_vendor/lib:/opt/ros/humble/lib/x86_64-linux-gnu:/opt/ros/humble/lib:/usr/local/cuda/lib64::/usr/local/cuda-12.4/lib64'), ('HOME', '/home/albusgive2'), ('CHROME_DESKTOP', 'code.desktop'), ('CONDA_SHLVL', '0'), ('OLDPWD', '/home/albusgive2/rlfw/rlfw_deploy/src'), ('TERM_PROGRAM_VERSION', '1.97.0'), ('DESKTOP_SESSION', 'ubuntu'), ('GIO_LAUNCHED_DESKTOP_FILE', '/usr/share/applications/code.desktop'), ('ROS_PYTHON_VERSION', '3'), ('GNOME_SHELL_SESSION_MODE', 'ubuntu'), ('GTK_MODULES', 'gail:atk-bridge'), ('VSCODE_GIT_ASKPASS_MAIN', '/usr/share/code/resources/app/extensions/git/dist/askpass-main.js'), ('VSCODE_GIT_ASKPASS_NODE', '/usr/share/code/code'), ('MANAGERPID', '1573'), ('SYSTEMD_EXEC_PID', '1821'), ('DBUS_SESSION_BUS_ADDRESS', 'unix:path=/run/user/1000/bus'), ('COLORTERM', 'truecolor'), ('_CE_M', ''), ('GIO_LAUNCHED_DESKTOP_FILE_PID', '7132'), ('https_proxy', 'http://127.0.0.1:7897'), ('COLCON_PREFIX_PATH', '/home/albusgive2/rlfw/rlfw_deploy/install:/home/albusgive2/rlfw/rlfw_interface/install'), ('ROS_DISTRO', 'humble'), ('GTK_IM_MODULE', 'ibus'), ('LOGNAME', 'albusgive2'), ('http_proxy', 'http://127.0.0.1:7897'), ('JOURNAL_STREAM', '8:12181'), ('_', '/usr/bin/colcon'), ('ROS_VERSION', '2'), ('XDG_SESSION_CLASS', 'user'), ('USERNAME', 'albusgive2'), ('TERM', 'xterm-256color'), ('GNOME_DESKTOP_SESSION_ID', 'this-is-deprecated'), ('_CE_CONDA', ''), ('ROS_LOCALHOST_ONLY', '0'), ('WINDOWPATH', '2'), ('PATH', '/opt/ros/humble/bin:/usr/local/cuda/bin:/home/albusgive2/anaconda3/condabin:/home/albusgive2/.local/bin:/usr/local/sbin:/usr/local/bin:/usr/sbin:/usr/bin:/sbin:/bin:/usr/games:/usr/local/games:/snap/bin:/snap/bin:/home/albusgive2/.config/Code/User/globalStorage/github.copilot-chat/debugCommand:/usr/local/cuda-12.4/bin'), ('SESSION_MANAGER', 'local/albusgive2:@/tmp/.ICE-unix/1794,unix/albusgive2:/tmp/.ICE-unix/1794'), ('INVOCATION_ID', 'a95d020667ba4ddbbf198b657dcc9979'), ('XDG_MENU_PREFIX', 'gnome-'), ('XDG_RUNTIME_DIR', '/run/user/1000'), ('GDK_BACKEND', 'x11'), ('DISPLAY', ':1'), ('LANG', 'zh_CN.UTF-8'), ('XDG_CURRENT_DESKTOP', 'Unity'), ('XMODIFIERS', '@im=ibus'), ('XDG_SESSION_DESKTOP', 'ubuntu'), ('XAUTHORITY', '/run/user/1000/gdm/Xauthority'), ('LS_COLORS', 'rs=0:di=01;34:ln=01;36:mh=00:pi=40;33:so=01;35:do=01;35:bd=40;33;01:cd=40;33;01:or=40;31;01:mi=00:su=37;41:sg=30;43:ca=30;41:tw=30;42:ow=34;42:st=37;44:ex=01;32:*.tar=01;31:*.tgz=01;31:*.arc=01;31:*.arj=01;31:*.taz=01;31:*.lha=01;31:*.lz4=01;31:*.lzh=01;31:*.lzma=01;31:*.tlz=01;31:*.txz=01;31:*.tzo=01;31:*.t7z=01;31:*.zip=01;31:*.z=01;31:*.dz=01;31:*.gz=01;31:*.lrz=01;31:*.lz=01;31:*.lzo=01;31:*.xz=01;31:*.zst=01;31:*.tzst=01;31:*.bz2=01;31:*.bz=01;31:*.tbz=01;31:*.tbz2=01;31:*.tz=01;31:*.deb=01;31:*.rpm=01;31:*.jar=01;31:*.war=01;31:*.ear=01;31:*.sar=01;31:*.rar=01;31:*.alz=01;31:*.ace=01;31:*.zoo=01;31:*.cpio=01;31:*.7z=01;31:*.rz=01;31:*.cab=01;31:*.wim=01;31:*.swm=01;31:*.dwm=01;31:*.esd=01;31:*.jpg=01;35:*.jpeg=01;35:*.mjpg=01;35:*.mjpeg=01;35:*.gif=01;35:*.bmp=01;35:*.pbm=01;35:*.pgm=01;35:*.ppm=01;35:*.tga=01;35:*.xbm=01;35:*.xpm=01;35:*.tif=01;35:*.tiff=01;35:*.png=01;35:*.svg=01;35:*.svgz=01;35:*.mng=01;35:*.pcx=01;35:*.mov=01;35:*.mpg=01;35:*.mpeg=01;35:*.m2v=01;35:*.mkv=01;35:*.webm=01;35:*.webp=01;35:*.ogm=01;35:*.mp4=01;35:*.m4v=01;35:*.mp4v=01;35:*.vob=01;35:*.qt=01;35:*.nuv=01;35:*.wmv=01;35:*.asf=01;35:*.rm=01;35:*.rmvb=01;35:*.flc=01;35:*.avi=01;35:*.fli=01;35:*.flv=01;35:*.gl=01;35:*.dl=01;35:*.xcf=01;35:*.xwd=01;35:*.yuv=01;35:*.cgm=01;35:*.emf=01;35:*.ogv=01;35:*.ogx=01;35:*.aac=00;36:*.au=00;36:*.flac=00;36:*.m4a=00;36:*.mid=00;36:*.midi=00;36:*.mka=00;36:*.mp3=00;36:*.mpc=00;36:*.ogg=00;36:*.ra=00;36:*.wav=00;36:*.oga=00;36:*.opus=00;36:*.spx=00;36:*.xspf=00;36:'), ('VSCODE_GIT_IPC_HANDLE', '/run/user/1000/vscode-git-3d487d3973.sock'), ('TERM_PROGRAM', 'vscode'), ('SSH_AGENT_LAUNCHER', 'gnome-keyring'), ('SSH_AUTH_SOCK', '/run/user/1000/keyring/ssh'), ('AMENT_PREFIX_PATH', '/home/albusgive2/rlfw/rlfw_deploy/install/nz-imu:/home/albusgive2/rlfw/rlfw_deploy/install/mujoco_mapping:/home/albusgive2/rlfw/rlfw_deploy/install/CommunicationCenter:/home/albusgive2/rlfw/rlfw_interface/install/rlfw_msgs:/opt/ros/humble'), ('CONDA_PYTHON_EXE', '/home/albusgive2/anaconda3/bin/python'), ('ORIGINAL_XDG_CURRENT_DESKTOP', 'ubuntu:GNOME'), ('SHELL', '/bin/bash'), ('QT_ACCESSIBILITY', '1'), ('GDMSESSION', 'ubuntu'), ('LESSCLOSE', '/usr/bin/lesspipe %s %s'), ('GPG_AGENT_INFO', '/run/user/1000/gnupg/S.gpg-agent:0:1'), ('GJS_DEBUG_OUTPUT', 'stderr'), ('VSCODE_GIT_ASKPASS_EXTRA_ARGS', ''), ('QT_IM_MODULE', 'ibus'), ('PWD', '/home/albusgive2/rlfw/rlfw_deploy/build/mujoco_mapping'), ('XDG_CONFIG_DIRS', '/etc/xdg/xdg-ubuntu:/etc/xdg'), ('CONDA_EXE', '/home/albusgive2/anaconda3/bin/conda'), ('XDG_DATA_DIRS', '/usr/share/ubuntu:/usr/share/gnome:/usr/local/share/:/usr/share/:/var/lib/snapd/desktop'), ('PYTHONPATH', '/home/albusgive2/rlfw/rlfw_interface/install/rlfw_msgs/local/lib/python3.10/dist-packages:/opt/ros/humble/lib/python3.10/site-packages:/opt/ros/humble/local/lib/python3.10/dist-packages'), ('COLCON', '1'), ('CMAKE_PREFIX_PATH', '/home/albusgive2/rlfw/rlfw_deploy/install/nz-imu:/home/albusgive2/rlfw/rlfw_deploy/install/mujoco_mapping:/home/albusgive2/rlfw/rlfw_deploy/install/CommunicationCenter:/home/albusgive2/rlfw/rlfw_interface/install/rlfw_msgs:/opt/ros/humble')]), 'shell': False}
[0.013543] (nz-imu) JobProgress: {'identifier': 'nz-imu', 'progress': 'cmake'}
[0.013748] (nz-imu) Command: {'cmd': ['/usr/bin/cmake', '/home/albusgive2/rlfw/rlfw_deploy/src/nz-imu', '-DCMAKE_INSTALL_PREFIX=/home/albusgive2/rlfw/rlfw_deploy/install/nz-imu'], 'cwd': '/home/albusgive2/rlfw/rlfw_deploy/build/nz-imu', 'env': OrderedDict([('GJS_DEBUG_TOPICS', 'JS ERROR;JS LOG'), ('LESSOPEN', '| /usr/bin/lesspipe %s'), ('LANGUAGE', 'zh_CN:zh'), ('USER', 'albusgive2'), ('XDG_SESSION_TYPE', 'x11'), ('GIT_ASKPASS', '/usr/share/code/resources/app/extensions/git/dist/askpass.sh'), ('SHLVL', '1'), ('LD_LIBRARY_PATH', '/home/albusgive2/rlfw/rlfw_interface/install/rlfw_msgs/lib:/opt/mujoco/lib:/opt/ros/humble/opt/rviz_ogre_vendor/lib:/opt/ros/humble/lib/x86_64-linux-gnu:/opt/ros/humble/lib:/usr/local/cuda/lib64::/usr/local/cuda-12.4/lib64'), ('HOME', '/home/albusgive2'), ('CHROME_DESKTOP', 'code.desktop'), ('CONDA_SHLVL', '0'), ('OLDPWD', '/home/albusgive2/rlfw/rlfw_deploy/src'), ('TERM_PROGRAM_VERSION', '1.97.0'), ('DESKTOP_SESSION', 'ubuntu'), ('GIO_LAUNCHED_DESKTOP_FILE', '/usr/share/applications/code.desktop'), ('ROS_PYTHON_VERSION', '3'), ('GNOME_SHELL_SESSION_MODE', 'ubuntu'), ('GTK_MODULES', 'gail:atk-bridge'), ('VSCODE_GIT_ASKPASS_MAIN', '/usr/share/code/resources/app/extensions/git/dist/askpass-main.js'), ('VSCODE_GIT_ASKPASS_NODE', '/usr/share/code/code'), ('MANAGERPID', '1573'), ('SYSTEMD_EXEC_PID', '1821'), ('DBUS_SESSION_BUS_ADDRESS', 'unix:path=/run/user/1000/bus'), ('COLORTERM', 'truecolor'), ('_CE_M', ''), ('GIO_LAUNCHED_DESKTOP_FILE_PID', '7132'), ('https_proxy', 'http://127.0.0.1:7897'), ('COLCON_PREFIX_PATH', '/home/albusgive2/rlfw/rlfw_deploy/install:/home/albusgive2/rlfw/rlfw_interface/install'), ('ROS_DISTRO', 'humble'), ('GTK_IM_MODULE', 'ibus'), ('LOGNAME', 'albusgive2'), ('http_proxy', 'http://127.0.0.1:7897'), ('JOURNAL_STREAM', '8:12181'), ('_', '/usr/bin/colcon'), ('ROS_VERSION', '2'), ('XDG_SESSION_CLASS', 'user'), ('USERNAME', 'albusgive2'), ('TERM', 'xterm-256color'), ('GNOME_DESKTOP_SESSION_ID', 'this-is-deprecated'), ('_CE_CONDA', ''), ('ROS_LOCALHOST_ONLY', '0'), ('WINDOWPATH', '2'), ('PATH', '/opt/ros/humble/bin:/usr/local/cuda/bin:/home/albusgive2/anaconda3/condabin:/home/albusgive2/.local/bin:/usr/local/sbin:/usr/local/bin:/usr/sbin:/usr/bin:/sbin:/bin:/usr/games:/usr/local/games:/snap/bin:/snap/bin:/home/albusgive2/.config/Code/User/globalStorage/github.copilot-chat/debugCommand:/usr/local/cuda-12.4/bin'), ('SESSION_MANAGER', 'local/albusgive2:@/tmp/.ICE-unix/1794,unix/albusgive2:/tmp/.ICE-unix/1794'), ('INVOCATION_ID', 'a95d020667ba4ddbbf198b657dcc9979'), ('XDG_MENU_PREFIX', 'gnome-'), ('XDG_RUNTIME_DIR', '/run/user/1000'), ('GDK_BACKEND', 'x11'), ('DISPLAY', ':1'), ('LANG', 'zh_CN.UTF-8'), ('XDG_CURRENT_DESKTOP', 'Unity'), ('XMODIFIERS', '@im=ibus'), ('XDG_SESSION_DESKTOP', 'ubuntu'), ('XAUTHORITY', '/run/user/1000/gdm/Xauthority'), ('LS_COLORS', 'rs=0:di=01;34:ln=01;36:mh=00:pi=40;33:so=01;35:do=01;35:bd=40;33;01:cd=40;33;01:or=40;31;01:mi=00:su=37;41:sg=30;43:ca=30;41:tw=30;42:ow=34;42:st=37;44:ex=01;32:*.tar=01;31:*.tgz=01;31:*.arc=01;31:*.arj=01;31:*.taz=01;31:*.lha=01;31:*.lz4=01;31:*.lzh=01;31:*.lzma=01;31:*.tlz=01;31:*.txz=01;31:*.tzo=01;31:*.t7z=01;31:*.zip=01;31:*.z=01;31:*.dz=01;31:*.gz=01;31:*.lrz=01;31:*.lz=01;31:*.lzo=01;31:*.xz=01;31:*.zst=01;31:*.tzst=01;31:*.bz2=01;31:*.bz=01;31:*.tbz=01;31:*.tbz2=01;31:*.tz=01;31:*.deb=01;31:*.rpm=01;31:*.jar=01;31:*.war=01;31:*.ear=01;31:*.sar=01;31:*.rar=01;31:*.alz=01;31:*.ace=01;31:*.zoo=01;31:*.cpio=01;31:*.7z=01;31:*.rz=01;31:*.cab=01;31:*.wim=01;31:*.swm=01;31:*.dwm=01;31:*.esd=01;31:*.jpg=01;35:*.jpeg=01;35:*.mjpg=01;35:*.mjpeg=01;35:*.gif=01;35:*.bmp=01;35:*.pbm=01;35:*.pgm=01;35:*.ppm=01;35:*.tga=01;35:*.xbm=01;35:*.xpm=01;35:*.tif=01;35:*.tiff=01;35:*.png=01;35:*.svg=01;35:*.svgz=01;35:*.mng=01;35:*.pcx=01;35:*.mov=01;35:*.mpg=01;35:*.mpeg=01;35:*.m2v=01;35:*.mkv=01;35:*.webm=01;35:*.webp=01;35:*.ogm=01;35:*.mp4=01;35:*.m4v=01;35:*.mp4v=01;35:*.vob=01;35:*.qt=01;35:*.nuv=01;35:*.wmv=01;35:*.asf=01;35:*.rm=01;35:*.rmvb=01;35:*.flc=01;35:*.avi=01;35:*.fli=01;35:*.flv=01;35:*.gl=01;35:*.dl=01;35:*.xcf=01;35:*.xwd=01;35:*.yuv=01;35:*.cgm=01;35:*.emf=01;35:*.ogv=01;35:*.ogx=01;35:*.aac=00;36:*.au=00;36:*.flac=00;36:*.m4a=00;36:*.mid=00;36:*.midi=00;36:*.mka=00;36:*.mp3=00;36:*.mpc=00;36:*.ogg=00;36:*.ra=00;36:*.wav=00;36:*.oga=00;36:*.opus=00;36:*.spx=00;36:*.xspf=00;36:'), ('VSCODE_GIT_IPC_HANDLE', '/run/user/1000/vscode-git-3d487d3973.sock'), ('TERM_PROGRAM', 'vscode'), ('SSH_AGENT_LAUNCHER', 'gnome-keyring'), ('SSH_AUTH_SOCK', '/run/user/1000/keyring/ssh'), ('AMENT_PREFIX_PATH', '/home/albusgive2/rlfw/rlfw_deploy/install/nz-imu:/home/albusgive2/rlfw/rlfw_deploy/install/mujoco_mapping:/home/albusgive2/rlfw/rlfw_deploy/install/CommunicationCenter:/home/albusgive2/rlfw/rlfw_interface/install/rlfw_msgs:/opt/ros/humble'), ('CONDA_PYTHON_EXE', '/home/albusgive2/anaconda3/bin/python'), ('ORIGINAL_XDG_CURRENT_DESKTOP', 'ubuntu:GNOME'), ('SHELL', '/bin/bash'), ('QT_ACCESSIBILITY', '1'), ('GDMSESSION', 'ubuntu'), ('LESSCLOSE', '/usr/bin/lesspipe %s %s'), ('GPG_AGENT_INFO', '/run/user/1000/gnupg/S.gpg-agent:0:1'), ('GJS_DEBUG_OUTPUT', 'stderr'), ('VSCODE_GIT_ASKPASS_EXTRA_ARGS', ''), ('QT_IM_MODULE', 'ibus'), ('PWD', '/home/albusgive2/rlfw/rlfw_deploy/build/nz-imu'), ('XDG_CONFIG_DIRS', '/etc/xdg/xdg-ubuntu:/etc/xdg'), ('CONDA_EXE', '/home/albusgive2/anaconda3/bin/conda'), ('XDG_DATA_DIRS', '/usr/share/ubuntu:/usr/share/gnome:/usr/local/share/:/usr/share/:/var/lib/snapd/desktop'), ('PYTHONPATH', '/home/albusgive2/rlfw/rlfw_interface/install/rlfw_msgs/local/lib/python3.10/dist-packages:/opt/ros/humble/lib/python3.10/site-packages:/opt/ros/humble/local/lib/python3.10/dist-packages'), ('COLCON', '1'), ('CMAKE_PREFIX_PATH', '/home/albusgive2/rlfw/rlfw_deploy/install/nz-imu:/home/albusgive2/rlfw/rlfw_deploy/install/mujoco_mapping:/home/albusgive2/rlfw/rlfw_deploy/install/CommunicationCenter:/home/albusgive2/rlfw/rlfw_interface/install/rlfw_msgs:/opt/ros/humble')]), 'shell': False}
[0.053475] (mujoco_mapping) StdoutLine: {'line': b'-- The C compiler identification is GNU 12.3.0\n'}
[0.054227] (CommunicationCenter) StdoutLine: {'line': b'-- The C compiler identification is GNU 12.3.0\n'}
[0.054387] (nz-imu) StdoutLine: {'line': b'-- The C compiler identification is GNU 12.3.0\n'}
[0.093236] (CommunicationCenter) StdoutLine: {'line': b'-- The CXX compiler identification is GNU 12.3.0\n'}
[0.093375] (mujoco_mapping) StdoutLine: {'line': b'-- The CXX compiler identification is GNU 12.3.0\n'}
[0.093417] (nz-imu) StdoutLine: {'line': b'-- The CXX compiler identification is GNU 12.3.0\n'}
[0.098506] (mujoco_mapping) StdoutLine: {'line': b'-- Detecting C compiler ABI info\n'}
[0.099193] (nz-imu) StdoutLine: {'line': b'-- Detecting C compiler ABI info\n'}
[0.099266] (CommunicationCenter) StdoutLine: {'line': b'-- Detecting C compiler ABI info\n'}
[0.099827] (-) TimerEvent: {}
[0.146167] (CommunicationCenter) StdoutLine: {'line': b'-- Detecting C compiler ABI info - done\n'}
[0.146332] (mujoco_mapping) StdoutLine: {'line': b'-- Detecting C compiler ABI info - done\n'}
[0.146650] (nz-imu) StdoutLine: {'line': b'-- Detecting C compiler ABI info - done\n'}
[0.152332] (CommunicationCenter) StdoutLine: {'line': b'-- Check for working C compiler: /usr/bin/cc - skipped\n'}
[0.152472] (mujoco_mapping) StdoutLine: {'line': b'-- Check for working C compiler: /usr/bin/cc - skipped\n'}
[0.152546] (CommunicationCenter) StdoutLine: {'line': b'-- Detecting C compile features\n'}
[0.152591] (mujoco_mapping) StdoutLine: {'line': b'-- Detecting C compile features\n'}
[0.152642] (nz-imu) StdoutLine: {'line': b'-- Check for working C compiler: /usr/bin/cc - skipped\n'}
[0.152740] (nz-imu) StdoutLine: {'line': b'-- Detecting C compile features\n'}
[0.152917] (CommunicationCenter) StdoutLine: {'line': b'-- Detecting C compile features - done\n'}
[0.152949] (mujoco_mapping) StdoutLine: {'line': b'-- Detecting C compile features - done\n'}
[0.153006] (nz-imu) StdoutLine: {'line': b'-- Detecting C compile features - done\n'}
[0.154992] (CommunicationCenter) StdoutLine: {'line': b'-- Detecting CXX compiler ABI info\n'}
[0.155061] (mujoco_mapping) StdoutLine: {'line': b'-- Detecting CXX compiler ABI info\n'}
[0.155091] (nz-imu) StdoutLine: {'line': b'-- Detecting CXX compiler ABI info\n'}
[0.199923] (-) TimerEvent: {}
[0.207290] (nz-imu) StdoutLine: {'line': b'-- Detecting CXX compiler ABI info - done\n'}
[0.207424] (CommunicationCenter) StdoutLine: {'line': b'-- Detecting CXX compiler ABI info - done\n'}
[0.207484] (mujoco_mapping) StdoutLine: {'line': b'-- Detecting CXX compiler ABI info - done\n'}
[0.212203] (nz-imu) StdoutLine: {'line': b'-- Check for working CXX compiler: /usr/bin/c++ - skipped\n'}
[0.212377] (mujoco_mapping) StdoutLine: {'line': b'-- Check for working CXX compiler: /usr/bin/c++ - skipped\n'}
[0.212416] (nz-imu) StdoutLine: {'line': b'-- Detecting CXX compile features\n'}
[0.212445] (CommunicationCenter) StdoutLine: {'line': b'-- Check for working CXX compiler: /usr/bin/c++ - skipped\n'}
[0.212524] (CommunicationCenter) StdoutLine: {'line': b'-- Detecting CXX compile features\n'}
[0.212571] (mujoco_mapping) StdoutLine: {'line': b'-- Detecting CXX compile features\n'}
[0.212643] (nz-imu) StdoutLine: {'line': b'-- Detecting CXX compile features - done\n'}
[0.212834] (CommunicationCenter) StdoutLine: {'line': b'-- Detecting CXX compile features - done\n'}
[0.212877] (mujoco_mapping) StdoutLine: {'line': b'-- Detecting CXX compile features - done\n'}
[0.216317] (nz-imu) StdoutLine: {'line': b'-- Found ament_cmake: 1.3.11 (/opt/ros/humble/share/ament_cmake/cmake)\n'}
[0.216469] (CommunicationCenter) StdoutLine: {'line': b'-- Found ament_cmake: 1.3.11 (/opt/ros/humble/share/ament_cmake/cmake)\n'}
[0.216535] (mujoco_mapping) StdoutLine: {'line': b'-- Found ament_cmake: 1.3.11 (/opt/ros/humble/share/ament_cmake/cmake)\n'}
[0.299996] (-) TimerEvent: {}
[0.313499] (mujoco_mapping) StdoutLine: {'line': b'-- Found Python3: /usr/bin/python3 (found version "3.10.12") found components: Interpreter \n'}
[0.313951] (nz-imu) StdoutLine: {'line': b'-- Found Python3: /usr/bin/python3 (found version "3.10.12") found components: Interpreter \n'}
[0.315407] (CommunicationCenter) StdoutLine: {'line': b'-- Found Python3: /usr/bin/python3 (found version "3.10.12") found components: Interpreter \n'}
[0.369194] (mujoco_mapping) StdoutLine: {'line': b'-- Found rclcpp: 16.0.11 (/opt/ros/humble/share/rclcpp/cmake)\n'}
[0.369348] (nz-imu) StdoutLine: {'line': b'-- Found rclcpp: 16.0.11 (/opt/ros/humble/share/rclcpp/cmake)\n'}
[0.369443] (CommunicationCenter) StdoutLine: {'line': b'-- Found rclcpp: 16.0.11 (/opt/ros/humble/share/rclcpp/cmake)\n'}
[0.394062] (nz-imu) StdoutLine: {'line': b'-- Found rosidl_generator_c: 3.1.6 (/opt/ros/humble/share/rosidl_generator_c/cmake)\n'}
[0.394229] (mujoco_mapping) StdoutLine: {'line': b'-- Found rosidl_generator_c: 3.1.6 (/opt/ros/humble/share/rosidl_generator_c/cmake)\n'}
[0.394817] (CommunicationCenter) StdoutLine: {'line': b'-- Found rosidl_generator_c: 3.1.6 (/opt/ros/humble/share/rosidl_generator_c/cmake)\n'}
[0.396930] (mujoco_mapping) StdoutLine: {'line': b'-- Found rosidl_adapter: 3.1.6 (/opt/ros/humble/share/rosidl_adapter/cmake)\n'}
[0.397049] (nz-imu) StdoutLine: {'line': b'-- Found rosidl_adapter: 3.1.6 (/opt/ros/humble/share/rosidl_adapter/cmake)\n'}
[0.397426] (CommunicationCenter) StdoutLine: {'line': b'-- Found rosidl_adapter: 3.1.6 (/opt/ros/humble/share/rosidl_adapter/cmake)\n'}
[0.400065] (-) TimerEvent: {}
[0.401732] (mujoco_mapping) StdoutLine: {'line': b'-- Found rosidl_generator_cpp: 3.1.6 (/opt/ros/humble/share/rosidl_generator_cpp/cmake)\n'}
[0.401864] (nz-imu) StdoutLine: {'line': b'-- Found rosidl_generator_cpp: 3.1.6 (/opt/ros/humble/share/rosidl_generator_cpp/cmake)\n'}
[0.402446] (CommunicationCenter) StdoutLine: {'line': b'-- Found rosidl_generator_cpp: 3.1.6 (/opt/ros/humble/share/rosidl_generator_cpp/cmake)\n'}
[0.409491] (nz-imu) StdoutLine: {'line': b'-- Using all available rosidl_typesupport_c: rosidl_typesupport_fastrtps_c;rosidl_typesupport_introspection_c\n'}
[0.409602] (mujoco_mapping) StdoutLine: {'line': b'-- Using all available rosidl_typesupport_c: rosidl_typesupport_fastrtps_c;rosidl_typesupport_introspection_c\n'}
[0.411335] (CommunicationCenter) StdoutLine: {'line': b'-- Using all available rosidl_typesupport_c: rosidl_typesupport_fastrtps_c;rosidl_typesupport_introspection_c\n'}
[0.419750] (mujoco_mapping) StdoutLine: {'line': b'-- Using all available rosidl_typesupport_cpp: rosidl_typesupport_fastrtps_cpp;rosidl_typesupport_introspection_cpp\n'}
[0.419890] (nz-imu) StdoutLine: {'line': b'-- Using all available rosidl_typesupport_cpp: rosidl_typesupport_fastrtps_cpp;rosidl_typesupport_introspection_cpp\n'}
[0.421499] (CommunicationCenter) StdoutLine: {'line': b'-- Using all available rosidl_typesupport_cpp: rosidl_typesupport_fastrtps_cpp;rosidl_typesupport_introspection_cpp\n'}
[0.446456] (nz-imu) StdoutLine: {'line': b'-- Found rmw_implementation_cmake: 6.1.2 (/opt/ros/humble/share/rmw_implementation_cmake/cmake)\n'}
[0.446583] (mujoco_mapping) StdoutLine: {'line': b'-- Found rmw_implementation_cmake: 6.1.2 (/opt/ros/humble/share/rmw_implementation_cmake/cmake)\n'}
[0.448001] (nz-imu) StdoutLine: {'line': b'-- Found rmw_fastrtps_cpp: 6.2.7 (/opt/ros/humble/share/rmw_fastrtps_cpp/cmake)\n'}
[0.448119] (mujoco_mapping) StdoutLine: {'line': b'-- Found rmw_fastrtps_cpp: 6.2.7 (/opt/ros/humble/share/rmw_fastrtps_cpp/cmake)\n'}
[0.451022] (CommunicationCenter) StdoutLine: {'line': b'-- Found rmw_implementation_cmake: 6.1.2 (/opt/ros/humble/share/rmw_implementation_cmake/cmake)\n'}
[0.452466] (CommunicationCenter) StdoutLine: {'line': b'-- Found rmw_fastrtps_cpp: 6.2.7 (/opt/ros/humble/share/rmw_fastrtps_cpp/cmake)\n'}
[0.500159] (-) TimerEvent: {}
[0.501937] (nz-imu) StdoutLine: {'line': b'-- Found OpenSSL: /usr/lib/x86_64-linux-gnu/libcrypto.so (found version "3.0.2")  \n'}
[0.502649] (mujoco_mapping) StdoutLine: {'line': b'-- Found OpenSSL: /usr/lib/x86_64-linux-gnu/libcrypto.so (found version "3.0.2")  \n'}
[0.507834] (CommunicationCenter) StdoutLine: {'line': b'-- Found OpenSSL: /usr/lib/x86_64-linux-gnu/libcrypto.so (found version "3.0.2")  \n'}
[0.520987] (nz-imu) StdoutLine: {'line': b'-- Found FastRTPS: /opt/ros/humble/include  \n'}
[0.525745] (mujoco_mapping) StdoutLine: {'line': b'-- Found FastRTPS: /opt/ros/humble/include  \n'}
[0.531164] (CommunicationCenter) StdoutLine: {'line': b'-- Found FastRTPS: /opt/ros/humble/include  \n'}
[0.550699] (nz-imu) StdoutLine: {'line': b"-- Using RMW implementation 'rmw_fastrtps_cpp' as default\n"}
[0.556127] (nz-imu) StdoutLine: {'line': b'-- Looking for pthread.h\n'}
[0.560966] (mujoco_mapping) StdoutLine: {'line': b"-- Using RMW implementation 'rmw_fastrtps_cpp' as default\n"}
[0.566687] (CommunicationCenter) StdoutLine: {'line': b"-- Using RMW implementation 'rmw_fastrtps_cpp' as default\n"}
[0.567834] (mujoco_mapping) StdoutLine: {'line': b'-- Looking for pthread.h\n'}
[0.573304] (CommunicationCenter) StdoutLine: {'line': b'-- Looking for pthread.h\n'}
[0.600257] (-) TimerEvent: {}
[0.606667] (nz-imu) StdoutLine: {'line': b'-- Looking for pthread.h - found\n'}
[0.607001] (nz-imu) StdoutLine: {'line': b'-- Performing Test CMAKE_HAVE_LIBC_PTHREAD\n'}
[0.620202] (mujoco_mapping) StdoutLine: {'line': b'-- Looking for pthread.h - found\n'}
[0.620425] (mujoco_mapping) StdoutLine: {'line': b'-- Performing Test CMAKE_HAVE_LIBC_PTHREAD\n'}
[0.624078] (CommunicationCenter) StdoutLine: {'line': b'-- Looking for pthread.h - found\n'}
[0.624412] (CommunicationCenter) StdoutLine: {'line': b'-- Performing Test CMAKE_HAVE_LIBC_PTHREAD\n'}
[0.657725] (nz-imu) StdoutLine: {'line': b'-- Performing Test CMAKE_HAVE_LIBC_PTHREAD - Success\n'}
[0.658609] (nz-imu) StdoutLine: {'line': b'-- Found Threads: TRUE  \n'}
[0.670052] (mujoco_mapping) StdoutLine: {'line': b'-- Performing Test CMAKE_HAVE_LIBC_PTHREAD - Success\n'}
[0.670922] (mujoco_mapping) StdoutLine: {'line': b'-- Found Threads: TRUE  \n'}
[0.673962] (CommunicationCenter) StdoutLine: {'line': b'-- Performing Test CMAKE_HAVE_LIBC_PTHREAD - Success\n'}
[0.674733] (CommunicationCenter) StdoutLine: {'line': b'-- Found Threads: TRUE  \n'}
[0.691657] (nz-imu) StdoutLine: {'line': b'-- Found sensor_msgs: 4.2.4 (/opt/ros/humble/share/sensor_msgs/cmake)\n'}
[0.700361] (-) TimerEvent: {}
[0.703236] (mujoco_mapping) StdoutLine: {'line': b'-- Found sensor_msgs: 4.2.4 (/opt/ros/humble/share/sensor_msgs/cmake)\n'}
[0.706739] (CommunicationCenter) StdoutLine: {'line': b'-- Found example_interfaces: 0.9.3 (/opt/ros/humble/share/example_interfaces/cmake)\n'}
[0.716683] (nz-imu) StdoutLine: {'line': b'-- Found ament_lint_auto: 0.12.11 (/opt/ros/humble/share/ament_lint_auto/cmake)\n'}
[0.726217] (mujoco_mapping) StderrLine: {'line': b'\x1b[33mCMake Warning (dev) at /usr/share/cmake-3.22/Modules/FindOpenGL.cmake:315 (message):\n'}
[0.726368] (mujoco_mapping) StderrLine: {'line': b'  Policy CMP0072 is not set: FindOpenGL prefers GLVND by default when\n'}
[0.726406] (mujoco_mapping) StderrLine: {'line': b'  available.  Run "cmake --help-policy CMP0072" for policy details.  Use the\n'}
[0.726435] (mujoco_mapping) StderrLine: {'line': b'  cmake_policy command to set the policy and suppress this warning.\n'}
[0.726463] (mujoco_mapping) StderrLine: {'line': b'\n'}
[0.726490] (mujoco_mapping) StderrLine: {'line': b'  FindOpenGL found both a legacy GL library:\n'}
[0.726519] (mujoco_mapping) StderrLine: {'line': b'\n'}
[0.726543] (mujoco_mapping) StderrLine: {'line': b'    OPENGL_gl_LIBRARY: /usr/lib/x86_64-linux-gnu/libGL.so\n'}
[0.726568] (mujoco_mapping) StderrLine: {'line': b'\n'}
[0.726594] (mujoco_mapping) StderrLine: {'line': b'  and GLVND libraries for OpenGL and GLX:\n'}
[0.726621] (mujoco_mapping) StderrLine: {'line': b'\n'}
[0.726648] (mujoco_mapping) StderrLine: {'line': b'    OPENGL_opengl_LIBRARY: /usr/lib/x86_64-linux-gnu/libOpenGL.so\n'}
[0.726677] (mujoco_mapping) StderrLine: {'line': b'    OPENGL_glx_LIBRARY: /usr/lib/x86_64-linux-gnu/libGLX.so\n'}
[0.726704] (mujoco_mapping) StderrLine: {'line': b'\n'}
[0.726731] (mujoco_mapping) StderrLine: {'line': b'  OpenGL_GL_PREFERENCE has not been set to "GLVND" or "LEGACY", so for\n'}
[0.726761] (mujoco_mapping) StderrLine: {'line': b'  compatibility with CMake 3.10 and below the legacy GL library will be used.\n'}
[0.726794] (mujoco_mapping) StderrLine: {'line': b'Call Stack (most recent call first):\n'}
[0.726842] (mujoco_mapping) StderrLine: {'line': b'  /usr/share/cmake-3.22/Modules/CMakeFindDependencyMacro.cmake:47 (find_package)\n'}
[0.726876] (mujoco_mapping) StderrLine: {'line': b'  /opt/mujoco/lib/cmake/mujoco/mujocoConfig.cmake:42 (find_dependency)\n'}
[0.726905] (mujoco_mapping) StderrLine: {'line': b'  CMakeLists.txt:13 (find_package)\n'}
[0.726937] (mujoco_mapping) StderrLine: {'line': b'This warning is for project developers.  Use -Wno-dev to suppress it.\n'}
[0.726967] (mujoco_mapping) StderrLine: {'line': b'\x1b[0m\n'}
[0.727050] (mujoco_mapping) StdoutLine: {'line': b'-- Found OpenGL: /usr/lib/x86_64-linux-gnu/libOpenGL.so   \n'}
[0.727613] (mujoco_mapping) StdoutLine: {'line': b'-- Find mujoco:  , \n'}
[0.729027] (mujoco_mapping) StdoutLine: {'line': b'-- Found ament_lint_auto: 0.12.11 (/opt/ros/humble/share/ament_lint_auto/cmake)\n'}
[0.742288] (CommunicationCenter) StdoutLine: {'line': b'-- Found rlfw_msgs: 0.0.0 (/home/albusgive2/rlfw/rlfw_interface/install/rlfw_msgs/share/rlfw_msgs/cmake)\n'}
[0.752351] (CommunicationCenter) StdoutLine: {'line': b'-- Found tf2_geometry_msgs: 0.25.12 (/opt/ros/humble/share/tf2_geometry_msgs/cmake)\n'}
[0.771114] (nz-imu) StdoutLine: {'line': b"-- Added test 'cppcheck' to perform static code analysis on C / C++ code\n"}
[0.771249] (CommunicationCenter) StdoutLine: {'line': b'-- Found eigen3_cmake_module: 0.1.1 (/opt/ros/humble/share/eigen3_cmake_module/cmake)\n'}
[0.771298] (nz-imu) StdoutLine: {'line': b'-- Configured cppcheck include dirs: $<BUILD_INTERFACE:/home/albusgive2/rlfw/rlfw_deploy/src/nz-imu/include>\n'}
[0.771327] (nz-imu) StdoutLine: {'line': b'-- Configured cppcheck exclude dirs and/or files: \n'}
[0.771768] (nz-imu) StdoutLine: {'line': b"-- Added test 'lint_cmake' to check CMake code style\n"}
[0.772164] (CommunicationCenter) StdoutLine: {'line': b'-- Found Eigen3: TRUE (found version "3.4.0") \n'}
[0.772209] (CommunicationCenter) StdoutLine: {'line': b'-- Ensuring Eigen3 include directory is part of orocos-kdl CMake target\n'}
[0.772448] (nz-imu) StdoutLine: {'line': b"-- Added test 'uncrustify' to check C / C++ code style\n"}
[0.772485] (nz-imu) StdoutLine: {'line': b'-- Configured uncrustify additional arguments: \n'}
[0.772857] (nz-imu) StdoutLine: {'line': b"-- Added test 'xmllint' to check XML markup files\n"}
[0.773661] (nz-imu) StdoutLine: {'line': b'-- Configuring done\n'}
[0.779542] (nz-imu) StdoutLine: {'line': b'-- Generating done\n'}
[0.780431] (mujoco_mapping) StdoutLine: {'line': b"-- Added test 'cppcheck' to perform static code analysis on C / C++ code\n"}
[0.780503] (mujoco_mapping) StdoutLine: {'line': b'-- Configured cppcheck include dirs: \n'}
[0.780534] (mujoco_mapping) StdoutLine: {'line': b'-- Configured cppcheck exclude dirs and/or files: \n'}
[0.780908] (mujoco_mapping) StdoutLine: {'line': b"-- Added test 'lint_cmake' to check CMake code style\n"}
[0.781370] (mujoco_mapping) StdoutLine: {'line': b"-- Added test 'uncrustify' to check C / C++ code style\n"}
[0.781412] (mujoco_mapping) StdoutLine: {'line': b'-- Configured uncrustify additional arguments: \n'}
[0.781662] (mujoco_mapping) StdoutLine: {'line': b"-- Added test 'xmllint' to check XML markup files\n"}
[0.781714] (nz-imu) StdoutLine: {'line': b'-- Build files have been written to: /home/albusgive2/rlfw/rlfw_deploy/build/nz-imu\n'}
[0.782317] (mujoco_mapping) StdoutLine: {'line': b'-- Configuring done\n'}
[0.787190] (nz-imu) CommandEnded: {'returncode': 0}
[0.787554] (nz-imu) JobProgress: {'identifier': 'nz-imu', 'progress': 'build'}
[0.788163] (mujoco_mapping) StdoutLine: {'line': b'-- Generating done\n'}
[0.788947] (nz-imu) Command: {'cmd': ['/usr/bin/cmake', '--build', '/home/albusgive2/rlfw/rlfw_deploy/build/nz-imu', '--', '-j12', '-l12'], 'cwd': '/home/albusgive2/rlfw/rlfw_deploy/build/nz-imu', 'env': OrderedDict([('GJS_DEBUG_TOPICS', 'JS ERROR;JS LOG'), ('LESSOPEN', '| /usr/bin/lesspipe %s'), ('LANGUAGE', 'zh_CN:zh'), ('USER', 'albusgive2'), ('XDG_SESSION_TYPE', 'x11'), ('GIT_ASKPASS', '/usr/share/code/resources/app/extensions/git/dist/askpass.sh'), ('SHLVL', '1'), ('LD_LIBRARY_PATH', '/home/albusgive2/rlfw/rlfw_interface/install/rlfw_msgs/lib:/opt/mujoco/lib:/opt/ros/humble/opt/rviz_ogre_vendor/lib:/opt/ros/humble/lib/x86_64-linux-gnu:/opt/ros/humble/lib:/usr/local/cuda/lib64::/usr/local/cuda-12.4/lib64'), ('HOME', '/home/albusgive2'), ('CHROME_DESKTOP', 'code.desktop'), ('CONDA_SHLVL', '0'), ('OLDPWD', '/home/albusgive2/rlfw/rlfw_deploy/src'), ('TERM_PROGRAM_VERSION', '1.97.0'), ('DESKTOP_SESSION', 'ubuntu'), ('GIO_LAUNCHED_DESKTOP_FILE', '/usr/share/applications/code.desktop'), ('ROS_PYTHON_VERSION', '3'), ('GNOME_SHELL_SESSION_MODE', 'ubuntu'), ('GTK_MODULES', 'gail:atk-bridge'), ('VSCODE_GIT_ASKPASS_MAIN', '/usr/share/code/resources/app/extensions/git/dist/askpass-main.js'), ('VSCODE_GIT_ASKPASS_NODE', '/usr/share/code/code'), ('MANAGERPID', '1573'), ('SYSTEMD_EXEC_PID', '1821'), ('DBUS_SESSION_BUS_ADDRESS', 'unix:path=/run/user/1000/bus'), ('COLORTERM', 'truecolor'), ('_CE_M', ''), ('GIO_LAUNCHED_DESKTOP_FILE_PID', '7132'), ('https_proxy', 'http://127.0.0.1:7897'), ('COLCON_PREFIX_PATH', '/home/albusgive2/rlfw/rlfw_deploy/install:/home/albusgive2/rlfw/rlfw_interface/install'), ('ROS_DISTRO', 'humble'), ('GTK_IM_MODULE', 'ibus'), ('LOGNAME', 'albusgive2'), ('http_proxy', 'http://127.0.0.1:7897'), ('JOURNAL_STREAM', '8:12181'), ('_', '/usr/bin/colcon'), ('ROS_VERSION', '2'), ('XDG_SESSION_CLASS', 'user'), ('USERNAME', 'albusgive2'), ('TERM', 'xterm-256color'), ('GNOME_DESKTOP_SESSION_ID', 'this-is-deprecated'), ('_CE_CONDA', ''), ('ROS_LOCALHOST_ONLY', '0'), ('WINDOWPATH', '2'), ('PATH', '/opt/ros/humble/bin:/usr/local/cuda/bin:/home/albusgive2/anaconda3/condabin:/home/albusgive2/.local/bin:/usr/local/sbin:/usr/local/bin:/usr/sbin:/usr/bin:/sbin:/bin:/usr/games:/usr/local/games:/snap/bin:/snap/bin:/home/albusgive2/.config/Code/User/globalStorage/github.copilot-chat/debugCommand:/usr/local/cuda-12.4/bin'), ('SESSION_MANAGER', 'local/albusgive2:@/tmp/.ICE-unix/1794,unix/albusgive2:/tmp/.ICE-unix/1794'), ('INVOCATION_ID', 'a95d020667ba4ddbbf198b657dcc9979'), ('XDG_MENU_PREFIX', 'gnome-'), ('XDG_RUNTIME_DIR', '/run/user/1000'), ('GDK_BACKEND', 'x11'), ('DISPLAY', ':1'), ('LANG', 'zh_CN.UTF-8'), ('XDG_CURRENT_DESKTOP', 'Unity'), ('XMODIFIERS', '@im=ibus'), ('XDG_SESSION_DESKTOP', 'ubuntu'), ('XAUTHORITY', '/run/user/1000/gdm/Xauthority'), ('LS_COLORS', 'rs=0:di=01;34:ln=01;36:mh=00:pi=40;33:so=01;35:do=01;35:bd=40;33;01:cd=40;33;01:or=40;31;01:mi=00:su=37;41:sg=30;43:ca=30;41:tw=30;42:ow=34;42:st=37;44:ex=01;32:*.tar=01;31:*.tgz=01;31:*.arc=01;31:*.arj=01;31:*.taz=01;31:*.lha=01;31:*.lz4=01;31:*.lzh=01;31:*.lzma=01;31:*.tlz=01;31:*.txz=01;31:*.tzo=01;31:*.t7z=01;31:*.zip=01;31:*.z=01;31:*.dz=01;31:*.gz=01;31:*.lrz=01;31:*.lz=01;31:*.lzo=01;31:*.xz=01;31:*.zst=01;31:*.tzst=01;31:*.bz2=01;31:*.bz=01;31:*.tbz=01;31:*.tbz2=01;31:*.tz=01;31:*.deb=01;31:*.rpm=01;31:*.jar=01;31:*.war=01;31:*.ear=01;31:*.sar=01;31:*.rar=01;31:*.alz=01;31:*.ace=01;31:*.zoo=01;31:*.cpio=01;31:*.7z=01;31:*.rz=01;31:*.cab=01;31:*.wim=01;31:*.swm=01;31:*.dwm=01;31:*.esd=01;31:*.jpg=01;35:*.jpeg=01;35:*.mjpg=01;35:*.mjpeg=01;35:*.gif=01;35:*.bmp=01;35:*.pbm=01;35:*.pgm=01;35:*.ppm=01;35:*.tga=01;35:*.xbm=01;35:*.xpm=01;35:*.tif=01;35:*.tiff=01;35:*.png=01;35:*.svg=01;35:*.svgz=01;35:*.mng=01;35:*.pcx=01;35:*.mov=01;35:*.mpg=01;35:*.mpeg=01;35:*.m2v=01;35:*.mkv=01;35:*.webm=01;35:*.webp=01;35:*.ogm=01;35:*.mp4=01;35:*.m4v=01;35:*.mp4v=01;35:*.vob=01;35:*.qt=01;35:*.nuv=01;35:*.wmv=01;35:*.asf=01;35:*.rm=01;35:*.rmvb=01;35:*.flc=01;35:*.avi=01;35:*.fli=01;35:*.flv=01;35:*.gl=01;35:*.dl=01;35:*.xcf=01;35:*.xwd=01;35:*.yuv=01;35:*.cgm=01;35:*.emf=01;35:*.ogv=01;35:*.ogx=01;35:*.aac=00;36:*.au=00;36:*.flac=00;36:*.m4a=00;36:*.mid=00;36:*.midi=00;36:*.mka=00;36:*.mp3=00;36:*.mpc=00;36:*.ogg=00;36:*.ra=00;36:*.wav=00;36:*.oga=00;36:*.opus=00;36:*.spx=00;36:*.xspf=00;36:'), ('VSCODE_GIT_IPC_HANDLE', '/run/user/1000/vscode-git-3d487d3973.sock'), ('TERM_PROGRAM', 'vscode'), ('SSH_AGENT_LAUNCHER', 'gnome-keyring'), ('SSH_AUTH_SOCK', '/run/user/1000/keyring/ssh'), ('AMENT_PREFIX_PATH', '/home/albusgive2/rlfw/rlfw_deploy/install/nz-imu:/home/albusgive2/rlfw/rlfw_deploy/install/mujoco_mapping:/home/albusgive2/rlfw/rlfw_deploy/install/CommunicationCenter:/home/albusgive2/rlfw/rlfw_interface/install/rlfw_msgs:/opt/ros/humble'), ('CONDA_PYTHON_EXE', '/home/albusgive2/anaconda3/bin/python'), ('ORIGINAL_XDG_CURRENT_DESKTOP', 'ubuntu:GNOME'), ('SHELL', '/bin/bash'), ('QT_ACCESSIBILITY', '1'), ('GDMSESSION', 'ubuntu'), ('LESSCLOSE', '/usr/bin/lesspipe %s %s'), ('GPG_AGENT_INFO', '/run/user/1000/gnupg/S.gpg-agent:0:1'), ('GJS_DEBUG_OUTPUT', 'stderr'), ('VSCODE_GIT_ASKPASS_EXTRA_ARGS', ''), ('QT_IM_MODULE', 'ibus'), ('PWD', '/home/albusgive2/rlfw/rlfw_deploy/build/nz-imu'), ('XDG_CONFIG_DIRS', '/etc/xdg/xdg-ubuntu:/etc/xdg'), ('CONDA_EXE', '/home/albusgive2/anaconda3/bin/conda'), ('XDG_DATA_DIRS', '/usr/share/ubuntu:/usr/share/gnome:/usr/local/share/:/usr/share/:/var/lib/snapd/desktop'), ('PYTHONPATH', '/home/albusgive2/rlfw/rlfw_interface/install/rlfw_msgs/local/lib/python3.10/dist-packages:/opt/ros/humble/lib/python3.10/site-packages:/opt/ros/humble/local/lib/python3.10/dist-packages'), ('COLCON', '1'), ('CMAKE_PREFIX_PATH', '/home/albusgive2/rlfw/rlfw_deploy/install/nz-imu:/home/albusgive2/rlfw/rlfw_deploy/install/mujoco_mapping:/home/albusgive2/rlfw/rlfw_deploy/install/CommunicationCenter:/home/albusgive2/rlfw/rlfw_interface/install/rlfw_msgs:/opt/ros/humble')]), 'shell': False}
[0.790322] (mujoco_mapping) StdoutLine: {'line': b'-- Build files have been written to: /home/albusgive2/rlfw/rlfw_deploy/build/mujoco_mapping\n'}
[0.796782] (mujoco_mapping) CommandEnded: {'returncode': 0}
[0.797155] (mujoco_mapping) JobProgress: {'identifier': 'mujoco_mapping', 'progress': 'build'}
[0.797392] (mujoco_mapping) Command: {'cmd': ['/usr/bin/cmake', '--build', '/home/albusgive2/rlfw/rlfw_deploy/build/mujoco_mapping', '--', '-j12', '-l12'], 'cwd': '/home/albusgive2/rlfw/rlfw_deploy/build/mujoco_mapping', 'env': OrderedDict([('GJS_DEBUG_TOPICS', 'JS ERROR;JS LOG'), ('LESSOPEN', '| /usr/bin/lesspipe %s'), ('LANGUAGE', 'zh_CN:zh'), ('USER', 'albusgive2'), ('XDG_SESSION_TYPE', 'x11'), ('GIT_ASKPASS', '/usr/share/code/resources/app/extensions/git/dist/askpass.sh'), ('SHLVL', '1'), ('LD_LIBRARY_PATH', '/home/albusgive2/rlfw/rlfw_interface/install/rlfw_msgs/lib:/opt/mujoco/lib:/opt/ros/humble/opt/rviz_ogre_vendor/lib:/opt/ros/humble/lib/x86_64-linux-gnu:/opt/ros/humble/lib:/usr/local/cuda/lib64::/usr/local/cuda-12.4/lib64'), ('HOME', '/home/albusgive2'), ('CHROME_DESKTOP', 'code.desktop'), ('CONDA_SHLVL', '0'), ('OLDPWD', '/home/albusgive2/rlfw/rlfw_deploy/src'), ('TERM_PROGRAM_VERSION', '1.97.0'), ('DESKTOP_SESSION', 'ubuntu'), ('GIO_LAUNCHED_DESKTOP_FILE', '/usr/share/applications/code.desktop'), ('ROS_PYTHON_VERSION', '3'), ('GNOME_SHELL_SESSION_MODE', 'ubuntu'), ('GTK_MODULES', 'gail:atk-bridge'), ('VSCODE_GIT_ASKPASS_MAIN', '/usr/share/code/resources/app/extensions/git/dist/askpass-main.js'), ('VSCODE_GIT_ASKPASS_NODE', '/usr/share/code/code'), ('MANAGERPID', '1573'), ('SYSTEMD_EXEC_PID', '1821'), ('DBUS_SESSION_BUS_ADDRESS', 'unix:path=/run/user/1000/bus'), ('COLORTERM', 'truecolor'), ('_CE_M', ''), ('GIO_LAUNCHED_DESKTOP_FILE_PID', '7132'), ('https_proxy', 'http://127.0.0.1:7897'), ('COLCON_PREFIX_PATH', '/home/albusgive2/rlfw/rlfw_deploy/install:/home/albusgive2/rlfw/rlfw_interface/install'), ('ROS_DISTRO', 'humble'), ('GTK_IM_MODULE', 'ibus'), ('LOGNAME', 'albusgive2'), ('http_proxy', 'http://127.0.0.1:7897'), ('JOURNAL_STREAM', '8:12181'), ('_', '/usr/bin/colcon'), ('ROS_VERSION', '2'), ('XDG_SESSION_CLASS', 'user'), ('USERNAME', 'albusgive2'), ('TERM', 'xterm-256color'), ('GNOME_DESKTOP_SESSION_ID', 'this-is-deprecated'), ('_CE_CONDA', ''), ('ROS_LOCALHOST_ONLY', '0'), ('WINDOWPATH', '2'), ('PATH', '/opt/ros/humble/bin:/usr/local/cuda/bin:/home/albusgive2/anaconda3/condabin:/home/albusgive2/.local/bin:/usr/local/sbin:/usr/local/bin:/usr/sbin:/usr/bin:/sbin:/bin:/usr/games:/usr/local/games:/snap/bin:/snap/bin:/home/albusgive2/.config/Code/User/globalStorage/github.copilot-chat/debugCommand:/usr/local/cuda-12.4/bin'), ('SESSION_MANAGER', 'local/albusgive2:@/tmp/.ICE-unix/1794,unix/albusgive2:/tmp/.ICE-unix/1794'), ('INVOCATION_ID', 'a95d020667ba4ddbbf198b657dcc9979'), ('XDG_MENU_PREFIX', 'gnome-'), ('XDG_RUNTIME_DIR', '/run/user/1000'), ('GDK_BACKEND', 'x11'), ('DISPLAY', ':1'), ('LANG', 'zh_CN.UTF-8'), ('XDG_CURRENT_DESKTOP', 'Unity'), ('XMODIFIERS', '@im=ibus'), ('XDG_SESSION_DESKTOP', 'ubuntu'), ('XAUTHORITY', '/run/user/1000/gdm/Xauthority'), ('LS_COLORS', 'rs=0:di=01;34:ln=01;36:mh=00:pi=40;33:so=01;35:do=01;35:bd=40;33;01:cd=40;33;01:or=40;31;01:mi=00:su=37;41:sg=30;43:ca=30;41:tw=30;42:ow=34;42:st=37;44:ex=01;32:*.tar=01;31:*.tgz=01;31:*.arc=01;31:*.arj=01;31:*.taz=01;31:*.lha=01;31:*.lz4=01;31:*.lzh=01;31:*.lzma=01;31:*.tlz=01;31:*.txz=01;31:*.tzo=01;31:*.t7z=01;31:*.zip=01;31:*.z=01;31:*.dz=01;31:*.gz=01;31:*.lrz=01;31:*.lz=01;31:*.lzo=01;31:*.xz=01;31:*.zst=01;31:*.tzst=01;31:*.bz2=01;31:*.bz=01;31:*.tbz=01;31:*.tbz2=01;31:*.tz=01;31:*.deb=01;31:*.rpm=01;31:*.jar=01;31:*.war=01;31:*.ear=01;31:*.sar=01;31:*.rar=01;31:*.alz=01;31:*.ace=01;31:*.zoo=01;31:*.cpio=01;31:*.7z=01;31:*.rz=01;31:*.cab=01;31:*.wim=01;31:*.swm=01;31:*.dwm=01;31:*.esd=01;31:*.jpg=01;35:*.jpeg=01;35:*.mjpg=01;35:*.mjpeg=01;35:*.gif=01;35:*.bmp=01;35:*.pbm=01;35:*.pgm=01;35:*.ppm=01;35:*.tga=01;35:*.xbm=01;35:*.xpm=01;35:*.tif=01;35:*.tiff=01;35:*.png=01;35:*.svg=01;35:*.svgz=01;35:*.mng=01;35:*.pcx=01;35:*.mov=01;35:*.mpg=01;35:*.mpeg=01;35:*.m2v=01;35:*.mkv=01;35:*.webm=01;35:*.webp=01;35:*.ogm=01;35:*.mp4=01;35:*.m4v=01;35:*.mp4v=01;35:*.vob=01;35:*.qt=01;35:*.nuv=01;35:*.wmv=01;35:*.asf=01;35:*.rm=01;35:*.rmvb=01;35:*.flc=01;35:*.avi=01;35:*.fli=01;35:*.flv=01;35:*.gl=01;35:*.dl=01;35:*.xcf=01;35:*.xwd=01;35:*.yuv=01;35:*.cgm=01;35:*.emf=01;35:*.ogv=01;35:*.ogx=01;35:*.aac=00;36:*.au=00;36:*.flac=00;36:*.m4a=00;36:*.mid=00;36:*.midi=00;36:*.mka=00;36:*.mp3=00;36:*.mpc=00;36:*.ogg=00;36:*.ra=00;36:*.wav=00;36:*.oga=00;36:*.opus=00;36:*.spx=00;36:*.xspf=00;36:'), ('VSCODE_GIT_IPC_HANDLE', '/run/user/1000/vscode-git-3d487d3973.sock'), ('TERM_PROGRAM', 'vscode'), ('SSH_AGENT_LAUNCHER', 'gnome-keyring'), ('SSH_AUTH_SOCK', '/run/user/1000/keyring/ssh'), ('AMENT_PREFIX_PATH', '/home/albusgive2/rlfw/rlfw_deploy/install/nz-imu:/home/albusgive2/rlfw/rlfw_deploy/install/mujoco_mapping:/home/albusgive2/rlfw/rlfw_deploy/install/CommunicationCenter:/home/albusgive2/rlfw/rlfw_interface/install/rlfw_msgs:/opt/ros/humble'), ('CONDA_PYTHON_EXE', '/home/albusgive2/anaconda3/bin/python'), ('ORIGINAL_XDG_CURRENT_DESKTOP', 'ubuntu:GNOME'), ('SHELL', '/bin/bash'), ('QT_ACCESSIBILITY', '1'), ('GDMSESSION', 'ubuntu'), ('LESSCLOSE', '/usr/bin/lesspipe %s %s'), ('GPG_AGENT_INFO', '/run/user/1000/gnupg/S.gpg-agent:0:1'), ('GJS_DEBUG_OUTPUT', 'stderr'), ('VSCODE_GIT_ASKPASS_EXTRA_ARGS', ''), ('QT_IM_MODULE', 'ibus'), ('PWD', '/home/albusgive2/rlfw/rlfw_deploy/build/mujoco_mapping'), ('XDG_CONFIG_DIRS', '/etc/xdg/xdg-ubuntu:/etc/xdg'), ('CONDA_EXE', '/home/albusgive2/anaconda3/bin/conda'), ('XDG_DATA_DIRS', '/usr/share/ubuntu:/usr/share/gnome:/usr/local/share/:/usr/share/:/var/lib/snapd/desktop'), ('PYTHONPATH', '/home/albusgive2/rlfw/rlfw_interface/install/rlfw_msgs/local/lib/python3.10/dist-packages:/opt/ros/humble/lib/python3.10/site-packages:/opt/ros/humble/local/lib/python3.10/dist-packages'), ('COLCON', '1'), ('CMAKE_PREFIX_PATH', '/home/albusgive2/rlfw/rlfw_deploy/install/nz-imu:/home/albusgive2/rlfw/rlfw_deploy/install/mujoco_mapping:/home/albusgive2/rlfw/rlfw_deploy/install/CommunicationCenter:/home/albusgive2/rlfw/rlfw_interface/install/rlfw_msgs:/opt/ros/humble')]), 'shell': False}
[0.800450] (-) TimerEvent: {}
[0.821170] (nz-imu) StdoutLine: {'line': b'[ 50%] \x1b[32mBuilding CXX object CMakeFiles/hwt906.dir/hwt906/main.cpp.o\x1b[0m\n'}
[0.821321] (nz-imu) StdoutLine: {'line': b'[ 50%] \x1b[32mBuilding CXX object CMakeFiles/hwt906.dir/hwt906/wit_c_sdk.cpp.o\x1b[0m\n'}
[0.821878] (nz-imu) StdoutLine: {'line': b'[ 75%] \x1b[32mBuilding CXX object CMakeFiles/hwt906.dir/hwt906/serial.cpp.o\x1b[0m\n'}
[0.828047] (mujoco_mapping) StdoutLine: {'line': b'[ 50%] \x1b[32mBuilding CXX object CMakeFiles/mujoco_mapping.dir/main.cpp.o\x1b[0m\n'}
[0.837095] (nz-imu) StderrLine: {'line': b'\x1b[01m\x1b[K/home/albusgive2/rlfw/rlfw_deploy/src/nz-imu/hwt906/wit_c_sdk.cpp:\x1b[m\x1b[K In function \xe2\x80\x98\x1b[01m\x1b[Kvoid WitSerialDataIn(uint8_t)\x1b[m\x1b[K\xe2\x80\x99:\n'}
[0.837223] (nz-imu) StderrLine: {'line': b'\x1b[01m\x1b[K/home/albusgive2/rlfw/rlfw_deploy/src/nz-imu/hwt906/wit_c_sdk.cpp:181:35:\x1b[m\x1b[K \x1b[01;35m\x1b[Kwarning: \x1b[m\x1b[Kcomparison of integer expressions of different signedness: \xe2\x80\x98\x1b[01m\x1b[Kuint32_t\x1b[m\x1b[K\xe2\x80\x99 {aka \xe2\x80\x98\x1b[01m\x1b[Kunsigned int\x1b[m\x1b[K\xe2\x80\x99} and \xe2\x80\x98\x1b[01m\x1b[Kint\x1b[m\x1b[K\xe2\x80\x99 [\x1b[01;35m\x1b[K\x1b]8;;https://gcc.gnu.org/onlinedocs/gcc/Warning-Options.html#index-Wsign-compare\x07-Wsign-compare\x1b]8;;\x07\x1b[m\x1b[K]\n'}
[0.837268] (nz-imu) StderrLine: {'line': b'  181 |                 if(\x1b[01;35m\x1b[Ks_uiWitDataCnt < (s_ucWitDataBuff[2] + 5)\x1b[m\x1b[K)return ;\n'}
[0.837297] (nz-imu) StderrLine: {'line': b'      |                    \x1b[01;35m\x1b[K~~~~~~~~~~~~~~~^~~~~~~~~~~~~~~~~~~~~~~~~~\x1b[m\x1b[K\n'}
[0.839408] (CommunicationCenter) StdoutLine: {'line': b'-- Found sensor_msgs: 4.2.4 (/opt/ros/humble/share/sensor_msgs/cmake)\n'}
[0.840221] (nz-imu) StderrLine: {'line': b'\x1b[01m\x1b[K/home/albusgive2/rlfw/rlfw_deploy/src/nz-imu/hwt906/wit_c_sdk.cpp:\x1b[m\x1b[K In function \xe2\x80\x98\x1b[01m\x1b[Kvoid WitCanDataIn(uint8_t*, uint8_t)\x1b[m\x1b[K\xe2\x80\x99:\n'}
[0.840331] (nz-imu) StderrLine: {'line': b'\x1b[01m\x1b[K/home/albusgive2/rlfw/rlfw_deploy/src/nz-imu/hwt906/wit_c_sdk.cpp:238:25:\x1b[m\x1b[K \x1b[01;35m\x1b[Kwarning: \x1b[m\x1b[Kthis statement may fall through [\x1b[01;35m\x1b[K\x1b]8;;https://gcc.gnu.org/onlinedocs/gcc/Warning-Options.html#index-Wimplicit-fallthrough=\x07-Wimplicit-fallthrough=\x1b]8;;\x07\x1b[m\x1b[K]\n'}
[0.840384] (nz-imu) StderrLine: {'line': b'  238 |                         \x1b[01;35m\x1b[Kif\x1b[m\x1b[K(ucData[1] == 0x53)\n'}
[0.840428] (nz-imu) StderrLine: {'line': b'      |                         \x1b[01;35m\x1b[K^~\x1b[m\x1b[K\n'}
[0.840470] (nz-imu) StderrLine: {'line': b'\x1b[01m\x1b[K/home/albusgive2/rlfw/rlfw_deploy/src/nz-imu/hwt906/wit_c_sdk.cpp:251:19:\x1b[m\x1b[K \x1b[01;36m\x1b[Knote: \x1b[m\x1b[Khere\n'}
[0.840512] (nz-imu) StderrLine: {'line': b'  251 |                   \x1b[01;36m\x1b[Kcase\x1b[m\x1b[K WIT_PROTOCOL_CAN:\n'}
[0.840557] (nz-imu) StderrLine: {'line': b'      |                   \x1b[01;36m\x1b[K^~~~\x1b[m\x1b[K\n'}
[0.870568] (CommunicationCenter) StdoutLine: {'line': b'-- Found ament_lint_auto: 0.12.11 (/opt/ros/humble/share/ament_lint_auto/cmake)\n'}
[0.900562] (-) TimerEvent: {}
[0.906801] (CommunicationCenter) StderrLine: {'line': b'WARNING: Package name "CommunicationCenter" does not follow the naming conventions. It should start with a lower case letter and only contain lower case letters, digits, underscores, and dashes.\n'}
[0.955053] (CommunicationCenter) StdoutLine: {'line': b"-- Added test 'cppcheck' to perform static code analysis on C / C++ code\n"}
[0.955238] (CommunicationCenter) StdoutLine: {'line': b'-- Configured cppcheck include dirs: /home/albusgive2/rlfw/rlfw_deploy/src/CommunicationCenter/include;/home/albusgive2/rlfw/rlfw_deploy/src/CommunicationCenter/motor_driver;/home/albusgive2/rlfw/rlfw_deploy/src/CommunicationCenter/remote_driver\n'}
[0.955281] (CommunicationCenter) StdoutLine: {'line': b'-- Configured cppcheck exclude dirs and/or files: \n'}
[0.958002] (CommunicationCenter) StdoutLine: {'line': b"-- Added test 'flake8' to check Python code syntax and style conventions\n"}
[0.962807] (CommunicationCenter) StdoutLine: {'line': b"-- Added test 'lint_cmake' to check CMake code style\n"}
[0.965694] (CommunicationCenter) StdoutLine: {'line': b"-- Added test 'pep257' to check Python code against some of the docstring style conventions in PEP 257\n"}
[0.982874] (CommunicationCenter) StdoutLine: {'line': b"-- Added test 'uncrustify' to check C / C++ code style\n"}
[0.982993] (CommunicationCenter) StdoutLine: {'line': b'-- Configured uncrustify additional arguments: \n'}
[0.985286] (CommunicationCenter) StdoutLine: {'line': b"-- Added test 'xmllint' to check XML markup files\n"}
[0.986094] (CommunicationCenter) StdoutLine: {'line': b'-- Configuring done\n'}
[1.000664] (-) TimerEvent: {}
[1.002290] (CommunicationCenter) StdoutLine: {'line': b'-- Generating done\n'}
[1.009000] (CommunicationCenter) StdoutLine: {'line': b'-- Build files have been written to: /home/albusgive2/rlfw/rlfw_deploy/build/CommunicationCenter\n'}
[1.017638] (CommunicationCenter) CommandEnded: {'returncode': 0}
[1.018166] (CommunicationCenter) JobProgress: {'identifier': 'CommunicationCenter', 'progress': 'build'}
[1.018423] (CommunicationCenter) Command: {'cmd': ['/usr/bin/cmake', '--build', '/home/albusgive2/rlfw/rlfw_deploy/build/CommunicationCenter', '--', '-j12', '-l12'], 'cwd': '/home/albusgive2/rlfw/rlfw_deploy/build/CommunicationCenter', 'env': OrderedDict([('GJS_DEBUG_TOPICS', 'JS ERROR;JS LOG'), ('LESSOPEN', '| /usr/bin/lesspipe %s'), ('LANGUAGE', 'zh_CN:zh'), ('USER', 'albusgive2'), ('XDG_SESSION_TYPE', 'x11'), ('GIT_ASKPASS', '/usr/share/code/resources/app/extensions/git/dist/askpass.sh'), ('SHLVL', '1'), ('LD_LIBRARY_PATH', '/home/albusgive2/rlfw/rlfw_interface/install/rlfw_msgs/lib:/opt/mujoco/lib:/opt/ros/humble/opt/rviz_ogre_vendor/lib:/opt/ros/humble/lib/x86_64-linux-gnu:/opt/ros/humble/lib:/usr/local/cuda/lib64::/usr/local/cuda-12.4/lib64'), ('HOME', '/home/albusgive2'), ('CHROME_DESKTOP', 'code.desktop'), ('CONDA_SHLVL', '0'), ('OLDPWD', '/home/albusgive2/rlfw/rlfw_deploy/src'), ('TERM_PROGRAM_VERSION', '1.97.0'), ('DESKTOP_SESSION', 'ubuntu'), ('GIO_LAUNCHED_DESKTOP_FILE', '/usr/share/applications/code.desktop'), ('ROS_PYTHON_VERSION', '3'), ('GNOME_SHELL_SESSION_MODE', 'ubuntu'), ('GTK_MODULES', 'gail:atk-bridge'), ('VSCODE_GIT_ASKPASS_MAIN', '/usr/share/code/resources/app/extensions/git/dist/askpass-main.js'), ('VSCODE_GIT_ASKPASS_NODE', '/usr/share/code/code'), ('MANAGERPID', '1573'), ('SYSTEMD_EXEC_PID', '1821'), ('DBUS_SESSION_BUS_ADDRESS', 'unix:path=/run/user/1000/bus'), ('COLORTERM', 'truecolor'), ('_CE_M', ''), ('GIO_LAUNCHED_DESKTOP_FILE_PID', '7132'), ('https_proxy', 'http://127.0.0.1:7897'), ('COLCON_PREFIX_PATH', '/home/albusgive2/rlfw/rlfw_deploy/install:/home/albusgive2/rlfw/rlfw_interface/install'), ('ROS_DISTRO', 'humble'), ('GTK_IM_MODULE', 'ibus'), ('LOGNAME', 'albusgive2'), ('http_proxy', 'http://127.0.0.1:7897'), ('JOURNAL_STREAM', '8:12181'), ('_', '/usr/bin/colcon'), ('ROS_VERSION', '2'), ('XDG_SESSION_CLASS', 'user'), ('USERNAME', 'albusgive2'), ('TERM', 'xterm-256color'), ('GNOME_DESKTOP_SESSION_ID', 'this-is-deprecated'), ('_CE_CONDA', ''), ('ROS_LOCALHOST_ONLY', '0'), ('WINDOWPATH', '2'), ('PATH', '/opt/ros/humble/bin:/usr/local/cuda/bin:/home/albusgive2/anaconda3/condabin:/home/albusgive2/.local/bin:/usr/local/sbin:/usr/local/bin:/usr/sbin:/usr/bin:/sbin:/bin:/usr/games:/usr/local/games:/snap/bin:/snap/bin:/home/albusgive2/.config/Code/User/globalStorage/github.copilot-chat/debugCommand:/usr/local/cuda-12.4/bin'), ('SESSION_MANAGER', 'local/albusgive2:@/tmp/.ICE-unix/1794,unix/albusgive2:/tmp/.ICE-unix/1794'), ('INVOCATION_ID', 'a95d020667ba4ddbbf198b657dcc9979'), ('XDG_MENU_PREFIX', 'gnome-'), ('XDG_RUNTIME_DIR', '/run/user/1000'), ('GDK_BACKEND', 'x11'), ('DISPLAY', ':1'), ('LANG', 'zh_CN.UTF-8'), ('XDG_CURRENT_DESKTOP', 'Unity'), ('XMODIFIERS', '@im=ibus'), ('XDG_SESSION_DESKTOP', 'ubuntu'), ('XAUTHORITY', '/run/user/1000/gdm/Xauthority'), ('LS_COLORS', 'rs=0:di=01;34:ln=01;36:mh=00:pi=40;33:so=01;35:do=01;35:bd=40;33;01:cd=40;33;01:or=40;31;01:mi=00:su=37;41:sg=30;43:ca=30;41:tw=30;42:ow=34;42:st=37;44:ex=01;32:*.tar=01;31:*.tgz=01;31:*.arc=01;31:*.arj=01;31:*.taz=01;31:*.lha=01;31:*.lz4=01;31:*.lzh=01;31:*.lzma=01;31:*.tlz=01;31:*.txz=01;31:*.tzo=01;31:*.t7z=01;31:*.zip=01;31:*.z=01;31:*.dz=01;31:*.gz=01;31:*.lrz=01;31:*.lz=01;31:*.lzo=01;31:*.xz=01;31:*.zst=01;31:*.tzst=01;31:*.bz2=01;31:*.bz=01;31:*.tbz=01;31:*.tbz2=01;31:*.tz=01;31:*.deb=01;31:*.rpm=01;31:*.jar=01;31:*.war=01;31:*.ear=01;31:*.sar=01;31:*.rar=01;31:*.alz=01;31:*.ace=01;31:*.zoo=01;31:*.cpio=01;31:*.7z=01;31:*.rz=01;31:*.cab=01;31:*.wim=01;31:*.swm=01;31:*.dwm=01;31:*.esd=01;31:*.jpg=01;35:*.jpeg=01;35:*.mjpg=01;35:*.mjpeg=01;35:*.gif=01;35:*.bmp=01;35:*.pbm=01;35:*.pgm=01;35:*.ppm=01;35:*.tga=01;35:*.xbm=01;35:*.xpm=01;35:*.tif=01;35:*.tiff=01;35:*.png=01;35:*.svg=01;35:*.svgz=01;35:*.mng=01;35:*.pcx=01;35:*.mov=01;35:*.mpg=01;35:*.mpeg=01;35:*.m2v=01;35:*.mkv=01;35:*.webm=01;35:*.webp=01;35:*.ogm=01;35:*.mp4=01;35:*.m4v=01;35:*.mp4v=01;35:*.vob=01;35:*.qt=01;35:*.nuv=01;35:*.wmv=01;35:*.asf=01;35:*.rm=01;35:*.rmvb=01;35:*.flc=01;35:*.avi=01;35:*.fli=01;35:*.flv=01;35:*.gl=01;35:*.dl=01;35:*.xcf=01;35:*.xwd=01;35:*.yuv=01;35:*.cgm=01;35:*.emf=01;35:*.ogv=01;35:*.ogx=01;35:*.aac=00;36:*.au=00;36:*.flac=00;36:*.m4a=00;36:*.mid=00;36:*.midi=00;36:*.mka=00;36:*.mp3=00;36:*.mpc=00;36:*.ogg=00;36:*.ra=00;36:*.wav=00;36:*.oga=00;36:*.opus=00;36:*.spx=00;36:*.xspf=00;36:'), ('VSCODE_GIT_IPC_HANDLE', '/run/user/1000/vscode-git-3d487d3973.sock'), ('TERM_PROGRAM', 'vscode'), ('SSH_AGENT_LAUNCHER', 'gnome-keyring'), ('SSH_AUTH_SOCK', '/run/user/1000/keyring/ssh'), ('AMENT_PREFIX_PATH', '/home/albusgive2/rlfw/rlfw_deploy/install/nz-imu:/home/albusgive2/rlfw/rlfw_deploy/install/mujoco_mapping:/home/albusgive2/rlfw/rlfw_deploy/install/CommunicationCenter:/home/albusgive2/rlfw/rlfw_interface/install/rlfw_msgs:/opt/ros/humble'), ('CONDA_PYTHON_EXE', '/home/albusgive2/anaconda3/bin/python'), ('ORIGINAL_XDG_CURRENT_DESKTOP', 'ubuntu:GNOME'), ('SHELL', '/bin/bash'), ('QT_ACCESSIBILITY', '1'), ('GDMSESSION', 'ubuntu'), ('LESSCLOSE', '/usr/bin/lesspipe %s %s'), ('GPG_AGENT_INFO', '/run/user/1000/gnupg/S.gpg-agent:0:1'), ('GJS_DEBUG_OUTPUT', 'stderr'), ('VSCODE_GIT_ASKPASS_EXTRA_ARGS', ''), ('QT_IM_MODULE', 'ibus'), ('PWD', '/home/albusgive2/rlfw/rlfw_deploy/build/CommunicationCenter'), ('XDG_CONFIG_DIRS', '/etc/xdg/xdg-ubuntu:/etc/xdg'), ('CONDA_EXE', '/home/albusgive2/anaconda3/bin/conda'), ('XDG_DATA_DIRS', '/usr/share/ubuntu:/usr/share/gnome:/usr/local/share/:/usr/share/:/var/lib/snapd/desktop'), ('PYTHONPATH', '/home/albusgive2/rlfw/rlfw_interface/install/rlfw_msgs/local/lib/python3.10/dist-packages:/opt/ros/humble/lib/python3.10/site-packages:/opt/ros/humble/local/lib/python3.10/dist-packages'), ('COLCON', '1'), ('CMAKE_PREFIX_PATH', '/home/albusgive2/rlfw/rlfw_deploy/install/nz-imu:/home/albusgive2/rlfw/rlfw_deploy/install/mujoco_mapping:/home/albusgive2/rlfw/rlfw_deploy/install/CommunicationCenter:/home/albusgive2/rlfw/rlfw_interface/install/rlfw_msgs:/opt/ros/humble')]), 'shell': False}
[1.054229] (CommunicationCenter) StdoutLine: {'line': b'[  6%] \x1b[32mBuilding CXX object tinyxml2/CMakeFiles/tinyxml2.dir/tinyxml2.cpp.o\x1b[0m\n'}
[1.100762] (-) TimerEvent: {}
[1.201004] (-) TimerEvent: {}
[1.301222] (-) TimerEvent: {}
[1.327897] (CommunicationCenter) StdoutLine: {'line': b'[ 13%] \x1b[32m\x1b[1mLinking CXX static library libtinyxml2.a\x1b[0m\n'}
[1.372540] (CommunicationCenter) StdoutLine: {'line': b'[ 13%] Built target tinyxml2\n'}
[1.389186] (CommunicationCenter) StdoutLine: {'line': b'[ 26%] \x1b[32mBuilding CXX object CMakeFiles/CommunicationCenter.dir/src/CommunicationCenter.cpp.o\x1b[0m\n'}
[1.389359] (CommunicationCenter) StdoutLine: {'line': b'[ 33%] \x1b[32mBuilding CXX object CMakeFiles/CommunicationCenter.dir/src/XMLDecoder.cpp.o\x1b[0m\n'}
[1.389422] (CommunicationCenter) StdoutLine: {'line': b'[ 33%] \x1b[32mBuilding CXX object tinyxml2/CMakeFiles/xmltest.dir/xmltest.cpp.o\x1b[0m\n'}
[1.389474] (CommunicationCenter) StdoutLine: {'line': b'[ 46%] \x1b[32mBuilding CXX object CMakeFiles/CommunicationCenter.dir/src/ParallelMechanism..cpp.o\x1b[0m\n'}
[1.389522] (CommunicationCenter) StdoutLine: {'line': b'[ 46%] \x1b[32mBuilding CXX object CMakeFiles/CommunicationCenter.dir/src/main.cpp.o\x1b[0m\n'}
[1.389570] (CommunicationCenter) StdoutLine: {'line': b'[ 53%] \x1b[32mBuilding CXX object CMakeFiles/CommunicationCenter.dir/src/PCAN.cpp.o\x1b[0m\n'}
[1.389624] (CommunicationCenter) StdoutLine: {'line': b'[ 60%] \x1b[32mBuilding CXX object CMakeFiles/CommunicationCenter.dir/src/serial.cpp.o\x1b[0m\n'}
[1.389729] (CommunicationCenter) StdoutLine: {'line': b'[ 66%] \x1b[32mBuilding CXX object CMakeFiles/CommunicationCenter.dir/motor_driver/MiMotor.cpp.o\x1b[0m\n'}
[1.389785] (CommunicationCenter) StdoutLine: {'line': b'[ 73%] \x1b[32mBuilding CXX object CMakeFiles/CommunicationCenter.dir/motor_driver/DMMotor.cpp.o\x1b[0m\n'}
[1.391609] (CommunicationCenter) StdoutLine: {'line': b'[ 80%] \x1b[32mBuilding CXX object CMakeFiles/CommunicationCenter.dir/motor_driver/RMMotor.cpp.o\x1b[0m\n'}
[1.397148] (CommunicationCenter) StdoutLine: {'line': b'[ 86%] \x1b[32mBuilding CXX object CMakeFiles/CommunicationCenter.dir/remote_driver/gamepad.cpp.o\x1b[0m\n'}
[1.402003] (-) TimerEvent: {}
[1.502270] (-) TimerEvent: {}
[1.602735] (-) TimerEvent: {}
[1.703943] (-) TimerEvent: {}
[1.770886] (CommunicationCenter) StdoutLine: {'line': b'[ 93%] \x1b[32m\x1b[1mLinking CXX executable xmltest\x1b[0m\n'}
[1.804040] (-) TimerEvent: {}
[1.881750] (CommunicationCenter) StdoutLine: {'line': b'[ 93%] Built target xmltest\n'}
[1.904149] (-) TimerEvent: {}
[2.004432] (-) TimerEvent: {}
[2.087660] (CommunicationCenter) StderrLine: {'line': b'\x1b[01m\x1b[K/home/albusgive2/rlfw/rlfw_deploy/src/CommunicationCenter/src/serial.cpp:\x1b[m\x1b[K In lambda function:\n'}
[2.087849] (CommunicationCenter) StderrLine: {'line': b'\x1b[01m\x1b[K/home/albusgive2/rlfw/rlfw_deploy/src/CommunicationCenter/src/serial.cpp:394:21:\x1b[m\x1b[K \x1b[01;35m\x1b[Kwarning: \x1b[m\x1b[Kcomparison of integer expressions of different signedness: \xe2\x80\x98\x1b[01m\x1b[Kint\x1b[m\x1b[K\xe2\x80\x99 and \xe2\x80\x98\x1b[01m\x1b[Kstd::vector<unsigned char>::size_type\x1b[m\x1b[K\xe2\x80\x99 {aka \xe2\x80\x98\x1b[01m\x1b[Klong unsigned int\x1b[m\x1b[K\xe2\x80\x99} [\x1b[01;35m\x1b[K\x1b]8;;https://gcc.gnu.org/onlinedocs/gcc/Warning-Options.html#index-Wsign-compare\x07-Wsign-compare\x1b]8;;\x07\x1b[m\x1b[K]\n'}
[2.087934] (CommunicationCenter) StderrLine: {'line': b'  394 |       if (\x1b[01;35m\x1b[Klast_size == recv_queue.size()\x1b[m\x1b[K) {\n'}
[2.087980] (CommunicationCenter) StderrLine: {'line': b'      |           \x1b[01;35m\x1b[K~~~~~~~~~~^~~~~~~~~~~~~~~~~~~~\x1b[m\x1b[K\n'}
[2.096049] (CommunicationCenter) StderrLine: {'line': b'In file included from \x1b[01m\x1b[K/home/albusgive2/rlfw/rlfw_deploy/src/CommunicationCenter/motor_driver/DMMotor.cpp:1\x1b[m\x1b[K:\n'}
[2.096217] (CommunicationCenter) StderrLine: {'line': b'\x1b[01m\x1b[K/home/albusgive2/rlfw/rlfw_deploy/src/CommunicationCenter/motor_driver/DMMotor.h:\x1b[m\x1b[K In member function \xe2\x80\x98\x1b[01m\x1b[Kvirtual DMCANMsg* DMMotor::ctrl_pos(uint8_t, float)\x1b[m\x1b[K\xe2\x80\x99:\n'}
[2.096288] (CommunicationCenter) StderrLine: {'line': b'\x1b[01m\x1b[K/home/albusgive2/rlfw/rlfw_deploy/src/CommunicationCenter/motor_driver/DMMotor.h:55:30:\x1b[m\x1b[K \x1b[01;35m\x1b[Kwarning: \x1b[m\x1b[Kunused parameter \xe2\x80\x98\x1b[01m\x1b[Kmotor_id\x1b[m\x1b[K\xe2\x80\x99 [\x1b[01;35m\x1b[K\x1b]8;;https://gcc.gnu.org/onlinedocs/gcc/Warning-Options.html#index-Wunused-parameter\x07-Wunused-parameter\x1b]8;;\x07\x1b[m\x1b[K]\n'}
[2.096340] (CommunicationCenter) StderrLine: {'line': b'   55 |   DMCANMsg *ctrl_pos(\x1b[01;35m\x1b[Kuint8_t motor_id\x1b[m\x1b[K, float pos) override { return nullptr; };\n'}
[2.096389] (CommunicationCenter) StderrLine: {'line': b'      |                      \x1b[01;35m\x1b[K~~~~~~~~^~~~~~~~\x1b[m\x1b[K\n'}
[2.096781] (CommunicationCenter) StderrLine: {'line': b'\x1b[01m\x1b[K/home/albusgive2/rlfw/rlfw_deploy/src/CommunicationCenter/motor_driver/DMMotor.h:55:46:\x1b[m\x1b[K \x1b[01;35m\x1b[Kwarning: \x1b[m\x1b[Kunused parameter \xe2\x80\x98\x1b[01m\x1b[Kpos\x1b[m\x1b[K\xe2\x80\x99 [\x1b[01;35m\x1b[K\x1b]8;;https://gcc.gnu.org/onlinedocs/gcc/Warning-Options.html#index-Wunused-parameter\x07-Wunused-parameter\x1b]8;;\x07\x1b[m\x1b[K]\n'}
[2.096985] (CommunicationCenter) StderrLine: {'line': b'   55 |   DMCANMsg *ctrl_pos(uint8_t motor_id, \x1b[01;35m\x1b[Kfloat pos\x1b[m\x1b[K) override { return nullptr; };\n'}
[2.097051] (CommunicationCenter) StderrLine: {'line': b'      |                                        \x1b[01;35m\x1b[K~~~~~~^~~\x1b[m\x1b[K\n'}
[2.097116] (CommunicationCenter) StderrLine: {'line': b'\x1b[01m\x1b[K/home/albusgive2/rlfw/rlfw_deploy/src/CommunicationCenter/motor_driver/DMMotor.h:\x1b[m\x1b[K In member function \xe2\x80\x98\x1b[01m\x1b[Kvirtual DMCANMsg* DMMotor::ctrl_vel(uint8_t, float)\x1b[m\x1b[K\xe2\x80\x99:\n'}
[2.097171] (CommunicationCenter) StderrLine: {'line': b'\x1b[01m\x1b[K/home/albusgive2/rlfw/rlfw_deploy/src/CommunicationCenter/motor_driver/DMMotor.h:57:30:\x1b[m\x1b[K \x1b[01;35m\x1b[Kwarning: \x1b[m\x1b[Kunused parameter \xe2\x80\x98\x1b[01m\x1b[Kmotor_id\x1b[m\x1b[K\xe2\x80\x99 [\x1b[01;35m\x1b[K\x1b]8;;https://gcc.gnu.org/onlinedocs/gcc/Warning-Options.html#index-Wunused-parameter\x07-Wunused-parameter\x1b]8;;\x07\x1b[m\x1b[K]\n'}
[2.097220] (CommunicationCenter) StderrLine: {'line': b'   57 |   DMCANMsg *ctrl_vel(\x1b[01;35m\x1b[Kuint8_t motor_id\x1b[m\x1b[K, float vel) override { return nullptr; };\n'}
[2.097268] (CommunicationCenter) StderrLine: {'line': b'      |                      \x1b[01;35m\x1b[K~~~~~~~~^~~~~~~~\x1b[m\x1b[K\n'}
[2.097317] (CommunicationCenter) StderrLine: {'line': b'\x1b[01m\x1b[K/home/albusgive2/rlfw/rlfw_deploy/src/CommunicationCenter/motor_driver/DMMotor.h:57:46:\x1b[m\x1b[K \x1b[01;35m\x1b[Kwarning: \x1b[m\x1b[Kunused parameter \xe2\x80\x98\x1b[01m\x1b[Kvel\x1b[m\x1b[K\xe2\x80\x99 [\x1b[01;35m\x1b[K\x1b]8;;https://gcc.gnu.org/onlinedocs/gcc/Warning-Options.html#index-Wunused-parameter\x07-Wunused-parameter\x1b]8;;\x07\x1b[m\x1b[K]\n'}
[2.097367] (CommunicationCenter) StderrLine: {'line': b'   57 |   DMCANMsg *ctrl_vel(uint8_t motor_id, \x1b[01;35m\x1b[Kfloat vel\x1b[m\x1b[K) override { return nullptr; };\n'}
[2.097408] (CommunicationCenter) StderrLine: {'line': b'      |                                        \x1b[01;35m\x1b[K~~~~~~^~~\x1b[m\x1b[K\n'}
[2.097447] (CommunicationCenter) StderrLine: {'line': b'\x1b[01m\x1b[K/home/albusgive2/rlfw/rlfw_deploy/src/CommunicationCenter/motor_driver/DMMotor.h:\x1b[m\x1b[K In member function \xe2\x80\x98\x1b[01m\x1b[Kvirtual DMCANMsg* DMMotor::ctrl_pos_vel(uint8_t, float, float)\x1b[m\x1b[K\xe2\x80\x99:\n'}
[2.097488] (CommunicationCenter) StderrLine: {'line': b'\x1b[01m\x1b[K/home/albusgive2/rlfw/rlfw_deploy/src/CommunicationCenter/motor_driver/DMMotor.h:59:34:\x1b[m\x1b[K \x1b[01;35m\x1b[Kwarning: \x1b[m\x1b[Kunused parameter \xe2\x80\x98\x1b[01m\x1b[Kmotor_id\x1b[m\x1b[K\xe2\x80\x99 [\x1b[01;35m\x1b[K\x1b]8;;https://gcc.gnu.org/onlinedocs/gcc/Warning-Options.html#index-Wunused-parameter\x07-Wunused-parameter\x1b]8;;\x07\x1b[m\x1b[K]\n'}
[2.097537] (CommunicationCenter) StderrLine: {'line': b'   59 |   DMCANMsg *ctrl_pos_vel(\x1b[01;35m\x1b[Kuint8_t motor_id\x1b[m\x1b[K, float pos, float vel) override {\n'}
[2.097585] (CommunicationCenter) StderrLine: {'line': b'      |                          \x1b[01;35m\x1b[K~~~~~~~~^~~~~~~~\x1b[m\x1b[K\n'}
[2.097627] (CommunicationCenter) StderrLine: {'line': b'\x1b[01m\x1b[K/home/albusgive2/rlfw/rlfw_deploy/src/CommunicationCenter/motor_driver/DMMotor.h:59:50:\x1b[m\x1b[K \x1b[01;35m\x1b[Kwarning: \x1b[m\x1b[Kunused parameter \xe2\x80\x98\x1b[01m\x1b[Kpos\x1b[m\x1b[K\xe2\x80\x99 [\x1b[01;35m\x1b[K\x1b]8;;https://gcc.gnu.org/onlinedocs/gcc/Warning-Options.html#index-Wunused-parameter\x07-Wunused-parameter\x1b]8;;\x07\x1b[m\x1b[K]\n'}
[2.097675] (CommunicationCenter) StderrLine: {'line': b'   59 |   DMCANMsg *ctrl_pos_vel(uint8_t motor_id, \x1b[01;35m\x1b[Kfloat pos\x1b[m\x1b[K, float vel) override {\n'}
[2.097716] (CommunicationCenter) StderrLine: {'line': b'      |                                            \x1b[01;35m\x1b[K~~~~~~^~~\x1b[m\x1b[K\n'}
[2.097755] (CommunicationCenter) StderrLine: {'line': b'\x1b[01m\x1b[K/home/albusgive2/rlfw/rlfw_deploy/src/CommunicationCenter/motor_driver/DMMotor.h:59:61:\x1b[m\x1b[K \x1b[01;35m\x1b[Kwarning: \x1b[m\x1b[Kunused parameter \xe2\x80\x98\x1b[01m\x1b[Kvel\x1b[m\x1b[K\xe2\x80\x99 [\x1b[01;35m\x1b[K\x1b]8;;https://gcc.gnu.org/onlinedocs/gcc/Warning-Options.html#index-Wunused-parameter\x07-Wunused-parameter\x1b]8;;\x07\x1b[m\x1b[K]\n'}
[2.098017] (CommunicationCenter) StderrLine: {'line': b'   59 |   DMCANMsg *ctrl_pos_vel(uint8_t motor_id, float pos, \x1b[01;35m\x1b[Kfloat vel\x1b[m\x1b[K) override {\n'}
[2.098125] (CommunicationCenter) StderrLine: {'line': b'      |                                                       \x1b[01;35m\x1b[K~~~~~~^~~\x1b[m\x1b[K\n'}
[2.098180] (CommunicationCenter) StderrLine: {'line': b'\x1b[01m\x1b[K/home/albusgive2/rlfw/rlfw_deploy/src/CommunicationCenter/motor_driver/DMMotor.h:\x1b[m\x1b[K In member function \xe2\x80\x98\x1b[01m\x1b[Kvirtual DMCANMsg* DMMotor::ctrl_torque(uint8_t, float)\x1b[m\x1b[K\xe2\x80\x99:\n'}
[2.098234] (CommunicationCenter) StderrLine: {'line': b'\x1b[01m\x1b[K/home/albusgive2/rlfw/rlfw_deploy/src/CommunicationCenter/motor_driver/DMMotor.h:63:33:\x1b[m\x1b[K \x1b[01;35m\x1b[Kwarning: \x1b[m\x1b[Kunused parameter \xe2\x80\x98\x1b[01m\x1b[Kmotor_id\x1b[m\x1b[K\xe2\x80\x99 [\x1b[01;35m\x1b[K\x1b]8;;https://gcc.gnu.org/onlinedocs/gcc/Warning-Options.html#index-Wunused-parameter\x07-Wunused-parameter\x1b]8;;\x07\x1b[m\x1b[K]\n'}
[2.098286] (CommunicationCenter) StderrLine: {'line': b'   63 |   DMCANMsg *ctrl_torque(\x1b[01;35m\x1b[Kuint8_t motor_id\x1b[m\x1b[K, float torque) override {\n'}
[2.098333] (CommunicationCenter) StderrLine: {'line': b'      |                         \x1b[01;35m\x1b[K~~~~~~~~^~~~~~~~\x1b[m\x1b[K\n'}
[2.098385] (CommunicationCenter) StderrLine: {'line': b'\x1b[01m\x1b[K/home/albusgive2/rlfw/rlfw_deploy/src/CommunicationCenter/motor_driver/DMMotor.h:63:49:\x1b[m\x1b[K \x1b[01;35m\x1b[Kwarning: \x1b[m\x1b[Kunused parameter \xe2\x80\x98\x1b[01m\x1b[Ktorque\x1b[m\x1b[K\xe2\x80\x99 [\x1b[01;35m\x1b[K\x1b]8;;https://gcc.gnu.org/onlinedocs/gcc/Warning-Options.html#index-Wunused-parameter\x07-Wunused-parameter\x1b]8;;\x07\x1b[m\x1b[K]\n'}
[2.098433] (CommunicationCenter) StderrLine: {'line': b'   63 |   DMCANMsg *ctrl_torque(uint8_t motor_id, \x1b[01;35m\x1b[Kfloat torque\x1b[m\x1b[K) override {\n'}
[2.098478] (CommunicationCenter) StderrLine: {'line': b'      |                                           \x1b[01;35m\x1b[K~~~~~~^~~~~~\x1b[m\x1b[K\n'}
[2.098525] (CommunicationCenter) StderrLine: {'line': b'\x1b[01m\x1b[K/home/albusgive2/rlfw/rlfw_deploy/src/CommunicationCenter/motor_driver/DMMotor.h:\x1b[m\x1b[K In member function \xe2\x80\x98\x1b[01m\x1b[Kvirtual DMCANMsg* DMMotor::setPosKP(uint8_t, float)\x1b[m\x1b[K\xe2\x80\x99:\n'}
[2.098570] (CommunicationCenter) StderrLine: {'line': b'\x1b[01m\x1b[K/home/albusgive2/rlfw/rlfw_deploy/src/CommunicationCenter/motor_driver/DMMotor.h:67:30:\x1b[m\x1b[K \x1b[01;35m\x1b[Kwarning: \x1b[m\x1b[Kunused parameter \xe2\x80\x98\x1b[01m\x1b[Kmotor_id\x1b[m\x1b[K\xe2\x80\x99 [\x1b[01;35m\x1b[K\x1b]8;;https://gcc.gnu.org/onlinedocs/gcc/Warning-Options.html#index-Wunused-parameter\x07-Wunused-parameter\x1b]8;;\x07\x1b[m\x1b[K]\n'}
[2.098613] (CommunicationCenter) StderrLine: {'line': b'   67 |   DMCANMsg *setPosKP(\x1b[01;35m\x1b[Kuint8_t motor_id\x1b[m\x1b[K, float kp) override { return nullptr; };\n'}
[2.098655] (CommunicationCenter) StderrLine: {'line': b'      |                      \x1b[01;35m\x1b[K~~~~~~~~^~~~~~~~\x1b[m\x1b[K\n'}
[2.098698] (CommunicationCenter) StderrLine: {'line': b'\x1b[01m\x1b[K/home/albusgive2/rlfw/rlfw_deploy/src/CommunicationCenter/motor_driver/DMMotor.h:67:46:\x1b[m\x1b[K \x1b[01;35m\x1b[Kwarning: \x1b[m\x1b[Kunused parameter \xe2\x80\x98\x1b[01m\x1b[Kkp\x1b[m\x1b[K\xe2\x80\x99 [\x1b[01;35m\x1b[K\x1b]8;;https://gcc.gnu.org/onlinedocs/gcc/Warning-Options.html#index-Wunused-parameter\x07-Wunused-parameter\x1b]8;;\x07\x1b[m\x1b[K]\n'}
[2.098741] (CommunicationCenter) StderrLine: {'line': b'   67 |   DMCANMsg *setPosKP(uint8_t motor_id, \x1b[01;35m\x1b[Kfloat kp\x1b[m\x1b[K) override { return nullptr; };\n'}
[2.098785] (CommunicationCenter) StderrLine: {'line': b'      |                                        \x1b[01;35m\x1b[K~~~~~~^~\x1b[m\x1b[K\n'}
[2.098839] (CommunicationCenter) StderrLine: {'line': b'\x1b[01m\x1b[K/home/albusgive2/rlfw/rlfw_deploy/src/CommunicationCenter/motor_driver/DMMotor.h:\x1b[m\x1b[K In member function \xe2\x80\x98\x1b[01m\x1b[Kvirtual DMCANMsg* DMMotor::setPosKD(uint8_t, float)\x1b[m\x1b[K\xe2\x80\x99:\n'}
[2.098885] (CommunicationCenter) StderrLine: {'line': b'\x1b[01m\x1b[K/home/albusgive2/rlfw/rlfw_deploy/src/CommunicationCenter/motor_driver/DMMotor.h:68:30:\x1b[m\x1b[K \x1b[01;35m\x1b[Kwarning: \x1b[m\x1b[Kunused parameter \xe2\x80\x98\x1b[01m\x1b[Kmotor_id\x1b[m\x1b[K\xe2\x80\x99 [\x1b[01;35m\x1b[K\x1b]8;;https://gcc.gnu.org/onlinedocs/gcc/Warning-Options.html#index-Wunused-parameter\x07-Wunused-parameter\x1b]8;;\x07\x1b[m\x1b[K]\n'}
[2.098930] (CommunicationCenter) StderrLine: {'line': b'   68 |   DMCANMsg *setPosKD(\x1b[01;35m\x1b[Kuint8_t motor_id\x1b[m\x1b[K, float kd) override { return nullptr; };\n'}
[2.098979] (CommunicationCenter) StderrLine: {'line': b'      |                      \x1b[01;35m\x1b[K~~~~~~~~^~~~~~~~\x1b[m\x1b[K\n'}
[2.099022] (CommunicationCenter) StderrLine: {'line': b'\x1b[01m\x1b[K/home/albusgive2/rlfw/rlfw_deploy/src/CommunicationCenter/motor_driver/DMMotor.h:68:46:\x1b[m\x1b[K \x1b[01;35m\x1b[Kwarning: \x1b[m\x1b[Kunused parameter \xe2\x80\x98\x1b[01m\x1b[Kkd\x1b[m\x1b[K\xe2\x80\x99 [\x1b[01;35m\x1b[K\x1b]8;;https://gcc.gnu.org/onlinedocs/gcc/Warning-Options.html#index-Wunused-parameter\x07-Wunused-parameter\x1b]8;;\x07\x1b[m\x1b[K]\n'}
[2.099071] (CommunicationCenter) StderrLine: {'line': b'   68 |   DMCANMsg *setPosKD(uint8_t motor_id, \x1b[01;35m\x1b[Kfloat kd\x1b[m\x1b[K) override { return nullptr; };\n'}
[2.099120] (CommunicationCenter) StderrLine: {'line': b'      |                                        \x1b[01;35m\x1b[K~~~~~~^~\x1b[m\x1b[K\n'}
[2.099164] (CommunicationCenter) StderrLine: {'line': b'\x1b[01m\x1b[K/home/albusgive2/rlfw/rlfw_deploy/src/CommunicationCenter/motor_driver/DMMotor.h:\x1b[m\x1b[K In member function \xe2\x80\x98\x1b[01m\x1b[Kvirtual DMCANMsg* DMMotor::setVelKP(uint8_t, float)\x1b[m\x1b[K\xe2\x80\x99:\n'}
[2.099206] (CommunicationCenter) StderrLine: {'line': b'\x1b[01m\x1b[K/home/albusgive2/rlfw/rlfw_deploy/src/CommunicationCenter/motor_driver/DMMotor.h:70:30:\x1b[m\x1b[K \x1b[01;35m\x1b[Kwarning: \x1b[m\x1b[Kunused parameter \xe2\x80\x98\x1b[01m\x1b[Kmotor_id\x1b[m\x1b[K\xe2\x80\x99 [\x1b[01;35m\x1b[K\x1b]8;;https://gcc.gnu.org/onlinedocs/gcc/Warning-Options.html#index-Wunused-parameter\x07-Wunused-parameter\x1b]8;;\x07\x1b[m\x1b[K]\n'}
[2.099253] (CommunicationCenter) StderrLine: {'line': b'   70 |   DMCANMsg *setVelKP(\x1b[01;35m\x1b[Kuint8_t motor_id\x1b[m\x1b[K, float kp) override { return nullptr; };\n'}
[2.099296] (CommunicationCenter) StderrLine: {'line': b'      |                      \x1b[01;35m\x1b[K~~~~~~~~^~~~~~~~\x1b[m\x1b[K\n'}
[2.099338] (CommunicationCenter) StderrLine: {'line': b'\x1b[01m\x1b[K/home/albusgive2/rlfw/rlfw_deploy/src/CommunicationCenter/motor_driver/DMMotor.h:70:46:\x1b[m\x1b[K \x1b[01;35m\x1b[Kwarning: \x1b[m\x1b[Kunused parameter \xe2\x80\x98\x1b[01m\x1b[Kkp\x1b[m\x1b[K\xe2\x80\x99 [\x1b[01;35m\x1b[K\x1b]8;;https://gcc.gnu.org/onlinedocs/gcc/Warning-Options.html#index-Wunused-parameter\x07-Wunused-parameter\x1b]8;;\x07\x1b[m\x1b[K]\n'}
[2.099385] (CommunicationCenter) StderrLine: {'line': b'   70 |   DMCANMsg *setVelKP(uint8_t motor_id, \x1b[01;35m\x1b[Kfloat kp\x1b[m\x1b[K) override { return nullptr; };\n'}
[2.099429] (CommunicationCenter) StderrLine: {'line': b'      |                                        \x1b[01;35m\x1b[K~~~~~~^~\x1b[m\x1b[K\n'}
[2.099473] (CommunicationCenter) StderrLine: {'line': b'\x1b[01m\x1b[K/home/albusgive2/rlfw/rlfw_deploy/src/CommunicationCenter/motor_driver/DMMotor.h:\x1b[m\x1b[K In member function \xe2\x80\x98\x1b[01m\x1b[Kvirtual DMCANMsg* DMMotor::setVelKI(uint8_t, float)\x1b[m\x1b[K\xe2\x80\x99:\n'}
[2.099515] (CommunicationCenter) StderrLine: {'line': b'\x1b[01m\x1b[K/home/albusgive2/rlfw/rlfw_deploy/src/CommunicationCenter/motor_driver/DMMotor.h:71:30:\x1b[m\x1b[K \x1b[01;35m\x1b[Kwarning: \x1b[m\x1b[Kunused parameter \xe2\x80\x98\x1b[01m\x1b[Kmotor_id\x1b[m\x1b[K\xe2\x80\x99 [\x1b[01;35m\x1b[K\x1b]8;;https://gcc.gnu.org/onlinedocs/gcc/Warning-Options.html#index-Wunused-parameter\x07-Wunused-parameter\x1b]8;;\x07\x1b[m\x1b[K]\n'}
[2.099566] (CommunicationCenter) StderrLine: {'line': b'   71 |   DMCANMsg *setVelKI(\x1b[01;35m\x1b[Kuint8_t motor_id\x1b[m\x1b[K, float ki) override { return nullptr; };\n'}
[2.099612] (CommunicationCenter) StderrLine: {'line': b'      |                      \x1b[01;35m\x1b[K~~~~~~~~^~~~~~~~\x1b[m\x1b[K\n'}
[2.099653] (CommunicationCenter) StderrLine: {'line': b'\x1b[01m\x1b[K/home/albusgive2/rlfw/rlfw_deploy/src/CommunicationCenter/motor_driver/DMMotor.h:71:46:\x1b[m\x1b[K \x1b[01;35m\x1b[Kwarning: \x1b[m\x1b[Kunused parameter \xe2\x80\x98\x1b[01m\x1b[Kki\x1b[m\x1b[K\xe2\x80\x99 [\x1b[01;35m\x1b[K\x1b]8;;https://gcc.gnu.org/onlinedocs/gcc/Warning-Options.html#index-Wunused-parameter\x07-Wunused-parameter\x1b]8;;\x07\x1b[m\x1b[K]\n'}
[2.099697] (CommunicationCenter) StderrLine: {'line': b'   71 |   DMCANMsg *setVelKI(uint8_t motor_id, \x1b[01;35m\x1b[Kfloat ki\x1b[m\x1b[K) override { return nullptr; };\n'}
[2.099739] (CommunicationCenter) StderrLine: {'line': b'      |                                        \x1b[01;35m\x1b[K~~~~~~^~\x1b[m\x1b[K\n'}
[2.099782] (CommunicationCenter) StderrLine: {'line': b'\x1b[01m\x1b[K/home/albusgive2/rlfw/rlfw_deploy/src/CommunicationCenter/motor_driver/DMMotor.h:\x1b[m\x1b[K In member function \xe2\x80\x98\x1b[01m\x1b[Kvirtual DMCANMsg* DMMotor::setTorqueKP(uint8_t, float)\x1b[m\x1b[K\xe2\x80\x99:\n'}
[2.099841] (CommunicationCenter) StderrLine: {'line': b'\x1b[01m\x1b[K/home/albusgive2/rlfw/rlfw_deploy/src/CommunicationCenter/motor_driver/DMMotor.h:73:33:\x1b[m\x1b[K \x1b[01;35m\x1b[Kwarning: \x1b[m\x1b[Kunused parameter \xe2\x80\x98\x1b[01m\x1b[Kmotor_id\x1b[m\x1b[K\xe2\x80\x99 [\x1b[01;35m\x1b[K\x1b]8;;https://gcc.gnu.org/onlinedocs/gcc/Warning-Options.html#index-Wunused-parameter\x07-Wunused-parameter\x1b]8;;\x07\x1b[m\x1b[K]\n'}
[2.099889] (CommunicationCenter) StderrLine: {'line': b'   73 |   DMCANMsg *setTorqueKP(\x1b[01;35m\x1b[Kuint8_t motor_id\x1b[m\x1b[K, float kp) override {\n'}
[2.099934] (CommunicationCenter) StderrLine: {'line': b'      |                         \x1b[01;35m\x1b[K~~~~~~~~^~~~~~~~\x1b[m\x1b[K\n'}
[2.099978] (CommunicationCenter) StderrLine: {'line': b'\x1b[01m\x1b[K/home/albusgive2/rlfw/rlfw_deploy/src/CommunicationCenter/motor_driver/DMMotor.h:73:49:\x1b[m\x1b[K \x1b[01;35m\x1b[Kwarning: \x1b[m\x1b[Kunused parameter \xe2\x80\x98\x1b[01m\x1b[Kkp\x1b[m\x1b[K\xe2\x80\x99 [\x1b[01;35m\x1b[K\x1b]8;;https://gcc.gnu.org/onlinedocs/gcc/Warning-Options.html#index-Wunused-parameter\x07-Wunused-parameter\x1b]8;;\x07\x1b[m\x1b[K]\n'}
[2.100024] (CommunicationCenter) StderrLine: {'line': b'   73 |   DMCANMsg *setTorqueKP(uint8_t motor_id, \x1b[01;35m\x1b[Kfloat kp\x1b[m\x1b[K) override {\n'}
[2.100068] (CommunicationCenter) StderrLine: {'line': b'      |                                           \x1b[01;35m\x1b[K~~~~~~^~\x1b[m\x1b[K\n'}
[2.100111] (CommunicationCenter) StderrLine: {'line': b'\x1b[01m\x1b[K/home/albusgive2/rlfw/rlfw_deploy/src/CommunicationCenter/motor_driver/DMMotor.h:\x1b[m\x1b[K In member function \xe2\x80\x98\x1b[01m\x1b[Kvirtual DMCANMsg* DMMotor::setTorqueKI(uint8_t, float)\x1b[m\x1b[K\xe2\x80\x99:\n'}
[2.100164] (CommunicationCenter) StderrLine: {'line': b'\x1b[01m\x1b[K/home/albusgive2/rlfw/rlfw_deploy/src/CommunicationCenter/motor_driver/DMMotor.h:76:33:\x1b[m\x1b[K \x1b[01;35m\x1b[Kwarning: \x1b[m\x1b[Kunused parameter \xe2\x80\x98\x1b[01m\x1b[Kmotor_id\x1b[m\x1b[K\xe2\x80\x99 [\x1b[01;35m\x1b[K\x1b]8;;https://gcc.gnu.org/onlinedocs/gcc/Warning-Options.html#index-Wunused-parameter\x07-Wunused-parameter\x1b]8;;\x07\x1b[m\x1b[K]\n'}
[2.100210] (CommunicationCenter) StderrLine: {'line': b'   76 |   DMCANMsg *setTorqueKI(\x1b[01;35m\x1b[Kuint8_t motor_id\x1b[m\x1b[K, float ki) override {\n'}
[2.100253] (CommunicationCenter) StderrLine: {'line': b'      |                         \x1b[01;35m\x1b[K~~~~~~~~^~~~~~~~\x1b[m\x1b[K\n'}
[2.100301] (CommunicationCenter) StderrLine: {'line': b'\x1b[01m\x1b[K/home/albusgive2/rlfw/rlfw_deploy/src/CommunicationCenter/motor_driver/DMMotor.h:76:49:\x1b[m\x1b[K \x1b[01;35m\x1b[Kwarning: \x1b[m\x1b[Kunused parameter \xe2\x80\x98\x1b[01m\x1b[Kki\x1b[m\x1b[K\xe2\x80\x99 [\x1b[01;35m\x1b[K\x1b]8;;https://gcc.gnu.org/onlinedocs/gcc/Warning-Options.html#index-Wunused-parameter\x07-Wunused-parameter\x1b]8;;\x07\x1b[m\x1b[K]\n'}
[2.100348] (CommunicationCenter) StderrLine: {'line': b'   76 |   DMCANMsg *setTorqueKI(uint8_t motor_id, \x1b[01;35m\x1b[Kfloat ki\x1b[m\x1b[K) override {\n'}
[2.100391] (CommunicationCenter) StderrLine: {'line': b'      |                                           \x1b[01;35m\x1b[K~~~~~~^~\x1b[m\x1b[K\n'}
[2.100434] (CommunicationCenter) StderrLine: {'line': b'\x1b[01m\x1b[K/home/albusgive2/rlfw/rlfw_deploy/src/CommunicationCenter/motor_driver/DMMotor.h:\x1b[m\x1b[K In member function \xe2\x80\x98\x1b[01m\x1b[Kvirtual DMCANMsg* DMMotor::setSafeTorque(uint8_t, float)\x1b[m\x1b[K\xe2\x80\x99:\n'}
[2.100479] (CommunicationCenter) StderrLine: {'line': b'\x1b[01m\x1b[K/home/albusgive2/rlfw/rlfw_deploy/src/CommunicationCenter/motor_driver/DMMotor.h:80:35:\x1b[m\x1b[K \x1b[01;35m\x1b[Kwarning: \x1b[m\x1b[Kunused parameter \xe2\x80\x98\x1b[01m\x1b[Kmotor_id\x1b[m\x1b[K\xe2\x80\x99 [\x1b[01;35m\x1b[K\x1b]8;;https://gcc.gnu.org/onlinedocs/gcc/Warning-Options.html#index-Wunused-parameter\x07-Wunused-parameter\x1b]8;;\x07\x1b[m\x1b[K]\n'}
[2.100527] (CommunicationCenter) StderrLine: {'line': b'   80 |   DMCANMsg *setSafeTorque(\x1b[01;35m\x1b[Kuint8_t motor_id\x1b[m\x1b[K, float torque) override {\n'}
[2.100572] (CommunicationCenter) StderrLine: {'line': b'      |                           \x1b[01;35m\x1b[K~~~~~~~~^~~~~~~~\x1b[m\x1b[K\n'}
[2.100616] (CommunicationCenter) StderrLine: {'line': b'\x1b[01m\x1b[K/home/albusgive2/rlfw/rlfw_deploy/src/CommunicationCenter/motor_driver/DMMotor.h:80:51:\x1b[m\x1b[K \x1b[01;35m\x1b[Kwarning: \x1b[m\x1b[Kunused parameter \xe2\x80\x98\x1b[01m\x1b[Ktorque\x1b[m\x1b[K\xe2\x80\x99 [\x1b[01;35m\x1b[K\x1b]8;;https://gcc.gnu.org/onlinedocs/gcc/Warning-Options.html#index-Wunused-parameter\x07-Wunused-parameter\x1b]8;;\x07\x1b[m\x1b[K]\n'}
[2.100668] (CommunicationCenter) StderrLine: {'line': b'   80 |   DMCANMsg *setSafeTorque(uint8_t motor_id, \x1b[01;35m\x1b[Kfloat torque\x1b[m\x1b[K) override {\n'}
[2.100715] (CommunicationCenter) StderrLine: {'line': b'      |                                             \x1b[01;35m\x1b[K~~~~~~^~~~~~\x1b[m\x1b[K\n'}
[2.100760] (CommunicationCenter) StderrLine: {'line': b'\x1b[01m\x1b[K/home/albusgive2/rlfw/rlfw_deploy/src/CommunicationCenter/motor_driver/DMMotor.h:\x1b[m\x1b[K In member function \xe2\x80\x98\x1b[01m\x1b[Kvirtual DMCANMsg* DMMotor::setSafePos(uint8_t, float)\x1b[m\x1b[K\xe2\x80\x99:\n'}
[2.100817] (CommunicationCenter) StderrLine: {'line': b'\x1b[01m\x1b[K/home/albusgive2/rlfw/rlfw_deploy/src/CommunicationCenter/motor_driver/DMMotor.h:83:32:\x1b[m\x1b[K \x1b[01;35m\x1b[Kwarning: \x1b[m\x1b[Kunused parameter \xe2\x80\x98\x1b[01m\x1b[Kmotor_id\x1b[m\x1b[K\xe2\x80\x99 [\x1b[01;35m\x1b[K\x1b]8;;https://gcc.gnu.org/onlinedocs/gcc/Warning-Options.html#index-Wunused-parameter\x07-Wunused-parameter\x1b]8;;\x07\x1b[m\x1b[K]\n'}
[2.100865] (CommunicationCenter) StderrLine: {'line': b'   83 |   DMCANMsg *setSafePos(\x1b[01;35m\x1b[Kuint8_t motor_id\x1b[m\x1b[K, float pos) override {\n'}
[2.100910] (CommunicationCenter) StderrLine: {'line': b'      |                        \x1b[01;35m\x1b[K~~~~~~~~^~~~~~~~\x1b[m\x1b[K\n'}
[2.100953] (CommunicationCenter) StderrLine: {'line': b'\x1b[01m\x1b[K/home/albusgive2/rlfw/rlfw_deploy/src/CommunicationCenter/motor_driver/DMMotor.h:83:48:\x1b[m\x1b[K \x1b[01;35m\x1b[Kwarning: \x1b[m\x1b[Kunused parameter \xe2\x80\x98\x1b[01m\x1b[Kpos\x1b[m\x1b[K\xe2\x80\x99 [\x1b[01;35m\x1b[K\x1b]8;;https://gcc.gnu.org/onlinedocs/gcc/Warning-Options.html#index-Wunused-parameter\x07-Wunused-parameter\x1b]8;;\x07\x1b[m\x1b[K]\n'}
[2.101001] (CommunicationCenter) StderrLine: {'line': b'   83 |   DMCANMsg *setSafePos(uint8_t motor_id, \x1b[01;35m\x1b[Kfloat pos\x1b[m\x1b[K) override {\n'}
[2.101045] (CommunicationCenter) StderrLine: {'line': b'      |                                          \x1b[01;35m\x1b[K~~~~~~^~~\x1b[m\x1b[K\n'}
[2.101092] (CommunicationCenter) StderrLine: {'line': b'\x1b[01m\x1b[K/home/albusgive2/rlfw/rlfw_deploy/src/CommunicationCenter/motor_driver/DMMotor.h:\x1b[m\x1b[K In member function \xe2\x80\x98\x1b[01m\x1b[Kvirtual DMCANMsg* DMMotor::setSafeVel(uint8_t, float)\x1b[m\x1b[K\xe2\x80\x99:\n'}
[2.101137] (CommunicationCenter) StderrLine: {'line': b'\x1b[01m\x1b[K/home/albusgive2/rlfw/rlfw_deploy/src/CommunicationCenter/motor_driver/DMMotor.h:86:32:\x1b[m\x1b[K \x1b[01;35m\x1b[Kwarning: \x1b[m\x1b[Kunused parameter \xe2\x80\x98\x1b[01m\x1b[Kmotor_id\x1b[m\x1b[K\xe2\x80\x99 [\x1b[01;35m\x1b[K\x1b]8;;https://gcc.gnu.org/onlinedocs/gcc/Warning-Options.html#index-Wunused-parameter\x07-Wunused-parameter\x1b]8;;\x07\x1b[m\x1b[K]\n'}
[2.101182] (CommunicationCenter) StderrLine: {'line': b'   86 |   DMCANMsg *setSafeVel(\x1b[01;35m\x1b[Kuint8_t motor_id\x1b[m\x1b[K, float vel) override {\n'}
[2.101225] (CommunicationCenter) StderrLine: {'line': b'      |                        \x1b[01;35m\x1b[K~~~~~~~~^~~~~~~~\x1b[m\x1b[K\n'}
[2.101270] (CommunicationCenter) StderrLine: {'line': b'\x1b[01m\x1b[K/home/albusgive2/rlfw/rlfw_deploy/src/CommunicationCenter/motor_driver/DMMotor.h:86:48:\x1b[m\x1b[K \x1b[01;35m\x1b[Kwarning: \x1b[m\x1b[Kunused parameter \xe2\x80\x98\x1b[01m\x1b[Kvel\x1b[m\x1b[K\xe2\x80\x99 [\x1b[01;35m\x1b[K\x1b]8;;https://gcc.gnu.org/onlinedocs/gcc/Warning-Options.html#index-Wunused-parameter\x07-Wunused-parameter\x1b]8;;\x07\x1b[m\x1b[K]\n'}
[2.101319] (CommunicationCenter) StderrLine: {'line': b'   86 |   DMCANMsg *setSafeVel(uint8_t motor_id, \x1b[01;35m\x1b[Kfloat vel\x1b[m\x1b[K) override {\n'}
[2.101364] (CommunicationCenter) StderrLine: {'line': b'      |                                          \x1b[01;35m\x1b[K~~~~~~^~~\x1b[m\x1b[K\n'}
[2.104578] (-) TimerEvent: {}
[2.197694] (CommunicationCenter) StderrLine: {'line': b'\x1b[01m\x1b[K/home/albusgive2/rlfw/rlfw_deploy/src/CommunicationCenter/src/serial.cpp:\x1b[m\x1b[K In member function \xe2\x80\x98\x1b[01m\x1b[Kbool Serial::OpenSerial(std::string, int, int, int, int)\x1b[m\x1b[K\xe2\x80\x99:\n'}
[2.197847] (CommunicationCenter) StderrLine: {'line': b'\x1b[01m\x1b[K/home/albusgive2/rlfw/rlfw_deploy/src/CommunicationCenter/src/serial.cpp:41:17:\x1b[m\x1b[K \x1b[01;35m\x1b[Kwarning: \x1b[m\x1b[Kthis statement may fall through [\x1b[01;35m\x1b[K\x1b]8;;https://gcc.gnu.org/onlinedocs/gcc/Warning-Options.html#index-Wimplicit-fallthrough=\x07-Wimplicit-fallthrough=\x1b]8;;\x07\x1b[m\x1b[K]\n'}
[2.197894] (CommunicationCenter) StderrLine: {'line': b'   41 |     Opt.c_cflag \x1b[01;35m\x1b[K|\x1b[m\x1b[K= CS6;\n'}
[2.197923] (CommunicationCenter) StderrLine: {'line': b'      |                 \x1b[01;35m\x1b[K^\x1b[m\x1b[K\n'}
[2.198134] (CommunicationCenter) StderrLine: {'line': b'\x1b[01m\x1b[K/home/albusgive2/rlfw/rlfw_deploy/src/CommunicationCenter/src/serial.cpp:42:3:\x1b[m\x1b[K \x1b[01;36m\x1b[Knote: \x1b[m\x1b[Khere\n'}
[2.198197] (CommunicationCenter) StderrLine: {'line': b'   42 |   \x1b[01;36m\x1b[Kcase\x1b[m\x1b[K 7:\n'}
[2.198233] (CommunicationCenter) StderrLine: {'line': b'      |   \x1b[01;36m\x1b[K^~~~\x1b[m\x1b[K\n'}
[2.204659] (-) TimerEvent: {}
[2.304929] (-) TimerEvent: {}
[2.405195] (-) TimerEvent: {}
[2.505408] (-) TimerEvent: {}
[2.605658] (-) TimerEvent: {}
[2.705885] (-) TimerEvent: {}
[2.738108] (nz-imu) StderrLine: {'line': b'\x1b[01m\x1b[K/home/albusgive2/rlfw/rlfw_deploy/src/nz-imu/hwt906/main.cpp:\x1b[m\x1b[K In function \xe2\x80\x98\x1b[01m\x1b[Kint main(int, char**)\x1b[m\x1b[K\xe2\x80\x99:\n'}
[2.738245] (nz-imu) StderrLine: {'line': b'\x1b[01m\x1b[K/home/albusgive2/rlfw/rlfw_deploy/src/nz-imu/hwt906/main.cpp:42:34:\x1b[m\x1b[K \x1b[01;35m\x1b[Kwarning: \x1b[m\x1b[Kvariable \xe2\x80\x98\x1b[01m\x1b[KfAngle\x1b[m\x1b[K\xe2\x80\x99 set but not used [\x1b[01;35m\x1b[K\x1b]8;;https://gcc.gnu.org/onlinedocs/gcc/Warning-Options.html#index-Wunused-but-set-variable\x07-Wunused-but-set-variable\x1b]8;;\x07\x1b[m\x1b[K]\n'}
[2.738287] (nz-imu) StderrLine: {'line': b'   42 |         float fAcc[3], fGyro[3], \x1b[01;35m\x1b[KfAngle\x1b[m\x1b[K[3], fQuat[4];\n'}
[2.738318] (nz-imu) StderrLine: {'line': b'      |                                  \x1b[01;35m\x1b[K^~~~~~\x1b[m\x1b[K\n'}
[2.738347] (nz-imu) StderrLine: {'line': b'\x1b[01m\x1b[K/home/albusgive2/rlfw/rlfw_deploy/src/nz-imu/hwt906/main.cpp:43:16:\x1b[m\x1b[K \x1b[01;35m\x1b[Kwarning: \x1b[m\x1b[Kunused variable \xe2\x80\x98\x1b[01m\x1b[Kret\x1b[m\x1b[K\xe2\x80\x99 [\x1b[01;35m\x1b[K\x1b]8;;https://gcc.gnu.org/onlinedocs/gcc/Warning-Options.html#index-Wunused-variable\x07-Wunused-variable\x1b]8;;\x07\x1b[m\x1b[K]\n'}
[2.738376] (nz-imu) StderrLine: {'line': b'   43 |         int i, \x1b[01;35m\x1b[Kret\x1b[m\x1b[K;\n'}
[2.738404] (nz-imu) StderrLine: {'line': b'      |                \x1b[01;35m\x1b[K^~~\x1b[m\x1b[K\n'}
[2.738473] (nz-imu) StderrLine: {'line': b'\x1b[01m\x1b[K/home/albusgive2/rlfw/rlfw_deploy/src/nz-imu/hwt906/main.cpp:\x1b[m\x1b[K In function \xe2\x80\x98\x1b[01m\x1b[Kvoid SensorDataUpdata(uint32_t, uint32_t)\x1b[m\x1b[K\xe2\x80\x99:\n'}
[2.738503] (nz-imu) StderrLine: {'line': b'\x1b[01m\x1b[K/home/albusgive2/rlfw/rlfw_deploy/src/nz-imu/hwt906/main.cpp:120:23:\x1b[m\x1b[K \x1b[01;35m\x1b[Kwarning: \x1b[m\x1b[Kcomparison of integer expressions of different signedness: \xe2\x80\x98\x1b[01m\x1b[Kint\x1b[m\x1b[K\xe2\x80\x99 and \xe2\x80\x98\x1b[01m\x1b[Kuint32_t\x1b[m\x1b[K\xe2\x80\x99 {aka \xe2\x80\x98\x1b[01m\x1b[Kunsigned int\x1b[m\x1b[K\xe2\x80\x99} [\x1b[01;35m\x1b[K\x1b]8;;https://gcc.gnu.org/onlinedocs/gcc/Warning-Options.html#index-Wsign-compare\x07-Wsign-compare\x1b]8;;\x07\x1b[m\x1b[K]\n'}
[2.738539] (nz-imu) StderrLine: {'line': b'  120 |         for (i = 0; \x1b[01;35m\x1b[Ki < uiRegNum\x1b[m\x1b[K; i++)\n'}
[2.738565] (nz-imu) StderrLine: {'line': b'      |                     \x1b[01;35m\x1b[K~~^~~~~~~~~~\x1b[m\x1b[K\n'}
[2.775530] (mujoco_mapping) StderrLine: {'line': b'\x1b[01m\x1b[K/home/albusgive2/rlfw/rlfw_deploy/src/mujoco_mapping/main.cpp:\x1b[m\x1b[K In function \xe2\x80\x98\x1b[01m\x1b[Kvoid keyboard(GLFWwindow*, int, int, int, int)\x1b[m\x1b[K\xe2\x80\x99:\n'}
[2.775799] (mujoco_mapping) StderrLine: {'line': b'\x1b[01m\x1b[K/home/albusgive2/rlfw/rlfw_deploy/src/mujoco_mapping/main.cpp:60:27:\x1b[m\x1b[K \x1b[01;35m\x1b[Kwarning: \x1b[m\x1b[Kunused parameter \xe2\x80\x98\x1b[01m\x1b[Kwindow\x1b[m\x1b[K\xe2\x80\x99 [\x1b[01;35m\x1b[K\x1b]8;;https://gcc.gnu.org/onlinedocs/gcc/Warning-Options.html#index-Wunused-parameter\x07-Wunused-parameter\x1b]8;;\x07\x1b[m\x1b[K]\n'}
[2.775887] (mujoco_mapping) StderrLine: {'line': b'   60 | void keyboard(\x1b[01;35m\x1b[KGLFWwindow *window\x1b[m\x1b[K, int key, int scancode, int act, int mods)\n'}
[2.776095] (mujoco_mapping) StderrLine: {'line': b'      |               \x1b[01;35m\x1b[K~~~~~~~~~~~~^~~~~~\x1b[m\x1b[K\n'}
[2.776149] (mujoco_mapping) StderrLine: {'line': b'\x1b[01m\x1b[K/home/albusgive2/rlfw/rlfw_deploy/src/mujoco_mapping/main.cpp:60:48:\x1b[m\x1b[K \x1b[01;35m\x1b[Kwarning: \x1b[m\x1b[Kunused parameter \xe2\x80\x98\x1b[01m\x1b[Kscancode\x1b[m\x1b[K\xe2\x80\x99 [\x1b[01;35m\x1b[K\x1b]8;;https://gcc.gnu.org/onlinedocs/gcc/Warning-Options.html#index-Wunused-parameter\x07-Wunused-parameter\x1b]8;;\x07\x1b[m\x1b[K]\n'}
[2.776190] (mujoco_mapping) StderrLine: {'line': b'   60 | void keyboard(GLFWwindow *window, int key, \x1b[01;35m\x1b[Kint scancode\x1b[m\x1b[K, int act, int mods)\n'}
[2.776219] (mujoco_mapping) StderrLine: {'line': b'      |                                            \x1b[01;35m\x1b[K~~~~^~~~~~~~\x1b[m\x1b[K\n'}
[2.776245] (mujoco_mapping) StderrLine: {'line': b'\x1b[01m\x1b[K/home/albusgive2/rlfw/rlfw_deploy/src/mujoco_mapping/main.cpp:60:71:\x1b[m\x1b[K \x1b[01;35m\x1b[Kwarning: \x1b[m\x1b[Kunused parameter \xe2\x80\x98\x1b[01m\x1b[Kmods\x1b[m\x1b[K\xe2\x80\x99 [\x1b[01;35m\x1b[K\x1b]8;;https://gcc.gnu.org/onlinedocs/gcc/Warning-Options.html#index-Wunused-parameter\x07-Wunused-parameter\x1b]8;;\x07\x1b[m\x1b[K]\n'}
[2.776279] (mujoco_mapping) StderrLine: {'line': b'   60 | void keyboard(GLFWwindow *window, int key, int scancode, int act, \x1b[01;35m\x1b[Kint mods\x1b[m\x1b[K)\n'}
[2.776304] (mujoco_mapping) StderrLine: {'line': b'      |                                                                   \x1b[01;35m\x1b[K~~~~^~~~\x1b[m\x1b[K\n'}
[2.776328] (mujoco_mapping) StderrLine: {'line': b'\x1b[01m\x1b[K/home/albusgive2/rlfw/rlfw_deploy/src/mujoco_mapping/main.cpp:\x1b[m\x1b[K In function \xe2\x80\x98\x1b[01m\x1b[Kvoid mouse_button(GLFWwindow*, int, int, int)\x1b[m\x1b[K\xe2\x80\x99:\n'}
[2.776353] (mujoco_mapping) StderrLine: {'line': b'\x1b[01m\x1b[K/home/albusgive2/rlfw/rlfw_deploy/src/mujoco_mapping/main.cpp:71:43:\x1b[m\x1b[K \x1b[01;35m\x1b[Kwarning: \x1b[m\x1b[Kunused parameter \xe2\x80\x98\x1b[01m\x1b[Kbutton\x1b[m\x1b[K\xe2\x80\x99 [\x1b[01;35m\x1b[K\x1b]8;;https://gcc.gnu.org/onlinedocs/gcc/Warning-Options.html#index-Wunused-parameter\x07-Wunused-parameter\x1b]8;;\x07\x1b[m\x1b[K]\n'}
[2.776380] (mujoco_mapping) StderrLine: {'line': b'   71 | void mouse_button(GLFWwindow *window, \x1b[01;35m\x1b[Kint button\x1b[m\x1b[K, int act, int mods)\n'}
[2.776405] (mujoco_mapping) StderrLine: {'line': b'      |                                       \x1b[01;35m\x1b[K~~~~^~~~~~\x1b[m\x1b[K\n'}
[2.776430] (mujoco_mapping) StderrLine: {'line': b'\x1b[01m\x1b[K/home/albusgive2/rlfw/rlfw_deploy/src/mujoco_mapping/main.cpp:71:55:\x1b[m\x1b[K \x1b[01;35m\x1b[Kwarning: \x1b[m\x1b[Kunused parameter \xe2\x80\x98\x1b[01m\x1b[Kact\x1b[m\x1b[K\xe2\x80\x99 [\x1b[01;35m\x1b[K\x1b]8;;https://gcc.gnu.org/onlinedocs/gcc/Warning-Options.html#index-Wunused-parameter\x07-Wunused-parameter\x1b]8;;\x07\x1b[m\x1b[K]\n'}
[2.776460] (mujoco_mapping) StderrLine: {'line': b'   71 | void mouse_button(GLFWwindow *window, int button, \x1b[01;35m\x1b[Kint act\x1b[m\x1b[K, int mods)\n'}
[2.776484] (mujoco_mapping) StderrLine: {'line': b'      |                                                   \x1b[01;35m\x1b[K~~~~^~~\x1b[m\x1b[K\n'}
[2.776508] (mujoco_mapping) StderrLine: {'line': b'\x1b[01m\x1b[K/home/albusgive2/rlfw/rlfw_deploy/src/mujoco_mapping/main.cpp:71:64:\x1b[m\x1b[K \x1b[01;35m\x1b[Kwarning: \x1b[m\x1b[Kunused parameter \xe2\x80\x98\x1b[01m\x1b[Kmods\x1b[m\x1b[K\xe2\x80\x99 [\x1b[01;35m\x1b[K\x1b]8;;https://gcc.gnu.org/onlinedocs/gcc/Warning-Options.html#index-Wunused-parameter\x07-Wunused-parameter\x1b]8;;\x07\x1b[m\x1b[K]\n'}
[2.776532] (mujoco_mapping) StderrLine: {'line': b'   71 | void mouse_button(GLFWwindow *window, int button, int act, \x1b[01;35m\x1b[Kint mods\x1b[m\x1b[K)\n'}
[2.776558] (mujoco_mapping) StderrLine: {'line': b'      |                                                            \x1b[01;35m\x1b[K~~~~^~~~\x1b[m\x1b[K\n'}
[2.776587] (mujoco_mapping) StderrLine: {'line': b'\x1b[01m\x1b[K/home/albusgive2/rlfw/rlfw_deploy/src/mujoco_mapping/main.cpp:\x1b[m\x1b[K In function \xe2\x80\x98\x1b[01m\x1b[Kvoid scroll(GLFWwindow*, double, double)\x1b[m\x1b[K\xe2\x80\x99:\n'}
[2.776611] (mujoco_mapping) StderrLine: {'line': b'\x1b[01m\x1b[K/home/albusgive2/rlfw/rlfw_deploy/src/mujoco_mapping/main.cpp:125:25:\x1b[m\x1b[K \x1b[01;35m\x1b[Kwarning: \x1b[m\x1b[Kunused parameter \xe2\x80\x98\x1b[01m\x1b[Kwindow\x1b[m\x1b[K\xe2\x80\x99 [\x1b[01;35m\x1b[K\x1b]8;;https://gcc.gnu.org/onlinedocs/gcc/Warning-Options.html#index-Wunused-parameter\x07-Wunused-parameter\x1b]8;;\x07\x1b[m\x1b[K]\n'}
[2.776636] (mujoco_mapping) StderrLine: {'line': b'  125 | void scroll(\x1b[01;35m\x1b[KGLFWwindow *window\x1b[m\x1b[K, double xoffset, double yoffset)\n'}
[2.776660] (mujoco_mapping) StderrLine: {'line': b'      |             \x1b[01;35m\x1b[K~~~~~~~~~~~~^~~~~~\x1b[m\x1b[K\n'}
[2.776685] (mujoco_mapping) StderrLine: {'line': b'\x1b[01m\x1b[K/home/albusgive2/rlfw/rlfw_deploy/src/mujoco_mapping/main.cpp:125:40:\x1b[m\x1b[K \x1b[01;35m\x1b[Kwarning: \x1b[m\x1b[Kunused parameter \xe2\x80\x98\x1b[01m\x1b[Kxoffset\x1b[m\x1b[K\xe2\x80\x99 [\x1b[01;35m\x1b[K\x1b]8;;https://gcc.gnu.org/onlinedocs/gcc/Warning-Options.html#index-Wunused-parameter\x07-Wunused-parameter\x1b]8;;\x07\x1b[m\x1b[K]\n'}
[2.776714] (mujoco_mapping) StderrLine: {'line': b'  125 | void scroll(GLFWwindow *window, \x1b[01;35m\x1b[Kdouble xoffset\x1b[m\x1b[K, double yoffset)\n'}
[2.776738] (mujoco_mapping) StderrLine: {'line': b'      |                                 \x1b[01;35m\x1b[K~~~~~~~^~~~~~~\x1b[m\x1b[K\n'}
[2.805983] (-) TimerEvent: {}
[2.906232] (-) TimerEvent: {}
[3.006498] (-) TimerEvent: {}
[3.106756] (-) TimerEvent: {}
[3.207027] (-) TimerEvent: {}
[3.273986] (nz-imu) StderrLine: {'line': b'\x1b[01m\x1b[K/home/albusgive2/rlfw/rlfw_deploy/src/nz-imu/hwt906/main.cpp:145:39:\x1b[m\x1b[K \x1b[01;35m\x1b[Kwarning: \x1b[m\x1b[Kthis statement may fall through [\x1b[01;35m\x1b[K\x1b]8;;https://gcc.gnu.org/onlinedocs/gcc/Warning-Options.html#index-Wimplicit-fallthrough=\x07-Wimplicit-fallthrough=\x1b]8;;\x07\x1b[m\x1b[K]\n'}
[3.274117] (nz-imu) StderrLine: {'line': b'  145 |                         s_cDataUpdate \x1b[01;35m\x1b[K|\x1b[m\x1b[K= QUAT_UPDATE;\n'}
[3.274152] (nz-imu) StderrLine: {'line': b'      |                                       \x1b[01;35m\x1b[K^\x1b[m\x1b[K\n'}
[3.274180] (nz-imu) StderrLine: {'line': b'\x1b[01m\x1b[K/home/albusgive2/rlfw/rlfw_deploy/src/nz-imu/hwt906/main.cpp:146:17:\x1b[m\x1b[K \x1b[01;36m\x1b[Knote: \x1b[m\x1b[Khere\n'}
[3.274206] (nz-imu) StderrLine: {'line': b'  146 |                 \x1b[01;36m\x1b[Kdefault\x1b[m\x1b[K:\n'}
[3.274231] (nz-imu) StderrLine: {'line': b'      |                 \x1b[01;36m\x1b[K^~~~~~~\x1b[m\x1b[K\n'}
[3.307111] (-) TimerEvent: {}
[3.407356] (-) TimerEvent: {}
[3.507588] (-) TimerEvent: {}
[3.581147] (CommunicationCenter) StderrLine: {'line': b'In file included from \x1b[01m\x1b[K/home/albusgive2/rlfw/rlfw_deploy/src/CommunicationCenter/src/CommunicationCenter.cpp:4\x1b[m\x1b[K:\n'}
[3.581367] (CommunicationCenter) StderrLine: {'line': b'\x1b[01m\x1b[K/home/albusgive2/rlfw/rlfw_deploy/src/CommunicationCenter/motor_driver/DMMotor.h:\x1b[m\x1b[K In member function \xe2\x80\x98\x1b[01m\x1b[Kvirtual DMCANMsg* DMMotor::ctrl_pos(uint8_t, float)\x1b[m\x1b[K\xe2\x80\x99:\n'}
[3.581408] (CommunicationCenter) StderrLine: {'line': b'\x1b[01m\x1b[K/home/albusgive2/rlfw/rlfw_deploy/src/CommunicationCenter/motor_driver/DMMotor.h:55:30:\x1b[m\x1b[K \x1b[01;35m\x1b[Kwarning: \x1b[m\x1b[Kunused parameter \xe2\x80\x98\x1b[01m\x1b[Kmotor_id\x1b[m\x1b[K\xe2\x80\x99 [\x1b[01;35m\x1b[K\x1b]8;;https://gcc.gnu.org/onlinedocs/gcc/Warning-Options.html#index-Wunused-parameter\x07-Wunused-parameter\x1b]8;;\x07\x1b[m\x1b[K]\n'}
[3.581440] (CommunicationCenter) StderrLine: {'line': b'   55 |   DMCANMsg *ctrl_pos(\x1b[01;35m\x1b[Kuint8_t motor_id\x1b[m\x1b[K, float pos) override { return nullptr; };\n'}
[3.581503] (CommunicationCenter) StderrLine: {'line': b'      |                      \x1b[01;35m\x1b[K~~~~~~~~^~~~~~~~\x1b[m\x1b[K\n'}
[3.581535] (CommunicationCenter) StderrLine: {'line': b'\x1b[01m\x1b[K/home/albusgive2/rlfw/rlfw_deploy/src/CommunicationCenter/motor_driver/DMMotor.h:55:46:\x1b[m\x1b[K \x1b[01;35m\x1b[Kwarning: \x1b[m\x1b[Kunused parameter \xe2\x80\x98\x1b[01m\x1b[Kpos\x1b[m\x1b[K\xe2\x80\x99 [\x1b[01;35m\x1b[K\x1b]8;;https://gcc.gnu.org/onlinedocs/gcc/Warning-Options.html#index-Wunused-parameter\x07-Wunused-parameter\x1b]8;;\x07\x1b[m\x1b[K]\n'}
[3.581566] (CommunicationCenter) StderrLine: {'line': b'   55 |   DMCANMsg *ctrl_pos(uint8_t motor_id, \x1b[01;35m\x1b[Kfloat pos\x1b[m\x1b[K) override { return nullptr; };\n'}
[3.581593] (CommunicationCenter) StderrLine: {'line': b'      |                                        \x1b[01;35m\x1b[K~~~~~~^~~\x1b[m\x1b[K\n'}
[3.581620] (CommunicationCenter) StderrLine: {'line': b'\x1b[01m\x1b[K/home/albusgive2/rlfw/rlfw_deploy/src/CommunicationCenter/motor_driver/DMMotor.h:\x1b[m\x1b[K In member function \xe2\x80\x98\x1b[01m\x1b[Kvirtual DMCANMsg* DMMotor::ctrl_vel(uint8_t, float)\x1b[m\x1b[K\xe2\x80\x99:\n'}
[3.581647] (CommunicationCenter) StderrLine: {'line': b'\x1b[01m\x1b[K/home/albusgive2/rlfw/rlfw_deploy/src/CommunicationCenter/motor_driver/DMMotor.h:57:30:\x1b[m\x1b[K \x1b[01;35m\x1b[Kwarning: \x1b[m\x1b[Kunused parameter \xe2\x80\x98\x1b[01m\x1b[Kmotor_id\x1b[m\x1b[K\xe2\x80\x99 [\x1b[01;35m\x1b[K\x1b]8;;https://gcc.gnu.org/onlinedocs/gcc/Warning-Options.html#index-Wunused-parameter\x07-Wunused-parameter\x1b]8;;\x07\x1b[m\x1b[K]\n'}
[3.581675] (CommunicationCenter) StderrLine: {'line': b'   57 |   DMCANMsg *ctrl_vel(\x1b[01;35m\x1b[Kuint8_t motor_id\x1b[m\x1b[K, float vel) override { return nullptr; };\n'}
[3.581701] (CommunicationCenter) StderrLine: {'line': b'      |                      \x1b[01;35m\x1b[K~~~~~~~~^~~~~~~~\x1b[m\x1b[K\n'}
[3.581727] (CommunicationCenter) StderrLine: {'line': b'\x1b[01m\x1b[K/home/albusgive2/rlfw/rlfw_deploy/src/CommunicationCenter/motor_driver/DMMotor.h:57:46:\x1b[m\x1b[K \x1b[01;35m\x1b[Kwarning: \x1b[m\x1b[Kunused parameter \xe2\x80\x98\x1b[01m\x1b[Kvel\x1b[m\x1b[K\xe2\x80\x99 [\x1b[01;35m\x1b[K\x1b]8;;https://gcc.gnu.org/onlinedocs/gcc/Warning-Options.html#index-Wunused-parameter\x07-Wunused-parameter\x1b]8;;\x07\x1b[m\x1b[K]\n'}
[3.581755] (CommunicationCenter) StderrLine: {'line': b'   57 |   DMCANMsg *ctrl_vel(uint8_t motor_id, \x1b[01;35m\x1b[Kfloat vel\x1b[m\x1b[K) override { return nullptr; };\n'}
[3.581780] (CommunicationCenter) StderrLine: {'line': b'      |                                        \x1b[01;35m\x1b[K~~~~~~^~~\x1b[m\x1b[K\n'}
[3.581863] (CommunicationCenter) StderrLine: {'line': b'\x1b[01m\x1b[K/home/albusgive2/rlfw/rlfw_deploy/src/CommunicationCenter/motor_driver/DMMotor.h:\x1b[m\x1b[K In member function \xe2\x80\x98\x1b[01m\x1b[Kvirtual DMCANMsg* DMMotor::ctrl_pos_vel(uint8_t, float, float)\x1b[m\x1b[K\xe2\x80\x99:\n'}
[3.581894] (CommunicationCenter) StderrLine: {'line': b'\x1b[01m\x1b[K/home/albusgive2/rlfw/rlfw_deploy/src/CommunicationCenter/motor_driver/DMMotor.h:59:34:\x1b[m\x1b[K \x1b[01;35m\x1b[Kwarning: \x1b[m\x1b[Kunused parameter \xe2\x80\x98\x1b[01m\x1b[Kmotor_id\x1b[m\x1b[K\xe2\x80\x99 [\x1b[01;35m\x1b[K\x1b]8;;https://gcc.gnu.org/onlinedocs/gcc/Warning-Options.html#index-Wunused-parameter\x07-Wunused-parameter\x1b]8;;\x07\x1b[m\x1b[K]\n'}
[3.581921] (CommunicationCenter) StderrLine: {'line': b'   59 |   DMCANMsg *ctrl_pos_vel(\x1b[01;35m\x1b[Kuint8_t motor_id\x1b[m\x1b[K, float pos, float vel) override {\n'}
[3.581946] (CommunicationCenter) StderrLine: {'line': b'      |                          \x1b[01;35m\x1b[K~~~~~~~~^~~~~~~~\x1b[m\x1b[K\n'}
[3.581970] (CommunicationCenter) StderrLine: {'line': b'\x1b[01m\x1b[K/home/albusgive2/rlfw/rlfw_deploy/src/CommunicationCenter/motor_driver/DMMotor.h:59:50:\x1b[m\x1b[K \x1b[01;35m\x1b[Kwarning: \x1b[m\x1b[Kunused parameter \xe2\x80\x98\x1b[01m\x1b[Kpos\x1b[m\x1b[K\xe2\x80\x99 [\x1b[01;35m\x1b[K\x1b]8;;https://gcc.gnu.org/onlinedocs/gcc/Warning-Options.html#index-Wunused-parameter\x07-Wunused-parameter\x1b]8;;\x07\x1b[m\x1b[K]\n'}
[3.581997] (CommunicationCenter) StderrLine: {'line': b'   59 |   DMCANMsg *ctrl_pos_vel(uint8_t motor_id, \x1b[01;35m\x1b[Kfloat pos\x1b[m\x1b[K, float vel) override {\n'}
[3.582021] (CommunicationCenter) StderrLine: {'line': b'      |                                            \x1b[01;35m\x1b[K~~~~~~^~~\x1b[m\x1b[K\n'}
[3.582045] (CommunicationCenter) StderrLine: {'line': b'\x1b[01m\x1b[K/home/albusgive2/rlfw/rlfw_deploy/src/CommunicationCenter/motor_driver/DMMotor.h:59:61:\x1b[m\x1b[K \x1b[01;35m\x1b[Kwarning: \x1b[m\x1b[Kunused parameter \xe2\x80\x98\x1b[01m\x1b[Kvel\x1b[m\x1b[K\xe2\x80\x99 [\x1b[01;35m\x1b[K\x1b]8;;https://gcc.gnu.org/onlinedocs/gcc/Warning-Options.html#index-Wunused-parameter\x07-Wunused-parameter\x1b]8;;\x07\x1b[m\x1b[K]\n'}
[3.582072] (CommunicationCenter) StderrLine: {'line': b'   59 |   DMCANMsg *ctrl_pos_vel(uint8_t motor_id, float pos, \x1b[01;35m\x1b[Kfloat vel\x1b[m\x1b[K) override {\n'}
[3.582095] (CommunicationCenter) StderrLine: {'line': b'      |                                                       \x1b[01;35m\x1b[K~~~~~~^~~\x1b[m\x1b[K\n'}
[3.582118] (CommunicationCenter) StderrLine: {'line': b'\x1b[01m\x1b[K/home/albusgive2/rlfw/rlfw_deploy/src/CommunicationCenter/motor_driver/DMMotor.h:\x1b[m\x1b[K In member function \xe2\x80\x98\x1b[01m\x1b[Kvirtual DMCANMsg* DMMotor::ctrl_torque(uint8_t, float)\x1b[m\x1b[K\xe2\x80\x99:\n'}
[3.582142] (CommunicationCenter) StderrLine: {'line': b'\x1b[01m\x1b[K/home/albusgive2/rlfw/rlfw_deploy/src/CommunicationCenter/motor_driver/DMMotor.h:63:33:\x1b[m\x1b[K \x1b[01;35m\x1b[Kwarning: \x1b[m\x1b[Kunused parameter \xe2\x80\x98\x1b[01m\x1b[Kmotor_id\x1b[m\x1b[K\xe2\x80\x99 [\x1b[01;35m\x1b[K\x1b]8;;https://gcc.gnu.org/onlinedocs/gcc/Warning-Options.html#index-Wunused-parameter\x07-Wunused-parameter\x1b]8;;\x07\x1b[m\x1b[K]\n'}
[3.582167] (CommunicationCenter) StderrLine: {'line': b'   63 |   DMCANMsg *ctrl_torque(\x1b[01;35m\x1b[Kuint8_t motor_id\x1b[m\x1b[K, float torque) override {\n'}
[3.582192] (CommunicationCenter) StderrLine: {'line': b'      |                         \x1b[01;35m\x1b[K~~~~~~~~^~~~~~~~\x1b[m\x1b[K\n'}
[3.582220] (CommunicationCenter) StderrLine: {'line': b'\x1b[01m\x1b[K/home/albusgive2/rlfw/rlfw_deploy/src/CommunicationCenter/motor_driver/DMMotor.h:63:49:\x1b[m\x1b[K \x1b[01;35m\x1b[Kwarning: \x1b[m\x1b[Kunused parameter \xe2\x80\x98\x1b[01m\x1b[Ktorque\x1b[m\x1b[K\xe2\x80\x99 [\x1b[01;35m\x1b[K\x1b]8;;https://gcc.gnu.org/onlinedocs/gcc/Warning-Options.html#index-Wunused-parameter\x07-Wunused-parameter\x1b]8;;\x07\x1b[m\x1b[K]\n'}
[3.582246] (CommunicationCenter) StderrLine: {'line': b'   63 |   DMCANMsg *ctrl_torque(uint8_t motor_id, \x1b[01;35m\x1b[Kfloat torque\x1b[m\x1b[K) override {\n'}
[3.582270] (CommunicationCenter) StderrLine: {'line': b'      |                                           \x1b[01;35m\x1b[K~~~~~~^~~~~~\x1b[m\x1b[K\n'}
[3.582296] (CommunicationCenter) StderrLine: {'line': b'\x1b[01m\x1b[K/home/albusgive2/rlfw/rlfw_deploy/src/CommunicationCenter/motor_driver/DMMotor.h:\x1b[m\x1b[K In member function \xe2\x80\x98\x1b[01m\x1b[Kvirtual DMCANMsg* DMMotor::setPosKP(uint8_t, float)\x1b[m\x1b[K\xe2\x80\x99:\n'}
[3.582319] (CommunicationCenter) StderrLine: {'line': b'\x1b[01m\x1b[K/home/albusgive2/rlfw/rlfw_deploy/src/CommunicationCenter/motor_driver/DMMotor.h:67:30:\x1b[m\x1b[K \x1b[01;35m\x1b[Kwarning: \x1b[m\x1b[Kunused parameter \xe2\x80\x98\x1b[01m\x1b[Kmotor_id\x1b[m\x1b[K\xe2\x80\x99 [\x1b[01;35m\x1b[K\x1b]8;;https://gcc.gnu.org/onlinedocs/gcc/Warning-Options.html#index-Wunused-parameter\x07-Wunused-parameter\x1b]8;;\x07\x1b[m\x1b[K]\n'}
[3.582344] (CommunicationCenter) StderrLine: {'line': b'   67 |   DMCANMsg *setPosKP(\x1b[01;35m\x1b[Kuint8_t motor_id\x1b[m\x1b[K, float kp) override { return nullptr; };\n'}
[3.582368] (CommunicationCenter) StderrLine: {'line': b'      |                      \x1b[01;35m\x1b[K~~~~~~~~^~~~~~~~\x1b[m\x1b[K\n'}
[3.582391] (CommunicationCenter) StderrLine: {'line': b'\x1b[01m\x1b[K/home/albusgive2/rlfw/rlfw_deploy/src/CommunicationCenter/motor_driver/DMMotor.h:67:46:\x1b[m\x1b[K \x1b[01;35m\x1b[Kwarning: \x1b[m\x1b[Kunused parameter \xe2\x80\x98\x1b[01m\x1b[Kkp\x1b[m\x1b[K\xe2\x80\x99 [\x1b[01;35m\x1b[K\x1b]8;;https://gcc.gnu.org/onlinedocs/gcc/Warning-Options.html#index-Wunused-parameter\x07-Wunused-parameter\x1b]8;;\x07\x1b[m\x1b[K]\n'}
[3.582415] (CommunicationCenter) StderrLine: {'line': b'   67 |   DMCANMsg *setPosKP(uint8_t motor_id, \x1b[01;35m\x1b[Kfloat kp\x1b[m\x1b[K) override { return nullptr; };\n'}
[3.582438] (CommunicationCenter) StderrLine: {'line': b'      |                                        \x1b[01;35m\x1b[K~~~~~~^~\x1b[m\x1b[K\n'}
[3.582464] (CommunicationCenter) StderrLine: {'line': b'\x1b[01m\x1b[K/home/albusgive2/rlfw/rlfw_deploy/src/CommunicationCenter/motor_driver/DMMotor.h:\x1b[m\x1b[K In member function \xe2\x80\x98\x1b[01m\x1b[Kvirtual DMCANMsg* DMMotor::setPosKD(uint8_t, float)\x1b[m\x1b[K\xe2\x80\x99:\n'}
[3.582489] (CommunicationCenter) StderrLine: {'line': b'\x1b[01m\x1b[K/home/albusgive2/rlfw/rlfw_deploy/src/CommunicationCenter/motor_driver/DMMotor.h:68:30:\x1b[m\x1b[K \x1b[01;35m\x1b[Kwarning: \x1b[m\x1b[Kunused parameter \xe2\x80\x98\x1b[01m\x1b[Kmotor_id\x1b[m\x1b[K\xe2\x80\x99 [\x1b[01;35m\x1b[K\x1b]8;;https://gcc.gnu.org/onlinedocs/gcc/Warning-Options.html#index-Wunused-parameter\x07-Wunused-parameter\x1b]8;;\x07\x1b[m\x1b[K]\n'}
[3.582513] (CommunicationCenter) StderrLine: {'line': b'   68 |   DMCANMsg *setPosKD(\x1b[01;35m\x1b[Kuint8_t motor_id\x1b[m\x1b[K, float kd) override { return nullptr; };\n'}
[3.582537] (CommunicationCenter) StderrLine: {'line': b'      |                      \x1b[01;35m\x1b[K~~~~~~~~^~~~~~~~\x1b[m\x1b[K\n'}
[3.582559] (CommunicationCenter) StderrLine: {'line': b'\x1b[01m\x1b[K/home/albusgive2/rlfw/rlfw_deploy/src/CommunicationCenter/motor_driver/DMMotor.h:68:46:\x1b[m\x1b[K \x1b[01;35m\x1b[Kwarning: \x1b[m\x1b[Kunused parameter \xe2\x80\x98\x1b[01m\x1b[Kkd\x1b[m\x1b[K\xe2\x80\x99 [\x1b[01;35m\x1b[K\x1b]8;;https://gcc.gnu.org/onlinedocs/gcc/Warning-Options.html#index-Wunused-parameter\x07-Wunused-parameter\x1b]8;;\x07\x1b[m\x1b[K]\n'}
[3.582583] (CommunicationCenter) StderrLine: {'line': b'   68 |   DMCANMsg *setPosKD(uint8_t motor_id, \x1b[01;35m\x1b[Kfloat kd\x1b[m\x1b[K) override { return nullptr; };\n'}
[3.582608] (CommunicationCenter) StderrLine: {'line': b'      |                                        \x1b[01;35m\x1b[K~~~~~~^~\x1b[m\x1b[K\n'}
[3.582632] (CommunicationCenter) StderrLine: {'line': b'\x1b[01m\x1b[K/home/albusgive2/rlfw/rlfw_deploy/src/CommunicationCenter/motor_driver/DMMotor.h:\x1b[m\x1b[K In member function \xe2\x80\x98\x1b[01m\x1b[Kvirtual DMCANMsg* DMMotor::setVelKP(uint8_t, float)\x1b[m\x1b[K\xe2\x80\x99:\n'}
[3.582655] (CommunicationCenter) StderrLine: {'line': b'\x1b[01m\x1b[K/home/albusgive2/rlfw/rlfw_deploy/src/CommunicationCenter/motor_driver/DMMotor.h:70:30:\x1b[m\x1b[K \x1b[01;35m\x1b[Kwarning: \x1b[m\x1b[Kunused parameter \xe2\x80\x98\x1b[01m\x1b[Kmotor_id\x1b[m\x1b[K\xe2\x80\x99 [\x1b[01;35m\x1b[K\x1b]8;;https://gcc.gnu.org/onlinedocs/gcc/Warning-Options.html#index-Wunused-parameter\x07-Wunused-parameter\x1b]8;;\x07\x1b[m\x1b[K]\n'}
[3.582683] (CommunicationCenter) StderrLine: {'line': b'   70 |   DMCANMsg *setVelKP(\x1b[01;35m\x1b[Kuint8_t motor_id\x1b[m\x1b[K, float kp) override { return nullptr; };\n'}
[3.582707] (CommunicationCenter) StderrLine: {'line': b'      |                      \x1b[01;35m\x1b[K~~~~~~~~^~~~~~~~\x1b[m\x1b[K\n'}
[3.582731] (CommunicationCenter) StderrLine: {'line': b'\x1b[01m\x1b[K/home/albusgive2/rlfw/rlfw_deploy/src/CommunicationCenter/motor_driver/DMMotor.h:70:46:\x1b[m\x1b[K \x1b[01;35m\x1b[Kwarning: \x1b[m\x1b[Kunused parameter \xe2\x80\x98\x1b[01m\x1b[Kkp\x1b[m\x1b[K\xe2\x80\x99 [\x1b[01;35m\x1b[K\x1b]8;;https://gcc.gnu.org/onlinedocs/gcc/Warning-Options.html#index-Wunused-parameter\x07-Wunused-parameter\x1b]8;;\x07\x1b[m\x1b[K]\n'}
[3.582755] (CommunicationCenter) StderrLine: {'line': b'   70 |   DMCANMsg *setVelKP(uint8_t motor_id, \x1b[01;35m\x1b[Kfloat kp\x1b[m\x1b[K) override { return nullptr; };\n'}
[3.582780] (CommunicationCenter) StderrLine: {'line': b'      |                                        \x1b[01;35m\x1b[K~~~~~~^~\x1b[m\x1b[K\n'}
[3.582819] (CommunicationCenter) StderrLine: {'line': b'\x1b[01m\x1b[K/home/albusgive2/rlfw/rlfw_deploy/src/CommunicationCenter/motor_driver/DMMotor.h:\x1b[m\x1b[K In member function \xe2\x80\x98\x1b[01m\x1b[Kvirtual DMCANMsg* DMMotor::setVelKI(uint8_t, float)\x1b[m\x1b[K\xe2\x80\x99:\n'}
[3.582861] (CommunicationCenter) StderrLine: {'line': b'\x1b[01m\x1b[K/home/albusgive2/rlfw/rlfw_deploy/src/CommunicationCenter/motor_driver/DMMotor.h:71:30:\x1b[m\x1b[K \x1b[01;35m\x1b[Kwarning: \x1b[m\x1b[Kunused parameter \xe2\x80\x98\x1b[01m\x1b[Kmotor_id\x1b[m\x1b[K\xe2\x80\x99 [\x1b[01;35m\x1b[K\x1b]8;;https://gcc.gnu.org/onlinedocs/gcc/Warning-Options.html#index-Wunused-parameter\x07-Wunused-parameter\x1b]8;;\x07\x1b[m\x1b[K]\n'}
[3.582889] (CommunicationCenter) StderrLine: {'line': b'   71 |   DMCANMsg *setVelKI(\x1b[01;35m\x1b[Kuint8_t motor_id\x1b[m\x1b[K, float ki) override { return nullptr; };\n'}
[3.582928] (CommunicationCenter) StderrLine: {'line': b'      |                      \x1b[01;35m\x1b[K~~~~~~~~^~~~~~~~\x1b[m\x1b[K\n'}
[3.582972] (CommunicationCenter) StderrLine: {'line': b'\x1b[01m\x1b[K/home/albusgive2/rlfw/rlfw_deploy/src/CommunicationCenter/motor_driver/DMMotor.h:71:46:\x1b[m\x1b[K \x1b[01;35m\x1b[Kwarning: \x1b[m\x1b[Kunused parameter \xe2\x80\x98\x1b[01m\x1b[Kki\x1b[m\x1b[K\xe2\x80\x99 [\x1b[01;35m\x1b[K\x1b]8;;https://gcc.gnu.org/onlinedocs/gcc/Warning-Options.html#index-Wunused-parameter\x07-Wunused-parameter\x1b]8;;\x07\x1b[m\x1b[K]\n'}
[3.583017] (CommunicationCenter) StderrLine: {'line': b'   71 |   DMCANMsg *setVelKI(uint8_t motor_id, \x1b[01;35m\x1b[Kfloat ki\x1b[m\x1b[K) override { return nullptr; };\n'}
[3.583057] (CommunicationCenter) StderrLine: {'line': b'      |                                        \x1b[01;35m\x1b[K~~~~~~^~\x1b[m\x1b[K\n'}
[3.583096] (CommunicationCenter) StderrLine: {'line': b'\x1b[01m\x1b[K/home/albusgive2/rlfw/rlfw_deploy/src/CommunicationCenter/motor_driver/DMMotor.h:\x1b[m\x1b[K In member function \xe2\x80\x98\x1b[01m\x1b[Kvirtual DMCANMsg* DMMotor::setTorqueKP(uint8_t, float)\x1b[m\x1b[K\xe2\x80\x99:\n'}
[3.583140] (CommunicationCenter) StderrLine: {'line': b'\x1b[01m\x1b[K/home/albusgive2/rlfw/rlfw_deploy/src/CommunicationCenter/motor_driver/DMMotor.h:73:33:\x1b[m\x1b[K \x1b[01;35m\x1b[Kwarning: \x1b[m\x1b[Kunused parameter \xe2\x80\x98\x1b[01m\x1b[Kmotor_id\x1b[m\x1b[K\xe2\x80\x99 [\x1b[01;35m\x1b[K\x1b]8;;https://gcc.gnu.org/onlinedocs/gcc/Warning-Options.html#index-Wunused-parameter\x07-Wunused-parameter\x1b]8;;\x07\x1b[m\x1b[K]\n'}
[3.583182] (CommunicationCenter) StderrLine: {'line': b'   73 |   DMCANMsg *setTorqueKP(\x1b[01;35m\x1b[Kuint8_t motor_id\x1b[m\x1b[K, float kp) override {\n'}
[3.583228] (CommunicationCenter) StderrLine: {'line': b'      |                         \x1b[01;35m\x1b[K~~~~~~~~^~~~~~~~\x1b[m\x1b[K\n'}
[3.583270] (CommunicationCenter) StderrLine: {'line': b'\x1b[01m\x1b[K/home/albusgive2/rlfw/rlfw_deploy/src/CommunicationCenter/motor_driver/DMMotor.h:73:49:\x1b[m\x1b[K \x1b[01;35m\x1b[Kwarning: \x1b[m\x1b[Kunused parameter \xe2\x80\x98\x1b[01m\x1b[Kkp\x1b[m\x1b[K\xe2\x80\x99 [\x1b[01;35m\x1b[K\x1b]8;;https://gcc.gnu.org/onlinedocs/gcc/Warning-Options.html#index-Wunused-parameter\x07-Wunused-parameter\x1b]8;;\x07\x1b[m\x1b[K]\n'}
[3.583311] (CommunicationCenter) StderrLine: {'line': b'   73 |   DMCANMsg *setTorqueKP(uint8_t motor_id, \x1b[01;35m\x1b[Kfloat kp\x1b[m\x1b[K) override {\n'}
[3.583356] (CommunicationCenter) StderrLine: {'line': b'      |                                           \x1b[01;35m\x1b[K~~~~~~^~\x1b[m\x1b[K\n'}
[3.583398] (CommunicationCenter) StderrLine: {'line': b'\x1b[01m\x1b[K/home/albusgive2/rlfw/rlfw_deploy/src/CommunicationCenter/motor_driver/DMMotor.h:\x1b[m\x1b[K In member function \xe2\x80\x98\x1b[01m\x1b[Kvirtual DMCANMsg* DMMotor::setTorqueKI(uint8_t, float)\x1b[m\x1b[K\xe2\x80\x99:\n'}
[3.583442] (CommunicationCenter) StderrLine: {'line': b'\x1b[01m\x1b[K/home/albusgive2/rlfw/rlfw_deploy/src/CommunicationCenter/motor_driver/DMMotor.h:76:33:\x1b[m\x1b[K \x1b[01;35m\x1b[Kwarning: \x1b[m\x1b[Kunused parameter \xe2\x80\x98\x1b[01m\x1b[Kmotor_id\x1b[m\x1b[K\xe2\x80\x99 [\x1b[01;35m\x1b[K\x1b]8;;https://gcc.gnu.org/onlinedocs/gcc/Warning-Options.html#index-Wunused-parameter\x07-Wunused-parameter\x1b]8;;\x07\x1b[m\x1b[K]\n'}
[3.583490] (CommunicationCenter) StderrLine: {'line': b'   76 |   DMCANMsg *setTorqueKI(\x1b[01;35m\x1b[Kuint8_t motor_id\x1b[m\x1b[K, float ki) override {\n'}
[3.583536] (CommunicationCenter) StderrLine: {'line': b'      |                         \x1b[01;35m\x1b[K~~~~~~~~^~~~~~~~\x1b[m\x1b[K\n'}
[3.583580] (CommunicationCenter) StderrLine: {'line': b'\x1b[01m\x1b[K/home/albusgive2/rlfw/rlfw_deploy/src/CommunicationCenter/motor_driver/DMMotor.h:76:49:\x1b[m\x1b[K \x1b[01;35m\x1b[Kwarning: \x1b[m\x1b[Kunused parameter \xe2\x80\x98\x1b[01m\x1b[Kki\x1b[m\x1b[K\xe2\x80\x99 [\x1b[01;35m\x1b[K\x1b]8;;https://gcc.gnu.org/onlinedocs/gcc/Warning-Options.html#index-Wunused-parameter\x07-Wunused-parameter\x1b]8;;\x07\x1b[m\x1b[K]\n'}
[3.583626] (CommunicationCenter) StderrLine: {'line': b'   76 |   DMCANMsg *setTorqueKI(uint8_t motor_id, \x1b[01;35m\x1b[Kfloat ki\x1b[m\x1b[K) override {\n'}
[3.583675] (CommunicationCenter) StderrLine: {'line': b'      |                                           \x1b[01;35m\x1b[K~~~~~~^~\x1b[m\x1b[K\n'}
[3.583715] (CommunicationCenter) StderrLine: {'line': b'\x1b[01m\x1b[K/home/albusgive2/rlfw/rlfw_deploy/src/CommunicationCenter/motor_driver/DMMotor.h:\x1b[m\x1b[K In member function \xe2\x80\x98\x1b[01m\x1b[Kvirtual DMCANMsg* DMMotor::setSafeTorque(uint8_t, float)\x1b[m\x1b[K\xe2\x80\x99:\n'}
[3.583762] (CommunicationCenter) StderrLine: {'line': b'\x1b[01m\x1b[K/home/albusgive2/rlfw/rlfw_deploy/src/CommunicationCenter/motor_driver/DMMotor.h:80:35:\x1b[m\x1b[K \x1b[01;35m\x1b[Kwarning: \x1b[m\x1b[Kunused parameter \xe2\x80\x98\x1b[01m\x1b[Kmotor_id\x1b[m\x1b[K\xe2\x80\x99 [\x1b[01;35m\x1b[K\x1b]8;;https://gcc.gnu.org/onlinedocs/gcc/Warning-Options.html#index-Wunused-parameter\x07-Wunused-parameter\x1b]8;;\x07\x1b[m\x1b[K]\n'}
[3.583837] (CommunicationCenter) StderrLine: {'line': b'   80 |   DMCANMsg *setSafeTorque(\x1b[01;35m\x1b[Kuint8_t motor_id\x1b[m\x1b[K, float torque) override {\n'}
[3.583886] (CommunicationCenter) StderrLine: {'line': b'      |                           \x1b[01;35m\x1b[K~~~~~~~~^~~~~~~~\x1b[m\x1b[K\n'}
[3.583930] (CommunicationCenter) StderrLine: {'line': b'\x1b[01m\x1b[K/home/albusgive2/rlfw/rlfw_deploy/src/CommunicationCenter/motor_driver/DMMotor.h:80:51:\x1b[m\x1b[K \x1b[01;35m\x1b[Kwarning: \x1b[m\x1b[Kunused parameter \xe2\x80\x98\x1b[01m\x1b[Ktorque\x1b[m\x1b[K\xe2\x80\x99 [\x1b[01;35m\x1b[K\x1b]8;;https://gcc.gnu.org/onlinedocs/gcc/Warning-Options.html#index-Wunused-parameter\x07-Wunused-parameter\x1b]8;;\x07\x1b[m\x1b[K]\n'}
[3.583999] (CommunicationCenter) StderrLine: {'line': b'   80 |   DMCANMsg *setSafeTorque(uint8_t motor_id, \x1b[01;35m\x1b[Kfloat torque\x1b[m\x1b[K) override {\n'}
[3.584038] (CommunicationCenter) StderrLine: {'line': b'      |                                             \x1b[01;35m\x1b[K~~~~~~^~~~~~\x1b[m\x1b[K\n'}
[3.584076] (CommunicationCenter) StderrLine: {'line': b'\x1b[01m\x1b[K/home/albusgive2/rlfw/rlfw_deploy/src/CommunicationCenter/motor_driver/DMMotor.h:\x1b[m\x1b[K In member function \xe2\x80\x98\x1b[01m\x1b[Kvirtual DMCANMsg* DMMotor::setSafePos(uint8_t, float)\x1b[m\x1b[K\xe2\x80\x99:\n'}
[3.584115] (CommunicationCenter) StderrLine: {'line': b'\x1b[01m\x1b[K/home/albusgive2/rlfw/rlfw_deploy/src/CommunicationCenter/motor_driver/DMMotor.h:83:32:\x1b[m\x1b[K \x1b[01;35m\x1b[Kwarning: \x1b[m\x1b[Kunused parameter \xe2\x80\x98\x1b[01m\x1b[Kmotor_id\x1b[m\x1b[K\xe2\x80\x99 [\x1b[01;35m\x1b[K\x1b]8;;https://gcc.gnu.org/onlinedocs/gcc/Warning-Options.html#index-Wunused-parameter\x07-Wunused-parameter\x1b]8;;\x07\x1b[m\x1b[K]\n'}
[3.584161] (CommunicationCenter) StderrLine: {'line': b'   83 |   DMCANMsg *setSafePos(\x1b[01;35m\x1b[Kuint8_t motor_id\x1b[m\x1b[K, float pos) override {\n'}
[3.584204] (CommunicationCenter) StderrLine: {'line': b'      |                        \x1b[01;35m\x1b[K~~~~~~~~^~~~~~~~\x1b[m\x1b[K\n'}
[3.584239] (CommunicationCenter) StderrLine: {'line': b'\x1b[01m\x1b[K/home/albusgive2/rlfw/rlfw_deploy/src/CommunicationCenter/motor_driver/DMMotor.h:83:48:\x1b[m\x1b[K \x1b[01;35m\x1b[Kwarning: \x1b[m\x1b[Kunused parameter \xe2\x80\x98\x1b[01m\x1b[Kpos\x1b[m\x1b[K\xe2\x80\x99 [\x1b[01;35m\x1b[K\x1b]8;;https://gcc.gnu.org/onlinedocs/gcc/Warning-Options.html#index-Wunused-parameter\x07-Wunused-parameter\x1b]8;;\x07\x1b[m\x1b[K]\n'}
[3.584266] (CommunicationCenter) StderrLine: {'line': b'   83 |   DMCANMsg *setSafePos(uint8_t motor_id, \x1b[01;35m\x1b[Kfloat pos\x1b[m\x1b[K) override {\n'}
[3.584291] (CommunicationCenter) StderrLine: {'line': b'      |                                          \x1b[01;35m\x1b[K~~~~~~^~~\x1b[m\x1b[K\n'}
[3.584317] (CommunicationCenter) StderrLine: {'line': b'\x1b[01m\x1b[K/home/albusgive2/rlfw/rlfw_deploy/src/CommunicationCenter/motor_driver/DMMotor.h:\x1b[m\x1b[K In member function \xe2\x80\x98\x1b[01m\x1b[Kvirtual DMCANMsg* DMMotor::setSafeVel(uint8_t, float)\x1b[m\x1b[K\xe2\x80\x99:\n'}
[3.584343] (CommunicationCenter) StderrLine: {'line': b'\x1b[01m\x1b[K/home/albusgive2/rlfw/rlfw_deploy/src/CommunicationCenter/motor_driver/DMMotor.h:86:32:\x1b[m\x1b[K \x1b[01;35m\x1b[Kwarning: \x1b[m\x1b[Kunused parameter \xe2\x80\x98\x1b[01m\x1b[Kmotor_id\x1b[m\x1b[K\xe2\x80\x99 [\x1b[01;35m\x1b[K\x1b]8;;https://gcc.gnu.org/onlinedocs/gcc/Warning-Options.html#index-Wunused-parameter\x07-Wunused-parameter\x1b]8;;\x07\x1b[m\x1b[K]\n'}
[3.584370] (CommunicationCenter) StderrLine: {'line': b'   86 |   DMCANMsg *setSafeVel(\x1b[01;35m\x1b[Kuint8_t motor_id\x1b[m\x1b[K, float vel) override {\n'}
[3.584393] (CommunicationCenter) StderrLine: {'line': b'      |                        \x1b[01;35m\x1b[K~~~~~~~~^~~~~~~~\x1b[m\x1b[K\n'}
[3.584419] (CommunicationCenter) StderrLine: {'line': b'\x1b[01m\x1b[K/home/albusgive2/rlfw/rlfw_deploy/src/CommunicationCenter/motor_driver/DMMotor.h:86:48:\x1b[m\x1b[K \x1b[01;35m\x1b[Kwarning: \x1b[m\x1b[Kunused parameter \xe2\x80\x98\x1b[01m\x1b[Kvel\x1b[m\x1b[K\xe2\x80\x99 [\x1b[01;35m\x1b[K\x1b]8;;https://gcc.gnu.org/onlinedocs/gcc/Warning-Options.html#index-Wunused-parameter\x07-Wunused-parameter\x1b]8;;\x07\x1b[m\x1b[K]\n'}
[3.584444] (CommunicationCenter) StderrLine: {'line': b'   86 |   DMCANMsg *setSafeVel(uint8_t motor_id, \x1b[01;35m\x1b[Kfloat vel\x1b[m\x1b[K) override {\n'}
[3.584469] (CommunicationCenter) StderrLine: {'line': b'      |                                          \x1b[01;35m\x1b[K~~~~~~^~~\x1b[m\x1b[K\n'}
[3.607681] (-) TimerEvent: {}
[3.707913] (-) TimerEvent: {}
[3.808149] (-) TimerEvent: {}
[3.908362] (-) TimerEvent: {}
[4.008582] (-) TimerEvent: {}
[4.108798] (-) TimerEvent: {}
[4.140538] (nz-imu) StdoutLine: {'line': b'[100%] \x1b[32m\x1b[1mLinking CXX executable hwt906\x1b[0m\n'}
[4.208901] (-) TimerEvent: {}
[4.263464] (nz-imu) StdoutLine: {'line': b'[100%] Built target hwt906\n'}
[4.270534] (nz-imu) CommandEnded: {'returncode': 0}
[4.270998] (nz-imu) JobProgress: {'identifier': 'nz-imu', 'progress': 'install'}
[4.276842] (nz-imu) Command: {'cmd': ['/usr/bin/cmake', '--install', '/home/albusgive2/rlfw/rlfw_deploy/build/nz-imu'], 'cwd': '/home/albusgive2/rlfw/rlfw_deploy/build/nz-imu', 'env': OrderedDict([('GJS_DEBUG_TOPICS', 'JS ERROR;JS LOG'), ('LESSOPEN', '| /usr/bin/lesspipe %s'), ('LANGUAGE', 'zh_CN:zh'), ('USER', 'albusgive2'), ('XDG_SESSION_TYPE', 'x11'), ('GIT_ASKPASS', '/usr/share/code/resources/app/extensions/git/dist/askpass.sh'), ('SHLVL', '1'), ('LD_LIBRARY_PATH', '/home/albusgive2/rlfw/rlfw_interface/install/rlfw_msgs/lib:/opt/mujoco/lib:/opt/ros/humble/opt/rviz_ogre_vendor/lib:/opt/ros/humble/lib/x86_64-linux-gnu:/opt/ros/humble/lib:/usr/local/cuda/lib64::/usr/local/cuda-12.4/lib64'), ('HOME', '/home/albusgive2'), ('CHROME_DESKTOP', 'code.desktop'), ('CONDA_SHLVL', '0'), ('OLDPWD', '/home/albusgive2/rlfw/rlfw_deploy/src'), ('TERM_PROGRAM_VERSION', '1.97.0'), ('DESKTOP_SESSION', 'ubuntu'), ('GIO_LAUNCHED_DESKTOP_FILE', '/usr/share/applications/code.desktop'), ('ROS_PYTHON_VERSION', '3'), ('GNOME_SHELL_SESSION_MODE', 'ubuntu'), ('GTK_MODULES', 'gail:atk-bridge'), ('VSCODE_GIT_ASKPASS_MAIN', '/usr/share/code/resources/app/extensions/git/dist/askpass-main.js'), ('VSCODE_GIT_ASKPASS_NODE', '/usr/share/code/code'), ('MANAGERPID', '1573'), ('SYSTEMD_EXEC_PID', '1821'), ('DBUS_SESSION_BUS_ADDRESS', 'unix:path=/run/user/1000/bus'), ('COLORTERM', 'truecolor'), ('_CE_M', ''), ('GIO_LAUNCHED_DESKTOP_FILE_PID', '7132'), ('https_proxy', 'http://127.0.0.1:7897'), ('COLCON_PREFIX_PATH', '/home/albusgive2/rlfw/rlfw_deploy/install:/home/albusgive2/rlfw/rlfw_interface/install'), ('ROS_DISTRO', 'humble'), ('GTK_IM_MODULE', 'ibus'), ('LOGNAME', 'albusgive2'), ('http_proxy', 'http://127.0.0.1:7897'), ('JOURNAL_STREAM', '8:12181'), ('_', '/usr/bin/colcon'), ('ROS_VERSION', '2'), ('XDG_SESSION_CLASS', 'user'), ('USERNAME', 'albusgive2'), ('TERM', 'xterm-256color'), ('GNOME_DESKTOP_SESSION_ID', 'this-is-deprecated'), ('_CE_CONDA', ''), ('ROS_LOCALHOST_ONLY', '0'), ('WINDOWPATH', '2'), ('PATH', '/opt/ros/humble/bin:/usr/local/cuda/bin:/home/albusgive2/anaconda3/condabin:/home/albusgive2/.local/bin:/usr/local/sbin:/usr/local/bin:/usr/sbin:/usr/bin:/sbin:/bin:/usr/games:/usr/local/games:/snap/bin:/snap/bin:/home/albusgive2/.config/Code/User/globalStorage/github.copilot-chat/debugCommand:/usr/local/cuda-12.4/bin'), ('SESSION_MANAGER', 'local/albusgive2:@/tmp/.ICE-unix/1794,unix/albusgive2:/tmp/.ICE-unix/1794'), ('INVOCATION_ID', 'a95d020667ba4ddbbf198b657dcc9979'), ('XDG_MENU_PREFIX', 'gnome-'), ('XDG_RUNTIME_DIR', '/run/user/1000'), ('GDK_BACKEND', 'x11'), ('DISPLAY', ':1'), ('LANG', 'zh_CN.UTF-8'), ('XDG_CURRENT_DESKTOP', 'Unity'), ('XMODIFIERS', '@im=ibus'), ('XDG_SESSION_DESKTOP', 'ubuntu'), ('XAUTHORITY', '/run/user/1000/gdm/Xauthority'), ('LS_COLORS', 'rs=0:di=01;34:ln=01;36:mh=00:pi=40;33:so=01;35:do=01;35:bd=40;33;01:cd=40;33;01:or=40;31;01:mi=00:su=37;41:sg=30;43:ca=30;41:tw=30;42:ow=34;42:st=37;44:ex=01;32:*.tar=01;31:*.tgz=01;31:*.arc=01;31:*.arj=01;31:*.taz=01;31:*.lha=01;31:*.lz4=01;31:*.lzh=01;31:*.lzma=01;31:*.tlz=01;31:*.txz=01;31:*.tzo=01;31:*.t7z=01;31:*.zip=01;31:*.z=01;31:*.dz=01;31:*.gz=01;31:*.lrz=01;31:*.lz=01;31:*.lzo=01;31:*.xz=01;31:*.zst=01;31:*.tzst=01;31:*.bz2=01;31:*.bz=01;31:*.tbz=01;31:*.tbz2=01;31:*.tz=01;31:*.deb=01;31:*.rpm=01;31:*.jar=01;31:*.war=01;31:*.ear=01;31:*.sar=01;31:*.rar=01;31:*.alz=01;31:*.ace=01;31:*.zoo=01;31:*.cpio=01;31:*.7z=01;31:*.rz=01;31:*.cab=01;31:*.wim=01;31:*.swm=01;31:*.dwm=01;31:*.esd=01;31:*.jpg=01;35:*.jpeg=01;35:*.mjpg=01;35:*.mjpeg=01;35:*.gif=01;35:*.bmp=01;35:*.pbm=01;35:*.pgm=01;35:*.ppm=01;35:*.tga=01;35:*.xbm=01;35:*.xpm=01;35:*.tif=01;35:*.tiff=01;35:*.png=01;35:*.svg=01;35:*.svgz=01;35:*.mng=01;35:*.pcx=01;35:*.mov=01;35:*.mpg=01;35:*.mpeg=01;35:*.m2v=01;35:*.mkv=01;35:*.webm=01;35:*.webp=01;35:*.ogm=01;35:*.mp4=01;35:*.m4v=01;35:*.mp4v=01;35:*.vob=01;35:*.qt=01;35:*.nuv=01;35:*.wmv=01;35:*.asf=01;35:*.rm=01;35:*.rmvb=01;35:*.flc=01;35:*.avi=01;35:*.fli=01;35:*.flv=01;35:*.gl=01;35:*.dl=01;35:*.xcf=01;35:*.xwd=01;35:*.yuv=01;35:*.cgm=01;35:*.emf=01;35:*.ogv=01;35:*.ogx=01;35:*.aac=00;36:*.au=00;36:*.flac=00;36:*.m4a=00;36:*.mid=00;36:*.midi=00;36:*.mka=00;36:*.mp3=00;36:*.mpc=00;36:*.ogg=00;36:*.ra=00;36:*.wav=00;36:*.oga=00;36:*.opus=00;36:*.spx=00;36:*.xspf=00;36:'), ('VSCODE_GIT_IPC_HANDLE', '/run/user/1000/vscode-git-3d487d3973.sock'), ('TERM_PROGRAM', 'vscode'), ('SSH_AGENT_LAUNCHER', 'gnome-keyring'), ('SSH_AUTH_SOCK', '/run/user/1000/keyring/ssh'), ('AMENT_PREFIX_PATH', '/home/albusgive2/rlfw/rlfw_deploy/install/nz-imu:/home/albusgive2/rlfw/rlfw_deploy/install/mujoco_mapping:/home/albusgive2/rlfw/rlfw_deploy/install/CommunicationCenter:/home/albusgive2/rlfw/rlfw_interface/install/rlfw_msgs:/opt/ros/humble'), ('CONDA_PYTHON_EXE', '/home/albusgive2/anaconda3/bin/python'), ('ORIGINAL_XDG_CURRENT_DESKTOP', 'ubuntu:GNOME'), ('SHELL', '/bin/bash'), ('QT_ACCESSIBILITY', '1'), ('GDMSESSION', 'ubuntu'), ('LESSCLOSE', '/usr/bin/lesspipe %s %s'), ('GPG_AGENT_INFO', '/run/user/1000/gnupg/S.gpg-agent:0:1'), ('GJS_DEBUG_OUTPUT', 'stderr'), ('VSCODE_GIT_ASKPASS_EXTRA_ARGS', ''), ('QT_IM_MODULE', 'ibus'), ('PWD', '/home/albusgive2/rlfw/rlfw_deploy/build/nz-imu'), ('XDG_CONFIG_DIRS', '/etc/xdg/xdg-ubuntu:/etc/xdg'), ('CONDA_EXE', '/home/albusgive2/anaconda3/bin/conda'), ('XDG_DATA_DIRS', '/usr/share/ubuntu:/usr/share/gnome:/usr/local/share/:/usr/share/:/var/lib/snapd/desktop'), ('PYTHONPATH', '/home/albusgive2/rlfw/rlfw_interface/install/rlfw_msgs/local/lib/python3.10/dist-packages:/opt/ros/humble/lib/python3.10/site-packages:/opt/ros/humble/local/lib/python3.10/dist-packages'), ('COLCON', '1'), ('CMAKE_PREFIX_PATH', '/home/albusgive2/rlfw/rlfw_deploy/install/nz-imu:/home/albusgive2/rlfw/rlfw_deploy/install/mujoco_mapping:/home/albusgive2/rlfw/rlfw_deploy/install/CommunicationCenter:/home/albusgive2/rlfw/rlfw_interface/install/rlfw_msgs:/opt/ros/humble')]), 'shell': False}
[4.281825] (nz-imu) StdoutLine: {'line': b'-- Install configuration: ""\n'}
[4.281969] (nz-imu) StdoutLine: {'line': b'-- Installing: /home/albusgive2/rlfw/rlfw_deploy/install/nz-imu/lib/nz-imu/hwt906\n'}
[4.282499] (nz-imu) StdoutLine: {'line': b'-- Set runtime path of "/home/albusgive2/rlfw/rlfw_deploy/install/nz-imu/lib/nz-imu/hwt906" to ""\n'}
[4.282549] (nz-imu) StdoutLine: {'line': b'-- Installing: /home/albusgive2/rlfw/rlfw_deploy/install/nz-imu/share/ament_index/resource_index/package_run_dependencies/nz-imu\n'}
[4.282641] (nz-imu) StdoutLine: {'line': b'-- Installing: /home/albusgive2/rlfw/rlfw_deploy/install/nz-imu/share/ament_index/resource_index/parent_prefix_path/nz-imu\n'}
[4.282744] (nz-imu) StdoutLine: {'line': b'-- Installing: /home/albusgive2/rlfw/rlfw_deploy/install/nz-imu/share/nz-imu/environment/ament_prefix_path.sh\n'}
[4.282929] (nz-imu) StdoutLine: {'line': b'-- Installing: /home/albusgive2/rlfw/rlfw_deploy/install/nz-imu/share/nz-imu/environment/ament_prefix_path.dsv\n'}
[4.283100] (nz-imu) StdoutLine: {'line': b'-- Installing: /home/albusgive2/rlfw/rlfw_deploy/install/nz-imu/share/nz-imu/environment/path.sh\n'}
[4.283167] (nz-imu) StdoutLine: {'line': b'-- Installing: /home/albusgive2/rlfw/rlfw_deploy/install/nz-imu/share/nz-imu/environment/path.dsv\n'}
[4.283215] (nz-imu) StdoutLine: {'line': b'-- Installing: /home/albusgive2/rlfw/rlfw_deploy/install/nz-imu/share/nz-imu/local_setup.bash\n'}
[4.283296] (nz-imu) StdoutLine: {'line': b'-- Installing: /home/albusgive2/rlfw/rlfw_deploy/install/nz-imu/share/nz-imu/local_setup.sh\n'}
[4.283344] (nz-imu) StdoutLine: {'line': b'-- Installing: /home/albusgive2/rlfw/rlfw_deploy/install/nz-imu/share/nz-imu/local_setup.zsh\n'}
[4.283389] (nz-imu) StdoutLine: {'line': b'-- Installing: /home/albusgive2/rlfw/rlfw_deploy/install/nz-imu/share/nz-imu/local_setup.dsv\n'}
[4.283432] (nz-imu) StdoutLine: {'line': b'-- Installing: /home/albusgive2/rlfw/rlfw_deploy/install/nz-imu/share/nz-imu/package.dsv\n'}
[4.283517] (nz-imu) StdoutLine: {'line': b'-- Installing: /home/albusgive2/rlfw/rlfw_deploy/install/nz-imu/share/ament_index/resource_index/packages/nz-imu\n'}
[4.283558] (nz-imu) StdoutLine: {'line': b'-- Installing: /home/albusgive2/rlfw/rlfw_deploy/install/nz-imu/share/nz-imu/cmake/nz-imuConfig.cmake\n'}
[4.283599] (nz-imu) StdoutLine: {'line': b'-- Installing: /home/albusgive2/rlfw/rlfw_deploy/install/nz-imu/share/nz-imu/cmake/nz-imuConfig-version.cmake\n'}
[4.283640] (nz-imu) StdoutLine: {'line': b'-- Installing: /home/albusgive2/rlfw/rlfw_deploy/install/nz-imu/share/nz-imu/package.xml\n'}
[4.284625] (nz-imu) CommandEnded: {'returncode': 0}
[4.297627] (nz-imu) JobEnded: {'identifier': 'nz-imu', 'rc': 0}
[4.309012] (-) TimerEvent: {}
[4.409432] (-) TimerEvent: {}
[4.509685] (-) TimerEvent: {}
[4.609916] (-) TimerEvent: {}
[4.710148] (-) TimerEvent: {}
[4.810417] (-) TimerEvent: {}
[4.910623] (-) TimerEvent: {}
[5.010857] (-) TimerEvent: {}
[5.111071] (-) TimerEvent: {}
[5.211295] (-) TimerEvent: {}
[5.311500] (-) TimerEvent: {}
[5.411729] (-) TimerEvent: {}
[5.511953] (-) TimerEvent: {}
[5.612180] (-) TimerEvent: {}
[5.712404] (-) TimerEvent: {}
[5.812607] (-) TimerEvent: {}
[5.912851] (-) TimerEvent: {}
[6.013090] (-) TimerEvent: {}
[6.113336] (-) TimerEvent: {}
[6.213562] (-) TimerEvent: {}
[6.313794] (-) TimerEvent: {}
[6.414000] (-) TimerEvent: {}
[6.514214] (-) TimerEvent: {}
[6.614439] (-) TimerEvent: {}
[6.714644] (-) TimerEvent: {}
[6.814831] (-) TimerEvent: {}
[6.915060] (-) TimerEvent: {}
[7.015286] (-) TimerEvent: {}
[7.089284] (mujoco_mapping) StdoutLine: {'line': b'[100%] \x1b[32m\x1b[1mLinking CXX executable mujoco_mapping\x1b[0m\n'}
[7.115391] (-) TimerEvent: {}
[7.215667] (-) TimerEvent: {}
[7.315948] (-) TimerEvent: {}
[7.336746] (mujoco_mapping) StdoutLine: {'line': b'[100%] Built target mujoco_mapping\n'}
[7.343332] (mujoco_mapping) CommandEnded: {'returncode': 0}
[7.344316] (mujoco_mapping) JobProgress: {'identifier': 'mujoco_mapping', 'progress': 'install'}
[7.344397] (mujoco_mapping) Command: {'cmd': ['/usr/bin/cmake', '--install', '/home/albusgive2/rlfw/rlfw_deploy/build/mujoco_mapping'], 'cwd': '/home/albusgive2/rlfw/rlfw_deploy/build/mujoco_mapping', 'env': OrderedDict([('GJS_DEBUG_TOPICS', 'JS ERROR;JS LOG'), ('LESSOPEN', '| /usr/bin/lesspipe %s'), ('LANGUAGE', 'zh_CN:zh'), ('USER', 'albusgive2'), ('XDG_SESSION_TYPE', 'x11'), ('GIT_ASKPASS', '/usr/share/code/resources/app/extensions/git/dist/askpass.sh'), ('SHLVL', '1'), ('LD_LIBRARY_PATH', '/home/albusgive2/rlfw/rlfw_interface/install/rlfw_msgs/lib:/opt/mujoco/lib:/opt/ros/humble/opt/rviz_ogre_vendor/lib:/opt/ros/humble/lib/x86_64-linux-gnu:/opt/ros/humble/lib:/usr/local/cuda/lib64::/usr/local/cuda-12.4/lib64'), ('HOME', '/home/albusgive2'), ('CHROME_DESKTOP', 'code.desktop'), ('CONDA_SHLVL', '0'), ('OLDPWD', '/home/albusgive2/rlfw/rlfw_deploy/src'), ('TERM_PROGRAM_VERSION', '1.97.0'), ('DESKTOP_SESSION', 'ubuntu'), ('GIO_LAUNCHED_DESKTOP_FILE', '/usr/share/applications/code.desktop'), ('ROS_PYTHON_VERSION', '3'), ('GNOME_SHELL_SESSION_MODE', 'ubuntu'), ('GTK_MODULES', 'gail:atk-bridge'), ('VSCODE_GIT_ASKPASS_MAIN', '/usr/share/code/resources/app/extensions/git/dist/askpass-main.js'), ('VSCODE_GIT_ASKPASS_NODE', '/usr/share/code/code'), ('MANAGERPID', '1573'), ('SYSTEMD_EXEC_PID', '1821'), ('DBUS_SESSION_BUS_ADDRESS', 'unix:path=/run/user/1000/bus'), ('COLORTERM', 'truecolor'), ('_CE_M', ''), ('GIO_LAUNCHED_DESKTOP_FILE_PID', '7132'), ('https_proxy', 'http://127.0.0.1:7897'), ('COLCON_PREFIX_PATH', '/home/albusgive2/rlfw/rlfw_deploy/install:/home/albusgive2/rlfw/rlfw_interface/install'), ('ROS_DISTRO', 'humble'), ('GTK_IM_MODULE', 'ibus'), ('LOGNAME', 'albusgive2'), ('http_proxy', 'http://127.0.0.1:7897'), ('JOURNAL_STREAM', '8:12181'), ('_', '/usr/bin/colcon'), ('ROS_VERSION', '2'), ('XDG_SESSION_CLASS', 'user'), ('USERNAME', 'albusgive2'), ('TERM', 'xterm-256color'), ('GNOME_DESKTOP_SESSION_ID', 'this-is-deprecated'), ('_CE_CONDA', ''), ('ROS_LOCALHOST_ONLY', '0'), ('WINDOWPATH', '2'), ('PATH', '/opt/ros/humble/bin:/usr/local/cuda/bin:/home/albusgive2/anaconda3/condabin:/home/albusgive2/.local/bin:/usr/local/sbin:/usr/local/bin:/usr/sbin:/usr/bin:/sbin:/bin:/usr/games:/usr/local/games:/snap/bin:/snap/bin:/home/albusgive2/.config/Code/User/globalStorage/github.copilot-chat/debugCommand:/usr/local/cuda-12.4/bin'), ('SESSION_MANAGER', 'local/albusgive2:@/tmp/.ICE-unix/1794,unix/albusgive2:/tmp/.ICE-unix/1794'), ('INVOCATION_ID', 'a95d020667ba4ddbbf198b657dcc9979'), ('XDG_MENU_PREFIX', 'gnome-'), ('XDG_RUNTIME_DIR', '/run/user/1000'), ('GDK_BACKEND', 'x11'), ('DISPLAY', ':1'), ('LANG', 'zh_CN.UTF-8'), ('XDG_CURRENT_DESKTOP', 'Unity'), ('XMODIFIERS', '@im=ibus'), ('XDG_SESSION_DESKTOP', 'ubuntu'), ('XAUTHORITY', '/run/user/1000/gdm/Xauthority'), ('LS_COLORS', 'rs=0:di=01;34:ln=01;36:mh=00:pi=40;33:so=01;35:do=01;35:bd=40;33;01:cd=40;33;01:or=40;31;01:mi=00:su=37;41:sg=30;43:ca=30;41:tw=30;42:ow=34;42:st=37;44:ex=01;32:*.tar=01;31:*.tgz=01;31:*.arc=01;31:*.arj=01;31:*.taz=01;31:*.lha=01;31:*.lz4=01;31:*.lzh=01;31:*.lzma=01;31:*.tlz=01;31:*.txz=01;31:*.tzo=01;31:*.t7z=01;31:*.zip=01;31:*.z=01;31:*.dz=01;31:*.gz=01;31:*.lrz=01;31:*.lz=01;31:*.lzo=01;31:*.xz=01;31:*.zst=01;31:*.tzst=01;31:*.bz2=01;31:*.bz=01;31:*.tbz=01;31:*.tbz2=01;31:*.tz=01;31:*.deb=01;31:*.rpm=01;31:*.jar=01;31:*.war=01;31:*.ear=01;31:*.sar=01;31:*.rar=01;31:*.alz=01;31:*.ace=01;31:*.zoo=01;31:*.cpio=01;31:*.7z=01;31:*.rz=01;31:*.cab=01;31:*.wim=01;31:*.swm=01;31:*.dwm=01;31:*.esd=01;31:*.jpg=01;35:*.jpeg=01;35:*.mjpg=01;35:*.mjpeg=01;35:*.gif=01;35:*.bmp=01;35:*.pbm=01;35:*.pgm=01;35:*.ppm=01;35:*.tga=01;35:*.xbm=01;35:*.xpm=01;35:*.tif=01;35:*.tiff=01;35:*.png=01;35:*.svg=01;35:*.svgz=01;35:*.mng=01;35:*.pcx=01;35:*.mov=01;35:*.mpg=01;35:*.mpeg=01;35:*.m2v=01;35:*.mkv=01;35:*.webm=01;35:*.webp=01;35:*.ogm=01;35:*.mp4=01;35:*.m4v=01;35:*.mp4v=01;35:*.vob=01;35:*.qt=01;35:*.nuv=01;35:*.wmv=01;35:*.asf=01;35:*.rm=01;35:*.rmvb=01;35:*.flc=01;35:*.avi=01;35:*.fli=01;35:*.flv=01;35:*.gl=01;35:*.dl=01;35:*.xcf=01;35:*.xwd=01;35:*.yuv=01;35:*.cgm=01;35:*.emf=01;35:*.ogv=01;35:*.ogx=01;35:*.aac=00;36:*.au=00;36:*.flac=00;36:*.m4a=00;36:*.mid=00;36:*.midi=00;36:*.mka=00;36:*.mp3=00;36:*.mpc=00;36:*.ogg=00;36:*.ra=00;36:*.wav=00;36:*.oga=00;36:*.opus=00;36:*.spx=00;36:*.xspf=00;36:'), ('VSCODE_GIT_IPC_HANDLE', '/run/user/1000/vscode-git-3d487d3973.sock'), ('TERM_PROGRAM', 'vscode'), ('SSH_AGENT_LAUNCHER', 'gnome-keyring'), ('SSH_AUTH_SOCK', '/run/user/1000/keyring/ssh'), ('AMENT_PREFIX_PATH', '/home/albusgive2/rlfw/rlfw_deploy/install/nz-imu:/home/albusgive2/rlfw/rlfw_deploy/install/mujoco_mapping:/home/albusgive2/rlfw/rlfw_deploy/install/CommunicationCenter:/home/albusgive2/rlfw/rlfw_interface/install/rlfw_msgs:/opt/ros/humble'), ('CONDA_PYTHON_EXE', '/home/albusgive2/anaconda3/bin/python'), ('ORIGINAL_XDG_CURRENT_DESKTOP', 'ubuntu:GNOME'), ('SHELL', '/bin/bash'), ('QT_ACCESSIBILITY', '1'), ('GDMSESSION', 'ubuntu'), ('LESSCLOSE', '/usr/bin/lesspipe %s %s'), ('GPG_AGENT_INFO', '/run/user/1000/gnupg/S.gpg-agent:0:1'), ('GJS_DEBUG_OUTPUT', 'stderr'), ('VSCODE_GIT_ASKPASS_EXTRA_ARGS', ''), ('QT_IM_MODULE', 'ibus'), ('PWD', '/home/albusgive2/rlfw/rlfw_deploy/build/mujoco_mapping'), ('XDG_CONFIG_DIRS', '/etc/xdg/xdg-ubuntu:/etc/xdg'), ('CONDA_EXE', '/home/albusgive2/anaconda3/bin/conda'), ('XDG_DATA_DIRS', '/usr/share/ubuntu:/usr/share/gnome:/usr/local/share/:/usr/share/:/var/lib/snapd/desktop'), ('PYTHONPATH', '/home/albusgive2/rlfw/rlfw_interface/install/rlfw_msgs/local/lib/python3.10/dist-packages:/opt/ros/humble/lib/python3.10/site-packages:/opt/ros/humble/local/lib/python3.10/dist-packages'), ('COLCON', '1'), ('CMAKE_PREFIX_PATH', '/home/albusgive2/rlfw/rlfw_deploy/install/nz-imu:/home/albusgive2/rlfw/rlfw_deploy/install/mujoco_mapping:/home/albusgive2/rlfw/rlfw_deploy/install/CommunicationCenter:/home/albusgive2/rlfw/rlfw_interface/install/rlfw_msgs:/opt/ros/humble')]), 'shell': False}
[7.348631] (mujoco_mapping) StdoutLine: {'line': b'-- Install configuration: ""\n'}
[7.348732] (mujoco_mapping) StdoutLine: {'line': b'-- Installing: /home/albusgive2/rlfw/rlfw_deploy/install/mujoco_mapping/lib/mujoco_mapping/mujoco_mapping\n'}
[7.350497] (mujoco_mapping) StdoutLine: {'line': b'-- Set runtime path of "/home/albusgive2/rlfw/rlfw_deploy/install/mujoco_mapping/lib/mujoco_mapping/mujoco_mapping" to ""\n'}
[7.350628] (mujoco_mapping) StdoutLine: {'line': b'-- Installing: /home/albusgive2/rlfw/rlfw_deploy/install/mujoco_mapping/share/ament_index/resource_index/package_run_dependencies/mujoco_mapping\n'}
[7.350856] (mujoco_mapping) StdoutLine: {'line': b'-- Installing: /home/albusgive2/rlfw/rlfw_deploy/install/mujoco_mapping/share/ament_index/resource_index/parent_prefix_path/mujoco_mapping\n'}
[7.350996] (mujoco_mapping) StdoutLine: {'line': b'-- Installing: /home/albusgive2/rlfw/rlfw_deploy/install/mujoco_mapping/share/mujoco_mapping/environment/ament_prefix_path.sh\n'}
[7.351036] (mujoco_mapping) StdoutLine: {'line': b'-- Installing: /home/albusgive2/rlfw/rlfw_deploy/install/mujoco_mapping/share/mujoco_mapping/environment/ament_prefix_path.dsv\n'}
[7.351068] (mujoco_mapping) StdoutLine: {'line': b'-- Installing: /home/albusgive2/rlfw/rlfw_deploy/install/mujoco_mapping/share/mujoco_mapping/environment/path.sh\n'}
[7.351097] (mujoco_mapping) StdoutLine: {'line': b'-- Installing: /home/albusgive2/rlfw/rlfw_deploy/install/mujoco_mapping/share/mujoco_mapping/environment/path.dsv\n'}
[7.351127] (mujoco_mapping) StdoutLine: {'line': b'-- Installing: /home/albusgive2/rlfw/rlfw_deploy/install/mujoco_mapping/share/mujoco_mapping/local_setup.bash\n'}
[7.351187] (mujoco_mapping) StdoutLine: {'line': b'-- Installing: /home/albusgive2/rlfw/rlfw_deploy/install/mujoco_mapping/share/mujoco_mapping/local_setup.sh\n'}
[7.351216] (mujoco_mapping) StdoutLine: {'line': b'-- Installing: /home/albusgive2/rlfw/rlfw_deploy/install/mujoco_mapping/share/mujoco_mapping/local_setup.zsh\n'}
[7.351244] (mujoco_mapping) StdoutLine: {'line': b'-- Installing: /home/albusgive2/rlfw/rlfw_deploy/install/mujoco_mapping/share/mujoco_mapping/local_setup.dsv\n'}
[7.351280] (mujoco_mapping) StdoutLine: {'line': b'-- Installing: /home/albusgive2/rlfw/rlfw_deploy/install/mujoco_mapping/share/mujoco_mapping/package.dsv\n'}
[7.351308] (mujoco_mapping) StdoutLine: {'line': b'-- Installing: /home/albusgive2/rlfw/rlfw_deploy/install/mujoco_mapping/share/ament_index/resource_index/packages/mujoco_mapping\n'}
[7.351348] (mujoco_mapping) StdoutLine: {'line': b'-- Installing: /home/albusgive2/rlfw/rlfw_deploy/install/mujoco_mapping/share/mujoco_mapping/cmake/mujoco_mappingConfig.cmake\n'}
[7.351389] (mujoco_mapping) StdoutLine: {'line': b'-- Installing: /home/albusgive2/rlfw/rlfw_deploy/install/mujoco_mapping/share/mujoco_mapping/cmake/mujoco_mappingConfig-version.cmake\n'}
[7.351428] (mujoco_mapping) StdoutLine: {'line': b'-- Installing: /home/albusgive2/rlfw/rlfw_deploy/install/mujoco_mapping/share/mujoco_mapping/package.xml\n'}
[7.352706] (mujoco_mapping) CommandEnded: {'returncode': 0}
[7.359261] (mujoco_mapping) JobEnded: {'identifier': 'mujoco_mapping', 'rc': 0}
[7.416030] (-) TimerEvent: {}
[7.516248] (-) TimerEvent: {}
[7.616449] (-) TimerEvent: {}
[7.716672] (-) TimerEvent: {}
[7.816849] (-) TimerEvent: {}
[7.917050] (-) TimerEvent: {}
[8.017262] (-) TimerEvent: {}
[8.117507] (-) TimerEvent: {}
[8.217749] (-) TimerEvent: {}
[8.318012] (-) TimerEvent: {}
[8.418289] (-) TimerEvent: {}
[8.518529] (-) TimerEvent: {}
[8.618834] (-) TimerEvent: {}
[8.719064] (-) TimerEvent: {}
[8.819290] (-) TimerEvent: {}
[8.919510] (-) TimerEvent: {}
[9.019743] (-) TimerEvent: {}
[9.119976] (-) TimerEvent: {}
[9.220198] (-) TimerEvent: {}
[9.320424] (-) TimerEvent: {}
[9.420661] (-) TimerEvent: {}
[9.520899] (-) TimerEvent: {}
[9.621133] (-) TimerEvent: {}
[9.721359] (-) TimerEvent: {}
[9.821602] (-) TimerEvent: {}
[9.921853] (-) TimerEvent: {}
[10.022046] (-) TimerEvent: {}
[10.122255] (-) TimerEvent: {}
[10.222474] (-) TimerEvent: {}
[10.322668] (-) TimerEvent: {}
[10.422829] (-) TimerEvent: {}
[10.523027] (-) TimerEvent: {}
[10.623244] (-) TimerEvent: {}
[10.723461] (-) TimerEvent: {}
[10.823682] (-) TimerEvent: {}
[10.923884] (-) TimerEvent: {}
[11.024082] (-) TimerEvent: {}
[11.124304] (-) TimerEvent: {}
[11.224513] (-) TimerEvent: {}
[11.324729] (-) TimerEvent: {}
[11.424937] (-) TimerEvent: {}
[11.525160] (-) TimerEvent: {}
[11.625375] (-) TimerEvent: {}
[11.725579] (-) TimerEvent: {}
[11.825804] (-) TimerEvent: {}
[11.926008] (-) TimerEvent: {}
[12.026230] (-) TimerEvent: {}
[12.126444] (-) TimerEvent: {}
[12.226664] (-) TimerEvent: {}
[12.326830] (-) TimerEvent: {}
[12.427026] (-) TimerEvent: {}
[12.527244] (-) TimerEvent: {}
[12.627458] (-) TimerEvent: {}
[12.727656] (-) TimerEvent: {}
[12.827851] (-) TimerEvent: {}
[12.928049] (-) TimerEvent: {}
[13.028272] (-) TimerEvent: {}
[13.128494] (-) TimerEvent: {}
[13.228715] (-) TimerEvent: {}
[13.328916] (-) TimerEvent: {}
[13.429136] (-) TimerEvent: {}
[13.529361] (-) TimerEvent: {}
[13.629585] (-) TimerEvent: {}
[13.729817] (-) TimerEvent: {}
[13.830042] (-) TimerEvent: {}
[13.930266] (-) TimerEvent: {}
[14.030480] (-) TimerEvent: {}
[14.094565] (CommunicationCenter) StdoutLine: {'line': b'[100%] \x1b[32m\x1b[1mLinking CXX executable CommunicationCenter\x1b[0m\n'}
[14.130569] (-) TimerEvent: {}
[14.230785] (-) TimerEvent: {}
[14.331027] (-) TimerEvent: {}
[14.431250] (-) TimerEvent: {}
[14.531494] (-) TimerEvent: {}
[14.631756] (-) TimerEvent: {}
[14.712400] (CommunicationCenter) StdoutLine: {'line': b'[100%] Built target CommunicationCenter\n'}
[14.719114] (CommunicationCenter) CommandEnded: {'returncode': 0}
[14.719800] (CommunicationCenter) JobProgress: {'identifier': 'CommunicationCenter', 'progress': 'install'}
[14.720071] (CommunicationCenter) Command: {'cmd': ['/usr/bin/cmake', '--install', '/home/albusgive2/rlfw/rlfw_deploy/build/CommunicationCenter'], 'cwd': '/home/albusgive2/rlfw/rlfw_deploy/build/CommunicationCenter', 'env': OrderedDict([('GJS_DEBUG_TOPICS', 'JS ERROR;JS LOG'), ('LESSOPEN', '| /usr/bin/lesspipe %s'), ('LANGUAGE', 'zh_CN:zh'), ('USER', 'albusgive2'), ('XDG_SESSION_TYPE', 'x11'), ('GIT_ASKPASS', '/usr/share/code/resources/app/extensions/git/dist/askpass.sh'), ('SHLVL', '1'), ('LD_LIBRARY_PATH', '/home/albusgive2/rlfw/rlfw_interface/install/rlfw_msgs/lib:/opt/mujoco/lib:/opt/ros/humble/opt/rviz_ogre_vendor/lib:/opt/ros/humble/lib/x86_64-linux-gnu:/opt/ros/humble/lib:/usr/local/cuda/lib64::/usr/local/cuda-12.4/lib64'), ('HOME', '/home/albusgive2'), ('CHROME_DESKTOP', 'code.desktop'), ('CONDA_SHLVL', '0'), ('OLDPWD', '/home/albusgive2/rlfw/rlfw_deploy/src'), ('TERM_PROGRAM_VERSION', '1.97.0'), ('DESKTOP_SESSION', 'ubuntu'), ('GIO_LAUNCHED_DESKTOP_FILE', '/usr/share/applications/code.desktop'), ('ROS_PYTHON_VERSION', '3'), ('GNOME_SHELL_SESSION_MODE', 'ubuntu'), ('GTK_MODULES', 'gail:atk-bridge'), ('VSCODE_GIT_ASKPASS_MAIN', '/usr/share/code/resources/app/extensions/git/dist/askpass-main.js'), ('VSCODE_GIT_ASKPASS_NODE', '/usr/share/code/code'), ('MANAGERPID', '1573'), ('SYSTEMD_EXEC_PID', '1821'), ('DBUS_SESSION_BUS_ADDRESS', 'unix:path=/run/user/1000/bus'), ('COLORTERM', 'truecolor'), ('_CE_M', ''), ('GIO_LAUNCHED_DESKTOP_FILE_PID', '7132'), ('https_proxy', 'http://127.0.0.1:7897'), ('COLCON_PREFIX_PATH', '/home/albusgive2/rlfw/rlfw_deploy/install:/home/albusgive2/rlfw/rlfw_interface/install'), ('ROS_DISTRO', 'humble'), ('GTK_IM_MODULE', 'ibus'), ('LOGNAME', 'albusgive2'), ('http_proxy', 'http://127.0.0.1:7897'), ('JOURNAL_STREAM', '8:12181'), ('_', '/usr/bin/colcon'), ('ROS_VERSION', '2'), ('XDG_SESSION_CLASS', 'user'), ('USERNAME', 'albusgive2'), ('TERM', 'xterm-256color'), ('GNOME_DESKTOP_SESSION_ID', 'this-is-deprecated'), ('_CE_CONDA', ''), ('ROS_LOCALHOST_ONLY', '0'), ('WINDOWPATH', '2'), ('PATH', '/opt/ros/humble/bin:/usr/local/cuda/bin:/home/albusgive2/anaconda3/condabin:/home/albusgive2/.local/bin:/usr/local/sbin:/usr/local/bin:/usr/sbin:/usr/bin:/sbin:/bin:/usr/games:/usr/local/games:/snap/bin:/snap/bin:/home/albusgive2/.config/Code/User/globalStorage/github.copilot-chat/debugCommand:/usr/local/cuda-12.4/bin'), ('SESSION_MANAGER', 'local/albusgive2:@/tmp/.ICE-unix/1794,unix/albusgive2:/tmp/.ICE-unix/1794'), ('INVOCATION_ID', 'a95d020667ba4ddbbf198b657dcc9979'), ('XDG_MENU_PREFIX', 'gnome-'), ('XDG_RUNTIME_DIR', '/run/user/1000'), ('GDK_BACKEND', 'x11'), ('DISPLAY', ':1'), ('LANG', 'zh_CN.UTF-8'), ('XDG_CURRENT_DESKTOP', 'Unity'), ('XMODIFIERS', '@im=ibus'), ('XDG_SESSION_DESKTOP', 'ubuntu'), ('XAUTHORITY', '/run/user/1000/gdm/Xauthority'), ('LS_COLORS', 'rs=0:di=01;34:ln=01;36:mh=00:pi=40;33:so=01;35:do=01;35:bd=40;33;01:cd=40;33;01:or=40;31;01:mi=00:su=37;41:sg=30;43:ca=30;41:tw=30;42:ow=34;42:st=37;44:ex=01;32:*.tar=01;31:*.tgz=01;31:*.arc=01;31:*.arj=01;31:*.taz=01;31:*.lha=01;31:*.lz4=01;31:*.lzh=01;31:*.lzma=01;31:*.tlz=01;31:*.txz=01;31:*.tzo=01;31:*.t7z=01;31:*.zip=01;31:*.z=01;31:*.dz=01;31:*.gz=01;31:*.lrz=01;31:*.lz=01;31:*.lzo=01;31:*.xz=01;31:*.zst=01;31:*.tzst=01;31:*.bz2=01;31:*.bz=01;31:*.tbz=01;31:*.tbz2=01;31:*.tz=01;31:*.deb=01;31:*.rpm=01;31:*.jar=01;31:*.war=01;31:*.ear=01;31:*.sar=01;31:*.rar=01;31:*.alz=01;31:*.ace=01;31:*.zoo=01;31:*.cpio=01;31:*.7z=01;31:*.rz=01;31:*.cab=01;31:*.wim=01;31:*.swm=01;31:*.dwm=01;31:*.esd=01;31:*.jpg=01;35:*.jpeg=01;35:*.mjpg=01;35:*.mjpeg=01;35:*.gif=01;35:*.bmp=01;35:*.pbm=01;35:*.pgm=01;35:*.ppm=01;35:*.tga=01;35:*.xbm=01;35:*.xpm=01;35:*.tif=01;35:*.tiff=01;35:*.png=01;35:*.svg=01;35:*.svgz=01;35:*.mng=01;35:*.pcx=01;35:*.mov=01;35:*.mpg=01;35:*.mpeg=01;35:*.m2v=01;35:*.mkv=01;35:*.webm=01;35:*.webp=01;35:*.ogm=01;35:*.mp4=01;35:*.m4v=01;35:*.mp4v=01;35:*.vob=01;35:*.qt=01;35:*.nuv=01;35:*.wmv=01;35:*.asf=01;35:*.rm=01;35:*.rmvb=01;35:*.flc=01;35:*.avi=01;35:*.fli=01;35:*.flv=01;35:*.gl=01;35:*.dl=01;35:*.xcf=01;35:*.xwd=01;35:*.yuv=01;35:*.cgm=01;35:*.emf=01;35:*.ogv=01;35:*.ogx=01;35:*.aac=00;36:*.au=00;36:*.flac=00;36:*.m4a=00;36:*.mid=00;36:*.midi=00;36:*.mka=00;36:*.mp3=00;36:*.mpc=00;36:*.ogg=00;36:*.ra=00;36:*.wav=00;36:*.oga=00;36:*.opus=00;36:*.spx=00;36:*.xspf=00;36:'), ('VSCODE_GIT_IPC_HANDLE', '/run/user/1000/vscode-git-3d487d3973.sock'), ('TERM_PROGRAM', 'vscode'), ('SSH_AGENT_LAUNCHER', 'gnome-keyring'), ('SSH_AUTH_SOCK', '/run/user/1000/keyring/ssh'), ('AMENT_PREFIX_PATH', '/home/albusgive2/rlfw/rlfw_deploy/install/nz-imu:/home/albusgive2/rlfw/rlfw_deploy/install/mujoco_mapping:/home/albusgive2/rlfw/rlfw_deploy/install/CommunicationCenter:/home/albusgive2/rlfw/rlfw_interface/install/rlfw_msgs:/opt/ros/humble'), ('CONDA_PYTHON_EXE', '/home/albusgive2/anaconda3/bin/python'), ('ORIGINAL_XDG_CURRENT_DESKTOP', 'ubuntu:GNOME'), ('SHELL', '/bin/bash'), ('QT_ACCESSIBILITY', '1'), ('GDMSESSION', 'ubuntu'), ('LESSCLOSE', '/usr/bin/lesspipe %s %s'), ('GPG_AGENT_INFO', '/run/user/1000/gnupg/S.gpg-agent:0:1'), ('GJS_DEBUG_OUTPUT', 'stderr'), ('VSCODE_GIT_ASKPASS_EXTRA_ARGS', ''), ('QT_IM_MODULE', 'ibus'), ('PWD', '/home/albusgive2/rlfw/rlfw_deploy/build/CommunicationCenter'), ('XDG_CONFIG_DIRS', '/etc/xdg/xdg-ubuntu:/etc/xdg'), ('CONDA_EXE', '/home/albusgive2/anaconda3/bin/conda'), ('XDG_DATA_DIRS', '/usr/share/ubuntu:/usr/share/gnome:/usr/local/share/:/usr/share/:/var/lib/snapd/desktop'), ('PYTHONPATH', '/home/albusgive2/rlfw/rlfw_interface/install/rlfw_msgs/local/lib/python3.10/dist-packages:/opt/ros/humble/lib/python3.10/site-packages:/opt/ros/humble/local/lib/python3.10/dist-packages'), ('COLCON', '1'), ('CMAKE_PREFIX_PATH', '/home/albusgive2/rlfw/rlfw_deploy/install/nz-imu:/home/albusgive2/rlfw/rlfw_deploy/install/mujoco_mapping:/home/albusgive2/rlfw/rlfw_deploy/install/CommunicationCenter:/home/albusgive2/rlfw/rlfw_interface/install/rlfw_msgs:/opt/ros/humble')]), 'shell': False}
[14.725119] (CommunicationCenter) StdoutLine: {'line': b'-- Install configuration: ""\n'}
[14.725284] (CommunicationCenter) StdoutLine: {'line': b'-- Installing: /home/albusgive2/rlfw/rlfw_deploy/install/CommunicationCenter/lib/CommunicationCenter/CommunicationCenter\n'}
[14.729942] (CommunicationCenter) StdoutLine: {'line': b'-- Set runtime path of "/home/albusgive2/rlfw/rlfw_deploy/install/CommunicationCenter/lib/CommunicationCenter/CommunicationCenter" to ""\n'}
[14.730070] (CommunicationCenter) StdoutLine: {'line': b'-- Installing: /home/albusgive2/rlfw/rlfw_deploy/install/CommunicationCenter/share/motor_cfg.xml\n'}
[14.730149] (CommunicationCenter) StdoutLine: {'line': b'-- Installing: /home/albusgive2/rlfw/rlfw_deploy/install/CommunicationCenter/share/ament_index/resource_index/package_run_dependencies/CommunicationCenter\n'}
[14.730401] (CommunicationCenter) StdoutLine: {'line': b'-- Installing: /home/albusgive2/rlfw/rlfw_deploy/install/CommunicationCenter/share/ament_index/resource_index/parent_prefix_path/CommunicationCenter\n'}
[14.730536] (CommunicationCenter) StdoutLine: {'line': b'-- Installing: /home/albusgive2/rlfw/rlfw_deploy/install/CommunicationCenter/share/CommunicationCenter/environment/ament_prefix_path.sh\n'}
[14.730605] (CommunicationCenter) StdoutLine: {'line': b'-- Installing: /home/albusgive2/rlfw/rlfw_deploy/install/CommunicationCenter/share/CommunicationCenter/environment/ament_prefix_path.dsv\n'}
[14.730681] (CommunicationCenter) StdoutLine: {'line': b'-- Installing: /home/albusgive2/rlfw/rlfw_deploy/install/CommunicationCenter/share/CommunicationCenter/environment/path.sh\n'}
[14.730770] (CommunicationCenter) StdoutLine: {'line': b'-- Installing: /home/albusgive2/rlfw/rlfw_deploy/install/CommunicationCenter/share/CommunicationCenter/environment/path.dsv\n'}
[14.730833] (CommunicationCenter) StdoutLine: {'line': b'-- Installing: /home/albusgive2/rlfw/rlfw_deploy/install/CommunicationCenter/share/CommunicationCenter/local_setup.bash\n'}
[14.730886] (CommunicationCenter) StdoutLine: {'line': b'-- Installing: /home/albusgive2/rlfw/rlfw_deploy/install/CommunicationCenter/share/CommunicationCenter/local_setup.sh\n'}
[14.730937] (CommunicationCenter) StdoutLine: {'line': b'-- Installing: /home/albusgive2/rlfw/rlfw_deploy/install/CommunicationCenter/share/CommunicationCenter/local_setup.zsh\n'}
[14.730985] (CommunicationCenter) StdoutLine: {'line': b'-- Installing: /home/albusgive2/rlfw/rlfw_deploy/install/CommunicationCenter/share/CommunicationCenter/local_setup.dsv\n'}
[14.731033] (CommunicationCenter) StdoutLine: {'line': b'-- Installing: /home/albusgive2/rlfw/rlfw_deploy/install/CommunicationCenter/share/CommunicationCenter/package.dsv\n'}
[14.731082] (CommunicationCenter) StdoutLine: {'line': b'-- Installing: /home/albusgive2/rlfw/rlfw_deploy/install/CommunicationCenter/share/ament_index/resource_index/packages/CommunicationCenter\n'}
[14.731128] (CommunicationCenter) StdoutLine: {'line': b'-- Installing: /home/albusgive2/rlfw/rlfw_deploy/install/CommunicationCenter/share/CommunicationCenter/cmake/CommunicationCenterConfig.cmake\n'}
[14.731175] (CommunicationCenter) StdoutLine: {'line': b'-- Installing: /home/albusgive2/rlfw/rlfw_deploy/install/CommunicationCenter/share/CommunicationCenter/cmake/CommunicationCenterConfig-version.cmake\n'}
[14.731215] (CommunicationCenter) StdoutLine: {'line': b'-- Installing: /home/albusgive2/rlfw/rlfw_deploy/install/CommunicationCenter/share/CommunicationCenter/package.xml\n'}
[14.731402] (CommunicationCenter) StdoutLine: {'line': b'-- Installing: /home/albusgive2/rlfw/rlfw_deploy/install/CommunicationCenter/lib/libtinyxml2.a\n'}
[14.731583] (CommunicationCenter) StdoutLine: {'line': b'-- Installing: /home/albusgive2/rlfw/rlfw_deploy/install/CommunicationCenter/lib/cmake/tinyxml2/tinyxml2-static-targets.cmake\n'}
[14.731684] (CommunicationCenter) StdoutLine: {'line': b'-- Installing: /home/albusgive2/rlfw/rlfw_deploy/install/CommunicationCenter/lib/cmake/tinyxml2/tinyxml2-static-targets-noconfig.cmake\n'}
[14.731730] (CommunicationCenter) StdoutLine: {'line': b'-- Installing: /home/albusgive2/rlfw/rlfw_deploy/install/CommunicationCenter/lib/cmake/tinyxml2/tinyxml2-config.cmake\n'}
[14.731760] (-) TimerEvent: {}
[14.731860] (CommunicationCenter) StdoutLine: {'line': b'-- Installing: /home/albusgive2/rlfw/rlfw_deploy/install/CommunicationCenter/lib/cmake/tinyxml2/tinyxml2-config-version.cmake\n'}
[14.731925] (CommunicationCenter) StdoutLine: {'line': b'-- Installing: /home/albusgive2/rlfw/rlfw_deploy/install/CommunicationCenter/include/tinyxml2.h\n'}
[14.732022] (CommunicationCenter) StdoutLine: {'line': b'-- Installing: /home/albusgive2/rlfw/rlfw_deploy/install/CommunicationCenter/lib/pkgconfig/tinyxml2.pc\n'}
[14.733047] (CommunicationCenter) CommandEnded: {'returncode': 0}
[14.740345] (CommunicationCenter) JobEnded: {'identifier': 'CommunicationCenter', 'rc': 0}
[14.741282] (-) EventReactorShutdown: {}
