[0.000000] (-) TimerEvent: {}
[0.000119] (CommunicationCenter) JobQueued: {'identifier': 'CommunicationCenter', 'dependencies': OrderedDict()}
[0.000138] (mujoco_mapping) JobQueued: {'identifier': 'mujoco_mapping', 'dependencies': OrderedDict()}
[0.000148] (nz-imu) JobQueued: {'identifier': 'nz-imu', 'dependencies': OrderedDict()}
[0.000540] (CommunicationCenter) JobStarted: {'identifier': 'CommunicationCenter'}
[0.003569] (mujoco_mapping) JobStarted: {'identifier': 'mujoco_mapping'}
[0.005622] (nz-imu) JobStarted: {'identifier': 'nz-imu'}
[0.008520] (CommunicationCenter) JobProgress: {'identifier': 'CommunicationCenter', 'progress': 'cmake'}
[0.008769] (CommunicationCenter) Command: {'cmd': ['/usr/bin/cmake', '/home/albusgive2/rlfw/rlfw_deploy/src/CommunicationCenter', '-DCMAKE_INSTALL_PREFIX=/home/albusgive2/rlfw/rlfw_deploy/install/CommunicationCenter'], 'cwd': '/home/albusgive2/rlfw/rlfw_deploy/build/CommunicationCenter', 'env': OrderedDict([('GJS_DEBUG_TOPICS', 'JS ERROR;JS LOG'), ('LESSOPEN', '| /usr/bin/lesspipe %s'), ('LANGUAGE', 'zh_CN:zh'), ('USER', 'albusgive2'), ('XDG_SESSION_TYPE', 'x11'), ('GIT_ASKPASS', '/usr/share/code/resources/app/extensions/git/dist/askpass.sh'), ('SHLVL', '1'), ('LD_LIBRARY_PATH', '/home/albusgive2/rlfw/rlfw_interface/install/rlfw_msgs/lib:/opt/mujoco/lib:/opt/ros/humble/opt/rviz_ogre_vendor/lib:/opt/ros/humble/lib/x86_64-linux-gnu:/opt/ros/humble/lib:/usr/local/cuda/lib64::/usr/local/cuda-12.4/lib64'), ('HOME', '/home/albusgive2'), ('CHROME_DESKTOP', 'code.desktop'), ('CONDA_SHLVL', '0'), ('OLDPWD', '/home/albusgive2/rlfw/rlfw_deploy/src'), ('TERM_PROGRAM_VERSION', '1.97.0'), ('DESKTOP_SESSION', 'ubuntu'), ('GIO_LAUNCHED_DESKTOP_FILE', '/usr/share/applications/code.desktop'), ('ROS_PYTHON_VERSION', '3'), ('GNOME_SHELL_SESSION_MODE', 'ubuntu'), ('GTK_MODULES', 'gail:atk-bridge'), ('VSCODE_GIT_ASKPASS_MAIN', '/usr/share/code/resources/app/extensions/git/dist/askpass-main.js'), ('VSCODE_GIT_ASKPASS_NODE', '/usr/share/code/code'), ('MANAGERPID', '1573'), ('SYSTEMD_EXEC_PID', '1822'), ('DBUS_SESSION_BUS_ADDRESS', 'unix:path=/run/user/1000/bus'), ('COLORTERM', 'truecolor'), ('_CE_M', ''), ('GIO_LAUNCHED_DESKTOP_FILE_PID', '3784'), ('https_proxy', 'http://127.0.0.1:7897'), ('COLCON_PREFIX_PATH', '/home/albusgive2/rlfw/rlfw_deploy/install:/home/albusgive2/rlfw/rlfw_interface/install'), ('ROS_DISTRO', 'humble'), ('GTK_IM_MODULE', 'ibus'), ('LOGNAME', 'albusgive2'), ('http_proxy', 'http://127.0.0.1:7897'), ('JOURNAL_STREAM', '8:12194'), ('_', '/usr/bin/colcon'), ('ROS_VERSION', '2'), ('XDG_SESSION_CLASS', 'user'), ('USERNAME', 'albusgive2'), ('TERM', 'xterm-256color'), ('GNOME_DESKTOP_SESSION_ID', 'this-is-deprecated'), ('_CE_CONDA', ''), ('ROS_LOCALHOST_ONLY', '0'), ('WINDOWPATH', '2'), ('PATH', '/home/albusgive2/Qt/6.8.2/gcc_64/bin:/opt/ros/humble/bin:/usr/local/cuda/bin:/home/albusgive2/anaconda3/condabin:/home/albusgive2/.local/bin:/usr/local/sbin:/usr/local/bin:/usr/sbin:/usr/bin:/sbin:/bin:/usr/games:/usr/local/games:/snap/bin:/snap/bin:/home/albusgive2/.config/Code/User/globalStorage/github.copilot-chat/debugCommand:/usr/local/cuda-12.4/bin'), ('SESSION_MANAGER', 'local/albusgive2:@/tmp/.ICE-unix/1795,unix/albusgive2:/tmp/.ICE-unix/1795'), ('INVOCATION_ID', 'c816e059c17f44b896bd9c0a32d3c3d9'), ('XDG_MENU_PREFIX', 'gnome-'), ('XDG_RUNTIME_DIR', '/run/user/1000'), ('GDK_BACKEND', 'x11'), ('DISPLAY', ':1'), ('LANG', 'zh_CN.UTF-8'), ('XDG_CURRENT_DESKTOP', 'Unity'), ('XMODIFIERS', '@im=ibus'), ('XDG_SESSION_DESKTOP', 'ubuntu'), ('XAUTHORITY', '/run/user/1000/gdm/Xauthority'), ('LS_COLORS', 'rs=0:di=01;34:ln=01;36:mh=00:pi=40;33:so=01;35:do=01;35:bd=40;33;01:cd=40;33;01:or=40;31;01:mi=00:su=37;41:sg=30;43:ca=30;41:tw=30;42:ow=34;42:st=37;44:ex=01;32:*.tar=01;31:*.tgz=01;31:*.arc=01;31:*.arj=01;31:*.taz=01;31:*.lha=01;31:*.lz4=01;31:*.lzh=01;31:*.lzma=01;31:*.tlz=01;31:*.txz=01;31:*.tzo=01;31:*.t7z=01;31:*.zip=01;31:*.z=01;31:*.dz=01;31:*.gz=01;31:*.lrz=01;31:*.lz=01;31:*.lzo=01;31:*.xz=01;31:*.zst=01;31:*.tzst=01;31:*.bz2=01;31:*.bz=01;31:*.tbz=01;31:*.tbz2=01;31:*.tz=01;31:*.deb=01;31:*.rpm=01;31:*.jar=01;31:*.war=01;31:*.ear=01;31:*.sar=01;31:*.rar=01;31:*.alz=01;31:*.ace=01;31:*.zoo=01;31:*.cpio=01;31:*.7z=01;31:*.rz=01;31:*.cab=01;31:*.wim=01;31:*.swm=01;31:*.dwm=01;31:*.esd=01;31:*.jpg=01;35:*.jpeg=01;35:*.mjpg=01;35:*.mjpeg=01;35:*.gif=01;35:*.bmp=01;35:*.pbm=01;35:*.pgm=01;35:*.ppm=01;35:*.tga=01;35:*.xbm=01;35:*.xpm=01;35:*.tif=01;35:*.tiff=01;35:*.png=01;35:*.svg=01;35:*.svgz=01;35:*.mng=01;35:*.pcx=01;35:*.mov=01;35:*.mpg=01;35:*.mpeg=01;35:*.m2v=01;35:*.mkv=01;35:*.webm=01;35:*.webp=01;35:*.ogm=01;35:*.mp4=01;35:*.m4v=01;35:*.mp4v=01;35:*.vob=01;35:*.qt=01;35:*.nuv=01;35:*.wmv=01;35:*.asf=01;35:*.rm=01;35:*.rmvb=01;35:*.flc=01;35:*.avi=01;35:*.fli=01;35:*.flv=01;35:*.gl=01;35:*.dl=01;35:*.xcf=01;35:*.xwd=01;35:*.yuv=01;35:*.cgm=01;35:*.emf=01;35:*.ogv=01;35:*.ogx=01;35:*.aac=00;36:*.au=00;36:*.flac=00;36:*.m4a=00;36:*.mid=00;36:*.midi=00;36:*.mka=00;36:*.mp3=00;36:*.mpc=00;36:*.ogg=00;36:*.ra=00;36:*.wav=00;36:*.oga=00;36:*.opus=00;36:*.spx=00;36:*.xspf=00;36:'), ('VSCODE_GIT_IPC_HANDLE', '/run/user/1000/vscode-git-3d487d3973.sock'), ('TERM_PROGRAM', 'vscode'), ('SSH_AGENT_LAUNCHER', 'gnome-keyring'), ('SSH_AUTH_SOCK', '/run/user/1000/keyring/ssh'), ('AMENT_PREFIX_PATH', '/home/albusgive2/rlfw/rlfw_deploy/install/nz-imu:/home/albusgive2/rlfw/rlfw_deploy/install/mujoco_mapping:/home/albusgive2/rlfw/rlfw_deploy/install/CommunicationCenter:/home/albusgive2/rlfw/rlfw_interface/install/rlfw_msgs:/opt/ros/humble'), ('CONDA_PYTHON_EXE', '/home/albusgive2/anaconda3/bin/python'), ('ORIGINAL_XDG_CURRENT_DESKTOP', 'ubuntu:GNOME'), ('SHELL', '/bin/bash'), ('QT_ACCESSIBILITY', '1'), ('GDMSESSION', 'ubuntu'), ('LESSCLOSE', '/usr/bin/lesspipe %s %s'), ('GPG_AGENT_INFO', '/run/user/1000/gnupg/S.gpg-agent:0:1'), ('GJS_DEBUG_OUTPUT', 'stderr'), ('VSCODE_GIT_ASKPASS_EXTRA_ARGS', ''), ('QT_IM_MODULE', 'ibus'), ('PWD', '/home/albusgive2/rlfw/rlfw_deploy/build/CommunicationCenter'), ('XDG_CONFIG_DIRS', '/etc/xdg/xdg-ubuntu:/etc/xdg'), ('CONDA_EXE', '/home/albusgive2/anaconda3/bin/conda'), ('XDG_DATA_DIRS', '/usr/share/ubuntu:/usr/share/gnome:/usr/local/share/:/usr/share/:/var/lib/snapd/desktop'), ('PYTHONPATH', '/home/albusgive2/rlfw/rlfw_interface/install/rlfw_msgs/local/lib/python3.10/dist-packages:/opt/ros/humble/lib/python3.10/site-packages:/opt/ros/humble/local/lib/python3.10/dist-packages'), ('COLCON', '1'), ('CMAKE_PREFIX_PATH', '/home/albusgive2/rlfw/rlfw_deploy/install/nz-imu:/home/albusgive2/rlfw/rlfw_deploy/install/mujoco_mapping:/home/albusgive2/rlfw/rlfw_deploy/install/CommunicationCenter:/home/albusgive2/rlfw/rlfw_interface/install/rlfw_msgs:/opt/ros/humble')]), 'shell': False}
[0.010255] (mujoco_mapping) JobProgress: {'identifier': 'mujoco_mapping', 'progress': 'cmake'}
[0.010507] (mujoco_mapping) Command: {'cmd': ['/usr/bin/cmake', '/home/albusgive2/rlfw/rlfw_deploy/src/mujoco_mapping', '-DCMAKE_INSTALL_PREFIX=/home/albusgive2/rlfw/rlfw_deploy/install/mujoco_mapping'], 'cwd': '/home/albusgive2/rlfw/rlfw_deploy/build/mujoco_mapping', 'env': OrderedDict([('GJS_DEBUG_TOPICS', 'JS ERROR;JS LOG'), ('LESSOPEN', '| /usr/bin/lesspipe %s'), ('LANGUAGE', 'zh_CN:zh'), ('USER', 'albusgive2'), ('XDG_SESSION_TYPE', 'x11'), ('GIT_ASKPASS', '/usr/share/code/resources/app/extensions/git/dist/askpass.sh'), ('SHLVL', '1'), ('LD_LIBRARY_PATH', '/home/albusgive2/rlfw/rlfw_interface/install/rlfw_msgs/lib:/opt/mujoco/lib:/opt/ros/humble/opt/rviz_ogre_vendor/lib:/opt/ros/humble/lib/x86_64-linux-gnu:/opt/ros/humble/lib:/usr/local/cuda/lib64::/usr/local/cuda-12.4/lib64'), ('HOME', '/home/albusgive2'), ('CHROME_DESKTOP', 'code.desktop'), ('CONDA_SHLVL', '0'), ('OLDPWD', '/home/albusgive2/rlfw/rlfw_deploy/src'), ('TERM_PROGRAM_VERSION', '1.97.0'), ('DESKTOP_SESSION', 'ubuntu'), ('GIO_LAUNCHED_DESKTOP_FILE', '/usr/share/applications/code.desktop'), ('ROS_PYTHON_VERSION', '3'), ('GNOME_SHELL_SESSION_MODE', 'ubuntu'), ('GTK_MODULES', 'gail:atk-bridge'), ('VSCODE_GIT_ASKPASS_MAIN', '/usr/share/code/resources/app/extensions/git/dist/askpass-main.js'), ('VSCODE_GIT_ASKPASS_NODE', '/usr/share/code/code'), ('MANAGERPID', '1573'), ('SYSTEMD_EXEC_PID', '1822'), ('DBUS_SESSION_BUS_ADDRESS', 'unix:path=/run/user/1000/bus'), ('COLORTERM', 'truecolor'), ('_CE_M', ''), ('GIO_LAUNCHED_DESKTOP_FILE_PID', '3784'), ('https_proxy', 'http://127.0.0.1:7897'), ('COLCON_PREFIX_PATH', '/home/albusgive2/rlfw/rlfw_deploy/install:/home/albusgive2/rlfw/rlfw_interface/install'), ('ROS_DISTRO', 'humble'), ('GTK_IM_MODULE', 'ibus'), ('LOGNAME', 'albusgive2'), ('http_proxy', 'http://127.0.0.1:7897'), ('JOURNAL_STREAM', '8:12194'), ('_', '/usr/bin/colcon'), ('ROS_VERSION', '2'), ('XDG_SESSION_CLASS', 'user'), ('USERNAME', 'albusgive2'), ('TERM', 'xterm-256color'), ('GNOME_DESKTOP_SESSION_ID', 'this-is-deprecated'), ('_CE_CONDA', ''), ('ROS_LOCALHOST_ONLY', '0'), ('WINDOWPATH', '2'), ('PATH', '/home/albusgive2/Qt/6.8.2/gcc_64/bin:/opt/ros/humble/bin:/usr/local/cuda/bin:/home/albusgive2/anaconda3/condabin:/home/albusgive2/.local/bin:/usr/local/sbin:/usr/local/bin:/usr/sbin:/usr/bin:/sbin:/bin:/usr/games:/usr/local/games:/snap/bin:/snap/bin:/home/albusgive2/.config/Code/User/globalStorage/github.copilot-chat/debugCommand:/usr/local/cuda-12.4/bin'), ('SESSION_MANAGER', 'local/albusgive2:@/tmp/.ICE-unix/1795,unix/albusgive2:/tmp/.ICE-unix/1795'), ('INVOCATION_ID', 'c816e059c17f44b896bd9c0a32d3c3d9'), ('XDG_MENU_PREFIX', 'gnome-'), ('XDG_RUNTIME_DIR', '/run/user/1000'), ('GDK_BACKEND', 'x11'), ('DISPLAY', ':1'), ('LANG', 'zh_CN.UTF-8'), ('XDG_CURRENT_DESKTOP', 'Unity'), ('XMODIFIERS', '@im=ibus'), ('XDG_SESSION_DESKTOP', 'ubuntu'), ('XAUTHORITY', '/run/user/1000/gdm/Xauthority'), ('LS_COLORS', 'rs=0:di=01;34:ln=01;36:mh=00:pi=40;33:so=01;35:do=01;35:bd=40;33;01:cd=40;33;01:or=40;31;01:mi=00:su=37;41:sg=30;43:ca=30;41:tw=30;42:ow=34;42:st=37;44:ex=01;32:*.tar=01;31:*.tgz=01;31:*.arc=01;31:*.arj=01;31:*.taz=01;31:*.lha=01;31:*.lz4=01;31:*.lzh=01;31:*.lzma=01;31:*.tlz=01;31:*.txz=01;31:*.tzo=01;31:*.t7z=01;31:*.zip=01;31:*.z=01;31:*.dz=01;31:*.gz=01;31:*.lrz=01;31:*.lz=01;31:*.lzo=01;31:*.xz=01;31:*.zst=01;31:*.tzst=01;31:*.bz2=01;31:*.bz=01;31:*.tbz=01;31:*.tbz2=01;31:*.tz=01;31:*.deb=01;31:*.rpm=01;31:*.jar=01;31:*.war=01;31:*.ear=01;31:*.sar=01;31:*.rar=01;31:*.alz=01;31:*.ace=01;31:*.zoo=01;31:*.cpio=01;31:*.7z=01;31:*.rz=01;31:*.cab=01;31:*.wim=01;31:*.swm=01;31:*.dwm=01;31:*.esd=01;31:*.jpg=01;35:*.jpeg=01;35:*.mjpg=01;35:*.mjpeg=01;35:*.gif=01;35:*.bmp=01;35:*.pbm=01;35:*.pgm=01;35:*.ppm=01;35:*.tga=01;35:*.xbm=01;35:*.xpm=01;35:*.tif=01;35:*.tiff=01;35:*.png=01;35:*.svg=01;35:*.svgz=01;35:*.mng=01;35:*.pcx=01;35:*.mov=01;35:*.mpg=01;35:*.mpeg=01;35:*.m2v=01;35:*.mkv=01;35:*.webm=01;35:*.webp=01;35:*.ogm=01;35:*.mp4=01;35:*.m4v=01;35:*.mp4v=01;35:*.vob=01;35:*.qt=01;35:*.nuv=01;35:*.wmv=01;35:*.asf=01;35:*.rm=01;35:*.rmvb=01;35:*.flc=01;35:*.avi=01;35:*.fli=01;35:*.flv=01;35:*.gl=01;35:*.dl=01;35:*.xcf=01;35:*.xwd=01;35:*.yuv=01;35:*.cgm=01;35:*.emf=01;35:*.ogv=01;35:*.ogx=01;35:*.aac=00;36:*.au=00;36:*.flac=00;36:*.m4a=00;36:*.mid=00;36:*.midi=00;36:*.mka=00;36:*.mp3=00;36:*.mpc=00;36:*.ogg=00;36:*.ra=00;36:*.wav=00;36:*.oga=00;36:*.opus=00;36:*.spx=00;36:*.xspf=00;36:'), ('VSCODE_GIT_IPC_HANDLE', '/run/user/1000/vscode-git-3d487d3973.sock'), ('TERM_PROGRAM', 'vscode'), ('SSH_AGENT_LAUNCHER', 'gnome-keyring'), ('SSH_AUTH_SOCK', '/run/user/1000/keyring/ssh'), ('AMENT_PREFIX_PATH', '/home/albusgive2/rlfw/rlfw_deploy/install/nz-imu:/home/albusgive2/rlfw/rlfw_deploy/install/mujoco_mapping:/home/albusgive2/rlfw/rlfw_deploy/install/CommunicationCenter:/home/albusgive2/rlfw/rlfw_interface/install/rlfw_msgs:/opt/ros/humble'), ('CONDA_PYTHON_EXE', '/home/albusgive2/anaconda3/bin/python'), ('ORIGINAL_XDG_CURRENT_DESKTOP', 'ubuntu:GNOME'), ('SHELL', '/bin/bash'), ('QT_ACCESSIBILITY', '1'), ('GDMSESSION', 'ubuntu'), ('LESSCLOSE', '/usr/bin/lesspipe %s %s'), ('GPG_AGENT_INFO', '/run/user/1000/gnupg/S.gpg-agent:0:1'), ('GJS_DEBUG_OUTPUT', 'stderr'), ('VSCODE_GIT_ASKPASS_EXTRA_ARGS', ''), ('QT_IM_MODULE', 'ibus'), ('PWD', '/home/albusgive2/rlfw/rlfw_deploy/build/mujoco_mapping'), ('XDG_CONFIG_DIRS', '/etc/xdg/xdg-ubuntu:/etc/xdg'), ('CONDA_EXE', '/home/albusgive2/anaconda3/bin/conda'), ('XDG_DATA_DIRS', '/usr/share/ubuntu:/usr/share/gnome:/usr/local/share/:/usr/share/:/var/lib/snapd/desktop'), ('PYTHONPATH', '/home/albusgive2/rlfw/rlfw_interface/install/rlfw_msgs/local/lib/python3.10/dist-packages:/opt/ros/humble/lib/python3.10/site-packages:/opt/ros/humble/local/lib/python3.10/dist-packages'), ('COLCON', '1'), ('CMAKE_PREFIX_PATH', '/home/albusgive2/rlfw/rlfw_deploy/install/nz-imu:/home/albusgive2/rlfw/rlfw_deploy/install/mujoco_mapping:/home/albusgive2/rlfw/rlfw_deploy/install/CommunicationCenter:/home/albusgive2/rlfw/rlfw_interface/install/rlfw_msgs:/opt/ros/humble')]), 'shell': False}
[0.013897] (nz-imu) JobProgress: {'identifier': 'nz-imu', 'progress': 'cmake'}
[0.016738] (nz-imu) Command: {'cmd': ['/usr/bin/cmake', '/home/albusgive2/rlfw/rlfw_deploy/src/nz-imu', '-DCMAKE_INSTALL_PREFIX=/home/albusgive2/rlfw/rlfw_deploy/install/nz-imu'], 'cwd': '/home/albusgive2/rlfw/rlfw_deploy/build/nz-imu', 'env': OrderedDict([('GJS_DEBUG_TOPICS', 'JS ERROR;JS LOG'), ('LESSOPEN', '| /usr/bin/lesspipe %s'), ('LANGUAGE', 'zh_CN:zh'), ('USER', 'albusgive2'), ('XDG_SESSION_TYPE', 'x11'), ('GIT_ASKPASS', '/usr/share/code/resources/app/extensions/git/dist/askpass.sh'), ('SHLVL', '1'), ('LD_LIBRARY_PATH', '/home/albusgive2/rlfw/rlfw_interface/install/rlfw_msgs/lib:/opt/mujoco/lib:/opt/ros/humble/opt/rviz_ogre_vendor/lib:/opt/ros/humble/lib/x86_64-linux-gnu:/opt/ros/humble/lib:/usr/local/cuda/lib64::/usr/local/cuda-12.4/lib64'), ('HOME', '/home/albusgive2'), ('CHROME_DESKTOP', 'code.desktop'), ('CONDA_SHLVL', '0'), ('OLDPWD', '/home/albusgive2/rlfw/rlfw_deploy/src'), ('TERM_PROGRAM_VERSION', '1.97.0'), ('DESKTOP_SESSION', 'ubuntu'), ('GIO_LAUNCHED_DESKTOP_FILE', '/usr/share/applications/code.desktop'), ('ROS_PYTHON_VERSION', '3'), ('GNOME_SHELL_SESSION_MODE', 'ubuntu'), ('GTK_MODULES', 'gail:atk-bridge'), ('VSCODE_GIT_ASKPASS_MAIN', '/usr/share/code/resources/app/extensions/git/dist/askpass-main.js'), ('VSCODE_GIT_ASKPASS_NODE', '/usr/share/code/code'), ('MANAGERPID', '1573'), ('SYSTEMD_EXEC_PID', '1822'), ('DBUS_SESSION_BUS_ADDRESS', 'unix:path=/run/user/1000/bus'), ('COLORTERM', 'truecolor'), ('_CE_M', ''), ('GIO_LAUNCHED_DESKTOP_FILE_PID', '3784'), ('https_proxy', 'http://127.0.0.1:7897'), ('COLCON_PREFIX_PATH', '/home/albusgive2/rlfw/rlfw_deploy/install:/home/albusgive2/rlfw/rlfw_interface/install'), ('ROS_DISTRO', 'humble'), ('GTK_IM_MODULE', 'ibus'), ('LOGNAME', 'albusgive2'), ('http_proxy', 'http://127.0.0.1:7897'), ('JOURNAL_STREAM', '8:12194'), ('_', '/usr/bin/colcon'), ('ROS_VERSION', '2'), ('XDG_SESSION_CLASS', 'user'), ('USERNAME', 'albusgive2'), ('TERM', 'xterm-256color'), ('GNOME_DESKTOP_SESSION_ID', 'this-is-deprecated'), ('_CE_CONDA', ''), ('ROS_LOCALHOST_ONLY', '0'), ('WINDOWPATH', '2'), ('PATH', '/home/albusgive2/Qt/6.8.2/gcc_64/bin:/opt/ros/humble/bin:/usr/local/cuda/bin:/home/albusgive2/anaconda3/condabin:/home/albusgive2/.local/bin:/usr/local/sbin:/usr/local/bin:/usr/sbin:/usr/bin:/sbin:/bin:/usr/games:/usr/local/games:/snap/bin:/snap/bin:/home/albusgive2/.config/Code/User/globalStorage/github.copilot-chat/debugCommand:/usr/local/cuda-12.4/bin'), ('SESSION_MANAGER', 'local/albusgive2:@/tmp/.ICE-unix/1795,unix/albusgive2:/tmp/.ICE-unix/1795'), ('INVOCATION_ID', 'c816e059c17f44b896bd9c0a32d3c3d9'), ('XDG_MENU_PREFIX', 'gnome-'), ('XDG_RUNTIME_DIR', '/run/user/1000'), ('GDK_BACKEND', 'x11'), ('DISPLAY', ':1'), ('LANG', 'zh_CN.UTF-8'), ('XDG_CURRENT_DESKTOP', 'Unity'), ('XMODIFIERS', '@im=ibus'), ('XDG_SESSION_DESKTOP', 'ubuntu'), ('XAUTHORITY', '/run/user/1000/gdm/Xauthority'), ('LS_COLORS', 'rs=0:di=01;34:ln=01;36:mh=00:pi=40;33:so=01;35:do=01;35:bd=40;33;01:cd=40;33;01:or=40;31;01:mi=00:su=37;41:sg=30;43:ca=30;41:tw=30;42:ow=34;42:st=37;44:ex=01;32:*.tar=01;31:*.tgz=01;31:*.arc=01;31:*.arj=01;31:*.taz=01;31:*.lha=01;31:*.lz4=01;31:*.lzh=01;31:*.lzma=01;31:*.tlz=01;31:*.txz=01;31:*.tzo=01;31:*.t7z=01;31:*.zip=01;31:*.z=01;31:*.dz=01;31:*.gz=01;31:*.lrz=01;31:*.lz=01;31:*.lzo=01;31:*.xz=01;31:*.zst=01;31:*.tzst=01;31:*.bz2=01;31:*.bz=01;31:*.tbz=01;31:*.tbz2=01;31:*.tz=01;31:*.deb=01;31:*.rpm=01;31:*.jar=01;31:*.war=01;31:*.ear=01;31:*.sar=01;31:*.rar=01;31:*.alz=01;31:*.ace=01;31:*.zoo=01;31:*.cpio=01;31:*.7z=01;31:*.rz=01;31:*.cab=01;31:*.wim=01;31:*.swm=01;31:*.dwm=01;31:*.esd=01;31:*.jpg=01;35:*.jpeg=01;35:*.mjpg=01;35:*.mjpeg=01;35:*.gif=01;35:*.bmp=01;35:*.pbm=01;35:*.pgm=01;35:*.ppm=01;35:*.tga=01;35:*.xbm=01;35:*.xpm=01;35:*.tif=01;35:*.tiff=01;35:*.png=01;35:*.svg=01;35:*.svgz=01;35:*.mng=01;35:*.pcx=01;35:*.mov=01;35:*.mpg=01;35:*.mpeg=01;35:*.m2v=01;35:*.mkv=01;35:*.webm=01;35:*.webp=01;35:*.ogm=01;35:*.mp4=01;35:*.m4v=01;35:*.mp4v=01;35:*.vob=01;35:*.qt=01;35:*.nuv=01;35:*.wmv=01;35:*.asf=01;35:*.rm=01;35:*.rmvb=01;35:*.flc=01;35:*.avi=01;35:*.fli=01;35:*.flv=01;35:*.gl=01;35:*.dl=01;35:*.xcf=01;35:*.xwd=01;35:*.yuv=01;35:*.cgm=01;35:*.emf=01;35:*.ogv=01;35:*.ogx=01;35:*.aac=00;36:*.au=00;36:*.flac=00;36:*.m4a=00;36:*.mid=00;36:*.midi=00;36:*.mka=00;36:*.mp3=00;36:*.mpc=00;36:*.ogg=00;36:*.ra=00;36:*.wav=00;36:*.oga=00;36:*.opus=00;36:*.spx=00;36:*.xspf=00;36:'), ('VSCODE_GIT_IPC_HANDLE', '/run/user/1000/vscode-git-3d487d3973.sock'), ('TERM_PROGRAM', 'vscode'), ('SSH_AGENT_LAUNCHER', 'gnome-keyring'), ('SSH_AUTH_SOCK', '/run/user/1000/keyring/ssh'), ('AMENT_PREFIX_PATH', '/home/albusgive2/rlfw/rlfw_deploy/install/nz-imu:/home/albusgive2/rlfw/rlfw_deploy/install/mujoco_mapping:/home/albusgive2/rlfw/rlfw_deploy/install/CommunicationCenter:/home/albusgive2/rlfw/rlfw_interface/install/rlfw_msgs:/opt/ros/humble'), ('CONDA_PYTHON_EXE', '/home/albusgive2/anaconda3/bin/python'), ('ORIGINAL_XDG_CURRENT_DESKTOP', 'ubuntu:GNOME'), ('SHELL', '/bin/bash'), ('QT_ACCESSIBILITY', '1'), ('GDMSESSION', 'ubuntu'), ('LESSCLOSE', '/usr/bin/lesspipe %s %s'), ('GPG_AGENT_INFO', '/run/user/1000/gnupg/S.gpg-agent:0:1'), ('GJS_DEBUG_OUTPUT', 'stderr'), ('VSCODE_GIT_ASKPASS_EXTRA_ARGS', ''), ('QT_IM_MODULE', 'ibus'), ('PWD', '/home/albusgive2/rlfw/rlfw_deploy/build/nz-imu'), ('XDG_CONFIG_DIRS', '/etc/xdg/xdg-ubuntu:/etc/xdg'), ('CONDA_EXE', '/home/albusgive2/anaconda3/bin/conda'), ('XDG_DATA_DIRS', '/usr/share/ubuntu:/usr/share/gnome:/usr/local/share/:/usr/share/:/var/lib/snapd/desktop'), ('PYTHONPATH', '/home/albusgive2/rlfw/rlfw_interface/install/rlfw_msgs/local/lib/python3.10/dist-packages:/opt/ros/humble/lib/python3.10/site-packages:/opt/ros/humble/local/lib/python3.10/dist-packages'), ('COLCON', '1'), ('CMAKE_PREFIX_PATH', '/home/albusgive2/rlfw/rlfw_deploy/install/nz-imu:/home/albusgive2/rlfw/rlfw_deploy/install/mujoco_mapping:/home/albusgive2/rlfw/rlfw_deploy/install/CommunicationCenter:/home/albusgive2/rlfw/rlfw_interface/install/rlfw_msgs:/opt/ros/humble')]), 'shell': False}
[0.057239] (mujoco_mapping) StdoutLine: {'line': b'-- The C compiler identification is GNU 12.3.0\n'}
[0.058200] (CommunicationCenter) StdoutLine: {'line': b'-- The C compiler identification is GNU 12.3.0\n'}
[0.059260] (nz-imu) StdoutLine: {'line': b'-- The C compiler identification is GNU 12.3.0\n'}
[0.093299] (mujoco_mapping) StdoutLine: {'line': b'-- The CXX compiler identification is GNU 12.3.0\n'}
[0.093585] (CommunicationCenter) StdoutLine: {'line': b'-- The CXX compiler identification is GNU 12.3.0\n'}
[0.094069] (nz-imu) StdoutLine: {'line': b'-- The CXX compiler identification is GNU 12.3.0\n'}
[0.097894] (mujoco_mapping) StdoutLine: {'line': b'-- Detecting C compiler ABI info\n'}
[0.098076] (CommunicationCenter) StdoutLine: {'line': b'-- Detecting C compiler ABI info\n'}
[0.098539] (nz-imu) StdoutLine: {'line': b'-- Detecting C compiler ABI info\n'}
[0.099861] (-) TimerEvent: {}
[0.142469] (mujoco_mapping) StdoutLine: {'line': b'-- Detecting C compiler ABI info - done\n'}
[0.142584] (nz-imu) StdoutLine: {'line': b'-- Detecting C compiler ABI info - done\n'}
[0.142625] (CommunicationCenter) StdoutLine: {'line': b'-- Detecting C compiler ABI info - done\n'}
[0.147129] (mujoco_mapping) StdoutLine: {'line': b'-- Check for working C compiler: /usr/bin/cc - skipped\n'}
[0.147283] (nz-imu) StdoutLine: {'line': b'-- Check for working C compiler: /usr/bin/cc - skipped\n'}
[0.147386] (CommunicationCenter) StdoutLine: {'line': b'-- Check for working C compiler: /usr/bin/cc - skipped\n'}
[0.147449] (CommunicationCenter) StdoutLine: {'line': b'-- Detecting C compile features\n'}
[0.147496] (mujoco_mapping) StdoutLine: {'line': b'-- Detecting C compile features\n'}
[0.147543] (nz-imu) StdoutLine: {'line': b'-- Detecting C compile features\n'}
[0.147629] (nz-imu) StdoutLine: {'line': b'-- Detecting C compile features - done\n'}
[0.147682] (CommunicationCenter) StdoutLine: {'line': b'-- Detecting C compile features - done\n'}
[0.147758] (mujoco_mapping) StdoutLine: {'line': b'-- Detecting C compile features - done\n'}
[0.149552] (CommunicationCenter) StdoutLine: {'line': b'-- Detecting CXX compiler ABI info\n'}
[0.149673] (nz-imu) StdoutLine: {'line': b'-- Detecting CXX compiler ABI info\n'}
[0.149752] (mujoco_mapping) StdoutLine: {'line': b'-- Detecting CXX compiler ABI info\n'}
[0.199948] (-) TimerEvent: {}
[0.204838] (mujoco_mapping) StdoutLine: {'line': b'-- Detecting CXX compiler ABI info - done\n'}
[0.205061] (CommunicationCenter) StdoutLine: {'line': b'-- Detecting CXX compiler ABI info - done\n'}
[0.205123] (nz-imu) StdoutLine: {'line': b'-- Detecting CXX compiler ABI info - done\n'}
[0.210007] (nz-imu) StdoutLine: {'line': b'-- Check for working CXX compiler: /usr/bin/c++ - skipped\n'}
[0.210103] (mujoco_mapping) StdoutLine: {'line': b'-- Check for working CXX compiler: /usr/bin/c++ - skipped\n'}
[0.210172] (nz-imu) StdoutLine: {'line': b'-- Detecting CXX compile features\n'}
[0.210224] (CommunicationCenter) StdoutLine: {'line': b'-- Check for working CXX compiler: /usr/bin/c++ - skipped\n'}
[0.210289] (mujoco_mapping) StdoutLine: {'line': b'-- Detecting CXX compile features\n'}
[0.210436] (CommunicationCenter) StdoutLine: {'line': b'-- Detecting CXX compile features\n'}
[0.210526] (nz-imu) StdoutLine: {'line': b'-- Detecting CXX compile features - done\n'}
[0.210587] (mujoco_mapping) StdoutLine: {'line': b'-- Detecting CXX compile features - done\n'}
[0.210764] (CommunicationCenter) StdoutLine: {'line': b'-- Detecting CXX compile features - done\n'}
[0.211861] (mujoco_mapping) StdoutLine: {'line': b'-- Found ament_cmake: 1.3.11 (/opt/ros/humble/share/ament_cmake/cmake)\n'}
[0.211940] (nz-imu) StdoutLine: {'line': b'-- Found ament_cmake: 1.3.11 (/opt/ros/humble/share/ament_cmake/cmake)\n'}
[0.212026] (CommunicationCenter) StdoutLine: {'line': b'-- Found ament_cmake: 1.3.11 (/opt/ros/humble/share/ament_cmake/cmake)\n'}
[0.300032] (-) TimerEvent: {}
[0.308621] (mujoco_mapping) StdoutLine: {'line': b'-- Found Python3: /usr/bin/python3 (found version "3.10.12") found components: Interpreter \n'}
[0.308784] (nz-imu) StdoutLine: {'line': b'-- Found Python3: /usr/bin/python3 (found version "3.10.12") found components: Interpreter \n'}
[0.308890] (CommunicationCenter) StdoutLine: {'line': b'-- Found Python3: /usr/bin/python3 (found version "3.10.12") found components: Interpreter \n'}
[0.362556] (mujoco_mapping) StdoutLine: {'line': b'-- Found rclcpp: 16.0.11 (/opt/ros/humble/share/rclcpp/cmake)\n'}
[0.368992] (nz-imu) StdoutLine: {'line': b'-- Found rclcpp: 16.0.11 (/opt/ros/humble/share/rclcpp/cmake)\n'}
[0.369088] (CommunicationCenter) StdoutLine: {'line': b'-- Found rclcpp: 16.0.11 (/opt/ros/humble/share/rclcpp/cmake)\n'}
[0.386302] (mujoco_mapping) StdoutLine: {'line': b'-- Found rosidl_generator_c: 3.1.6 (/opt/ros/humble/share/rosidl_generator_c/cmake)\n'}
[0.388932] (mujoco_mapping) StdoutLine: {'line': b'-- Found rosidl_adapter: 3.1.6 (/opt/ros/humble/share/rosidl_adapter/cmake)\n'}
[0.393722] (mujoco_mapping) StdoutLine: {'line': b'-- Found rosidl_generator_cpp: 3.1.6 (/opt/ros/humble/share/rosidl_generator_cpp/cmake)\n'}
[0.400117] (-) TimerEvent: {}
[0.400953] (mujoco_mapping) StdoutLine: {'line': b'-- Using all available rosidl_typesupport_c: rosidl_typesupport_fastrtps_c;rosidl_typesupport_introspection_c\n'}
[0.404508] (nz-imu) StdoutLine: {'line': b'-- Found rosidl_generator_c: 3.1.6 (/opt/ros/humble/share/rosidl_generator_c/cmake)\n'}
[0.404607] (CommunicationCenter) StdoutLine: {'line': b'-- Found rosidl_generator_c: 3.1.6 (/opt/ros/humble/share/rosidl_generator_c/cmake)\n'}
[0.408730] (CommunicationCenter) StdoutLine: {'line': b'-- Found rosidl_adapter: 3.1.6 (/opt/ros/humble/share/rosidl_adapter/cmake)\n'}
[0.408836] (nz-imu) StdoutLine: {'line': b'-- Found rosidl_adapter: 3.1.6 (/opt/ros/humble/share/rosidl_adapter/cmake)\n'}
[0.410772] (mujoco_mapping) StdoutLine: {'line': b'-- Using all available rosidl_typesupport_cpp: rosidl_typesupport_fastrtps_cpp;rosidl_typesupport_introspection_cpp\n'}
[0.416059] (CommunicationCenter) StdoutLine: {'line': b'-- Found rosidl_generator_cpp: 3.1.6 (/opt/ros/humble/share/rosidl_generator_cpp/cmake)\n'}
[0.416120] (nz-imu) StdoutLine: {'line': b'-- Found rosidl_generator_cpp: 3.1.6 (/opt/ros/humble/share/rosidl_generator_cpp/cmake)\n'}
[0.427356] (nz-imu) StdoutLine: {'line': b'-- Using all available rosidl_typesupport_c: rosidl_typesupport_fastrtps_c;rosidl_typesupport_introspection_c\n'}
[0.427444] (CommunicationCenter) StdoutLine: {'line': b'-- Using all available rosidl_typesupport_c: rosidl_typesupport_fastrtps_c;rosidl_typesupport_introspection_c\n'}
[0.436092] (mujoco_mapping) StdoutLine: {'line': b'-- Found rmw_implementation_cmake: 6.1.2 (/opt/ros/humble/share/rmw_implementation_cmake/cmake)\n'}
[0.437658] (mujoco_mapping) StdoutLine: {'line': b'-- Found rmw_fastrtps_cpp: 6.2.7 (/opt/ros/humble/share/rmw_fastrtps_cpp/cmake)\n'}
[0.438495] (CommunicationCenter) StdoutLine: {'line': b'-- Using all available rosidl_typesupport_cpp: rosidl_typesupport_fastrtps_cpp;rosidl_typesupport_introspection_cpp\n'}
[0.438861] (nz-imu) StdoutLine: {'line': b'-- Using all available rosidl_typesupport_cpp: rosidl_typesupport_fastrtps_cpp;rosidl_typesupport_introspection_cpp\n'}
[0.463883] (CommunicationCenter) StdoutLine: {'line': b'-- Found rmw_implementation_cmake: 6.1.2 (/opt/ros/humble/share/rmw_implementation_cmake/cmake)\n'}
[0.464757] (nz-imu) StdoutLine: {'line': b'-- Found rmw_implementation_cmake: 6.1.2 (/opt/ros/humble/share/rmw_implementation_cmake/cmake)\n'}
[0.465273] (CommunicationCenter) StdoutLine: {'line': b'-- Found rmw_fastrtps_cpp: 6.2.7 (/opt/ros/humble/share/rmw_fastrtps_cpp/cmake)\n'}
[0.466160] (nz-imu) StdoutLine: {'line': b'-- Found rmw_fastrtps_cpp: 6.2.7 (/opt/ros/humble/share/rmw_fastrtps_cpp/cmake)\n'}
[0.496217] (mujoco_mapping) StdoutLine: {'line': b'-- Found OpenSSL: /usr/lib/x86_64-linux-gnu/libcrypto.so (found version "3.0.2")  \n'}
[0.500219] (-) TimerEvent: {}
[0.514904] (mujoco_mapping) StdoutLine: {'line': b'-- Found FastRTPS: /opt/ros/humble/include  \n'}
[0.516754] (CommunicationCenter) StdoutLine: {'line': b'-- Found OpenSSL: /usr/lib/x86_64-linux-gnu/libcrypto.so (found version "3.0.2")  \n'}
[0.518099] (nz-imu) StdoutLine: {'line': b'-- Found OpenSSL: /usr/lib/x86_64-linux-gnu/libcrypto.so (found version "3.0.2")  \n'}
[0.534413] (CommunicationCenter) StdoutLine: {'line': b'-- Found FastRTPS: /opt/ros/humble/include  \n'}
[0.537043] (nz-imu) StdoutLine: {'line': b'-- Found FastRTPS: /opt/ros/humble/include  \n'}
[0.541950] (mujoco_mapping) StdoutLine: {'line': b"-- Using RMW implementation 'rmw_fastrtps_cpp' as default\n"}
[0.546900] (mujoco_mapping) StdoutLine: {'line': b'-- Looking for pthread.h\n'}
[0.561287] (CommunicationCenter) StdoutLine: {'line': b"-- Using RMW implementation 'rmw_fastrtps_cpp' as default\n"}
[0.563434] (nz-imu) StdoutLine: {'line': b"-- Using RMW implementation 'rmw_fastrtps_cpp' as default\n"}
[0.566342] (CommunicationCenter) StdoutLine: {'line': b'-- Looking for pthread.h\n'}
[0.568312] (nz-imu) StdoutLine: {'line': b'-- Looking for pthread.h\n'}
[0.594564] (mujoco_mapping) StdoutLine: {'line': b'-- Looking for pthread.h - found\n'}
[0.594852] (mujoco_mapping) StdoutLine: {'line': b'-- Performing Test CMAKE_HAVE_LIBC_PTHREAD\n'}
[0.600299] (-) TimerEvent: {}
[0.613968] (CommunicationCenter) StdoutLine: {'line': b'-- Looking for pthread.h - found\n'}
[0.614084] (nz-imu) StdoutLine: {'line': b'-- Looking for pthread.h - found\n'}
[0.614195] (CommunicationCenter) StdoutLine: {'line': b'-- Performing Test CMAKE_HAVE_LIBC_PTHREAD\n'}
[0.614288] (nz-imu) StdoutLine: {'line': b'-- Performing Test CMAKE_HAVE_LIBC_PTHREAD\n'}
[0.642705] (mujoco_mapping) StdoutLine: {'line': b'-- Performing Test CMAKE_HAVE_LIBC_PTHREAD - Success\n'}
[0.643470] (mujoco_mapping) StdoutLine: {'line': b'-- Found Threads: TRUE  \n'}
[0.662080] (CommunicationCenter) StdoutLine: {'line': b'-- Performing Test CMAKE_HAVE_LIBC_PTHREAD - Success\n'}
[0.662209] (nz-imu) StdoutLine: {'line': b'-- Performing Test CMAKE_HAVE_LIBC_PTHREAD - Success\n'}
[0.662975] (nz-imu) StdoutLine: {'line': b'-- Found Threads: TRUE  \n'}
[0.663064] (CommunicationCenter) StdoutLine: {'line': b'-- Found Threads: TRUE  \n'}
[0.681617] (mujoco_mapping) StdoutLine: {'line': b'-- Found sensor_msgs: 4.2.4 (/opt/ros/humble/share/sensor_msgs/cmake)\n'}
[0.693837] (nz-imu) StdoutLine: {'line': b'-- Found sensor_msgs: 4.2.4 (/opt/ros/humble/share/sensor_msgs/cmake)\n'}
[0.699652] (CommunicationCenter) StdoutLine: {'line': b'-- Found example_interfaces: 0.9.3 (/opt/ros/humble/share/example_interfaces/cmake)\n'}
[0.700382] (-) TimerEvent: {}
[0.703152] (mujoco_mapping) StderrLine: {'line': b'\x1b[33mCMake Warning (dev) at /usr/share/cmake-3.22/Modules/FindOpenGL.cmake:315 (message):\n'}
[0.703254] (mujoco_mapping) StderrLine: {'line': b'  Policy CMP0072 is not set: FindOpenGL prefers GLVND by default when\n'}
[0.703290] (mujoco_mapping) StderrLine: {'line': b'  available.  Run "cmake --help-policy CMP0072" for policy details.  Use the\n'}
[0.703318] (mujoco_mapping) StderrLine: {'line': b'  cmake_policy command to set the policy and suppress this warning.\n'}
[0.703345] (mujoco_mapping) StderrLine: {'line': b'\n'}
[0.703372] (mujoco_mapping) StderrLine: {'line': b'  FindOpenGL found both a legacy GL library:\n'}
[0.703401] (mujoco_mapping) StderrLine: {'line': b'\n'}
[0.703426] (mujoco_mapping) StderrLine: {'line': b'    OPENGL_gl_LIBRARY: /usr/lib/x86_64-linux-gnu/libGL.so\n'}
[0.703451] (mujoco_mapping) StderrLine: {'line': b'\n'}
[0.703475] (mujoco_mapping) StderrLine: {'line': b'  and GLVND libraries for OpenGL and GLX:\n'}
[0.703502] (mujoco_mapping) StderrLine: {'line': b'\n'}
[0.703528] (mujoco_mapping) StderrLine: {'line': b'    OPENGL_opengl_LIBRARY: /usr/lib/x86_64-linux-gnu/libOpenGL.so\n'}
[0.703553] (mujoco_mapping) StderrLine: {'line': b'    OPENGL_glx_LIBRARY: /usr/lib/x86_64-linux-gnu/libGLX.so\n'}
[0.703578] (mujoco_mapping) StderrLine: {'line': b'\n'}
[0.703601] (mujoco_mapping) StderrLine: {'line': b'  OpenGL_GL_PREFERENCE has not been set to "GLVND" or "LEGACY", so for\n'}
[0.703625] (mujoco_mapping) StderrLine: {'line': b'  compatibility with CMake 3.10 and below the legacy GL library will be used.\n'}
[0.703650] (mujoco_mapping) StderrLine: {'line': b'Call Stack (most recent call first):\n'}
[0.703678] (mujoco_mapping) StderrLine: {'line': b'  /usr/share/cmake-3.22/Modules/CMakeFindDependencyMacro.cmake:47 (find_package)\n'}
[0.703703] (mujoco_mapping) StderrLine: {'line': b'  /opt/mujoco/lib/cmake/mujoco/mujocoConfig.cmake:42 (find_dependency)\n'}
[0.703727] (mujoco_mapping) StderrLine: {'line': b'  CMakeLists.txt:13 (find_package)\n'}
[0.703752] (mujoco_mapping) StderrLine: {'line': b'This warning is for project developers.  Use -Wno-dev to suppress it.\n'}
[0.703800] (mujoco_mapping) StderrLine: {'line': b'\x1b[0m\n'}
[0.703827] (mujoco_mapping) StdoutLine: {'line': b'-- Found OpenGL: /usr/lib/x86_64-linux-gnu/libOpenGL.so   \n'}
[0.704396] (mujoco_mapping) StdoutLine: {'line': b'-- Find mujoco:  , \n'}
[0.705733] (mujoco_mapping) StdoutLine: {'line': b'-- Found ament_lint_auto: 0.12.11 (/opt/ros/humble/share/ament_lint_auto/cmake)\n'}
[0.713495] (nz-imu) StdoutLine: {'line': b'-- Found ament_lint_auto: 0.12.11 (/opt/ros/humble/share/ament_lint_auto/cmake)\n'}
[0.723999] (CommunicationCenter) StdoutLine: {'line': b'-- Found rlfw_msgs: 0.0.0 (/home/albusgive2/rlfw/rlfw_interface/install/rlfw_msgs/share/rlfw_msgs/cmake)\n'}
[0.732405] (CommunicationCenter) StdoutLine: {'line': b'-- Found tf2_geometry_msgs: 0.25.12 (/opt/ros/humble/share/tf2_geometry_msgs/cmake)\n'}
[0.749323] (CommunicationCenter) StdoutLine: {'line': b'-- Found eigen3_cmake_module: 0.1.1 (/opt/ros/humble/share/eigen3_cmake_module/cmake)\n'}
[0.750309] (CommunicationCenter) StdoutLine: {'line': b'-- Found Eigen3: TRUE (found version "3.4.0") \n'}
[0.750472] (CommunicationCenter) StdoutLine: {'line': b'-- Ensuring Eigen3 include directory is part of orocos-kdl CMake target\n'}
[0.755502] (mujoco_mapping) StdoutLine: {'line': b"-- Added test 'cppcheck' to perform static code analysis on C / C++ code\n"}
[0.755655] (mujoco_mapping) StdoutLine: {'line': b'-- Configured cppcheck include dirs: \n'}
[0.755710] (mujoco_mapping) StdoutLine: {'line': b'-- Configured cppcheck exclude dirs and/or files: \n'}
[0.756130] (mujoco_mapping) StdoutLine: {'line': b"-- Added test 'lint_cmake' to check CMake code style\n"}
[0.756817] (mujoco_mapping) StdoutLine: {'line': b"-- Added test 'uncrustify' to check C / C++ code style\n"}
[0.756920] (mujoco_mapping) StdoutLine: {'line': b'-- Configured uncrustify additional arguments: \n'}
[0.757278] (mujoco_mapping) StdoutLine: {'line': b"-- Added test 'xmllint' to check XML markup files\n"}
[0.758258] (mujoco_mapping) StdoutLine: {'line': b'-- Configuring done\n'}
[0.762839] (nz-imu) StdoutLine: {'line': b"-- Added test 'cppcheck' to perform static code analysis on C / C++ code\n"}
[0.762979] (nz-imu) StdoutLine: {'line': b'-- Configured cppcheck include dirs: $<BUILD_INTERFACE:/home/albusgive2/rlfw/rlfw_deploy/src/nz-imu/include>\n'}
[0.763042] (nz-imu) StdoutLine: {'line': b'-- Configured cppcheck exclude dirs and/or files: \n'}
[0.763461] (nz-imu) StdoutLine: {'line': b"-- Added test 'lint_cmake' to check CMake code style\n"}
[0.763715] (mujoco_mapping) StdoutLine: {'line': b'-- Generating done\n'}
[0.764142] (nz-imu) StdoutLine: {'line': b"-- Added test 'uncrustify' to check C / C++ code style\n"}
[0.764230] (nz-imu) StdoutLine: {'line': b'-- Configured uncrustify additional arguments: \n'}
[0.764522] (nz-imu) StdoutLine: {'line': b"-- Added test 'xmllint' to check XML markup files\n"}
[0.765240] (nz-imu) StdoutLine: {'line': b'-- Configuring done\n'}
[0.766141] (mujoco_mapping) StdoutLine: {'line': b'-- Build files have been written to: /home/albusgive2/rlfw/rlfw_deploy/build/mujoco_mapping\n'}
[0.770561] (nz-imu) StdoutLine: {'line': b'-- Generating done\n'}
[0.771810] (mujoco_mapping) CommandEnded: {'returncode': 0}
[0.772288] (mujoco_mapping) JobProgress: {'identifier': 'mujoco_mapping', 'progress': 'build'}
[0.772798] (mujoco_mapping) Command: {'cmd': ['/usr/bin/cmake', '--build', '/home/albusgive2/rlfw/rlfw_deploy/build/mujoco_mapping', '--', '-j12', '-l12'], 'cwd': '/home/albusgive2/rlfw/rlfw_deploy/build/mujoco_mapping', 'env': OrderedDict([('GJS_DEBUG_TOPICS', 'JS ERROR;JS LOG'), ('LESSOPEN', '| /usr/bin/lesspipe %s'), ('LANGUAGE', 'zh_CN:zh'), ('USER', 'albusgive2'), ('XDG_SESSION_TYPE', 'x11'), ('GIT_ASKPASS', '/usr/share/code/resources/app/extensions/git/dist/askpass.sh'), ('SHLVL', '1'), ('LD_LIBRARY_PATH', '/home/albusgive2/rlfw/rlfw_interface/install/rlfw_msgs/lib:/opt/mujoco/lib:/opt/ros/humble/opt/rviz_ogre_vendor/lib:/opt/ros/humble/lib/x86_64-linux-gnu:/opt/ros/humble/lib:/usr/local/cuda/lib64::/usr/local/cuda-12.4/lib64'), ('HOME', '/home/albusgive2'), ('CHROME_DESKTOP', 'code.desktop'), ('CONDA_SHLVL', '0'), ('OLDPWD', '/home/albusgive2/rlfw/rlfw_deploy/src'), ('TERM_PROGRAM_VERSION', '1.97.0'), ('DESKTOP_SESSION', 'ubuntu'), ('GIO_LAUNCHED_DESKTOP_FILE', '/usr/share/applications/code.desktop'), ('ROS_PYTHON_VERSION', '3'), ('GNOME_SHELL_SESSION_MODE', 'ubuntu'), ('GTK_MODULES', 'gail:atk-bridge'), ('VSCODE_GIT_ASKPASS_MAIN', '/usr/share/code/resources/app/extensions/git/dist/askpass-main.js'), ('VSCODE_GIT_ASKPASS_NODE', '/usr/share/code/code'), ('MANAGERPID', '1573'), ('SYSTEMD_EXEC_PID', '1822'), ('DBUS_SESSION_BUS_ADDRESS', 'unix:path=/run/user/1000/bus'), ('COLORTERM', 'truecolor'), ('_CE_M', ''), ('GIO_LAUNCHED_DESKTOP_FILE_PID', '3784'), ('https_proxy', 'http://127.0.0.1:7897'), ('COLCON_PREFIX_PATH', '/home/albusgive2/rlfw/rlfw_deploy/install:/home/albusgive2/rlfw/rlfw_interface/install'), ('ROS_DISTRO', 'humble'), ('GTK_IM_MODULE', 'ibus'), ('LOGNAME', 'albusgive2'), ('http_proxy', 'http://127.0.0.1:7897'), ('JOURNAL_STREAM', '8:12194'), ('_', '/usr/bin/colcon'), ('ROS_VERSION', '2'), ('XDG_SESSION_CLASS', 'user'), ('USERNAME', 'albusgive2'), ('TERM', 'xterm-256color'), ('GNOME_DESKTOP_SESSION_ID', 'this-is-deprecated'), ('_CE_CONDA', ''), ('ROS_LOCALHOST_ONLY', '0'), ('WINDOWPATH', '2'), ('PATH', '/home/albusgive2/Qt/6.8.2/gcc_64/bin:/opt/ros/humble/bin:/usr/local/cuda/bin:/home/albusgive2/anaconda3/condabin:/home/albusgive2/.local/bin:/usr/local/sbin:/usr/local/bin:/usr/sbin:/usr/bin:/sbin:/bin:/usr/games:/usr/local/games:/snap/bin:/snap/bin:/home/albusgive2/.config/Code/User/globalStorage/github.copilot-chat/debugCommand:/usr/local/cuda-12.4/bin'), ('SESSION_MANAGER', 'local/albusgive2:@/tmp/.ICE-unix/1795,unix/albusgive2:/tmp/.ICE-unix/1795'), ('INVOCATION_ID', 'c816e059c17f44b896bd9c0a32d3c3d9'), ('XDG_MENU_PREFIX', 'gnome-'), ('XDG_RUNTIME_DIR', '/run/user/1000'), ('GDK_BACKEND', 'x11'), ('DISPLAY', ':1'), ('LANG', 'zh_CN.UTF-8'), ('XDG_CURRENT_DESKTOP', 'Unity'), ('XMODIFIERS', '@im=ibus'), ('XDG_SESSION_DESKTOP', 'ubuntu'), ('XAUTHORITY', '/run/user/1000/gdm/Xauthority'), ('LS_COLORS', 'rs=0:di=01;34:ln=01;36:mh=00:pi=40;33:so=01;35:do=01;35:bd=40;33;01:cd=40;33;01:or=40;31;01:mi=00:su=37;41:sg=30;43:ca=30;41:tw=30;42:ow=34;42:st=37;44:ex=01;32:*.tar=01;31:*.tgz=01;31:*.arc=01;31:*.arj=01;31:*.taz=01;31:*.lha=01;31:*.lz4=01;31:*.lzh=01;31:*.lzma=01;31:*.tlz=01;31:*.txz=01;31:*.tzo=01;31:*.t7z=01;31:*.zip=01;31:*.z=01;31:*.dz=01;31:*.gz=01;31:*.lrz=01;31:*.lz=01;31:*.lzo=01;31:*.xz=01;31:*.zst=01;31:*.tzst=01;31:*.bz2=01;31:*.bz=01;31:*.tbz=01;31:*.tbz2=01;31:*.tz=01;31:*.deb=01;31:*.rpm=01;31:*.jar=01;31:*.war=01;31:*.ear=01;31:*.sar=01;31:*.rar=01;31:*.alz=01;31:*.ace=01;31:*.zoo=01;31:*.cpio=01;31:*.7z=01;31:*.rz=01;31:*.cab=01;31:*.wim=01;31:*.swm=01;31:*.dwm=01;31:*.esd=01;31:*.jpg=01;35:*.jpeg=01;35:*.mjpg=01;35:*.mjpeg=01;35:*.gif=01;35:*.bmp=01;35:*.pbm=01;35:*.pgm=01;35:*.ppm=01;35:*.tga=01;35:*.xbm=01;35:*.xpm=01;35:*.tif=01;35:*.tiff=01;35:*.png=01;35:*.svg=01;35:*.svgz=01;35:*.mng=01;35:*.pcx=01;35:*.mov=01;35:*.mpg=01;35:*.mpeg=01;35:*.m2v=01;35:*.mkv=01;35:*.webm=01;35:*.webp=01;35:*.ogm=01;35:*.mp4=01;35:*.m4v=01;35:*.mp4v=01;35:*.vob=01;35:*.qt=01;35:*.nuv=01;35:*.wmv=01;35:*.asf=01;35:*.rm=01;35:*.rmvb=01;35:*.flc=01;35:*.avi=01;35:*.fli=01;35:*.flv=01;35:*.gl=01;35:*.dl=01;35:*.xcf=01;35:*.xwd=01;35:*.yuv=01;35:*.cgm=01;35:*.emf=01;35:*.ogv=01;35:*.ogx=01;35:*.aac=00;36:*.au=00;36:*.flac=00;36:*.m4a=00;36:*.mid=00;36:*.midi=00;36:*.mka=00;36:*.mp3=00;36:*.mpc=00;36:*.ogg=00;36:*.ra=00;36:*.wav=00;36:*.oga=00;36:*.opus=00;36:*.spx=00;36:*.xspf=00;36:'), ('VSCODE_GIT_IPC_HANDLE', '/run/user/1000/vscode-git-3d487d3973.sock'), ('TERM_PROGRAM', 'vscode'), ('SSH_AGENT_LAUNCHER', 'gnome-keyring'), ('SSH_AUTH_SOCK', '/run/user/1000/keyring/ssh'), ('AMENT_PREFIX_PATH', '/home/albusgive2/rlfw/rlfw_deploy/install/nz-imu:/home/albusgive2/rlfw/rlfw_deploy/install/mujoco_mapping:/home/albusgive2/rlfw/rlfw_deploy/install/CommunicationCenter:/home/albusgive2/rlfw/rlfw_interface/install/rlfw_msgs:/opt/ros/humble'), ('CONDA_PYTHON_EXE', '/home/albusgive2/anaconda3/bin/python'), ('ORIGINAL_XDG_CURRENT_DESKTOP', 'ubuntu:GNOME'), ('SHELL', '/bin/bash'), ('QT_ACCESSIBILITY', '1'), ('GDMSESSION', 'ubuntu'), ('LESSCLOSE', '/usr/bin/lesspipe %s %s'), ('GPG_AGENT_INFO', '/run/user/1000/gnupg/S.gpg-agent:0:1'), ('GJS_DEBUG_OUTPUT', 'stderr'), ('VSCODE_GIT_ASKPASS_EXTRA_ARGS', ''), ('QT_IM_MODULE', 'ibus'), ('PWD', '/home/albusgive2/rlfw/rlfw_deploy/build/mujoco_mapping'), ('XDG_CONFIG_DIRS', '/etc/xdg/xdg-ubuntu:/etc/xdg'), ('CONDA_EXE', '/home/albusgive2/anaconda3/bin/conda'), ('XDG_DATA_DIRS', '/usr/share/ubuntu:/usr/share/gnome:/usr/local/share/:/usr/share/:/var/lib/snapd/desktop'), ('PYTHONPATH', '/home/albusgive2/rlfw/rlfw_interface/install/rlfw_msgs/local/lib/python3.10/dist-packages:/opt/ros/humble/lib/python3.10/site-packages:/opt/ros/humble/local/lib/python3.10/dist-packages'), ('COLCON', '1'), ('CMAKE_PREFIX_PATH', '/home/albusgive2/rlfw/rlfw_deploy/install/nz-imu:/home/albusgive2/rlfw/rlfw_deploy/install/mujoco_mapping:/home/albusgive2/rlfw/rlfw_deploy/install/CommunicationCenter:/home/albusgive2/rlfw/rlfw_interface/install/rlfw_msgs:/opt/ros/humble')]), 'shell': False}
[0.773596] (nz-imu) StdoutLine: {'line': b'-- Build files have been written to: /home/albusgive2/rlfw/rlfw_deploy/build/nz-imu\n'}
[0.778967] (nz-imu) CommandEnded: {'returncode': 0}
[0.779546] (nz-imu) JobProgress: {'identifier': 'nz-imu', 'progress': 'build'}
[0.779568] (nz-imu) Command: {'cmd': ['/usr/bin/cmake', '--build', '/home/albusgive2/rlfw/rlfw_deploy/build/nz-imu', '--', '-j12', '-l12'], 'cwd': '/home/albusgive2/rlfw/rlfw_deploy/build/nz-imu', 'env': OrderedDict([('GJS_DEBUG_TOPICS', 'JS ERROR;JS LOG'), ('LESSOPEN', '| /usr/bin/lesspipe %s'), ('LANGUAGE', 'zh_CN:zh'), ('USER', 'albusgive2'), ('XDG_SESSION_TYPE', 'x11'), ('GIT_ASKPASS', '/usr/share/code/resources/app/extensions/git/dist/askpass.sh'), ('SHLVL', '1'), ('LD_LIBRARY_PATH', '/home/albusgive2/rlfw/rlfw_interface/install/rlfw_msgs/lib:/opt/mujoco/lib:/opt/ros/humble/opt/rviz_ogre_vendor/lib:/opt/ros/humble/lib/x86_64-linux-gnu:/opt/ros/humble/lib:/usr/local/cuda/lib64::/usr/local/cuda-12.4/lib64'), ('HOME', '/home/albusgive2'), ('CHROME_DESKTOP', 'code.desktop'), ('CONDA_SHLVL', '0'), ('OLDPWD', '/home/albusgive2/rlfw/rlfw_deploy/src'), ('TERM_PROGRAM_VERSION', '1.97.0'), ('DESKTOP_SESSION', 'ubuntu'), ('GIO_LAUNCHED_DESKTOP_FILE', '/usr/share/applications/code.desktop'), ('ROS_PYTHON_VERSION', '3'), ('GNOME_SHELL_SESSION_MODE', 'ubuntu'), ('GTK_MODULES', 'gail:atk-bridge'), ('VSCODE_GIT_ASKPASS_MAIN', '/usr/share/code/resources/app/extensions/git/dist/askpass-main.js'), ('VSCODE_GIT_ASKPASS_NODE', '/usr/share/code/code'), ('MANAGERPID', '1573'), ('SYSTEMD_EXEC_PID', '1822'), ('DBUS_SESSION_BUS_ADDRESS', 'unix:path=/run/user/1000/bus'), ('COLORTERM', 'truecolor'), ('_CE_M', ''), ('GIO_LAUNCHED_DESKTOP_FILE_PID', '3784'), ('https_proxy', 'http://127.0.0.1:7897'), ('COLCON_PREFIX_PATH', '/home/albusgive2/rlfw/rlfw_deploy/install:/home/albusgive2/rlfw/rlfw_interface/install'), ('ROS_DISTRO', 'humble'), ('GTK_IM_MODULE', 'ibus'), ('LOGNAME', 'albusgive2'), ('http_proxy', 'http://127.0.0.1:7897'), ('JOURNAL_STREAM', '8:12194'), ('_', '/usr/bin/colcon'), ('ROS_VERSION', '2'), ('XDG_SESSION_CLASS', 'user'), ('USERNAME', 'albusgive2'), ('TERM', 'xterm-256color'), ('GNOME_DESKTOP_SESSION_ID', 'this-is-deprecated'), ('_CE_CONDA', ''), ('ROS_LOCALHOST_ONLY', '0'), ('WINDOWPATH', '2'), ('PATH', '/home/albusgive2/Qt/6.8.2/gcc_64/bin:/opt/ros/humble/bin:/usr/local/cuda/bin:/home/albusgive2/anaconda3/condabin:/home/albusgive2/.local/bin:/usr/local/sbin:/usr/local/bin:/usr/sbin:/usr/bin:/sbin:/bin:/usr/games:/usr/local/games:/snap/bin:/snap/bin:/home/albusgive2/.config/Code/User/globalStorage/github.copilot-chat/debugCommand:/usr/local/cuda-12.4/bin'), ('SESSION_MANAGER', 'local/albusgive2:@/tmp/.ICE-unix/1795,unix/albusgive2:/tmp/.ICE-unix/1795'), ('INVOCATION_ID', 'c816e059c17f44b896bd9c0a32d3c3d9'), ('XDG_MENU_PREFIX', 'gnome-'), ('XDG_RUNTIME_DIR', '/run/user/1000'), ('GDK_BACKEND', 'x11'), ('DISPLAY', ':1'), ('LANG', 'zh_CN.UTF-8'), ('XDG_CURRENT_DESKTOP', 'Unity'), ('XMODIFIERS', '@im=ibus'), ('XDG_SESSION_DESKTOP', 'ubuntu'), ('XAUTHORITY', '/run/user/1000/gdm/Xauthority'), ('LS_COLORS', 'rs=0:di=01;34:ln=01;36:mh=00:pi=40;33:so=01;35:do=01;35:bd=40;33;01:cd=40;33;01:or=40;31;01:mi=00:su=37;41:sg=30;43:ca=30;41:tw=30;42:ow=34;42:st=37;44:ex=01;32:*.tar=01;31:*.tgz=01;31:*.arc=01;31:*.arj=01;31:*.taz=01;31:*.lha=01;31:*.lz4=01;31:*.lzh=01;31:*.lzma=01;31:*.tlz=01;31:*.txz=01;31:*.tzo=01;31:*.t7z=01;31:*.zip=01;31:*.z=01;31:*.dz=01;31:*.gz=01;31:*.lrz=01;31:*.lz=01;31:*.lzo=01;31:*.xz=01;31:*.zst=01;31:*.tzst=01;31:*.bz2=01;31:*.bz=01;31:*.tbz=01;31:*.tbz2=01;31:*.tz=01;31:*.deb=01;31:*.rpm=01;31:*.jar=01;31:*.war=01;31:*.ear=01;31:*.sar=01;31:*.rar=01;31:*.alz=01;31:*.ace=01;31:*.zoo=01;31:*.cpio=01;31:*.7z=01;31:*.rz=01;31:*.cab=01;31:*.wim=01;31:*.swm=01;31:*.dwm=01;31:*.esd=01;31:*.jpg=01;35:*.jpeg=01;35:*.mjpg=01;35:*.mjpeg=01;35:*.gif=01;35:*.bmp=01;35:*.pbm=01;35:*.pgm=01;35:*.ppm=01;35:*.tga=01;35:*.xbm=01;35:*.xpm=01;35:*.tif=01;35:*.tiff=01;35:*.png=01;35:*.svg=01;35:*.svgz=01;35:*.mng=01;35:*.pcx=01;35:*.mov=01;35:*.mpg=01;35:*.mpeg=01;35:*.m2v=01;35:*.mkv=01;35:*.webm=01;35:*.webp=01;35:*.ogm=01;35:*.mp4=01;35:*.m4v=01;35:*.mp4v=01;35:*.vob=01;35:*.qt=01;35:*.nuv=01;35:*.wmv=01;35:*.asf=01;35:*.rm=01;35:*.rmvb=01;35:*.flc=01;35:*.avi=01;35:*.fli=01;35:*.flv=01;35:*.gl=01;35:*.dl=01;35:*.xcf=01;35:*.xwd=01;35:*.yuv=01;35:*.cgm=01;35:*.emf=01;35:*.ogv=01;35:*.ogx=01;35:*.aac=00;36:*.au=00;36:*.flac=00;36:*.m4a=00;36:*.mid=00;36:*.midi=00;36:*.mka=00;36:*.mp3=00;36:*.mpc=00;36:*.ogg=00;36:*.ra=00;36:*.wav=00;36:*.oga=00;36:*.opus=00;36:*.spx=00;36:*.xspf=00;36:'), ('VSCODE_GIT_IPC_HANDLE', '/run/user/1000/vscode-git-3d487d3973.sock'), ('TERM_PROGRAM', 'vscode'), ('SSH_AGENT_LAUNCHER', 'gnome-keyring'), ('SSH_AUTH_SOCK', '/run/user/1000/keyring/ssh'), ('AMENT_PREFIX_PATH', '/home/albusgive2/rlfw/rlfw_deploy/install/nz-imu:/home/albusgive2/rlfw/rlfw_deploy/install/mujoco_mapping:/home/albusgive2/rlfw/rlfw_deploy/install/CommunicationCenter:/home/albusgive2/rlfw/rlfw_interface/install/rlfw_msgs:/opt/ros/humble'), ('CONDA_PYTHON_EXE', '/home/albusgive2/anaconda3/bin/python'), ('ORIGINAL_XDG_CURRENT_DESKTOP', 'ubuntu:GNOME'), ('SHELL', '/bin/bash'), ('QT_ACCESSIBILITY', '1'), ('GDMSESSION', 'ubuntu'), ('LESSCLOSE', '/usr/bin/lesspipe %s %s'), ('GPG_AGENT_INFO', '/run/user/1000/gnupg/S.gpg-agent:0:1'), ('GJS_DEBUG_OUTPUT', 'stderr'), ('VSCODE_GIT_ASKPASS_EXTRA_ARGS', ''), ('QT_IM_MODULE', 'ibus'), ('PWD', '/home/albusgive2/rlfw/rlfw_deploy/build/nz-imu'), ('XDG_CONFIG_DIRS', '/etc/xdg/xdg-ubuntu:/etc/xdg'), ('CONDA_EXE', '/home/albusgive2/anaconda3/bin/conda'), ('XDG_DATA_DIRS', '/usr/share/ubuntu:/usr/share/gnome:/usr/local/share/:/usr/share/:/var/lib/snapd/desktop'), ('PYTHONPATH', '/home/albusgive2/rlfw/rlfw_interface/install/rlfw_msgs/local/lib/python3.10/dist-packages:/opt/ros/humble/lib/python3.10/site-packages:/opt/ros/humble/local/lib/python3.10/dist-packages'), ('COLCON', '1'), ('CMAKE_PREFIX_PATH', '/home/albusgive2/rlfw/rlfw_deploy/install/nz-imu:/home/albusgive2/rlfw/rlfw_deploy/install/mujoco_mapping:/home/albusgive2/rlfw/rlfw_deploy/install/CommunicationCenter:/home/albusgive2/rlfw/rlfw_interface/install/rlfw_msgs:/opt/ros/humble')]), 'shell': False}
[0.799866] (CommunicationCenter) StdoutLine: {'line': b'-- Found sensor_msgs: 4.2.4 (/opt/ros/humble/share/sensor_msgs/cmake)\n'}
[0.800469] (-) TimerEvent: {}
[0.803468] (mujoco_mapping) StdoutLine: {'line': b'[ 50%] \x1b[32mBuilding CXX object CMakeFiles/mujoco_mapping.dir/main.cpp.o\x1b[0m\n'}
[0.810461] (nz-imu) StdoutLine: {'line': b'[ 50%] \x1b[32mBuilding CXX object CMakeFiles/hwt906.dir/hwt906/wit_c_sdk.cpp.o\x1b[0m\n'}
[0.810598] (nz-imu) StdoutLine: {'line': b'[ 50%] \x1b[32mBuilding CXX object CMakeFiles/hwt906.dir/hwt906/serial.cpp.o\x1b[0m\n'}
[0.810642] (nz-imu) StdoutLine: {'line': b'[ 75%] \x1b[32mBuilding CXX object CMakeFiles/hwt906.dir/hwt906/main.cpp.o\x1b[0m\n'}
[0.819695] (CommunicationCenter) StdoutLine: {'line': b'-- Found ament_lint_auto: 0.12.11 (/opt/ros/humble/share/ament_lint_auto/cmake)\n'}
[0.832281] (nz-imu) StderrLine: {'line': b'\x1b[01m\x1b[K/home/albusgive2/rlfw/rlfw_deploy/src/nz-imu/hwt906/wit_c_sdk.cpp:\x1b[m\x1b[K In function \xe2\x80\x98\x1b[01m\x1b[Kvoid WitSerialDataIn(uint8_t)\x1b[m\x1b[K\xe2\x80\x99:\n'}
[0.832440] (nz-imu) StderrLine: {'line': b'\x1b[01m\x1b[K/home/albusgive2/rlfw/rlfw_deploy/src/nz-imu/hwt906/wit_c_sdk.cpp:181:35:\x1b[m\x1b[K \x1b[01;35m\x1b[Kwarning: \x1b[m\x1b[Kcomparison of integer expressions of different signedness: \xe2\x80\x98\x1b[01m\x1b[Kuint32_t\x1b[m\x1b[K\xe2\x80\x99 {aka \xe2\x80\x98\x1b[01m\x1b[Kunsigned int\x1b[m\x1b[K\xe2\x80\x99} and \xe2\x80\x98\x1b[01m\x1b[Kint\x1b[m\x1b[K\xe2\x80\x99 [\x1b[01;35m\x1b[K\x1b]8;;https://gcc.gnu.org/onlinedocs/gcc/Warning-Options.html#index-Wsign-compare\x07-Wsign-compare\x1b]8;;\x07\x1b[m\x1b[K]\n'}
[0.832506] (nz-imu) StderrLine: {'line': b'  181 |                 if(\x1b[01;35m\x1b[Ks_uiWitDataCnt < (s_ucWitDataBuff[2] + 5)\x1b[m\x1b[K)return ;\n'}
[0.832554] (nz-imu) StderrLine: {'line': b'      |                    \x1b[01;35m\x1b[K~~~~~~~~~~~~~~~^~~~~~~~~~~~~~~~~~~~~~~~~~\x1b[m\x1b[K\n'}
[0.837014] (nz-imu) StderrLine: {'line': b'\x1b[01m\x1b[K/home/albusgive2/rlfw/rlfw_deploy/src/nz-imu/hwt906/wit_c_sdk.cpp:\x1b[m\x1b[K In function \xe2\x80\x98\x1b[01m\x1b[Kvoid WitCanDataIn(uint8_t*, uint8_t)\x1b[m\x1b[K\xe2\x80\x99:\n'}
[0.837147] (nz-imu) StderrLine: {'line': b'\x1b[01m\x1b[K/home/albusgive2/rlfw/rlfw_deploy/src/nz-imu/hwt906/wit_c_sdk.cpp:238:25:\x1b[m\x1b[K \x1b[01;35m\x1b[Kwarning: \x1b[m\x1b[Kthis statement may fall through [\x1b[01;35m\x1b[K\x1b]8;;https://gcc.gnu.org/onlinedocs/gcc/Warning-Options.html#index-Wimplicit-fallthrough=\x07-Wimplicit-fallthrough=\x1b]8;;\x07\x1b[m\x1b[K]\n'}
[0.837208] (nz-imu) StderrLine: {'line': b'  238 |                         \x1b[01;35m\x1b[Kif\x1b[m\x1b[K(ucData[1] == 0x53)\n'}
[0.837257] (nz-imu) StderrLine: {'line': b'      |                         \x1b[01;35m\x1b[K^~\x1b[m\x1b[K\n'}
[0.837302] (nz-imu) StderrLine: {'line': b'\x1b[01m\x1b[K/home/albusgive2/rlfw/rlfw_deploy/src/nz-imu/hwt906/wit_c_sdk.cpp:251:19:\x1b[m\x1b[K \x1b[01;36m\x1b[Knote: \x1b[m\x1b[Khere\n'}
[0.837346] (nz-imu) StderrLine: {'line': b'  251 |                   \x1b[01;36m\x1b[Kcase\x1b[m\x1b[K WIT_PROTOCOL_CAN:\n'}
[0.837400] (nz-imu) StderrLine: {'line': b'      |                   \x1b[01;36m\x1b[K^~~~\x1b[m\x1b[K\n'}
[0.858182] (CommunicationCenter) StderrLine: {'line': b'WARNING: Package name "CommunicationCenter" does not follow the naming conventions. It should start with a lower case letter and only contain lower case letters, digits, underscores, and dashes.\n'}
[0.888673] (CommunicationCenter) StdoutLine: {'line': b"-- Added test 'cppcheck' to perform static code analysis on C / C++ code\n"}
[0.888889] (CommunicationCenter) StdoutLine: {'line': b'-- Configured cppcheck include dirs: /home/albusgive2/rlfw/rlfw_deploy/src/CommunicationCenter/include;/home/albusgive2/rlfw/rlfw_deploy/src/CommunicationCenter/motor_driver;/home/albusgive2/rlfw/rlfw_deploy/src/CommunicationCenter/remote_driver\n'}
[0.888938] (CommunicationCenter) StdoutLine: {'line': b'-- Configured cppcheck exclude dirs and/or files: \n'}
[0.891363] (CommunicationCenter) StdoutLine: {'line': b"-- Added test 'flake8' to check Python code syntax and style conventions\n"}
[0.895908] (CommunicationCenter) StdoutLine: {'line': b"-- Added test 'lint_cmake' to check CMake code style\n"}
[0.898471] (CommunicationCenter) StdoutLine: {'line': b"-- Added test 'pep257' to check Python code against some of the docstring style conventions in PEP 257\n"}
[0.900557] (-) TimerEvent: {}
[0.915402] (CommunicationCenter) StdoutLine: {'line': b"-- Added test 'uncrustify' to check C / C++ code style\n"}
[0.915542] (CommunicationCenter) StdoutLine: {'line': b'-- Configured uncrustify additional arguments: \n'}
[0.917828] (CommunicationCenter) StdoutLine: {'line': b"-- Added test 'xmllint' to check XML markup files\n"}
[0.918604] (CommunicationCenter) StdoutLine: {'line': b'-- Configuring done\n'}
[0.933631] (CommunicationCenter) StdoutLine: {'line': b'-- Generating done\n'}
[0.939751] (CommunicationCenter) StdoutLine: {'line': b'-- Build files have been written to: /home/albusgive2/rlfw/rlfw_deploy/build/CommunicationCenter\n'}
[0.947306] (CommunicationCenter) CommandEnded: {'returncode': 0}
[0.947713] (CommunicationCenter) JobProgress: {'identifier': 'CommunicationCenter', 'progress': 'build'}
[0.947948] (CommunicationCenter) Command: {'cmd': ['/usr/bin/cmake', '--build', '/home/albusgive2/rlfw/rlfw_deploy/build/CommunicationCenter', '--', '-j12', '-l12'], 'cwd': '/home/albusgive2/rlfw/rlfw_deploy/build/CommunicationCenter', 'env': OrderedDict([('GJS_DEBUG_TOPICS', 'JS ERROR;JS LOG'), ('LESSOPEN', '| /usr/bin/lesspipe %s'), ('LANGUAGE', 'zh_CN:zh'), ('USER', 'albusgive2'), ('XDG_SESSION_TYPE', 'x11'), ('GIT_ASKPASS', '/usr/share/code/resources/app/extensions/git/dist/askpass.sh'), ('SHLVL', '1'), ('LD_LIBRARY_PATH', '/home/albusgive2/rlfw/rlfw_interface/install/rlfw_msgs/lib:/opt/mujoco/lib:/opt/ros/humble/opt/rviz_ogre_vendor/lib:/opt/ros/humble/lib/x86_64-linux-gnu:/opt/ros/humble/lib:/usr/local/cuda/lib64::/usr/local/cuda-12.4/lib64'), ('HOME', '/home/albusgive2'), ('CHROME_DESKTOP', 'code.desktop'), ('CONDA_SHLVL', '0'), ('OLDPWD', '/home/albusgive2/rlfw/rlfw_deploy/src'), ('TERM_PROGRAM_VERSION', '1.97.0'), ('DESKTOP_SESSION', 'ubuntu'), ('GIO_LAUNCHED_DESKTOP_FILE', '/usr/share/applications/code.desktop'), ('ROS_PYTHON_VERSION', '3'), ('GNOME_SHELL_SESSION_MODE', 'ubuntu'), ('GTK_MODULES', 'gail:atk-bridge'), ('VSCODE_GIT_ASKPASS_MAIN', '/usr/share/code/resources/app/extensions/git/dist/askpass-main.js'), ('VSCODE_GIT_ASKPASS_NODE', '/usr/share/code/code'), ('MANAGERPID', '1573'), ('SYSTEMD_EXEC_PID', '1822'), ('DBUS_SESSION_BUS_ADDRESS', 'unix:path=/run/user/1000/bus'), ('COLORTERM', 'truecolor'), ('_CE_M', ''), ('GIO_LAUNCHED_DESKTOP_FILE_PID', '3784'), ('https_proxy', 'http://127.0.0.1:7897'), ('COLCON_PREFIX_PATH', '/home/albusgive2/rlfw/rlfw_deploy/install:/home/albusgive2/rlfw/rlfw_interface/install'), ('ROS_DISTRO', 'humble'), ('GTK_IM_MODULE', 'ibus'), ('LOGNAME', 'albusgive2'), ('http_proxy', 'http://127.0.0.1:7897'), ('JOURNAL_STREAM', '8:12194'), ('_', '/usr/bin/colcon'), ('ROS_VERSION', '2'), ('XDG_SESSION_CLASS', 'user'), ('USERNAME', 'albusgive2'), ('TERM', 'xterm-256color'), ('GNOME_DESKTOP_SESSION_ID', 'this-is-deprecated'), ('_CE_CONDA', ''), ('ROS_LOCALHOST_ONLY', '0'), ('WINDOWPATH', '2'), ('PATH', '/home/albusgive2/Qt/6.8.2/gcc_64/bin:/opt/ros/humble/bin:/usr/local/cuda/bin:/home/albusgive2/anaconda3/condabin:/home/albusgive2/.local/bin:/usr/local/sbin:/usr/local/bin:/usr/sbin:/usr/bin:/sbin:/bin:/usr/games:/usr/local/games:/snap/bin:/snap/bin:/home/albusgive2/.config/Code/User/globalStorage/github.copilot-chat/debugCommand:/usr/local/cuda-12.4/bin'), ('SESSION_MANAGER', 'local/albusgive2:@/tmp/.ICE-unix/1795,unix/albusgive2:/tmp/.ICE-unix/1795'), ('INVOCATION_ID', 'c816e059c17f44b896bd9c0a32d3c3d9'), ('XDG_MENU_PREFIX', 'gnome-'), ('XDG_RUNTIME_DIR', '/run/user/1000'), ('GDK_BACKEND', 'x11'), ('DISPLAY', ':1'), ('LANG', 'zh_CN.UTF-8'), ('XDG_CURRENT_DESKTOP', 'Unity'), ('XMODIFIERS', '@im=ibus'), ('XDG_SESSION_DESKTOP', 'ubuntu'), ('XAUTHORITY', '/run/user/1000/gdm/Xauthority'), ('LS_COLORS', 'rs=0:di=01;34:ln=01;36:mh=00:pi=40;33:so=01;35:do=01;35:bd=40;33;01:cd=40;33;01:or=40;31;01:mi=00:su=37;41:sg=30;43:ca=30;41:tw=30;42:ow=34;42:st=37;44:ex=01;32:*.tar=01;31:*.tgz=01;31:*.arc=01;31:*.arj=01;31:*.taz=01;31:*.lha=01;31:*.lz4=01;31:*.lzh=01;31:*.lzma=01;31:*.tlz=01;31:*.txz=01;31:*.tzo=01;31:*.t7z=01;31:*.zip=01;31:*.z=01;31:*.dz=01;31:*.gz=01;31:*.lrz=01;31:*.lz=01;31:*.lzo=01;31:*.xz=01;31:*.zst=01;31:*.tzst=01;31:*.bz2=01;31:*.bz=01;31:*.tbz=01;31:*.tbz2=01;31:*.tz=01;31:*.deb=01;31:*.rpm=01;31:*.jar=01;31:*.war=01;31:*.ear=01;31:*.sar=01;31:*.rar=01;31:*.alz=01;31:*.ace=01;31:*.zoo=01;31:*.cpio=01;31:*.7z=01;31:*.rz=01;31:*.cab=01;31:*.wim=01;31:*.swm=01;31:*.dwm=01;31:*.esd=01;31:*.jpg=01;35:*.jpeg=01;35:*.mjpg=01;35:*.mjpeg=01;35:*.gif=01;35:*.bmp=01;35:*.pbm=01;35:*.pgm=01;35:*.ppm=01;35:*.tga=01;35:*.xbm=01;35:*.xpm=01;35:*.tif=01;35:*.tiff=01;35:*.png=01;35:*.svg=01;35:*.svgz=01;35:*.mng=01;35:*.pcx=01;35:*.mov=01;35:*.mpg=01;35:*.mpeg=01;35:*.m2v=01;35:*.mkv=01;35:*.webm=01;35:*.webp=01;35:*.ogm=01;35:*.mp4=01;35:*.m4v=01;35:*.mp4v=01;35:*.vob=01;35:*.qt=01;35:*.nuv=01;35:*.wmv=01;35:*.asf=01;35:*.rm=01;35:*.rmvb=01;35:*.flc=01;35:*.avi=01;35:*.fli=01;35:*.flv=01;35:*.gl=01;35:*.dl=01;35:*.xcf=01;35:*.xwd=01;35:*.yuv=01;35:*.cgm=01;35:*.emf=01;35:*.ogv=01;35:*.ogx=01;35:*.aac=00;36:*.au=00;36:*.flac=00;36:*.m4a=00;36:*.mid=00;36:*.midi=00;36:*.mka=00;36:*.mp3=00;36:*.mpc=00;36:*.ogg=00;36:*.ra=00;36:*.wav=00;36:*.oga=00;36:*.opus=00;36:*.spx=00;36:*.xspf=00;36:'), ('VSCODE_GIT_IPC_HANDLE', '/run/user/1000/vscode-git-3d487d3973.sock'), ('TERM_PROGRAM', 'vscode'), ('SSH_AGENT_LAUNCHER', 'gnome-keyring'), ('SSH_AUTH_SOCK', '/run/user/1000/keyring/ssh'), ('AMENT_PREFIX_PATH', '/home/albusgive2/rlfw/rlfw_deploy/install/nz-imu:/home/albusgive2/rlfw/rlfw_deploy/install/mujoco_mapping:/home/albusgive2/rlfw/rlfw_deploy/install/CommunicationCenter:/home/albusgive2/rlfw/rlfw_interface/install/rlfw_msgs:/opt/ros/humble'), ('CONDA_PYTHON_EXE', '/home/albusgive2/anaconda3/bin/python'), ('ORIGINAL_XDG_CURRENT_DESKTOP', 'ubuntu:GNOME'), ('SHELL', '/bin/bash'), ('QT_ACCESSIBILITY', '1'), ('GDMSESSION', 'ubuntu'), ('LESSCLOSE', '/usr/bin/lesspipe %s %s'), ('GPG_AGENT_INFO', '/run/user/1000/gnupg/S.gpg-agent:0:1'), ('GJS_DEBUG_OUTPUT', 'stderr'), ('VSCODE_GIT_ASKPASS_EXTRA_ARGS', ''), ('QT_IM_MODULE', 'ibus'), ('PWD', '/home/albusgive2/rlfw/rlfw_deploy/build/CommunicationCenter'), ('XDG_CONFIG_DIRS', '/etc/xdg/xdg-ubuntu:/etc/xdg'), ('CONDA_EXE', '/home/albusgive2/anaconda3/bin/conda'), ('XDG_DATA_DIRS', '/usr/share/ubuntu:/usr/share/gnome:/usr/local/share/:/usr/share/:/var/lib/snapd/desktop'), ('PYTHONPATH', '/home/albusgive2/rlfw/rlfw_interface/install/rlfw_msgs/local/lib/python3.10/dist-packages:/opt/ros/humble/lib/python3.10/site-packages:/opt/ros/humble/local/lib/python3.10/dist-packages'), ('COLCON', '1'), ('CMAKE_PREFIX_PATH', '/home/albusgive2/rlfw/rlfw_deploy/install/nz-imu:/home/albusgive2/rlfw/rlfw_deploy/install/mujoco_mapping:/home/albusgive2/rlfw/rlfw_deploy/install/CommunicationCenter:/home/albusgive2/rlfw/rlfw_interface/install/rlfw_msgs:/opt/ros/humble')]), 'shell': False}
[0.981795] (CommunicationCenter) StdoutLine: {'line': b'[  6%] \x1b[32mBuilding CXX object tinyxml2/CMakeFiles/tinyxml2.dir/tinyxml2.cpp.o\x1b[0m\n'}
[1.000660] (-) TimerEvent: {}
[1.100927] (-) TimerEvent: {}
[1.201189] (-) TimerEvent: {}
[1.214332] (CommunicationCenter) StdoutLine: {'line': b'[ 13%] \x1b[32m\x1b[1mLinking CXX static library libtinyxml2.a\x1b[0m\n'}
[1.258587] (CommunicationCenter) StdoutLine: {'line': b'[ 13%] Built target tinyxml2\n'}
[1.274638] (CommunicationCenter) StdoutLine: {'line': b'[ 20%] \x1b[32mBuilding CXX object CMakeFiles/CommunicationCenter.dir/src/PCAN.cpp.o\x1b[0m\n'}
[1.274864] (CommunicationCenter) StdoutLine: {'line': b'[ 33%] \x1b[32mBuilding CXX object tinyxml2/CMakeFiles/xmltest.dir/xmltest.cpp.o\x1b[0m\n'}
[1.274934] (CommunicationCenter) StdoutLine: {'line': b'[ 33%] \x1b[32mBuilding CXX object CMakeFiles/CommunicationCenter.dir/src/ParallelMechanism..cpp.o\x1b[0m\n'}
[1.274983] (CommunicationCenter) StdoutLine: {'line': b'[ 40%] \x1b[32mBuilding CXX object CMakeFiles/CommunicationCenter.dir/src/serial.cpp.o\x1b[0m\n'}
[1.275023] (CommunicationCenter) StdoutLine: {'line': b'[ 46%] \x1b[32mBuilding CXX object CMakeFiles/CommunicationCenter.dir/motor_driver/DMMotor.cpp.o\x1b[0m\n'}
[1.275068] (CommunicationCenter) StdoutLine: {'line': b'[ 53%] \x1b[32mBuilding CXX object CMakeFiles/CommunicationCenter.dir/src/CommunicationCenter.cpp.o\x1b[0m\n'}
[1.275116] (CommunicationCenter) StdoutLine: {'line': b'[ 60%] \x1b[32mBuilding CXX object CMakeFiles/CommunicationCenter.dir/motor_driver/MiMotor.cpp.o\x1b[0m\n'}
[1.276674] (CommunicationCenter) StdoutLine: {'line': b'[ 66%] \x1b[32mBuilding CXX object CMakeFiles/CommunicationCenter.dir/src/XMLDecoder.cpp.o\x1b[0m\n'}
[1.277053] (CommunicationCenter) StdoutLine: {'line': b'[ 73%] \x1b[32mBuilding CXX object CMakeFiles/CommunicationCenter.dir/src/main.cpp.o\x1b[0m\n'}
[1.277624] (CommunicationCenter) StdoutLine: {'line': b'[ 86%] \x1b[32mBuilding CXX object CMakeFiles/CommunicationCenter.dir/motor_driver/RMMotor.cpp.o\x1b[0m\n'}
[1.277729] (CommunicationCenter) StdoutLine: {'line': b'[ 86%] \x1b[32mBuilding CXX object CMakeFiles/CommunicationCenter.dir/remote_driver/gamepad.cpp.o\x1b[0m\n'}
[1.301956] (-) TimerEvent: {}
[1.402266] (-) TimerEvent: {}
[1.502659] (-) TimerEvent: {}
[1.603957] (-) TimerEvent: {}
[1.702353] (CommunicationCenter) StdoutLine: {'line': b'[ 93%] \x1b[32m\x1b[1mLinking CXX executable xmltest\x1b[0m\n'}
[1.704367] (-) TimerEvent: {}
[1.804996] (-) TimerEvent: {}
[1.807253] (CommunicationCenter) StdoutLine: {'line': b'[ 93%] Built target xmltest\n'}
[1.905097] (-) TimerEvent: {}
[1.914823] (CommunicationCenter) StderrLine: {'line': b'\x1b[01m\x1b[K/home/albusgive2/rlfw/rlfw_deploy/src/CommunicationCenter/src/serial.cpp:\x1b[m\x1b[K In lambda function:\n'}
[1.915012] (CommunicationCenter) StderrLine: {'line': b'\x1b[01m\x1b[K/home/albusgive2/rlfw/rlfw_deploy/src/CommunicationCenter/src/serial.cpp:394:21:\x1b[m\x1b[K \x1b[01;35m\x1b[Kwarning: \x1b[m\x1b[Kcomparison of integer expressions of different signedness: \xe2\x80\x98\x1b[01m\x1b[Kint\x1b[m\x1b[K\xe2\x80\x99 and \xe2\x80\x98\x1b[01m\x1b[Kstd::vector<unsigned char>::size_type\x1b[m\x1b[K\xe2\x80\x99 {aka \xe2\x80\x98\x1b[01m\x1b[Klong unsigned int\x1b[m\x1b[K\xe2\x80\x99} [\x1b[01;35m\x1b[K\x1b]8;;https://gcc.gnu.org/onlinedocs/gcc/Warning-Options.html#index-Wsign-compare\x07-Wsign-compare\x1b]8;;\x07\x1b[m\x1b[K]\n'}
[1.915086] (CommunicationCenter) StderrLine: {'line': b'  394 |       if (\x1b[01;35m\x1b[Klast_size == recv_queue.size()\x1b[m\x1b[K) {\n'}
[1.915136] (CommunicationCenter) StderrLine: {'line': b'      |           \x1b[01;35m\x1b[K~~~~~~~~~~^~~~~~~~~~~~~~~~~~~~\x1b[m\x1b[K\n'}
[1.969052] (CommunicationCenter) StderrLine: {'line': b'In file included from \x1b[01m\x1b[K/home/albusgive2/rlfw/rlfw_deploy/src/CommunicationCenter/motor_driver/DMMotor.cpp:1\x1b[m\x1b[K:\n'}
[1.969219] (CommunicationCenter) StderrLine: {'line': b'\x1b[01m\x1b[K/home/albusgive2/rlfw/rlfw_deploy/src/CommunicationCenter/motor_driver/DMMotor.h:\x1b[m\x1b[K In member function \xe2\x80\x98\x1b[01m\x1b[Kvirtual DMCANMsg* DMMotor::ctrl_pos(uint8_t, float)\x1b[m\x1b[K\xe2\x80\x99:\n'}
[1.969278] (CommunicationCenter) StderrLine: {'line': b'\x1b[01m\x1b[K/home/albusgive2/rlfw/rlfw_deploy/src/CommunicationCenter/motor_driver/DMMotor.h:55:30:\x1b[m\x1b[K \x1b[01;35m\x1b[Kwarning: \x1b[m\x1b[Kunused parameter \xe2\x80\x98\x1b[01m\x1b[Kmotor_id\x1b[m\x1b[K\xe2\x80\x99 [\x1b[01;35m\x1b[K\x1b]8;;https://gcc.gnu.org/onlinedocs/gcc/Warning-Options.html#index-Wunused-parameter\x07-Wunused-parameter\x1b]8;;\x07\x1b[m\x1b[K]\n'}
[1.969328] (CommunicationCenter) StderrLine: {'line': b'   55 |   DMCANMsg *ctrl_pos(\x1b[01;35m\x1b[Kuint8_t motor_id\x1b[m\x1b[K, float pos) override { return nullptr; };\n'}
[1.969373] (CommunicationCenter) StderrLine: {'line': b'      |                      \x1b[01;35m\x1b[K~~~~~~~~^~~~~~~~\x1b[m\x1b[K\n'}
[1.969646] (CommunicationCenter) StderrLine: {'line': b'\x1b[01m\x1b[K/home/albusgive2/rlfw/rlfw_deploy/src/CommunicationCenter/motor_driver/DMMotor.h:55:46:\x1b[m\x1b[K \x1b[01;35m\x1b[Kwarning: \x1b[m\x1b[Kunused parameter \xe2\x80\x98\x1b[01m\x1b[Kpos\x1b[m\x1b[K\xe2\x80\x99 [\x1b[01;35m\x1b[K\x1b]8;;https://gcc.gnu.org/onlinedocs/gcc/Warning-Options.html#index-Wunused-parameter\x07-Wunused-parameter\x1b]8;;\x07\x1b[m\x1b[K]\n'}
[1.969740] (CommunicationCenter) StderrLine: {'line': b'   55 |   DMCANMsg *ctrl_pos(uint8_t motor_id, \x1b[01;35m\x1b[Kfloat pos\x1b[m\x1b[K) override { return nullptr; };\n'}
[1.969987] (CommunicationCenter) StderrLine: {'line': b'      |                                        \x1b[01;35m\x1b[K~~~~~~^~~\x1b[m\x1b[K\n'}
[1.970325] (CommunicationCenter) StderrLine: {'line': b'\x1b[01m\x1b[K/home/albusgive2/rlfw/rlfw_deploy/src/CommunicationCenter/motor_driver/DMMotor.h:\x1b[m\x1b[K In member function \xe2\x80\x98\x1b[01m\x1b[Kvirtual DMCANMsg* DMMotor::ctrl_vel(uint8_t, float)\x1b[m\x1b[K\xe2\x80\x99:\n'}
[1.970374] (CommunicationCenter) StderrLine: {'line': b'\x1b[01m\x1b[K/home/albusgive2/rlfw/rlfw_deploy/src/CommunicationCenter/motor_driver/DMMotor.h:57:30:\x1b[m\x1b[K \x1b[01;35m\x1b[Kwarning: \x1b[m\x1b[Kunused parameter \xe2\x80\x98\x1b[01m\x1b[Kmotor_id\x1b[m\x1b[K\xe2\x80\x99 [\x1b[01;35m\x1b[K\x1b]8;;https://gcc.gnu.org/onlinedocs/gcc/Warning-Options.html#index-Wunused-parameter\x07-Wunused-parameter\x1b]8;;\x07\x1b[m\x1b[K]\n'}
[1.970420] (CommunicationCenter) StderrLine: {'line': b'   57 |   DMCANMsg *ctrl_vel(\x1b[01;35m\x1b[Kuint8_t motor_id\x1b[m\x1b[K, float vel) override { return nullptr; };\n'}
[1.970464] (CommunicationCenter) StderrLine: {'line': b'      |                      \x1b[01;35m\x1b[K~~~~~~~~^~~~~~~~\x1b[m\x1b[K\n'}
[1.970504] (CommunicationCenter) StderrLine: {'line': b'\x1b[01m\x1b[K/home/albusgive2/rlfw/rlfw_deploy/src/CommunicationCenter/motor_driver/DMMotor.h:57:46:\x1b[m\x1b[K \x1b[01;35m\x1b[Kwarning: \x1b[m\x1b[Kunused parameter \xe2\x80\x98\x1b[01m\x1b[Kvel\x1b[m\x1b[K\xe2\x80\x99 [\x1b[01;35m\x1b[K\x1b]8;;https://gcc.gnu.org/onlinedocs/gcc/Warning-Options.html#index-Wunused-parameter\x07-Wunused-parameter\x1b]8;;\x07\x1b[m\x1b[K]\n'}
[1.970550] (CommunicationCenter) StderrLine: {'line': b'   57 |   DMCANMsg *ctrl_vel(uint8_t motor_id, \x1b[01;35m\x1b[Kfloat vel\x1b[m\x1b[K) override { return nullptr; };\n'}
[1.970589] (CommunicationCenter) StderrLine: {'line': b'      |                                        \x1b[01;35m\x1b[K~~~~~~^~~\x1b[m\x1b[K\n'}
[1.970629] (CommunicationCenter) StderrLine: {'line': b'\x1b[01m\x1b[K/home/albusgive2/rlfw/rlfw_deploy/src/CommunicationCenter/motor_driver/DMMotor.h:\x1b[m\x1b[K In member function \xe2\x80\x98\x1b[01m\x1b[Kvirtual DMCANMsg* DMMotor::ctrl_pos_vel(uint8_t, float, float)\x1b[m\x1b[K\xe2\x80\x99:\n'}
[1.970670] (CommunicationCenter) StderrLine: {'line': b'\x1b[01m\x1b[K/home/albusgive2/rlfw/rlfw_deploy/src/CommunicationCenter/motor_driver/DMMotor.h:59:34:\x1b[m\x1b[K \x1b[01;35m\x1b[Kwarning: \x1b[m\x1b[Kunused parameter \xe2\x80\x98\x1b[01m\x1b[Kmotor_id\x1b[m\x1b[K\xe2\x80\x99 [\x1b[01;35m\x1b[K\x1b]8;;https://gcc.gnu.org/onlinedocs/gcc/Warning-Options.html#index-Wunused-parameter\x07-Wunused-parameter\x1b]8;;\x07\x1b[m\x1b[K]\n'}
[1.970716] (CommunicationCenter) StderrLine: {'line': b'   59 |   DMCANMsg *ctrl_pos_vel(\x1b[01;35m\x1b[Kuint8_t motor_id\x1b[m\x1b[K, float pos, float vel) override {\n'}
[1.970756] (CommunicationCenter) StderrLine: {'line': b'      |                          \x1b[01;35m\x1b[K~~~~~~~~^~~~~~~~\x1b[m\x1b[K\n'}
[1.970808] (CommunicationCenter) StderrLine: {'line': b'\x1b[01m\x1b[K/home/albusgive2/rlfw/rlfw_deploy/src/CommunicationCenter/motor_driver/DMMotor.h:59:50:\x1b[m\x1b[K \x1b[01;35m\x1b[Kwarning: \x1b[m\x1b[Kunused parameter \xe2\x80\x98\x1b[01m\x1b[Kpos\x1b[m\x1b[K\xe2\x80\x99 [\x1b[01;35m\x1b[K\x1b]8;;https://gcc.gnu.org/onlinedocs/gcc/Warning-Options.html#index-Wunused-parameter\x07-Wunused-parameter\x1b]8;;\x07\x1b[m\x1b[K]\n'}
[1.970859] (CommunicationCenter) StderrLine: {'line': b'   59 |   DMCANMsg *ctrl_pos_vel(uint8_t motor_id, \x1b[01;35m\x1b[Kfloat pos\x1b[m\x1b[K, float vel) override {\n'}
[1.970900] (CommunicationCenter) StderrLine: {'line': b'      |                                            \x1b[01;35m\x1b[K~~~~~~^~~\x1b[m\x1b[K\n'}
[1.970942] (CommunicationCenter) StderrLine: {'line': b'\x1b[01m\x1b[K/home/albusgive2/rlfw/rlfw_deploy/src/CommunicationCenter/motor_driver/DMMotor.h:59:61:\x1b[m\x1b[K \x1b[01;35m\x1b[Kwarning: \x1b[m\x1b[Kunused parameter \xe2\x80\x98\x1b[01m\x1b[Kvel\x1b[m\x1b[K\xe2\x80\x99 [\x1b[01;35m\x1b[K\x1b]8;;https://gcc.gnu.org/onlinedocs/gcc/Warning-Options.html#index-Wunused-parameter\x07-Wunused-parameter\x1b]8;;\x07\x1b[m\x1b[K]\n'}
[1.970983] (CommunicationCenter) StderrLine: {'line': b'   59 |   DMCANMsg *ctrl_pos_vel(uint8_t motor_id, float pos, \x1b[01;35m\x1b[Kfloat vel\x1b[m\x1b[K) override {\n'}
[1.971023] (CommunicationCenter) StderrLine: {'line': b'      |                                                       \x1b[01;35m\x1b[K~~~~~~^~~\x1b[m\x1b[K\n'}
[1.971065] (CommunicationCenter) StderrLine: {'line': b'\x1b[01m\x1b[K/home/albusgive2/rlfw/rlfw_deploy/src/CommunicationCenter/motor_driver/DMMotor.h:\x1b[m\x1b[K In member function \xe2\x80\x98\x1b[01m\x1b[Kvirtual DMCANMsg* DMMotor::ctrl_torque(uint8_t, float)\x1b[m\x1b[K\xe2\x80\x99:\n'}
[1.971107] (CommunicationCenter) StderrLine: {'line': b'\x1b[01m\x1b[K/home/albusgive2/rlfw/rlfw_deploy/src/CommunicationCenter/motor_driver/DMMotor.h:63:33:\x1b[m\x1b[K \x1b[01;35m\x1b[Kwarning: \x1b[m\x1b[Kunused parameter \xe2\x80\x98\x1b[01m\x1b[Kmotor_id\x1b[m\x1b[K\xe2\x80\x99 [\x1b[01;35m\x1b[K\x1b]8;;https://gcc.gnu.org/onlinedocs/gcc/Warning-Options.html#index-Wunused-parameter\x07-Wunused-parameter\x1b]8;;\x07\x1b[m\x1b[K]\n'}
[1.971151] (CommunicationCenter) StderrLine: {'line': b'   63 |   DMCANMsg *ctrl_torque(\x1b[01;35m\x1b[Kuint8_t motor_id\x1b[m\x1b[K, float torque) override {\n'}
[1.971196] (CommunicationCenter) StderrLine: {'line': b'      |                         \x1b[01;35m\x1b[K~~~~~~~~^~~~~~~~\x1b[m\x1b[K\n'}
[1.971236] (CommunicationCenter) StderrLine: {'line': b'\x1b[01m\x1b[K/home/albusgive2/rlfw/rlfw_deploy/src/CommunicationCenter/motor_driver/DMMotor.h:63:49:\x1b[m\x1b[K \x1b[01;35m\x1b[Kwarning: \x1b[m\x1b[Kunused parameter \xe2\x80\x98\x1b[01m\x1b[Ktorque\x1b[m\x1b[K\xe2\x80\x99 [\x1b[01;35m\x1b[K\x1b]8;;https://gcc.gnu.org/onlinedocs/gcc/Warning-Options.html#index-Wunused-parameter\x07-Wunused-parameter\x1b]8;;\x07\x1b[m\x1b[K]\n'}
[1.971279] (CommunicationCenter) StderrLine: {'line': b'   63 |   DMCANMsg *ctrl_torque(uint8_t motor_id, \x1b[01;35m\x1b[Kfloat torque\x1b[m\x1b[K) override {\n'}
[1.971319] (CommunicationCenter) StderrLine: {'line': b'      |                                           \x1b[01;35m\x1b[K~~~~~~^~~~~~\x1b[m\x1b[K\n'}
[1.971360] (CommunicationCenter) StderrLine: {'line': b'\x1b[01m\x1b[K/home/albusgive2/rlfw/rlfw_deploy/src/CommunicationCenter/motor_driver/DMMotor.h:\x1b[m\x1b[K In member function \xe2\x80\x98\x1b[01m\x1b[Kvirtual DMCANMsg* DMMotor::setPosKP(uint8_t, float)\x1b[m\x1b[K\xe2\x80\x99:\n'}
[1.971401] (CommunicationCenter) StderrLine: {'line': b'\x1b[01m\x1b[K/home/albusgive2/rlfw/rlfw_deploy/src/CommunicationCenter/motor_driver/DMMotor.h:67:30:\x1b[m\x1b[K \x1b[01;35m\x1b[Kwarning: \x1b[m\x1b[Kunused parameter \xe2\x80\x98\x1b[01m\x1b[Kmotor_id\x1b[m\x1b[K\xe2\x80\x99 [\x1b[01;35m\x1b[K\x1b]8;;https://gcc.gnu.org/onlinedocs/gcc/Warning-Options.html#index-Wunused-parameter\x07-Wunused-parameter\x1b]8;;\x07\x1b[m\x1b[K]\n'}
[1.971442] (CommunicationCenter) StderrLine: {'line': b'   67 |   DMCANMsg *setPosKP(\x1b[01;35m\x1b[Kuint8_t motor_id\x1b[m\x1b[K, float kp) override { return nullptr; };\n'}
[1.971483] (CommunicationCenter) StderrLine: {'line': b'      |                      \x1b[01;35m\x1b[K~~~~~~~~^~~~~~~~\x1b[m\x1b[K\n'}
[1.971528] (CommunicationCenter) StderrLine: {'line': b'\x1b[01m\x1b[K/home/albusgive2/rlfw/rlfw_deploy/src/CommunicationCenter/motor_driver/DMMotor.h:67:46:\x1b[m\x1b[K \x1b[01;35m\x1b[Kwarning: \x1b[m\x1b[Kunused parameter \xe2\x80\x98\x1b[01m\x1b[Kkp\x1b[m\x1b[K\xe2\x80\x99 [\x1b[01;35m\x1b[K\x1b]8;;https://gcc.gnu.org/onlinedocs/gcc/Warning-Options.html#index-Wunused-parameter\x07-Wunused-parameter\x1b]8;;\x07\x1b[m\x1b[K]\n'}
[1.971570] (CommunicationCenter) StderrLine: {'line': b'   67 |   DMCANMsg *setPosKP(uint8_t motor_id, \x1b[01;35m\x1b[Kfloat kp\x1b[m\x1b[K) override { return nullptr; };\n'}
[1.971611] (CommunicationCenter) StderrLine: {'line': b'      |                                        \x1b[01;35m\x1b[K~~~~~~^~\x1b[m\x1b[K\n'}
[1.971651] (CommunicationCenter) StderrLine: {'line': b'\x1b[01m\x1b[K/home/albusgive2/rlfw/rlfw_deploy/src/CommunicationCenter/motor_driver/DMMotor.h:\x1b[m\x1b[K In member function \xe2\x80\x98\x1b[01m\x1b[Kvirtual DMCANMsg* DMMotor::setPosKD(uint8_t, float)\x1b[m\x1b[K\xe2\x80\x99:\n'}
[1.971693] (CommunicationCenter) StderrLine: {'line': b'\x1b[01m\x1b[K/home/albusgive2/rlfw/rlfw_deploy/src/CommunicationCenter/motor_driver/DMMotor.h:68:30:\x1b[m\x1b[K \x1b[01;35m\x1b[Kwarning: \x1b[m\x1b[Kunused parameter \xe2\x80\x98\x1b[01m\x1b[Kmotor_id\x1b[m\x1b[K\xe2\x80\x99 [\x1b[01;35m\x1b[K\x1b]8;;https://gcc.gnu.org/onlinedocs/gcc/Warning-Options.html#index-Wunused-parameter\x07-Wunused-parameter\x1b]8;;\x07\x1b[m\x1b[K]\n'}
[1.971737] (CommunicationCenter) StderrLine: {'line': b'   68 |   DMCANMsg *setPosKD(\x1b[01;35m\x1b[Kuint8_t motor_id\x1b[m\x1b[K, float kd) override { return nullptr; };\n'}
[1.971793] (CommunicationCenter) StderrLine: {'line': b'      |                      \x1b[01;35m\x1b[K~~~~~~~~^~~~~~~~\x1b[m\x1b[K\n'}
[1.971838] (CommunicationCenter) StderrLine: {'line': b'\x1b[01m\x1b[K/home/albusgive2/rlfw/rlfw_deploy/src/CommunicationCenter/motor_driver/DMMotor.h:68:46:\x1b[m\x1b[K \x1b[01;35m\x1b[Kwarning: \x1b[m\x1b[Kunused parameter \xe2\x80\x98\x1b[01m\x1b[Kkd\x1b[m\x1b[K\xe2\x80\x99 [\x1b[01;35m\x1b[K\x1b]8;;https://gcc.gnu.org/onlinedocs/gcc/Warning-Options.html#index-Wunused-parameter\x07-Wunused-parameter\x1b]8;;\x07\x1b[m\x1b[K]\n'}
[1.971884] (CommunicationCenter) StderrLine: {'line': b'   68 |   DMCANMsg *setPosKD(uint8_t motor_id, \x1b[01;35m\x1b[Kfloat kd\x1b[m\x1b[K) override { return nullptr; };\n'}
[1.971927] (CommunicationCenter) StderrLine: {'line': b'      |                                        \x1b[01;35m\x1b[K~~~~~~^~\x1b[m\x1b[K\n'}
[1.971971] (CommunicationCenter) StderrLine: {'line': b'\x1b[01m\x1b[K/home/albusgive2/rlfw/rlfw_deploy/src/CommunicationCenter/motor_driver/DMMotor.h:\x1b[m\x1b[K In member function \xe2\x80\x98\x1b[01m\x1b[Kvirtual DMCANMsg* DMMotor::setVelKP(uint8_t, float)\x1b[m\x1b[K\xe2\x80\x99:\n'}
[1.972017] (CommunicationCenter) StderrLine: {'line': b'\x1b[01m\x1b[K/home/albusgive2/rlfw/rlfw_deploy/src/CommunicationCenter/motor_driver/DMMotor.h:70:30:\x1b[m\x1b[K \x1b[01;35m\x1b[Kwarning: \x1b[m\x1b[Kunused parameter \xe2\x80\x98\x1b[01m\x1b[Kmotor_id\x1b[m\x1b[K\xe2\x80\x99 [\x1b[01;35m\x1b[K\x1b]8;;https://gcc.gnu.org/onlinedocs/gcc/Warning-Options.html#index-Wunused-parameter\x07-Wunused-parameter\x1b]8;;\x07\x1b[m\x1b[K]\n'}
[1.972062] (CommunicationCenter) StderrLine: {'line': b'   70 |   DMCANMsg *setVelKP(\x1b[01;35m\x1b[Kuint8_t motor_id\x1b[m\x1b[K, float kp) override { return nullptr; };\n'}
[1.972106] (CommunicationCenter) StderrLine: {'line': b'      |                      \x1b[01;35m\x1b[K~~~~~~~~^~~~~~~~\x1b[m\x1b[K\n'}
[1.972149] (CommunicationCenter) StderrLine: {'line': b'\x1b[01m\x1b[K/home/albusgive2/rlfw/rlfw_deploy/src/CommunicationCenter/motor_driver/DMMotor.h:70:46:\x1b[m\x1b[K \x1b[01;35m\x1b[Kwarning: \x1b[m\x1b[Kunused parameter \xe2\x80\x98\x1b[01m\x1b[Kkp\x1b[m\x1b[K\xe2\x80\x99 [\x1b[01;35m\x1b[K\x1b]8;;https://gcc.gnu.org/onlinedocs/gcc/Warning-Options.html#index-Wunused-parameter\x07-Wunused-parameter\x1b]8;;\x07\x1b[m\x1b[K]\n'}
[1.972194] (CommunicationCenter) StderrLine: {'line': b'   70 |   DMCANMsg *setVelKP(uint8_t motor_id, \x1b[01;35m\x1b[Kfloat kp\x1b[m\x1b[K) override { return nullptr; };\n'}
[1.972237] (CommunicationCenter) StderrLine: {'line': b'      |                                        \x1b[01;35m\x1b[K~~~~~~^~\x1b[m\x1b[K\n'}
[1.972279] (CommunicationCenter) StderrLine: {'line': b'\x1b[01m\x1b[K/home/albusgive2/rlfw/rlfw_deploy/src/CommunicationCenter/motor_driver/DMMotor.h:\x1b[m\x1b[K In member function \xe2\x80\x98\x1b[01m\x1b[Kvirtual DMCANMsg* DMMotor::setVelKI(uint8_t, float)\x1b[m\x1b[K\xe2\x80\x99:\n'}
[1.972320] (CommunicationCenter) StderrLine: {'line': b'\x1b[01m\x1b[K/home/albusgive2/rlfw/rlfw_deploy/src/CommunicationCenter/motor_driver/DMMotor.h:71:30:\x1b[m\x1b[K \x1b[01;35m\x1b[Kwarning: \x1b[m\x1b[Kunused parameter \xe2\x80\x98\x1b[01m\x1b[Kmotor_id\x1b[m\x1b[K\xe2\x80\x99 [\x1b[01;35m\x1b[K\x1b]8;;https://gcc.gnu.org/onlinedocs/gcc/Warning-Options.html#index-Wunused-parameter\x07-Wunused-parameter\x1b]8;;\x07\x1b[m\x1b[K]\n'}
[1.972370] (CommunicationCenter) StderrLine: {'line': b'   71 |   DMCANMsg *setVelKI(\x1b[01;35m\x1b[Kuint8_t motor_id\x1b[m\x1b[K, float ki) override { return nullptr; };\n'}
[1.972413] (CommunicationCenter) StderrLine: {'line': b'      |                      \x1b[01;35m\x1b[K~~~~~~~~^~~~~~~~\x1b[m\x1b[K\n'}
[1.972456] (CommunicationCenter) StderrLine: {'line': b'\x1b[01m\x1b[K/home/albusgive2/rlfw/rlfw_deploy/src/CommunicationCenter/motor_driver/DMMotor.h:71:46:\x1b[m\x1b[K \x1b[01;35m\x1b[Kwarning: \x1b[m\x1b[Kunused parameter \xe2\x80\x98\x1b[01m\x1b[Kki\x1b[m\x1b[K\xe2\x80\x99 [\x1b[01;35m\x1b[K\x1b]8;;https://gcc.gnu.org/onlinedocs/gcc/Warning-Options.html#index-Wunused-parameter\x07-Wunused-parameter\x1b]8;;\x07\x1b[m\x1b[K]\n'}
[1.972497] (CommunicationCenter) StderrLine: {'line': b'   71 |   DMCANMsg *setVelKI(uint8_t motor_id, \x1b[01;35m\x1b[Kfloat ki\x1b[m\x1b[K) override { return nullptr; };\n'}
[1.972539] (CommunicationCenter) StderrLine: {'line': b'      |                                        \x1b[01;35m\x1b[K~~~~~~^~\x1b[m\x1b[K\n'}
[1.972584] (CommunicationCenter) StderrLine: {'line': b'\x1b[01m\x1b[K/home/albusgive2/rlfw/rlfw_deploy/src/CommunicationCenter/motor_driver/DMMotor.h:\x1b[m\x1b[K In member function \xe2\x80\x98\x1b[01m\x1b[Kvirtual DMCANMsg* DMMotor::setTorqueKP(uint8_t, float)\x1b[m\x1b[K\xe2\x80\x99:\n'}
[1.972626] (CommunicationCenter) StderrLine: {'line': b'\x1b[01m\x1b[K/home/albusgive2/rlfw/rlfw_deploy/src/CommunicationCenter/motor_driver/DMMotor.h:73:33:\x1b[m\x1b[K \x1b[01;35m\x1b[Kwarning: \x1b[m\x1b[Kunused parameter \xe2\x80\x98\x1b[01m\x1b[Kmotor_id\x1b[m\x1b[K\xe2\x80\x99 [\x1b[01;35m\x1b[K\x1b]8;;https://gcc.gnu.org/onlinedocs/gcc/Warning-Options.html#index-Wunused-parameter\x07-Wunused-parameter\x1b]8;;\x07\x1b[m\x1b[K]\n'}
[1.972668] (CommunicationCenter) StderrLine: {'line': b'   73 |   DMCANMsg *setTorqueKP(\x1b[01;35m\x1b[Kuint8_t motor_id\x1b[m\x1b[K, float kp) override {\n'}
[1.972709] (CommunicationCenter) StderrLine: {'line': b'      |                         \x1b[01;35m\x1b[K~~~~~~~~^~~~~~~~\x1b[m\x1b[K\n'}
[1.972750] (CommunicationCenter) StderrLine: {'line': b'\x1b[01m\x1b[K/home/albusgive2/rlfw/rlfw_deploy/src/CommunicationCenter/motor_driver/DMMotor.h:73:49:\x1b[m\x1b[K \x1b[01;35m\x1b[Kwarning: \x1b[m\x1b[Kunused parameter \xe2\x80\x98\x1b[01m\x1b[Kkp\x1b[m\x1b[K\xe2\x80\x99 [\x1b[01;35m\x1b[K\x1b]8;;https://gcc.gnu.org/onlinedocs/gcc/Warning-Options.html#index-Wunused-parameter\x07-Wunused-parameter\x1b]8;;\x07\x1b[m\x1b[K]\n'}
[1.972800] (CommunicationCenter) StderrLine: {'line': b'   73 |   DMCANMsg *setTorqueKP(uint8_t motor_id, \x1b[01;35m\x1b[Kfloat kp\x1b[m\x1b[K) override {\n'}
[1.972843] (CommunicationCenter) StderrLine: {'line': b'      |                                           \x1b[01;35m\x1b[K~~~~~~^~\x1b[m\x1b[K\n'}
[1.972883] (CommunicationCenter) StderrLine: {'line': b'\x1b[01m\x1b[K/home/albusgive2/rlfw/rlfw_deploy/src/CommunicationCenter/motor_driver/DMMotor.h:\x1b[m\x1b[K In member function \xe2\x80\x98\x1b[01m\x1b[Kvirtual DMCANMsg* DMMotor::setTorqueKI(uint8_t, float)\x1b[m\x1b[K\xe2\x80\x99:\n'}
[1.972928] (CommunicationCenter) StderrLine: {'line': b'\x1b[01m\x1b[K/home/albusgive2/rlfw/rlfw_deploy/src/CommunicationCenter/motor_driver/DMMotor.h:76:33:\x1b[m\x1b[K \x1b[01;35m\x1b[Kwarning: \x1b[m\x1b[Kunused parameter \xe2\x80\x98\x1b[01m\x1b[Kmotor_id\x1b[m\x1b[K\xe2\x80\x99 [\x1b[01;35m\x1b[K\x1b]8;;https://gcc.gnu.org/onlinedocs/gcc/Warning-Options.html#index-Wunused-parameter\x07-Wunused-parameter\x1b]8;;\x07\x1b[m\x1b[K]\n'}
[1.972971] (CommunicationCenter) StderrLine: {'line': b'   76 |   DMCANMsg *setTorqueKI(\x1b[01;35m\x1b[Kuint8_t motor_id\x1b[m\x1b[K, float ki) override {\n'}
[1.973013] (CommunicationCenter) StderrLine: {'line': b'      |                         \x1b[01;35m\x1b[K~~~~~~~~^~~~~~~~\x1b[m\x1b[K\n'}
[1.973057] (CommunicationCenter) StderrLine: {'line': b'\x1b[01m\x1b[K/home/albusgive2/rlfw/rlfw_deploy/src/CommunicationCenter/motor_driver/DMMotor.h:76:49:\x1b[m\x1b[K \x1b[01;35m\x1b[Kwarning: \x1b[m\x1b[Kunused parameter \xe2\x80\x98\x1b[01m\x1b[Kki\x1b[m\x1b[K\xe2\x80\x99 [\x1b[01;35m\x1b[K\x1b]8;;https://gcc.gnu.org/onlinedocs/gcc/Warning-Options.html#index-Wunused-parameter\x07-Wunused-parameter\x1b]8;;\x07\x1b[m\x1b[K]\n'}
[1.973100] (CommunicationCenter) StderrLine: {'line': b'   76 |   DMCANMsg *setTorqueKI(uint8_t motor_id, \x1b[01;35m\x1b[Kfloat ki\x1b[m\x1b[K) override {\n'}
[1.973141] (CommunicationCenter) StderrLine: {'line': b'      |                                           \x1b[01;35m\x1b[K~~~~~~^~\x1b[m\x1b[K\n'}
[1.973182] (CommunicationCenter) StderrLine: {'line': b'\x1b[01m\x1b[K/home/albusgive2/rlfw/rlfw_deploy/src/CommunicationCenter/motor_driver/DMMotor.h:\x1b[m\x1b[K In member function \xe2\x80\x98\x1b[01m\x1b[Kvirtual DMCANMsg* DMMotor::setSafeTorque(uint8_t, float)\x1b[m\x1b[K\xe2\x80\x99:\n'}
[1.973224] (CommunicationCenter) StderrLine: {'line': b'\x1b[01m\x1b[K/home/albusgive2/rlfw/rlfw_deploy/src/CommunicationCenter/motor_driver/DMMotor.h:80:35:\x1b[m\x1b[K \x1b[01;35m\x1b[Kwarning: \x1b[m\x1b[Kunused parameter \xe2\x80\x98\x1b[01m\x1b[Kmotor_id\x1b[m\x1b[K\xe2\x80\x99 [\x1b[01;35m\x1b[K\x1b]8;;https://gcc.gnu.org/onlinedocs/gcc/Warning-Options.html#index-Wunused-parameter\x07-Wunused-parameter\x1b]8;;\x07\x1b[m\x1b[K]\n'}
[1.973282] (CommunicationCenter) StderrLine: {'line': b'   80 |   DMCANMsg *setSafeTorque(\x1b[01;35m\x1b[Kuint8_t motor_id\x1b[m\x1b[K, float torque) override {\n'}
[1.973323] (CommunicationCenter) StderrLine: {'line': b'      |                           \x1b[01;35m\x1b[K~~~~~~~~^~~~~~~~\x1b[m\x1b[K\n'}
[1.973365] (CommunicationCenter) StderrLine: {'line': b'\x1b[01m\x1b[K/home/albusgive2/rlfw/rlfw_deploy/src/CommunicationCenter/motor_driver/DMMotor.h:80:51:\x1b[m\x1b[K \x1b[01;35m\x1b[Kwarning: \x1b[m\x1b[Kunused parameter \xe2\x80\x98\x1b[01m\x1b[Ktorque\x1b[m\x1b[K\xe2\x80\x99 [\x1b[01;35m\x1b[K\x1b]8;;https://gcc.gnu.org/onlinedocs/gcc/Warning-Options.html#index-Wunused-parameter\x07-Wunused-parameter\x1b]8;;\x07\x1b[m\x1b[K]\n'}
[1.973408] (CommunicationCenter) StderrLine: {'line': b'   80 |   DMCANMsg *setSafeTorque(uint8_t motor_id, \x1b[01;35m\x1b[Kfloat torque\x1b[m\x1b[K) override {\n'}
[1.973449] (CommunicationCenter) StderrLine: {'line': b'      |                                             \x1b[01;35m\x1b[K~~~~~~^~~~~~\x1b[m\x1b[K\n'}
[1.973490] (CommunicationCenter) StderrLine: {'line': b'\x1b[01m\x1b[K/home/albusgive2/rlfw/rlfw_deploy/src/CommunicationCenter/motor_driver/DMMotor.h:\x1b[m\x1b[K In member function \xe2\x80\x98\x1b[01m\x1b[Kvirtual DMCANMsg* DMMotor::setSafePos(uint8_t, float)\x1b[m\x1b[K\xe2\x80\x99:\n'}
[1.973530] (CommunicationCenter) StderrLine: {'line': b'\x1b[01m\x1b[K/home/albusgive2/rlfw/rlfw_deploy/src/CommunicationCenter/motor_driver/DMMotor.h:83:32:\x1b[m\x1b[K \x1b[01;35m\x1b[Kwarning: \x1b[m\x1b[Kunused parameter \xe2\x80\x98\x1b[01m\x1b[Kmotor_id\x1b[m\x1b[K\xe2\x80\x99 [\x1b[01;35m\x1b[K\x1b]8;;https://gcc.gnu.org/onlinedocs/gcc/Warning-Options.html#index-Wunused-parameter\x07-Wunused-parameter\x1b]8;;\x07\x1b[m\x1b[K]\n'}
[1.973573] (CommunicationCenter) StderrLine: {'line': b'   83 |   DMCANMsg *setSafePos(\x1b[01;35m\x1b[Kuint8_t motor_id\x1b[m\x1b[K, float pos) override {\n'}
[1.973610] (CommunicationCenter) StderrLine: {'line': b'      |                        \x1b[01;35m\x1b[K~~~~~~~~^~~~~~~~\x1b[m\x1b[K\n'}
[1.973646] (CommunicationCenter) StderrLine: {'line': b'\x1b[01m\x1b[K/home/albusgive2/rlfw/rlfw_deploy/src/CommunicationCenter/motor_driver/DMMotor.h:83:48:\x1b[m\x1b[K \x1b[01;35m\x1b[Kwarning: \x1b[m\x1b[Kunused parameter \xe2\x80\x98\x1b[01m\x1b[Kpos\x1b[m\x1b[K\xe2\x80\x99 [\x1b[01;35m\x1b[K\x1b]8;;https://gcc.gnu.org/onlinedocs/gcc/Warning-Options.html#index-Wunused-parameter\x07-Wunused-parameter\x1b]8;;\x07\x1b[m\x1b[K]\n'}
[1.973682] (CommunicationCenter) StderrLine: {'line': b'   83 |   DMCANMsg *setSafePos(uint8_t motor_id, \x1b[01;35m\x1b[Kfloat pos\x1b[m\x1b[K) override {\n'}
[1.973717] (CommunicationCenter) StderrLine: {'line': b'      |                                          \x1b[01;35m\x1b[K~~~~~~^~~\x1b[m\x1b[K\n'}
[1.973751] (CommunicationCenter) StderrLine: {'line': b'\x1b[01m\x1b[K/home/albusgive2/rlfw/rlfw_deploy/src/CommunicationCenter/motor_driver/DMMotor.h:\x1b[m\x1b[K In member function \xe2\x80\x98\x1b[01m\x1b[Kvirtual DMCANMsg* DMMotor::setSafeVel(uint8_t, float)\x1b[m\x1b[K\xe2\x80\x99:\n'}
[1.973800] (CommunicationCenter) StderrLine: {'line': b'\x1b[01m\x1b[K/home/albusgive2/rlfw/rlfw_deploy/src/CommunicationCenter/motor_driver/DMMotor.h:86:32:\x1b[m\x1b[K \x1b[01;35m\x1b[Kwarning: \x1b[m\x1b[Kunused parameter \xe2\x80\x98\x1b[01m\x1b[Kmotor_id\x1b[m\x1b[K\xe2\x80\x99 [\x1b[01;35m\x1b[K\x1b]8;;https://gcc.gnu.org/onlinedocs/gcc/Warning-Options.html#index-Wunused-parameter\x07-Wunused-parameter\x1b]8;;\x07\x1b[m\x1b[K]\n'}
[1.973842] (CommunicationCenter) StderrLine: {'line': b'   86 |   DMCANMsg *setSafeVel(\x1b[01;35m\x1b[Kuint8_t motor_id\x1b[m\x1b[K, float vel) override {\n'}
[1.973880] (CommunicationCenter) StderrLine: {'line': b'      |                        \x1b[01;35m\x1b[K~~~~~~~~^~~~~~~~\x1b[m\x1b[K\n'}
[1.973920] (CommunicationCenter) StderrLine: {'line': b'\x1b[01m\x1b[K/home/albusgive2/rlfw/rlfw_deploy/src/CommunicationCenter/motor_driver/DMMotor.h:86:48:\x1b[m\x1b[K \x1b[01;35m\x1b[Kwarning: \x1b[m\x1b[Kunused parameter \xe2\x80\x98\x1b[01m\x1b[Kvel\x1b[m\x1b[K\xe2\x80\x99 [\x1b[01;35m\x1b[K\x1b]8;;https://gcc.gnu.org/onlinedocs/gcc/Warning-Options.html#index-Wunused-parameter\x07-Wunused-parameter\x1b]8;;\x07\x1b[m\x1b[K]\n'}
[1.973968] (CommunicationCenter) StderrLine: {'line': b'   86 |   DMCANMsg *setSafeVel(uint8_t motor_id, \x1b[01;35m\x1b[Kfloat vel\x1b[m\x1b[K) override {\n'}
[1.974009] (CommunicationCenter) StderrLine: {'line': b'      |                                          \x1b[01;35m\x1b[K~~~~~~^~~\x1b[m\x1b[K\n'}
[2.005196] (-) TimerEvent: {}
[2.022362] (CommunicationCenter) StderrLine: {'line': b'\x1b[01m\x1b[K/home/albusgive2/rlfw/rlfw_deploy/src/CommunicationCenter/src/serial.cpp:\x1b[m\x1b[K In member function \xe2\x80\x98\x1b[01m\x1b[Kbool Serial::OpenSerial(std::string, int, int, int, int)\x1b[m\x1b[K\xe2\x80\x99:\n'}
[2.022597] (CommunicationCenter) StderrLine: {'line': b'\x1b[01m\x1b[K/home/albusgive2/rlfw/rlfw_deploy/src/CommunicationCenter/src/serial.cpp:41:17:\x1b[m\x1b[K \x1b[01;35m\x1b[Kwarning: \x1b[m\x1b[Kthis statement may fall through [\x1b[01;35m\x1b[K\x1b]8;;https://gcc.gnu.org/onlinedocs/gcc/Warning-Options.html#index-Wimplicit-fallthrough=\x07-Wimplicit-fallthrough=\x1b]8;;\x07\x1b[m\x1b[K]\n'}
[2.022732] (CommunicationCenter) StderrLine: {'line': b'   41 |     Opt.c_cflag \x1b[01;35m\x1b[K|\x1b[m\x1b[K= CS6;\n'}
[2.022806] (CommunicationCenter) StderrLine: {'line': b'      |                 \x1b[01;35m\x1b[K^\x1b[m\x1b[K\n'}
[2.022860] (CommunicationCenter) StderrLine: {'line': b'\x1b[01m\x1b[K/home/albusgive2/rlfw/rlfw_deploy/src/CommunicationCenter/src/serial.cpp:42:3:\x1b[m\x1b[K \x1b[01;36m\x1b[Knote: \x1b[m\x1b[Khere\n'}
[2.022906] (CommunicationCenter) StderrLine: {'line': b'   42 |   \x1b[01;36m\x1b[Kcase\x1b[m\x1b[K 7:\n'}
[2.022951] (CommunicationCenter) StderrLine: {'line': b'      |   \x1b[01;36m\x1b[K^~~~\x1b[m\x1b[K\n'}
[2.105552] (-) TimerEvent: {}
[2.206186] (-) TimerEvent: {}
[2.306470] (-) TimerEvent: {}
[2.406741] (-) TimerEvent: {}
[2.508759] (-) TimerEvent: {}
[2.539488] (nz-imu) StderrLine: {'line': b'\x1b[01m\x1b[K/home/albusgive2/rlfw/rlfw_deploy/src/nz-imu/hwt906/main.cpp:\x1b[m\x1b[K In function \xe2\x80\x98\x1b[01m\x1b[Kint main(int, char**)\x1b[m\x1b[K\xe2\x80\x99:\n'}
[2.539626] (nz-imu) StderrLine: {'line': b'\x1b[01m\x1b[K/home/albusgive2/rlfw/rlfw_deploy/src/nz-imu/hwt906/main.cpp:42:34:\x1b[m\x1b[K \x1b[01;35m\x1b[Kwarning: \x1b[m\x1b[Kvariable \xe2\x80\x98\x1b[01m\x1b[KfAngle\x1b[m\x1b[K\xe2\x80\x99 set but not used [\x1b[01;35m\x1b[K\x1b]8;;https://gcc.gnu.org/onlinedocs/gcc/Warning-Options.html#index-Wunused-but-set-variable\x07-Wunused-but-set-variable\x1b]8;;\x07\x1b[m\x1b[K]\n'}
[2.539666] (nz-imu) StderrLine: {'line': b'   42 |         float fAcc[3], fGyro[3], \x1b[01;35m\x1b[KfAngle\x1b[m\x1b[K[3], fQuat[4];\n'}
[2.539697] (nz-imu) StderrLine: {'line': b'      |                                  \x1b[01;35m\x1b[K^~~~~~\x1b[m\x1b[K\n'}
[2.539739] (nz-imu) StderrLine: {'line': b'\x1b[01m\x1b[K/home/albusgive2/rlfw/rlfw_deploy/src/nz-imu/hwt906/main.cpp:43:16:\x1b[m\x1b[K \x1b[01;35m\x1b[Kwarning: \x1b[m\x1b[Kunused variable \xe2\x80\x98\x1b[01m\x1b[Kret\x1b[m\x1b[K\xe2\x80\x99 [\x1b[01;35m\x1b[K\x1b]8;;https://gcc.gnu.org/onlinedocs/gcc/Warning-Options.html#index-Wunused-variable\x07-Wunused-variable\x1b]8;;\x07\x1b[m\x1b[K]\n'}
[2.539794] (nz-imu) StderrLine: {'line': b'   43 |         int i, \x1b[01;35m\x1b[Kret\x1b[m\x1b[K;\n'}
[2.539823] (nz-imu) StderrLine: {'line': b'      |                \x1b[01;35m\x1b[K^~~\x1b[m\x1b[K\n'}
[2.539906] (nz-imu) StderrLine: {'line': b'\x1b[01m\x1b[K/home/albusgive2/rlfw/rlfw_deploy/src/nz-imu/hwt906/main.cpp:\x1b[m\x1b[K In function \xe2\x80\x98\x1b[01m\x1b[Kvoid SensorDataUpdata(uint32_t, uint32_t)\x1b[m\x1b[K\xe2\x80\x99:\n'}
[2.539938] (nz-imu) StderrLine: {'line': b'\x1b[01m\x1b[K/home/albusgive2/rlfw/rlfw_deploy/src/nz-imu/hwt906/main.cpp:120:23:\x1b[m\x1b[K \x1b[01;35m\x1b[Kwarning: \x1b[m\x1b[Kcomparison of integer expressions of different signedness: \xe2\x80\x98\x1b[01m\x1b[Kint\x1b[m\x1b[K\xe2\x80\x99 and \xe2\x80\x98\x1b[01m\x1b[Kuint32_t\x1b[m\x1b[K\xe2\x80\x99 {aka \xe2\x80\x98\x1b[01m\x1b[Kunsigned int\x1b[m\x1b[K\xe2\x80\x99} [\x1b[01;35m\x1b[K\x1b]8;;https://gcc.gnu.org/onlinedocs/gcc/Warning-Options.html#index-Wsign-compare\x07-Wsign-compare\x1b]8;;\x07\x1b[m\x1b[K]\n'}
[2.539983] (nz-imu) StderrLine: {'line': b'  120 |         for (i = 0; \x1b[01;35m\x1b[Ki < uiRegNum\x1b[m\x1b[K; i++)\n'}
[2.540008] (nz-imu) StderrLine: {'line': b'      |                     \x1b[01;35m\x1b[K~~^~~~~~~~~~\x1b[m\x1b[K\n'}
[2.608830] (-) TimerEvent: {}
[2.681985] (mujoco_mapping) StderrLine: {'line': b'\x1b[01m\x1b[K/home/albusgive2/rlfw/rlfw_deploy/src/mujoco_mapping/main.cpp:\x1b[m\x1b[K In function \xe2\x80\x98\x1b[01m\x1b[Kvoid keyboard(GLFWwindow*, int, int, int, int)\x1b[m\x1b[K\xe2\x80\x99:\n'}
[2.682141] (mujoco_mapping) StderrLine: {'line': b'\x1b[01m\x1b[K/home/albusgive2/rlfw/rlfw_deploy/src/mujoco_mapping/main.cpp:60:27:\x1b[m\x1b[K \x1b[01;35m\x1b[Kwarning: \x1b[m\x1b[Kunused parameter \xe2\x80\x98\x1b[01m\x1b[Kwindow\x1b[m\x1b[K\xe2\x80\x99 [\x1b[01;35m\x1b[K\x1b]8;;https://gcc.gnu.org/onlinedocs/gcc/Warning-Options.html#index-Wunused-parameter\x07-Wunused-parameter\x1b]8;;\x07\x1b[m\x1b[K]\n'}
[2.682182] (mujoco_mapping) StderrLine: {'line': b'   60 | void keyboard(\x1b[01;35m\x1b[KGLFWwindow *window\x1b[m\x1b[K, int key, int scancode, int act, int mods)\n'}
[2.682243] (mujoco_mapping) StderrLine: {'line': b'      |               \x1b[01;35m\x1b[K~~~~~~~~~~~~^~~~~~\x1b[m\x1b[K\n'}
[2.682281] (mujoco_mapping) StderrLine: {'line': b'\x1b[01m\x1b[K/home/albusgive2/rlfw/rlfw_deploy/src/mujoco_mapping/main.cpp:60:48:\x1b[m\x1b[K \x1b[01;35m\x1b[Kwarning: \x1b[m\x1b[Kunused parameter \xe2\x80\x98\x1b[01m\x1b[Kscancode\x1b[m\x1b[K\xe2\x80\x99 [\x1b[01;35m\x1b[K\x1b]8;;https://gcc.gnu.org/onlinedocs/gcc/Warning-Options.html#index-Wunused-parameter\x07-Wunused-parameter\x1b]8;;\x07\x1b[m\x1b[K]\n'}
[2.682318] (mujoco_mapping) StderrLine: {'line': b'   60 | void keyboard(GLFWwindow *window, int key, \x1b[01;35m\x1b[Kint scancode\x1b[m\x1b[K, int act, int mods)\n'}
[2.682352] (mujoco_mapping) StderrLine: {'line': b'      |                                            \x1b[01;35m\x1b[K~~~~^~~~~~~~\x1b[m\x1b[K\n'}
[2.682386] (mujoco_mapping) StderrLine: {'line': b'\x1b[01m\x1b[K/home/albusgive2/rlfw/rlfw_deploy/src/mujoco_mapping/main.cpp:60:71:\x1b[m\x1b[K \x1b[01;35m\x1b[Kwarning: \x1b[m\x1b[Kunused parameter \xe2\x80\x98\x1b[01m\x1b[Kmods\x1b[m\x1b[K\xe2\x80\x99 [\x1b[01;35m\x1b[K\x1b]8;;https://gcc.gnu.org/onlinedocs/gcc/Warning-Options.html#index-Wunused-parameter\x07-Wunused-parameter\x1b]8;;\x07\x1b[m\x1b[K]\n'}
[2.682421] (mujoco_mapping) StderrLine: {'line': b'   60 | void keyboard(GLFWwindow *window, int key, int scancode, int act, \x1b[01;35m\x1b[Kint mods\x1b[m\x1b[K)\n'}
[2.682455] (mujoco_mapping) StderrLine: {'line': b'      |                                                                   \x1b[01;35m\x1b[K~~~~^~~~\x1b[m\x1b[K\n'}
[2.682487] (mujoco_mapping) StderrLine: {'line': b'\x1b[01m\x1b[K/home/albusgive2/rlfw/rlfw_deploy/src/mujoco_mapping/main.cpp:\x1b[m\x1b[K In function \xe2\x80\x98\x1b[01m\x1b[Kvoid mouse_button(GLFWwindow*, int, int, int)\x1b[m\x1b[K\xe2\x80\x99:\n'}
[2.682520] (mujoco_mapping) StderrLine: {'line': b'\x1b[01m\x1b[K/home/albusgive2/rlfw/rlfw_deploy/src/mujoco_mapping/main.cpp:71:43:\x1b[m\x1b[K \x1b[01;35m\x1b[Kwarning: \x1b[m\x1b[Kunused parameter \xe2\x80\x98\x1b[01m\x1b[Kbutton\x1b[m\x1b[K\xe2\x80\x99 [\x1b[01;35m\x1b[K\x1b]8;;https://gcc.gnu.org/onlinedocs/gcc/Warning-Options.html#index-Wunused-parameter\x07-Wunused-parameter\x1b]8;;\x07\x1b[m\x1b[K]\n'}
[2.682554] (mujoco_mapping) StderrLine: {'line': b'   71 | void mouse_button(GLFWwindow *window, \x1b[01;35m\x1b[Kint button\x1b[m\x1b[K, int act, int mods)\n'}
[2.682589] (mujoco_mapping) StderrLine: {'line': b'      |                                       \x1b[01;35m\x1b[K~~~~^~~~~~\x1b[m\x1b[K\n'}
[2.682701] (mujoco_mapping) StderrLine: {'line': b'\x1b[01m\x1b[K/home/albusgive2/rlfw/rlfw_deploy/src/mujoco_mapping/main.cpp:71:55:\x1b[m\x1b[K \x1b[01;35m\x1b[Kwarning: \x1b[m\x1b[Kunused parameter \xe2\x80\x98\x1b[01m\x1b[Kact\x1b[m\x1b[K\xe2\x80\x99 [\x1b[01;35m\x1b[K\x1b]8;;https://gcc.gnu.org/onlinedocs/gcc/Warning-Options.html#index-Wunused-parameter\x07-Wunused-parameter\x1b]8;;\x07\x1b[m\x1b[K]\n'}
[2.682737] (mujoco_mapping) StderrLine: {'line': b'   71 | void mouse_button(GLFWwindow *window, int button, \x1b[01;35m\x1b[Kint act\x1b[m\x1b[K, int mods)\n'}
[2.682768] (mujoco_mapping) StderrLine: {'line': b'      |                                                   \x1b[01;35m\x1b[K~~~~^~~\x1b[m\x1b[K\n'}
[2.682801] (mujoco_mapping) StderrLine: {'line': b'\x1b[01m\x1b[K/home/albusgive2/rlfw/rlfw_deploy/src/mujoco_mapping/main.cpp:71:64:\x1b[m\x1b[K \x1b[01;35m\x1b[Kwarning: \x1b[m\x1b[Kunused parameter \xe2\x80\x98\x1b[01m\x1b[Kmods\x1b[m\x1b[K\xe2\x80\x99 [\x1b[01;35m\x1b[K\x1b]8;;https://gcc.gnu.org/onlinedocs/gcc/Warning-Options.html#index-Wunused-parameter\x07-Wunused-parameter\x1b]8;;\x07\x1b[m\x1b[K]\n'}
[2.682831] (mujoco_mapping) StderrLine: {'line': b'   71 | void mouse_button(GLFWwindow *window, int button, int act, \x1b[01;35m\x1b[Kint mods\x1b[m\x1b[K)\n'}
[2.682857] (mujoco_mapping) StderrLine: {'line': b'      |                                                            \x1b[01;35m\x1b[K~~~~^~~~\x1b[m\x1b[K\n'}
[2.682888] (mujoco_mapping) StderrLine: {'line': b'\x1b[01m\x1b[K/home/albusgive2/rlfw/rlfw_deploy/src/mujoco_mapping/main.cpp:\x1b[m\x1b[K In function \xe2\x80\x98\x1b[01m\x1b[Kvoid scroll(GLFWwindow*, double, double)\x1b[m\x1b[K\xe2\x80\x99:\n'}
[2.682913] (mujoco_mapping) StderrLine: {'line': b'\x1b[01m\x1b[K/home/albusgive2/rlfw/rlfw_deploy/src/mujoco_mapping/main.cpp:125:25:\x1b[m\x1b[K \x1b[01;35m\x1b[Kwarning: \x1b[m\x1b[Kunused parameter \xe2\x80\x98\x1b[01m\x1b[Kwindow\x1b[m\x1b[K\xe2\x80\x99 [\x1b[01;35m\x1b[K\x1b]8;;https://gcc.gnu.org/onlinedocs/gcc/Warning-Options.html#index-Wunused-parameter\x07-Wunused-parameter\x1b]8;;\x07\x1b[m\x1b[K]\n'}
[2.682939] (mujoco_mapping) StderrLine: {'line': b'  125 | void scroll(\x1b[01;35m\x1b[KGLFWwindow *window\x1b[m\x1b[K, double xoffset, double yoffset)\n'}
[2.682964] (mujoco_mapping) StderrLine: {'line': b'      |             \x1b[01;35m\x1b[K~~~~~~~~~~~~^~~~~~\x1b[m\x1b[K\n'}
[2.682989] (mujoco_mapping) StderrLine: {'line': b'\x1b[01m\x1b[K/home/albusgive2/rlfw/rlfw_deploy/src/mujoco_mapping/main.cpp:125:40:\x1b[m\x1b[K \x1b[01;35m\x1b[Kwarning: \x1b[m\x1b[Kunused parameter \xe2\x80\x98\x1b[01m\x1b[Kxoffset\x1b[m\x1b[K\xe2\x80\x99 [\x1b[01;35m\x1b[K\x1b]8;;https://gcc.gnu.org/onlinedocs/gcc/Warning-Options.html#index-Wunused-parameter\x07-Wunused-parameter\x1b]8;;\x07\x1b[m\x1b[K]\n'}
[2.683016] (mujoco_mapping) StderrLine: {'line': b'  125 | void scroll(GLFWwindow *window, \x1b[01;35m\x1b[Kdouble xoffset\x1b[m\x1b[K, double yoffset)\n'}
[2.683041] (mujoco_mapping) StderrLine: {'line': b'      |                                 \x1b[01;35m\x1b[K~~~~~~~^~~~~~~\x1b[m\x1b[K\n'}
[2.708918] (-) TimerEvent: {}
[2.809151] (-) TimerEvent: {}
[2.909383] (-) TimerEvent: {}
[3.009662] (-) TimerEvent: {}
[3.049624] (nz-imu) StderrLine: {'line': b'\x1b[01m\x1b[K/home/albusgive2/rlfw/rlfw_deploy/src/nz-imu/hwt906/main.cpp:145:39:\x1b[m\x1b[K \x1b[01;35m\x1b[Kwarning: \x1b[m\x1b[Kthis statement may fall through [\x1b[01;35m\x1b[K\x1b]8;;https://gcc.gnu.org/onlinedocs/gcc/Warning-Options.html#index-Wimplicit-fallthrough=\x07-Wimplicit-fallthrough=\x1b]8;;\x07\x1b[m\x1b[K]\n'}
[3.049758] (nz-imu) StderrLine: {'line': b'  145 |                         s_cDataUpdate \x1b[01;35m\x1b[K|\x1b[m\x1b[K= QUAT_UPDATE;\n'}
[3.049806] (nz-imu) StderrLine: {'line': b'      |                                       \x1b[01;35m\x1b[K^\x1b[m\x1b[K\n'}
[3.049836] (nz-imu) StderrLine: {'line': b'\x1b[01m\x1b[K/home/albusgive2/rlfw/rlfw_deploy/src/nz-imu/hwt906/main.cpp:146:17:\x1b[m\x1b[K \x1b[01;36m\x1b[Knote: \x1b[m\x1b[Khere\n'}
[3.049872] (nz-imu) StderrLine: {'line': b'  146 |                 \x1b[01;36m\x1b[Kdefault\x1b[m\x1b[K:\n'}
[3.049897] (nz-imu) StderrLine: {'line': b'      |                 \x1b[01;36m\x1b[K^~~~~~~\x1b[m\x1b[K\n'}
[3.109776] (-) TimerEvent: {}
[3.210018] (-) TimerEvent: {}
[3.310224] (-) TimerEvent: {}
[3.410455] (-) TimerEvent: {}
[3.417381] (CommunicationCenter) StderrLine: {'line': b'In file included from \x1b[01m\x1b[K/home/albusgive2/rlfw/rlfw_deploy/src/CommunicationCenter/src/CommunicationCenter.cpp:4\x1b[m\x1b[K:\n'}
[3.417577] (CommunicationCenter) StderrLine: {'line': b'\x1b[01m\x1b[K/home/albusgive2/rlfw/rlfw_deploy/src/CommunicationCenter/motor_driver/DMMotor.h:\x1b[m\x1b[K In member function \xe2\x80\x98\x1b[01m\x1b[Kvirtual DMCANMsg* DMMotor::ctrl_pos(uint8_t, float)\x1b[m\x1b[K\xe2\x80\x99:\n'}
[3.417623] (CommunicationCenter) StderrLine: {'line': b'\x1b[01m\x1b[K/home/albusgive2/rlfw/rlfw_deploy/src/CommunicationCenter/motor_driver/DMMotor.h:55:30:\x1b[m\x1b[K \x1b[01;35m\x1b[Kwarning: \x1b[m\x1b[Kunused parameter \xe2\x80\x98\x1b[01m\x1b[Kmotor_id\x1b[m\x1b[K\xe2\x80\x99 [\x1b[01;35m\x1b[K\x1b]8;;https://gcc.gnu.org/onlinedocs/gcc/Warning-Options.html#index-Wunused-parameter\x07-Wunused-parameter\x1b]8;;\x07\x1b[m\x1b[K]\n'}
[3.417663] (CommunicationCenter) StderrLine: {'line': b'   55 |   DMCANMsg *ctrl_pos(\x1b[01;35m\x1b[Kuint8_t motor_id\x1b[m\x1b[K, float pos) override { return nullptr; };\n'}
[3.417775] (CommunicationCenter) StderrLine: {'line': b'      |                      \x1b[01;35m\x1b[K~~~~~~~~^~~~~~~~\x1b[m\x1b[K\n'}
[3.417838] (CommunicationCenter) StderrLine: {'line': b'\x1b[01m\x1b[K/home/albusgive2/rlfw/rlfw_deploy/src/CommunicationCenter/motor_driver/DMMotor.h:55:46:\x1b[m\x1b[K \x1b[01;35m\x1b[Kwarning: \x1b[m\x1b[Kunused parameter \xe2\x80\x98\x1b[01m\x1b[Kpos\x1b[m\x1b[K\xe2\x80\x99 [\x1b[01;35m\x1b[K\x1b]8;;https://gcc.gnu.org/onlinedocs/gcc/Warning-Options.html#index-Wunused-parameter\x07-Wunused-parameter\x1b]8;;\x07\x1b[m\x1b[K]\n'}
[3.417879] (CommunicationCenter) StderrLine: {'line': b'   55 |   DMCANMsg *ctrl_pos(uint8_t motor_id, \x1b[01;35m\x1b[Kfloat pos\x1b[m\x1b[K) override { return nullptr; };\n'}
[3.417914] (CommunicationCenter) StderrLine: {'line': b'      |                                        \x1b[01;35m\x1b[K~~~~~~^~~\x1b[m\x1b[K\n'}
[3.417950] (CommunicationCenter) StderrLine: {'line': b'\x1b[01m\x1b[K/home/albusgive2/rlfw/rlfw_deploy/src/CommunicationCenter/motor_driver/DMMotor.h:\x1b[m\x1b[K In member function \xe2\x80\x98\x1b[01m\x1b[Kvirtual DMCANMsg* DMMotor::ctrl_vel(uint8_t, float)\x1b[m\x1b[K\xe2\x80\x99:\n'}
[3.417990] (CommunicationCenter) StderrLine: {'line': b'\x1b[01m\x1b[K/home/albusgive2/rlfw/rlfw_deploy/src/CommunicationCenter/motor_driver/DMMotor.h:57:30:\x1b[m\x1b[K \x1b[01;35m\x1b[Kwarning: \x1b[m\x1b[Kunused parameter \xe2\x80\x98\x1b[01m\x1b[Kmotor_id\x1b[m\x1b[K\xe2\x80\x99 [\x1b[01;35m\x1b[K\x1b]8;;https://gcc.gnu.org/onlinedocs/gcc/Warning-Options.html#index-Wunused-parameter\x07-Wunused-parameter\x1b]8;;\x07\x1b[m\x1b[K]\n'}
[3.418037] (CommunicationCenter) StderrLine: {'line': b'   57 |   DMCANMsg *ctrl_vel(\x1b[01;35m\x1b[Kuint8_t motor_id\x1b[m\x1b[K, float vel) override { return nullptr; };\n'}
[3.418072] (CommunicationCenter) StderrLine: {'line': b'      |                      \x1b[01;35m\x1b[K~~~~~~~~^~~~~~~~\x1b[m\x1b[K\n'}
[3.418121] (CommunicationCenter) StderrLine: {'line': b'\x1b[01m\x1b[K/home/albusgive2/rlfw/rlfw_deploy/src/CommunicationCenter/motor_driver/DMMotor.h:57:46:\x1b[m\x1b[K \x1b[01;35m\x1b[Kwarning: \x1b[m\x1b[Kunused parameter \xe2\x80\x98\x1b[01m\x1b[Kvel\x1b[m\x1b[K\xe2\x80\x99 [\x1b[01;35m\x1b[K\x1b]8;;https://gcc.gnu.org/onlinedocs/gcc/Warning-Options.html#index-Wunused-parameter\x07-Wunused-parameter\x1b]8;;\x07\x1b[m\x1b[K]\n'}
[3.418171] (CommunicationCenter) StderrLine: {'line': b'   57 |   DMCANMsg *ctrl_vel(uint8_t motor_id, \x1b[01;35m\x1b[Kfloat vel\x1b[m\x1b[K) override { return nullptr; };\n'}
[3.418210] (CommunicationCenter) StderrLine: {'line': b'      |                                        \x1b[01;35m\x1b[K~~~~~~^~~\x1b[m\x1b[K\n'}
[3.418355] (CommunicationCenter) StderrLine: {'line': b'\x1b[01m\x1b[K/home/albusgive2/rlfw/rlfw_deploy/src/CommunicationCenter/motor_driver/DMMotor.h:\x1b[m\x1b[K In member function \xe2\x80\x98\x1b[01m\x1b[Kvirtual DMCANMsg* DMMotor::ctrl_pos_vel(uint8_t, float, float)\x1b[m\x1b[K\xe2\x80\x99:\n'}
[3.418398] (CommunicationCenter) StderrLine: {'line': b'\x1b[01m\x1b[K/home/albusgive2/rlfw/rlfw_deploy/src/CommunicationCenter/motor_driver/DMMotor.h:59:34:\x1b[m\x1b[K \x1b[01;35m\x1b[Kwarning: \x1b[m\x1b[Kunused parameter \xe2\x80\x98\x1b[01m\x1b[Kmotor_id\x1b[m\x1b[K\xe2\x80\x99 [\x1b[01;35m\x1b[K\x1b]8;;https://gcc.gnu.org/onlinedocs/gcc/Warning-Options.html#index-Wunused-parameter\x07-Wunused-parameter\x1b]8;;\x07\x1b[m\x1b[K]\n'}
[3.418441] (CommunicationCenter) StderrLine: {'line': b'   59 |   DMCANMsg *ctrl_pos_vel(\x1b[01;35m\x1b[Kuint8_t motor_id\x1b[m\x1b[K, float pos, float vel) override {\n'}
[3.418482] (CommunicationCenter) StderrLine: {'line': b'      |                          \x1b[01;35m\x1b[K~~~~~~~~^~~~~~~~\x1b[m\x1b[K\n'}
[3.418510] (CommunicationCenter) StderrLine: {'line': b'\x1b[01m\x1b[K/home/albusgive2/rlfw/rlfw_deploy/src/CommunicationCenter/motor_driver/DMMotor.h:59:50:\x1b[m\x1b[K \x1b[01;35m\x1b[Kwarning: \x1b[m\x1b[Kunused parameter \xe2\x80\x98\x1b[01m\x1b[Kpos\x1b[m\x1b[K\xe2\x80\x99 [\x1b[01;35m\x1b[K\x1b]8;;https://gcc.gnu.org/onlinedocs/gcc/Warning-Options.html#index-Wunused-parameter\x07-Wunused-parameter\x1b]8;;\x07\x1b[m\x1b[K]\n'}
[3.418621] (CommunicationCenter) StderrLine: {'line': b'   59 |   DMCANMsg *ctrl_pos_vel(uint8_t motor_id, \x1b[01;35m\x1b[Kfloat pos\x1b[m\x1b[K, float vel) override {\n'}
[3.418657] (CommunicationCenter) StderrLine: {'line': b'      |                                            \x1b[01;35m\x1b[K~~~~~~^~~\x1b[m\x1b[K\n'}
[3.418685] (CommunicationCenter) StderrLine: {'line': b'\x1b[01m\x1b[K/home/albusgive2/rlfw/rlfw_deploy/src/CommunicationCenter/motor_driver/DMMotor.h:59:61:\x1b[m\x1b[K \x1b[01;35m\x1b[Kwarning: \x1b[m\x1b[Kunused parameter \xe2\x80\x98\x1b[01m\x1b[Kvel\x1b[m\x1b[K\xe2\x80\x99 [\x1b[01;35m\x1b[K\x1b]8;;https://gcc.gnu.org/onlinedocs/gcc/Warning-Options.html#index-Wunused-parameter\x07-Wunused-parameter\x1b]8;;\x07\x1b[m\x1b[K]\n'}
[3.418716] (CommunicationCenter) StderrLine: {'line': b'   59 |   DMCANMsg *ctrl_pos_vel(uint8_t motor_id, float pos, \x1b[01;35m\x1b[Kfloat vel\x1b[m\x1b[K) override {\n'}
[3.418742] (CommunicationCenter) StderrLine: {'line': b'      |                                                       \x1b[01;35m\x1b[K~~~~~~^~~\x1b[m\x1b[K\n'}
[3.418771] (CommunicationCenter) StderrLine: {'line': b'\x1b[01m\x1b[K/home/albusgive2/rlfw/rlfw_deploy/src/CommunicationCenter/motor_driver/DMMotor.h:\x1b[m\x1b[K In member function \xe2\x80\x98\x1b[01m\x1b[Kvirtual DMCANMsg* DMMotor::ctrl_torque(uint8_t, float)\x1b[m\x1b[K\xe2\x80\x99:\n'}
[3.418806] (CommunicationCenter) StderrLine: {'line': b'\x1b[01m\x1b[K/home/albusgive2/rlfw/rlfw_deploy/src/CommunicationCenter/motor_driver/DMMotor.h:63:33:\x1b[m\x1b[K \x1b[01;35m\x1b[Kwarning: \x1b[m\x1b[Kunused parameter \xe2\x80\x98\x1b[01m\x1b[Kmotor_id\x1b[m\x1b[K\xe2\x80\x99 [\x1b[01;35m\x1b[K\x1b]8;;https://gcc.gnu.org/onlinedocs/gcc/Warning-Options.html#index-Wunused-parameter\x07-Wunused-parameter\x1b]8;;\x07\x1b[m\x1b[K]\n'}
[3.418835] (CommunicationCenter) StderrLine: {'line': b'   63 |   DMCANMsg *ctrl_torque(\x1b[01;35m\x1b[Kuint8_t motor_id\x1b[m\x1b[K, float torque) override {\n'}
[3.418862] (CommunicationCenter) StderrLine: {'line': b'      |                         \x1b[01;35m\x1b[K~~~~~~~~^~~~~~~~\x1b[m\x1b[K\n'}
[3.418887] (CommunicationCenter) StderrLine: {'line': b'\x1b[01m\x1b[K/home/albusgive2/rlfw/rlfw_deploy/src/CommunicationCenter/motor_driver/DMMotor.h:63:49:\x1b[m\x1b[K \x1b[01;35m\x1b[Kwarning: \x1b[m\x1b[Kunused parameter \xe2\x80\x98\x1b[01m\x1b[Ktorque\x1b[m\x1b[K\xe2\x80\x99 [\x1b[01;35m\x1b[K\x1b]8;;https://gcc.gnu.org/onlinedocs/gcc/Warning-Options.html#index-Wunused-parameter\x07-Wunused-parameter\x1b]8;;\x07\x1b[m\x1b[K]\n'}
[3.418914] (CommunicationCenter) StderrLine: {'line': b'   63 |   DMCANMsg *ctrl_torque(uint8_t motor_id, \x1b[01;35m\x1b[Kfloat torque\x1b[m\x1b[K) override {\n'}
[3.418937] (CommunicationCenter) StderrLine: {'line': b'      |                                           \x1b[01;35m\x1b[K~~~~~~^~~~~~\x1b[m\x1b[K\n'}
[3.418973] (CommunicationCenter) StderrLine: {'line': b'\x1b[01m\x1b[K/home/albusgive2/rlfw/rlfw_deploy/src/CommunicationCenter/motor_driver/DMMotor.h:\x1b[m\x1b[K In member function \xe2\x80\x98\x1b[01m\x1b[Kvirtual DMCANMsg* DMMotor::setPosKP(uint8_t, float)\x1b[m\x1b[K\xe2\x80\x99:\n'}
[3.419010] (CommunicationCenter) StderrLine: {'line': b'\x1b[01m\x1b[K/home/albusgive2/rlfw/rlfw_deploy/src/CommunicationCenter/motor_driver/DMMotor.h:67:30:\x1b[m\x1b[K \x1b[01;35m\x1b[Kwarning: \x1b[m\x1b[Kunused parameter \xe2\x80\x98\x1b[01m\x1b[Kmotor_id\x1b[m\x1b[K\xe2\x80\x99 [\x1b[01;35m\x1b[K\x1b]8;;https://gcc.gnu.org/onlinedocs/gcc/Warning-Options.html#index-Wunused-parameter\x07-Wunused-parameter\x1b]8;;\x07\x1b[m\x1b[K]\n'}
[3.419050] (CommunicationCenter) StderrLine: {'line': b'   67 |   DMCANMsg *setPosKP(\x1b[01;35m\x1b[Kuint8_t motor_id\x1b[m\x1b[K, float kp) override { return nullptr; };\n'}
[3.419089] (CommunicationCenter) StderrLine: {'line': b'      |                      \x1b[01;35m\x1b[K~~~~~~~~^~~~~~~~\x1b[m\x1b[K\n'}
[3.419124] (CommunicationCenter) StderrLine: {'line': b'\x1b[01m\x1b[K/home/albusgive2/rlfw/rlfw_deploy/src/CommunicationCenter/motor_driver/DMMotor.h:67:46:\x1b[m\x1b[K \x1b[01;35m\x1b[Kwarning: \x1b[m\x1b[Kunused parameter \xe2\x80\x98\x1b[01m\x1b[Kkp\x1b[m\x1b[K\xe2\x80\x99 [\x1b[01;35m\x1b[K\x1b]8;;https://gcc.gnu.org/onlinedocs/gcc/Warning-Options.html#index-Wunused-parameter\x07-Wunused-parameter\x1b]8;;\x07\x1b[m\x1b[K]\n'}
[3.419160] (CommunicationCenter) StderrLine: {'line': b'   67 |   DMCANMsg *setPosKP(uint8_t motor_id, \x1b[01;35m\x1b[Kfloat kp\x1b[m\x1b[K) override { return nullptr; };\n'}
[3.419200] (CommunicationCenter) StderrLine: {'line': b'      |                                        \x1b[01;35m\x1b[K~~~~~~^~\x1b[m\x1b[K\n'}
[3.419238] (CommunicationCenter) StderrLine: {'line': b'\x1b[01m\x1b[K/home/albusgive2/rlfw/rlfw_deploy/src/CommunicationCenter/motor_driver/DMMotor.h:\x1b[m\x1b[K In member function \xe2\x80\x98\x1b[01m\x1b[Kvirtual DMCANMsg* DMMotor::setPosKD(uint8_t, float)\x1b[m\x1b[K\xe2\x80\x99:\n'}
[3.419277] (CommunicationCenter) StderrLine: {'line': b'\x1b[01m\x1b[K/home/albusgive2/rlfw/rlfw_deploy/src/CommunicationCenter/motor_driver/DMMotor.h:68:30:\x1b[m\x1b[K \x1b[01;35m\x1b[Kwarning: \x1b[m\x1b[Kunused parameter \xe2\x80\x98\x1b[01m\x1b[Kmotor_id\x1b[m\x1b[K\xe2\x80\x99 [\x1b[01;35m\x1b[K\x1b]8;;https://gcc.gnu.org/onlinedocs/gcc/Warning-Options.html#index-Wunused-parameter\x07-Wunused-parameter\x1b]8;;\x07\x1b[m\x1b[K]\n'}
[3.419314] (CommunicationCenter) StderrLine: {'line': b'   68 |   DMCANMsg *setPosKD(\x1b[01;35m\x1b[Kuint8_t motor_id\x1b[m\x1b[K, float kd) override { return nullptr; };\n'}
[3.419342] (CommunicationCenter) StderrLine: {'line': b'      |                      \x1b[01;35m\x1b[K~~~~~~~~^~~~~~~~\x1b[m\x1b[K\n'}
[3.419368] (CommunicationCenter) StderrLine: {'line': b'\x1b[01m\x1b[K/home/albusgive2/rlfw/rlfw_deploy/src/CommunicationCenter/motor_driver/DMMotor.h:68:46:\x1b[m\x1b[K \x1b[01;35m\x1b[Kwarning: \x1b[m\x1b[Kunused parameter \xe2\x80\x98\x1b[01m\x1b[Kkd\x1b[m\x1b[K\xe2\x80\x99 [\x1b[01;35m\x1b[K\x1b]8;;https://gcc.gnu.org/onlinedocs/gcc/Warning-Options.html#index-Wunused-parameter\x07-Wunused-parameter\x1b]8;;\x07\x1b[m\x1b[K]\n'}
[3.419402] (CommunicationCenter) StderrLine: {'line': b'   68 |   DMCANMsg *setPosKD(uint8_t motor_id, \x1b[01;35m\x1b[Kfloat kd\x1b[m\x1b[K) override { return nullptr; };\n'}
[3.419428] (CommunicationCenter) StderrLine: {'line': b'      |                                        \x1b[01;35m\x1b[K~~~~~~^~\x1b[m\x1b[K\n'}
[3.419452] (CommunicationCenter) StderrLine: {'line': b'\x1b[01m\x1b[K/home/albusgive2/rlfw/rlfw_deploy/src/CommunicationCenter/motor_driver/DMMotor.h:\x1b[m\x1b[K In member function \xe2\x80\x98\x1b[01m\x1b[Kvirtual DMCANMsg* DMMotor::setVelKP(uint8_t, float)\x1b[m\x1b[K\xe2\x80\x99:\n'}
[3.419479] (CommunicationCenter) StderrLine: {'line': b'\x1b[01m\x1b[K/home/albusgive2/rlfw/rlfw_deploy/src/CommunicationCenter/motor_driver/DMMotor.h:70:30:\x1b[m\x1b[K \x1b[01;35m\x1b[Kwarning: \x1b[m\x1b[Kunused parameter \xe2\x80\x98\x1b[01m\x1b[Kmotor_id\x1b[m\x1b[K\xe2\x80\x99 [\x1b[01;35m\x1b[K\x1b]8;;https://gcc.gnu.org/onlinedocs/gcc/Warning-Options.html#index-Wunused-parameter\x07-Wunused-parameter\x1b]8;;\x07\x1b[m\x1b[K]\n'}
[3.419505] (CommunicationCenter) StderrLine: {'line': b'   70 |   DMCANMsg *setVelKP(\x1b[01;35m\x1b[Kuint8_t motor_id\x1b[m\x1b[K, float kp) override { return nullptr; };\n'}
[3.419530] (CommunicationCenter) StderrLine: {'line': b'      |                      \x1b[01;35m\x1b[K~~~~~~~~^~~~~~~~\x1b[m\x1b[K\n'}
[3.419553] (CommunicationCenter) StderrLine: {'line': b'\x1b[01m\x1b[K/home/albusgive2/rlfw/rlfw_deploy/src/CommunicationCenter/motor_driver/DMMotor.h:70:46:\x1b[m\x1b[K \x1b[01;35m\x1b[Kwarning: \x1b[m\x1b[Kunused parameter \xe2\x80\x98\x1b[01m\x1b[Kkp\x1b[m\x1b[K\xe2\x80\x99 [\x1b[01;35m\x1b[K\x1b]8;;https://gcc.gnu.org/onlinedocs/gcc/Warning-Options.html#index-Wunused-parameter\x07-Wunused-parameter\x1b]8;;\x07\x1b[m\x1b[K]\n'}
[3.419579] (CommunicationCenter) StderrLine: {'line': b'   70 |   DMCANMsg *setVelKP(uint8_t motor_id, \x1b[01;35m\x1b[Kfloat kp\x1b[m\x1b[K) override { return nullptr; };\n'}
[3.419603] (CommunicationCenter) StderrLine: {'line': b'      |                                        \x1b[01;35m\x1b[K~~~~~~^~\x1b[m\x1b[K\n'}
[3.419626] (CommunicationCenter) StderrLine: {'line': b'\x1b[01m\x1b[K/home/albusgive2/rlfw/rlfw_deploy/src/CommunicationCenter/motor_driver/DMMotor.h:\x1b[m\x1b[K In member function \xe2\x80\x98\x1b[01m\x1b[Kvirtual DMCANMsg* DMMotor::setVelKI(uint8_t, float)\x1b[m\x1b[K\xe2\x80\x99:\n'}
[3.419649] (CommunicationCenter) StderrLine: {'line': b'\x1b[01m\x1b[K/home/albusgive2/rlfw/rlfw_deploy/src/CommunicationCenter/motor_driver/DMMotor.h:71:30:\x1b[m\x1b[K \x1b[01;35m\x1b[Kwarning: \x1b[m\x1b[Kunused parameter \xe2\x80\x98\x1b[01m\x1b[Kmotor_id\x1b[m\x1b[K\xe2\x80\x99 [\x1b[01;35m\x1b[K\x1b]8;;https://gcc.gnu.org/onlinedocs/gcc/Warning-Options.html#index-Wunused-parameter\x07-Wunused-parameter\x1b]8;;\x07\x1b[m\x1b[K]\n'}
[3.419673] (CommunicationCenter) StderrLine: {'line': b'   71 |   DMCANMsg *setVelKI(\x1b[01;35m\x1b[Kuint8_t motor_id\x1b[m\x1b[K, float ki) override { return nullptr; };\n'}
[3.419697] (CommunicationCenter) StderrLine: {'line': b'      |                      \x1b[01;35m\x1b[K~~~~~~~~^~~~~~~~\x1b[m\x1b[K\n'}
[3.419721] (CommunicationCenter) StderrLine: {'line': b'\x1b[01m\x1b[K/home/albusgive2/rlfw/rlfw_deploy/src/CommunicationCenter/motor_driver/DMMotor.h:71:46:\x1b[m\x1b[K \x1b[01;35m\x1b[Kwarning: \x1b[m\x1b[Kunused parameter \xe2\x80\x98\x1b[01m\x1b[Kki\x1b[m\x1b[K\xe2\x80\x99 [\x1b[01;35m\x1b[K\x1b]8;;https://gcc.gnu.org/onlinedocs/gcc/Warning-Options.html#index-Wunused-parameter\x07-Wunused-parameter\x1b]8;;\x07\x1b[m\x1b[K]\n'}
[3.419746] (CommunicationCenter) StderrLine: {'line': b'   71 |   DMCANMsg *setVelKI(uint8_t motor_id, \x1b[01;35m\x1b[Kfloat ki\x1b[m\x1b[K) override { return nullptr; };\n'}
[3.419775] (CommunicationCenter) StderrLine: {'line': b'      |                                        \x1b[01;35m\x1b[K~~~~~~^~\x1b[m\x1b[K\n'}
[3.419802] (CommunicationCenter) StderrLine: {'line': b'\x1b[01m\x1b[K/home/albusgive2/rlfw/rlfw_deploy/src/CommunicationCenter/motor_driver/DMMotor.h:\x1b[m\x1b[K In member function \xe2\x80\x98\x1b[01m\x1b[Kvirtual DMCANMsg* DMMotor::setTorqueKP(uint8_t, float)\x1b[m\x1b[K\xe2\x80\x99:\n'}
[3.419825] (CommunicationCenter) StderrLine: {'line': b'\x1b[01m\x1b[K/home/albusgive2/rlfw/rlfw_deploy/src/CommunicationCenter/motor_driver/DMMotor.h:73:33:\x1b[m\x1b[K \x1b[01;35m\x1b[Kwarning: \x1b[m\x1b[Kunused parameter \xe2\x80\x98\x1b[01m\x1b[Kmotor_id\x1b[m\x1b[K\xe2\x80\x99 [\x1b[01;35m\x1b[K\x1b]8;;https://gcc.gnu.org/onlinedocs/gcc/Warning-Options.html#index-Wunused-parameter\x07-Wunused-parameter\x1b]8;;\x07\x1b[m\x1b[K]\n'}
[3.419851] (CommunicationCenter) StderrLine: {'line': b'   73 |   DMCANMsg *setTorqueKP(\x1b[01;35m\x1b[Kuint8_t motor_id\x1b[m\x1b[K, float kp) override {\n'}
[3.419875] (CommunicationCenter) StderrLine: {'line': b'      |                         \x1b[01;35m\x1b[K~~~~~~~~^~~~~~~~\x1b[m\x1b[K\n'}
[3.419898] (CommunicationCenter) StderrLine: {'line': b'\x1b[01m\x1b[K/home/albusgive2/rlfw/rlfw_deploy/src/CommunicationCenter/motor_driver/DMMotor.h:73:49:\x1b[m\x1b[K \x1b[01;35m\x1b[Kwarning: \x1b[m\x1b[Kunused parameter \xe2\x80\x98\x1b[01m\x1b[Kkp\x1b[m\x1b[K\xe2\x80\x99 [\x1b[01;35m\x1b[K\x1b]8;;https://gcc.gnu.org/onlinedocs/gcc/Warning-Options.html#index-Wunused-parameter\x07-Wunused-parameter\x1b]8;;\x07\x1b[m\x1b[K]\n'}
[3.419922] (CommunicationCenter) StderrLine: {'line': b'   73 |   DMCANMsg *setTorqueKP(uint8_t motor_id, \x1b[01;35m\x1b[Kfloat kp\x1b[m\x1b[K) override {\n'}
[3.419945] (CommunicationCenter) StderrLine: {'line': b'      |                                           \x1b[01;35m\x1b[K~~~~~~^~\x1b[m\x1b[K\n'}
[3.419968] (CommunicationCenter) StderrLine: {'line': b'\x1b[01m\x1b[K/home/albusgive2/rlfw/rlfw_deploy/src/CommunicationCenter/motor_driver/DMMotor.h:\x1b[m\x1b[K In member function \xe2\x80\x98\x1b[01m\x1b[Kvirtual DMCANMsg* DMMotor::setTorqueKI(uint8_t, float)\x1b[m\x1b[K\xe2\x80\x99:\n'}
[3.419991] (CommunicationCenter) StderrLine: {'line': b'\x1b[01m\x1b[K/home/albusgive2/rlfw/rlfw_deploy/src/CommunicationCenter/motor_driver/DMMotor.h:76:33:\x1b[m\x1b[K \x1b[01;35m\x1b[Kwarning: \x1b[m\x1b[Kunused parameter \xe2\x80\x98\x1b[01m\x1b[Kmotor_id\x1b[m\x1b[K\xe2\x80\x99 [\x1b[01;35m\x1b[K\x1b]8;;https://gcc.gnu.org/onlinedocs/gcc/Warning-Options.html#index-Wunused-parameter\x07-Wunused-parameter\x1b]8;;\x07\x1b[m\x1b[K]\n'}
[3.420015] (CommunicationCenter) StderrLine: {'line': b'   76 |   DMCANMsg *setTorqueKI(\x1b[01;35m\x1b[Kuint8_t motor_id\x1b[m\x1b[K, float ki) override {\n'}
[3.420041] (CommunicationCenter) StderrLine: {'line': b'      |                         \x1b[01;35m\x1b[K~~~~~~~~^~~~~~~~\x1b[m\x1b[K\n'}
[3.420063] (CommunicationCenter) StderrLine: {'line': b'\x1b[01m\x1b[K/home/albusgive2/rlfw/rlfw_deploy/src/CommunicationCenter/motor_driver/DMMotor.h:76:49:\x1b[m\x1b[K \x1b[01;35m\x1b[Kwarning: \x1b[m\x1b[Kunused parameter \xe2\x80\x98\x1b[01m\x1b[Kki\x1b[m\x1b[K\xe2\x80\x99 [\x1b[01;35m\x1b[K\x1b]8;;https://gcc.gnu.org/onlinedocs/gcc/Warning-Options.html#index-Wunused-parameter\x07-Wunused-parameter\x1b]8;;\x07\x1b[m\x1b[K]\n'}
[3.420088] (CommunicationCenter) StderrLine: {'line': b'   76 |   DMCANMsg *setTorqueKI(uint8_t motor_id, \x1b[01;35m\x1b[Kfloat ki\x1b[m\x1b[K) override {\n'}
[3.420113] (CommunicationCenter) StderrLine: {'line': b'      |                                           \x1b[01;35m\x1b[K~~~~~~^~\x1b[m\x1b[K\n'}
[3.420136] (CommunicationCenter) StderrLine: {'line': b'\x1b[01m\x1b[K/home/albusgive2/rlfw/rlfw_deploy/src/CommunicationCenter/motor_driver/DMMotor.h:\x1b[m\x1b[K In member function \xe2\x80\x98\x1b[01m\x1b[Kvirtual DMCANMsg* DMMotor::setSafeTorque(uint8_t, float)\x1b[m\x1b[K\xe2\x80\x99:\n'}
[3.420160] (CommunicationCenter) StderrLine: {'line': b'\x1b[01m\x1b[K/home/albusgive2/rlfw/rlfw_deploy/src/CommunicationCenter/motor_driver/DMMotor.h:80:35:\x1b[m\x1b[K \x1b[01;35m\x1b[Kwarning: \x1b[m\x1b[Kunused parameter \xe2\x80\x98\x1b[01m\x1b[Kmotor_id\x1b[m\x1b[K\xe2\x80\x99 [\x1b[01;35m\x1b[K\x1b]8;;https://gcc.gnu.org/onlinedocs/gcc/Warning-Options.html#index-Wunused-parameter\x07-Wunused-parameter\x1b]8;;\x07\x1b[m\x1b[K]\n'}
[3.420185] (CommunicationCenter) StderrLine: {'line': b'   80 |   DMCANMsg *setSafeTorque(\x1b[01;35m\x1b[Kuint8_t motor_id\x1b[m\x1b[K, float torque) override {\n'}
[3.420207] (CommunicationCenter) StderrLine: {'line': b'      |                           \x1b[01;35m\x1b[K~~~~~~~~^~~~~~~~\x1b[m\x1b[K\n'}
[3.420230] (CommunicationCenter) StderrLine: {'line': b'\x1b[01m\x1b[K/home/albusgive2/rlfw/rlfw_deploy/src/CommunicationCenter/motor_driver/DMMotor.h:80:51:\x1b[m\x1b[K \x1b[01;35m\x1b[Kwarning: \x1b[m\x1b[Kunused parameter \xe2\x80\x98\x1b[01m\x1b[Ktorque\x1b[m\x1b[K\xe2\x80\x99 [\x1b[01;35m\x1b[K\x1b]8;;https://gcc.gnu.org/onlinedocs/gcc/Warning-Options.html#index-Wunused-parameter\x07-Wunused-parameter\x1b]8;;\x07\x1b[m\x1b[K]\n'}
[3.420257] (CommunicationCenter) StderrLine: {'line': b'   80 |   DMCANMsg *setSafeTorque(uint8_t motor_id, \x1b[01;35m\x1b[Kfloat torque\x1b[m\x1b[K) override {\n'}
[3.420281] (CommunicationCenter) StderrLine: {'line': b'      |                                             \x1b[01;35m\x1b[K~~~~~~^~~~~~\x1b[m\x1b[K\n'}
[3.420304] (CommunicationCenter) StderrLine: {'line': b'\x1b[01m\x1b[K/home/albusgive2/rlfw/rlfw_deploy/src/CommunicationCenter/motor_driver/DMMotor.h:\x1b[m\x1b[K In member function \xe2\x80\x98\x1b[01m\x1b[Kvirtual DMCANMsg* DMMotor::setSafePos(uint8_t, float)\x1b[m\x1b[K\xe2\x80\x99:\n'}
[3.420328] (CommunicationCenter) StderrLine: {'line': b'\x1b[01m\x1b[K/home/albusgive2/rlfw/rlfw_deploy/src/CommunicationCenter/motor_driver/DMMotor.h:83:32:\x1b[m\x1b[K \x1b[01;35m\x1b[Kwarning: \x1b[m\x1b[Kunused parameter \xe2\x80\x98\x1b[01m\x1b[Kmotor_id\x1b[m\x1b[K\xe2\x80\x99 [\x1b[01;35m\x1b[K\x1b]8;;https://gcc.gnu.org/onlinedocs/gcc/Warning-Options.html#index-Wunused-parameter\x07-Wunused-parameter\x1b]8;;\x07\x1b[m\x1b[K]\n'}
[3.420352] (CommunicationCenter) StderrLine: {'line': b'   83 |   DMCANMsg *setSafePos(\x1b[01;35m\x1b[Kuint8_t motor_id\x1b[m\x1b[K, float pos) override {\n'}
[3.420375] (CommunicationCenter) StderrLine: {'line': b'      |                        \x1b[01;35m\x1b[K~~~~~~~~^~~~~~~~\x1b[m\x1b[K\n'}
[3.420398] (CommunicationCenter) StderrLine: {'line': b'\x1b[01m\x1b[K/home/albusgive2/rlfw/rlfw_deploy/src/CommunicationCenter/motor_driver/DMMotor.h:83:48:\x1b[m\x1b[K \x1b[01;35m\x1b[Kwarning: \x1b[m\x1b[Kunused parameter \xe2\x80\x98\x1b[01m\x1b[Kpos\x1b[m\x1b[K\xe2\x80\x99 [\x1b[01;35m\x1b[K\x1b]8;;https://gcc.gnu.org/onlinedocs/gcc/Warning-Options.html#index-Wunused-parameter\x07-Wunused-parameter\x1b]8;;\x07\x1b[m\x1b[K]\n'}
[3.420422] (CommunicationCenter) StderrLine: {'line': b'   83 |   DMCANMsg *setSafePos(uint8_t motor_id, \x1b[01;35m\x1b[Kfloat pos\x1b[m\x1b[K) override {\n'}
[3.420445] (CommunicationCenter) StderrLine: {'line': b'      |                                          \x1b[01;35m\x1b[K~~~~~~^~~\x1b[m\x1b[K\n'}
[3.420467] (CommunicationCenter) StderrLine: {'line': b'\x1b[01m\x1b[K/home/albusgive2/rlfw/rlfw_deploy/src/CommunicationCenter/motor_driver/DMMotor.h:\x1b[m\x1b[K In member function \xe2\x80\x98\x1b[01m\x1b[Kvirtual DMCANMsg* DMMotor::setSafeVel(uint8_t, float)\x1b[m\x1b[K\xe2\x80\x99:\n'}
[3.420490] (CommunicationCenter) StderrLine: {'line': b'\x1b[01m\x1b[K/home/albusgive2/rlfw/rlfw_deploy/src/CommunicationCenter/motor_driver/DMMotor.h:86:32:\x1b[m\x1b[K \x1b[01;35m\x1b[Kwarning: \x1b[m\x1b[Kunused parameter \xe2\x80\x98\x1b[01m\x1b[Kmotor_id\x1b[m\x1b[K\xe2\x80\x99 [\x1b[01;35m\x1b[K\x1b]8;;https://gcc.gnu.org/onlinedocs/gcc/Warning-Options.html#index-Wunused-parameter\x07-Wunused-parameter\x1b]8;;\x07\x1b[m\x1b[K]\n'}
[3.420514] (CommunicationCenter) StderrLine: {'line': b'   86 |   DMCANMsg *setSafeVel(\x1b[01;35m\x1b[Kuint8_t motor_id\x1b[m\x1b[K, float vel) override {\n'}
[3.420536] (CommunicationCenter) StderrLine: {'line': b'      |                        \x1b[01;35m\x1b[K~~~~~~~~^~~~~~~~\x1b[m\x1b[K\n'}
[3.420560] (CommunicationCenter) StderrLine: {'line': b'\x1b[01m\x1b[K/home/albusgive2/rlfw/rlfw_deploy/src/CommunicationCenter/motor_driver/DMMotor.h:86:48:\x1b[m\x1b[K \x1b[01;35m\x1b[Kwarning: \x1b[m\x1b[Kunused parameter \xe2\x80\x98\x1b[01m\x1b[Kvel\x1b[m\x1b[K\xe2\x80\x99 [\x1b[01;35m\x1b[K\x1b]8;;https://gcc.gnu.org/onlinedocs/gcc/Warning-Options.html#index-Wunused-parameter\x07-Wunused-parameter\x1b]8;;\x07\x1b[m\x1b[K]\n'}
[3.420584] (CommunicationCenter) StderrLine: {'line': b'   86 |   DMCANMsg *setSafeVel(uint8_t motor_id, \x1b[01;35m\x1b[Kfloat vel\x1b[m\x1b[K) override {\n'}
[3.420608] (CommunicationCenter) StderrLine: {'line': b'      |                                          \x1b[01;35m\x1b[K~~~~~~^~~\x1b[m\x1b[K\n'}
[3.510529] (-) TimerEvent: {}
[3.610748] (-) TimerEvent: {}
[3.710973] (-) TimerEvent: {}
[3.811247] (-) TimerEvent: {}
[3.889020] (nz-imu) StdoutLine: {'line': b'[100%] \x1b[32m\x1b[1mLinking CXX executable hwt906\x1b[0m\n'}
[3.911344] (-) TimerEvent: {}
[4.002575] (nz-imu) StdoutLine: {'line': b'[100%] Built target hwt906\n'}
[4.009705] (nz-imu) CommandEnded: {'returncode': 0}
[4.010256] (nz-imu) JobProgress: {'identifier': 'nz-imu', 'progress': 'install'}
[4.011415] (-) TimerEvent: {}
[4.015763] (nz-imu) Command: {'cmd': ['/usr/bin/cmake', '--install', '/home/albusgive2/rlfw/rlfw_deploy/build/nz-imu'], 'cwd': '/home/albusgive2/rlfw/rlfw_deploy/build/nz-imu', 'env': OrderedDict([('GJS_DEBUG_TOPICS', 'JS ERROR;JS LOG'), ('LESSOPEN', '| /usr/bin/lesspipe %s'), ('LANGUAGE', 'zh_CN:zh'), ('USER', 'albusgive2'), ('XDG_SESSION_TYPE', 'x11'), ('GIT_ASKPASS', '/usr/share/code/resources/app/extensions/git/dist/askpass.sh'), ('SHLVL', '1'), ('LD_LIBRARY_PATH', '/home/albusgive2/rlfw/rlfw_interface/install/rlfw_msgs/lib:/opt/mujoco/lib:/opt/ros/humble/opt/rviz_ogre_vendor/lib:/opt/ros/humble/lib/x86_64-linux-gnu:/opt/ros/humble/lib:/usr/local/cuda/lib64::/usr/local/cuda-12.4/lib64'), ('HOME', '/home/albusgive2'), ('CHROME_DESKTOP', 'code.desktop'), ('CONDA_SHLVL', '0'), ('OLDPWD', '/home/albusgive2/rlfw/rlfw_deploy/src'), ('TERM_PROGRAM_VERSION', '1.97.0'), ('DESKTOP_SESSION', 'ubuntu'), ('GIO_LAUNCHED_DESKTOP_FILE', '/usr/share/applications/code.desktop'), ('ROS_PYTHON_VERSION', '3'), ('GNOME_SHELL_SESSION_MODE', 'ubuntu'), ('GTK_MODULES', 'gail:atk-bridge'), ('VSCODE_GIT_ASKPASS_MAIN', '/usr/share/code/resources/app/extensions/git/dist/askpass-main.js'), ('VSCODE_GIT_ASKPASS_NODE', '/usr/share/code/code'), ('MANAGERPID', '1573'), ('SYSTEMD_EXEC_PID', '1822'), ('DBUS_SESSION_BUS_ADDRESS', 'unix:path=/run/user/1000/bus'), ('COLORTERM', 'truecolor'), ('_CE_M', ''), ('GIO_LAUNCHED_DESKTOP_FILE_PID', '3784'), ('https_proxy', 'http://127.0.0.1:7897'), ('COLCON_PREFIX_PATH', '/home/albusgive2/rlfw/rlfw_deploy/install:/home/albusgive2/rlfw/rlfw_interface/install'), ('ROS_DISTRO', 'humble'), ('GTK_IM_MODULE', 'ibus'), ('LOGNAME', 'albusgive2'), ('http_proxy', 'http://127.0.0.1:7897'), ('JOURNAL_STREAM', '8:12194'), ('_', '/usr/bin/colcon'), ('ROS_VERSION', '2'), ('XDG_SESSION_CLASS', 'user'), ('USERNAME', 'albusgive2'), ('TERM', 'xterm-256color'), ('GNOME_DESKTOP_SESSION_ID', 'this-is-deprecated'), ('_CE_CONDA', ''), ('ROS_LOCALHOST_ONLY', '0'), ('WINDOWPATH', '2'), ('PATH', '/home/albusgive2/Qt/6.8.2/gcc_64/bin:/opt/ros/humble/bin:/usr/local/cuda/bin:/home/albusgive2/anaconda3/condabin:/home/albusgive2/.local/bin:/usr/local/sbin:/usr/local/bin:/usr/sbin:/usr/bin:/sbin:/bin:/usr/games:/usr/local/games:/snap/bin:/snap/bin:/home/albusgive2/.config/Code/User/globalStorage/github.copilot-chat/debugCommand:/usr/local/cuda-12.4/bin'), ('SESSION_MANAGER', 'local/albusgive2:@/tmp/.ICE-unix/1795,unix/albusgive2:/tmp/.ICE-unix/1795'), ('INVOCATION_ID', 'c816e059c17f44b896bd9c0a32d3c3d9'), ('XDG_MENU_PREFIX', 'gnome-'), ('XDG_RUNTIME_DIR', '/run/user/1000'), ('GDK_BACKEND', 'x11'), ('DISPLAY', ':1'), ('LANG', 'zh_CN.UTF-8'), ('XDG_CURRENT_DESKTOP', 'Unity'), ('XMODIFIERS', '@im=ibus'), ('XDG_SESSION_DESKTOP', 'ubuntu'), ('XAUTHORITY', '/run/user/1000/gdm/Xauthority'), ('LS_COLORS', 'rs=0:di=01;34:ln=01;36:mh=00:pi=40;33:so=01;35:do=01;35:bd=40;33;01:cd=40;33;01:or=40;31;01:mi=00:su=37;41:sg=30;43:ca=30;41:tw=30;42:ow=34;42:st=37;44:ex=01;32:*.tar=01;31:*.tgz=01;31:*.arc=01;31:*.arj=01;31:*.taz=01;31:*.lha=01;31:*.lz4=01;31:*.lzh=01;31:*.lzma=01;31:*.tlz=01;31:*.txz=01;31:*.tzo=01;31:*.t7z=01;31:*.zip=01;31:*.z=01;31:*.dz=01;31:*.gz=01;31:*.lrz=01;31:*.lz=01;31:*.lzo=01;31:*.xz=01;31:*.zst=01;31:*.tzst=01;31:*.bz2=01;31:*.bz=01;31:*.tbz=01;31:*.tbz2=01;31:*.tz=01;31:*.deb=01;31:*.rpm=01;31:*.jar=01;31:*.war=01;31:*.ear=01;31:*.sar=01;31:*.rar=01;31:*.alz=01;31:*.ace=01;31:*.zoo=01;31:*.cpio=01;31:*.7z=01;31:*.rz=01;31:*.cab=01;31:*.wim=01;31:*.swm=01;31:*.dwm=01;31:*.esd=01;31:*.jpg=01;35:*.jpeg=01;35:*.mjpg=01;35:*.mjpeg=01;35:*.gif=01;35:*.bmp=01;35:*.pbm=01;35:*.pgm=01;35:*.ppm=01;35:*.tga=01;35:*.xbm=01;35:*.xpm=01;35:*.tif=01;35:*.tiff=01;35:*.png=01;35:*.svg=01;35:*.svgz=01;35:*.mng=01;35:*.pcx=01;35:*.mov=01;35:*.mpg=01;35:*.mpeg=01;35:*.m2v=01;35:*.mkv=01;35:*.webm=01;35:*.webp=01;35:*.ogm=01;35:*.mp4=01;35:*.m4v=01;35:*.mp4v=01;35:*.vob=01;35:*.qt=01;35:*.nuv=01;35:*.wmv=01;35:*.asf=01;35:*.rm=01;35:*.rmvb=01;35:*.flc=01;35:*.avi=01;35:*.fli=01;35:*.flv=01;35:*.gl=01;35:*.dl=01;35:*.xcf=01;35:*.xwd=01;35:*.yuv=01;35:*.cgm=01;35:*.emf=01;35:*.ogv=01;35:*.ogx=01;35:*.aac=00;36:*.au=00;36:*.flac=00;36:*.m4a=00;36:*.mid=00;36:*.midi=00;36:*.mka=00;36:*.mp3=00;36:*.mpc=00;36:*.ogg=00;36:*.ra=00;36:*.wav=00;36:*.oga=00;36:*.opus=00;36:*.spx=00;36:*.xspf=00;36:'), ('VSCODE_GIT_IPC_HANDLE', '/run/user/1000/vscode-git-3d487d3973.sock'), ('TERM_PROGRAM', 'vscode'), ('SSH_AGENT_LAUNCHER', 'gnome-keyring'), ('SSH_AUTH_SOCK', '/run/user/1000/keyring/ssh'), ('AMENT_PREFIX_PATH', '/home/albusgive2/rlfw/rlfw_deploy/install/nz-imu:/home/albusgive2/rlfw/rlfw_deploy/install/mujoco_mapping:/home/albusgive2/rlfw/rlfw_deploy/install/CommunicationCenter:/home/albusgive2/rlfw/rlfw_interface/install/rlfw_msgs:/opt/ros/humble'), ('CONDA_PYTHON_EXE', '/home/albusgive2/anaconda3/bin/python'), ('ORIGINAL_XDG_CURRENT_DESKTOP', 'ubuntu:GNOME'), ('SHELL', '/bin/bash'), ('QT_ACCESSIBILITY', '1'), ('GDMSESSION', 'ubuntu'), ('LESSCLOSE', '/usr/bin/lesspipe %s %s'), ('GPG_AGENT_INFO', '/run/user/1000/gnupg/S.gpg-agent:0:1'), ('GJS_DEBUG_OUTPUT', 'stderr'), ('VSCODE_GIT_ASKPASS_EXTRA_ARGS', ''), ('QT_IM_MODULE', 'ibus'), ('PWD', '/home/albusgive2/rlfw/rlfw_deploy/build/nz-imu'), ('XDG_CONFIG_DIRS', '/etc/xdg/xdg-ubuntu:/etc/xdg'), ('CONDA_EXE', '/home/albusgive2/anaconda3/bin/conda'), ('XDG_DATA_DIRS', '/usr/share/ubuntu:/usr/share/gnome:/usr/local/share/:/usr/share/:/var/lib/snapd/desktop'), ('PYTHONPATH', '/home/albusgive2/rlfw/rlfw_interface/install/rlfw_msgs/local/lib/python3.10/dist-packages:/opt/ros/humble/lib/python3.10/site-packages:/opt/ros/humble/local/lib/python3.10/dist-packages'), ('COLCON', '1'), ('CMAKE_PREFIX_PATH', '/home/albusgive2/rlfw/rlfw_deploy/install/nz-imu:/home/albusgive2/rlfw/rlfw_deploy/install/mujoco_mapping:/home/albusgive2/rlfw/rlfw_deploy/install/CommunicationCenter:/home/albusgive2/rlfw/rlfw_interface/install/rlfw_msgs:/opt/ros/humble')]), 'shell': False}
[4.021365] (nz-imu) StdoutLine: {'line': b'-- Install configuration: ""\n'}
[4.021545] (nz-imu) StdoutLine: {'line': b'-- Installing: /home/albusgive2/rlfw/rlfw_deploy/install/nz-imu/lib/nz-imu/hwt906\n'}
[4.022205] (nz-imu) StdoutLine: {'line': b'-- Set runtime path of "/home/albusgive2/rlfw/rlfw_deploy/install/nz-imu/lib/nz-imu/hwt906" to ""\n'}
[4.022336] (nz-imu) StdoutLine: {'line': b'-- Installing: /home/albusgive2/rlfw/rlfw_deploy/install/nz-imu/share/ament_index/resource_index/package_run_dependencies/nz-imu\n'}
[4.022428] (nz-imu) StdoutLine: {'line': b'-- Installing: /home/albusgive2/rlfw/rlfw_deploy/install/nz-imu/share/ament_index/resource_index/parent_prefix_path/nz-imu\n'}
[4.022495] (nz-imu) StdoutLine: {'line': b'-- Installing: /home/albusgive2/rlfw/rlfw_deploy/install/nz-imu/share/nz-imu/environment/ament_prefix_path.sh\n'}
[4.022572] (nz-imu) StdoutLine: {'line': b'-- Installing: /home/albusgive2/rlfw/rlfw_deploy/install/nz-imu/share/nz-imu/environment/ament_prefix_path.dsv\n'}
[4.022627] (nz-imu) StdoutLine: {'line': b'-- Installing: /home/albusgive2/rlfw/rlfw_deploy/install/nz-imu/share/nz-imu/environment/path.sh\n'}
[4.022678] (nz-imu) StdoutLine: {'line': b'-- Installing: /home/albusgive2/rlfw/rlfw_deploy/install/nz-imu/share/nz-imu/environment/path.dsv\n'}
[4.022748] (nz-imu) StdoutLine: {'line': b'-- Installing: /home/albusgive2/rlfw/rlfw_deploy/install/nz-imu/share/nz-imu/local_setup.bash\n'}
[4.022813] (nz-imu) StdoutLine: {'line': b'-- Installing: /home/albusgive2/rlfw/rlfw_deploy/install/nz-imu/share/nz-imu/local_setup.sh\n'}
[4.022875] (nz-imu) StdoutLine: {'line': b'-- Installing: /home/albusgive2/rlfw/rlfw_deploy/install/nz-imu/share/nz-imu/local_setup.zsh\n'}
[4.022939] (nz-imu) StdoutLine: {'line': b'-- Installing: /home/albusgive2/rlfw/rlfw_deploy/install/nz-imu/share/nz-imu/local_setup.dsv\n'}
[4.022987] (nz-imu) StdoutLine: {'line': b'-- Installing: /home/albusgive2/rlfw/rlfw_deploy/install/nz-imu/share/nz-imu/package.dsv\n'}
[4.023041] (nz-imu) StdoutLine: {'line': b'-- Installing: /home/albusgive2/rlfw/rlfw_deploy/install/nz-imu/share/ament_index/resource_index/packages/nz-imu\n'}
[4.023090] (nz-imu) StdoutLine: {'line': b'-- Installing: /home/albusgive2/rlfw/rlfw_deploy/install/nz-imu/share/nz-imu/cmake/nz-imuConfig.cmake\n'}
[4.023155] (nz-imu) StdoutLine: {'line': b'-- Installing: /home/albusgive2/rlfw/rlfw_deploy/install/nz-imu/share/nz-imu/cmake/nz-imuConfig-version.cmake\n'}
[4.023204] (nz-imu) StdoutLine: {'line': b'-- Installing: /home/albusgive2/rlfw/rlfw_deploy/install/nz-imu/share/nz-imu/package.xml\n'}
[4.024185] (nz-imu) CommandEnded: {'returncode': 0}
[4.033485] (nz-imu) JobEnded: {'identifier': 'nz-imu', 'rc': 0}
[4.111518] (-) TimerEvent: {}
[4.211781] (-) TimerEvent: {}
[4.312035] (-) TimerEvent: {}
[4.412282] (-) TimerEvent: {}
[4.512543] (-) TimerEvent: {}
[4.612818] (-) TimerEvent: {}
[4.713061] (-) TimerEvent: {}
[4.813299] (-) TimerEvent: {}
[4.913552] (-) TimerEvent: {}
[5.013811] (-) TimerEvent: {}
[5.114056] (-) TimerEvent: {}
[5.214308] (-) TimerEvent: {}
[5.314558] (-) TimerEvent: {}
[5.414810] (-) TimerEvent: {}
[5.515067] (-) TimerEvent: {}
[5.615318] (-) TimerEvent: {}
[5.715581] (-) TimerEvent: {}
[5.815813] (-) TimerEvent: {}
[5.916017] (-) TimerEvent: {}
[6.016252] (-) TimerEvent: {}
[6.116490] (-) TimerEvent: {}
[6.216705] (-) TimerEvent: {}
[6.316924] (-) TimerEvent: {}
[6.417133] (-) TimerEvent: {}
[6.517337] (-) TimerEvent: {}
[6.617549] (-) TimerEvent: {}
[6.717808] (-) TimerEvent: {}
[6.818039] (-) TimerEvent: {}
[6.834293] (mujoco_mapping) StdoutLine: {'line': b'[100%] \x1b[32m\x1b[1mLinking CXX executable mujoco_mapping\x1b[0m\n'}
[6.918134] (-) TimerEvent: {}
[7.018387] (-) TimerEvent: {}
[7.075043] (mujoco_mapping) StdoutLine: {'line': b'[100%] Built target mujoco_mapping\n'}
[7.081724] (mujoco_mapping) CommandEnded: {'returncode': 0}
[7.082144] (mujoco_mapping) JobProgress: {'identifier': 'mujoco_mapping', 'progress': 'install'}
[7.082286] (mujoco_mapping) Command: {'cmd': ['/usr/bin/cmake', '--install', '/home/albusgive2/rlfw/rlfw_deploy/build/mujoco_mapping'], 'cwd': '/home/albusgive2/rlfw/rlfw_deploy/build/mujoco_mapping', 'env': OrderedDict([('GJS_DEBUG_TOPICS', 'JS ERROR;JS LOG'), ('LESSOPEN', '| /usr/bin/lesspipe %s'), ('LANGUAGE', 'zh_CN:zh'), ('USER', 'albusgive2'), ('XDG_SESSION_TYPE', 'x11'), ('GIT_ASKPASS', '/usr/share/code/resources/app/extensions/git/dist/askpass.sh'), ('SHLVL', '1'), ('LD_LIBRARY_PATH', '/home/albusgive2/rlfw/rlfw_interface/install/rlfw_msgs/lib:/opt/mujoco/lib:/opt/ros/humble/opt/rviz_ogre_vendor/lib:/opt/ros/humble/lib/x86_64-linux-gnu:/opt/ros/humble/lib:/usr/local/cuda/lib64::/usr/local/cuda-12.4/lib64'), ('HOME', '/home/albusgive2'), ('CHROME_DESKTOP', 'code.desktop'), ('CONDA_SHLVL', '0'), ('OLDPWD', '/home/albusgive2/rlfw/rlfw_deploy/src'), ('TERM_PROGRAM_VERSION', '1.97.0'), ('DESKTOP_SESSION', 'ubuntu'), ('GIO_LAUNCHED_DESKTOP_FILE', '/usr/share/applications/code.desktop'), ('ROS_PYTHON_VERSION', '3'), ('GNOME_SHELL_SESSION_MODE', 'ubuntu'), ('GTK_MODULES', 'gail:atk-bridge'), ('VSCODE_GIT_ASKPASS_MAIN', '/usr/share/code/resources/app/extensions/git/dist/askpass-main.js'), ('VSCODE_GIT_ASKPASS_NODE', '/usr/share/code/code'), ('MANAGERPID', '1573'), ('SYSTEMD_EXEC_PID', '1822'), ('DBUS_SESSION_BUS_ADDRESS', 'unix:path=/run/user/1000/bus'), ('COLORTERM', 'truecolor'), ('_CE_M', ''), ('GIO_LAUNCHED_DESKTOP_FILE_PID', '3784'), ('https_proxy', 'http://127.0.0.1:7897'), ('COLCON_PREFIX_PATH', '/home/albusgive2/rlfw/rlfw_deploy/install:/home/albusgive2/rlfw/rlfw_interface/install'), ('ROS_DISTRO', 'humble'), ('GTK_IM_MODULE', 'ibus'), ('LOGNAME', 'albusgive2'), ('http_proxy', 'http://127.0.0.1:7897'), ('JOURNAL_STREAM', '8:12194'), ('_', '/usr/bin/colcon'), ('ROS_VERSION', '2'), ('XDG_SESSION_CLASS', 'user'), ('USERNAME', 'albusgive2'), ('TERM', 'xterm-256color'), ('GNOME_DESKTOP_SESSION_ID', 'this-is-deprecated'), ('_CE_CONDA', ''), ('ROS_LOCALHOST_ONLY', '0'), ('WINDOWPATH', '2'), ('PATH', '/home/albusgive2/Qt/6.8.2/gcc_64/bin:/opt/ros/humble/bin:/usr/local/cuda/bin:/home/albusgive2/anaconda3/condabin:/home/albusgive2/.local/bin:/usr/local/sbin:/usr/local/bin:/usr/sbin:/usr/bin:/sbin:/bin:/usr/games:/usr/local/games:/snap/bin:/snap/bin:/home/albusgive2/.config/Code/User/globalStorage/github.copilot-chat/debugCommand:/usr/local/cuda-12.4/bin'), ('SESSION_MANAGER', 'local/albusgive2:@/tmp/.ICE-unix/1795,unix/albusgive2:/tmp/.ICE-unix/1795'), ('INVOCATION_ID', 'c816e059c17f44b896bd9c0a32d3c3d9'), ('XDG_MENU_PREFIX', 'gnome-'), ('XDG_RUNTIME_DIR', '/run/user/1000'), ('GDK_BACKEND', 'x11'), ('DISPLAY', ':1'), ('LANG', 'zh_CN.UTF-8'), ('XDG_CURRENT_DESKTOP', 'Unity'), ('XMODIFIERS', '@im=ibus'), ('XDG_SESSION_DESKTOP', 'ubuntu'), ('XAUTHORITY', '/run/user/1000/gdm/Xauthority'), ('LS_COLORS', 'rs=0:di=01;34:ln=01;36:mh=00:pi=40;33:so=01;35:do=01;35:bd=40;33;01:cd=40;33;01:or=40;31;01:mi=00:su=37;41:sg=30;43:ca=30;41:tw=30;42:ow=34;42:st=37;44:ex=01;32:*.tar=01;31:*.tgz=01;31:*.arc=01;31:*.arj=01;31:*.taz=01;31:*.lha=01;31:*.lz4=01;31:*.lzh=01;31:*.lzma=01;31:*.tlz=01;31:*.txz=01;31:*.tzo=01;31:*.t7z=01;31:*.zip=01;31:*.z=01;31:*.dz=01;31:*.gz=01;31:*.lrz=01;31:*.lz=01;31:*.lzo=01;31:*.xz=01;31:*.zst=01;31:*.tzst=01;31:*.bz2=01;31:*.bz=01;31:*.tbz=01;31:*.tbz2=01;31:*.tz=01;31:*.deb=01;31:*.rpm=01;31:*.jar=01;31:*.war=01;31:*.ear=01;31:*.sar=01;31:*.rar=01;31:*.alz=01;31:*.ace=01;31:*.zoo=01;31:*.cpio=01;31:*.7z=01;31:*.rz=01;31:*.cab=01;31:*.wim=01;31:*.swm=01;31:*.dwm=01;31:*.esd=01;31:*.jpg=01;35:*.jpeg=01;35:*.mjpg=01;35:*.mjpeg=01;35:*.gif=01;35:*.bmp=01;35:*.pbm=01;35:*.pgm=01;35:*.ppm=01;35:*.tga=01;35:*.xbm=01;35:*.xpm=01;35:*.tif=01;35:*.tiff=01;35:*.png=01;35:*.svg=01;35:*.svgz=01;35:*.mng=01;35:*.pcx=01;35:*.mov=01;35:*.mpg=01;35:*.mpeg=01;35:*.m2v=01;35:*.mkv=01;35:*.webm=01;35:*.webp=01;35:*.ogm=01;35:*.mp4=01;35:*.m4v=01;35:*.mp4v=01;35:*.vob=01;35:*.qt=01;35:*.nuv=01;35:*.wmv=01;35:*.asf=01;35:*.rm=01;35:*.rmvb=01;35:*.flc=01;35:*.avi=01;35:*.fli=01;35:*.flv=01;35:*.gl=01;35:*.dl=01;35:*.xcf=01;35:*.xwd=01;35:*.yuv=01;35:*.cgm=01;35:*.emf=01;35:*.ogv=01;35:*.ogx=01;35:*.aac=00;36:*.au=00;36:*.flac=00;36:*.m4a=00;36:*.mid=00;36:*.midi=00;36:*.mka=00;36:*.mp3=00;36:*.mpc=00;36:*.ogg=00;36:*.ra=00;36:*.wav=00;36:*.oga=00;36:*.opus=00;36:*.spx=00;36:*.xspf=00;36:'), ('VSCODE_GIT_IPC_HANDLE', '/run/user/1000/vscode-git-3d487d3973.sock'), ('TERM_PROGRAM', 'vscode'), ('SSH_AGENT_LAUNCHER', 'gnome-keyring'), ('SSH_AUTH_SOCK', '/run/user/1000/keyring/ssh'), ('AMENT_PREFIX_PATH', '/home/albusgive2/rlfw/rlfw_deploy/install/nz-imu:/home/albusgive2/rlfw/rlfw_deploy/install/mujoco_mapping:/home/albusgive2/rlfw/rlfw_deploy/install/CommunicationCenter:/home/albusgive2/rlfw/rlfw_interface/install/rlfw_msgs:/opt/ros/humble'), ('CONDA_PYTHON_EXE', '/home/albusgive2/anaconda3/bin/python'), ('ORIGINAL_XDG_CURRENT_DESKTOP', 'ubuntu:GNOME'), ('SHELL', '/bin/bash'), ('QT_ACCESSIBILITY', '1'), ('GDMSESSION', 'ubuntu'), ('LESSCLOSE', '/usr/bin/lesspipe %s %s'), ('GPG_AGENT_INFO', '/run/user/1000/gnupg/S.gpg-agent:0:1'), ('GJS_DEBUG_OUTPUT', 'stderr'), ('VSCODE_GIT_ASKPASS_EXTRA_ARGS', ''), ('QT_IM_MODULE', 'ibus'), ('PWD', '/home/albusgive2/rlfw/rlfw_deploy/build/mujoco_mapping'), ('XDG_CONFIG_DIRS', '/etc/xdg/xdg-ubuntu:/etc/xdg'), ('CONDA_EXE', '/home/albusgive2/anaconda3/bin/conda'), ('XDG_DATA_DIRS', '/usr/share/ubuntu:/usr/share/gnome:/usr/local/share/:/usr/share/:/var/lib/snapd/desktop'), ('PYTHONPATH', '/home/albusgive2/rlfw/rlfw_interface/install/rlfw_msgs/local/lib/python3.10/dist-packages:/opt/ros/humble/lib/python3.10/site-packages:/opt/ros/humble/local/lib/python3.10/dist-packages'), ('COLCON', '1'), ('CMAKE_PREFIX_PATH', '/home/albusgive2/rlfw/rlfw_deploy/install/nz-imu:/home/albusgive2/rlfw/rlfw_deploy/install/mujoco_mapping:/home/albusgive2/rlfw/rlfw_deploy/install/CommunicationCenter:/home/albusgive2/rlfw/rlfw_interface/install/rlfw_msgs:/opt/ros/humble')]), 'shell': False}
[7.087388] (mujoco_mapping) StdoutLine: {'line': b'-- Install configuration: ""\n'}
[7.087472] (mujoco_mapping) StdoutLine: {'line': b'-- Installing: /home/albusgive2/rlfw/rlfw_deploy/install/mujoco_mapping/lib/mujoco_mapping/mujoco_mapping\n'}
[7.088964] (mujoco_mapping) StdoutLine: {'line': b'-- Set runtime path of "/home/albusgive2/rlfw/rlfw_deploy/install/mujoco_mapping/lib/mujoco_mapping/mujoco_mapping" to ""\n'}
[7.089036] (mujoco_mapping) StdoutLine: {'line': b'-- Installing: /home/albusgive2/rlfw/rlfw_deploy/install/mujoco_mapping/share/ament_index/resource_index/package_run_dependencies/mujoco_mapping\n'}
[7.089107] (mujoco_mapping) StdoutLine: {'line': b'-- Installing: /home/albusgive2/rlfw/rlfw_deploy/install/mujoco_mapping/share/ament_index/resource_index/parent_prefix_path/mujoco_mapping\n'}
[7.089181] (mujoco_mapping) StdoutLine: {'line': b'-- Installing: /home/albusgive2/rlfw/rlfw_deploy/install/mujoco_mapping/share/mujoco_mapping/environment/ament_prefix_path.sh\n'}
[7.089228] (mujoco_mapping) StdoutLine: {'line': b'-- Installing: /home/albusgive2/rlfw/rlfw_deploy/install/mujoco_mapping/share/mujoco_mapping/environment/ament_prefix_path.dsv\n'}
[7.089276] (mujoco_mapping) StdoutLine: {'line': b'-- Installing: /home/albusgive2/rlfw/rlfw_deploy/install/mujoco_mapping/share/mujoco_mapping/environment/path.sh\n'}
[7.089320] (mujoco_mapping) StdoutLine: {'line': b'-- Installing: /home/albusgive2/rlfw/rlfw_deploy/install/mujoco_mapping/share/mujoco_mapping/environment/path.dsv\n'}
[7.089363] (mujoco_mapping) StdoutLine: {'line': b'-- Installing: /home/albusgive2/rlfw/rlfw_deploy/install/mujoco_mapping/share/mujoco_mapping/local_setup.bash\n'}
[7.089413] (mujoco_mapping) StdoutLine: {'line': b'-- Installing: /home/albusgive2/rlfw/rlfw_deploy/install/mujoco_mapping/share/mujoco_mapping/local_setup.sh\n'}
[7.089457] (mujoco_mapping) StdoutLine: {'line': b'-- Installing: /home/albusgive2/rlfw/rlfw_deploy/install/mujoco_mapping/share/mujoco_mapping/local_setup.zsh\n'}
[7.089501] (mujoco_mapping) StdoutLine: {'line': b'-- Installing: /home/albusgive2/rlfw/rlfw_deploy/install/mujoco_mapping/share/mujoco_mapping/local_setup.dsv\n'}
[7.089543] (mujoco_mapping) StdoutLine: {'line': b'-- Installing: /home/albusgive2/rlfw/rlfw_deploy/install/mujoco_mapping/share/mujoco_mapping/package.dsv\n'}
[7.089602] (mujoco_mapping) StdoutLine: {'line': b'-- Installing: /home/albusgive2/rlfw/rlfw_deploy/install/mujoco_mapping/share/ament_index/resource_index/packages/mujoco_mapping\n'}
[7.089659] (mujoco_mapping) StdoutLine: {'line': b'-- Installing: /home/albusgive2/rlfw/rlfw_deploy/install/mujoco_mapping/share/mujoco_mapping/cmake/mujoco_mappingConfig.cmake\n'}
[7.089695] (mujoco_mapping) StdoutLine: {'line': b'-- Installing: /home/albusgive2/rlfw/rlfw_deploy/install/mujoco_mapping/share/mujoco_mapping/cmake/mujoco_mappingConfig-version.cmake\n'}
[7.089736] (mujoco_mapping) StdoutLine: {'line': b'-- Installing: /home/albusgive2/rlfw/rlfw_deploy/install/mujoco_mapping/share/mujoco_mapping/package.xml\n'}
[7.090739] (mujoco_mapping) CommandEnded: {'returncode': 0}
[7.097262] (mujoco_mapping) JobEnded: {'identifier': 'mujoco_mapping', 'rc': 0}
[7.118494] (-) TimerEvent: {}
[7.218719] (-) TimerEvent: {}
[7.318933] (-) TimerEvent: {}
[7.419141] (-) TimerEvent: {}
[7.519359] (-) TimerEvent: {}
[7.619577] (-) TimerEvent: {}
[7.719806] (-) TimerEvent: {}
[7.820020] (-) TimerEvent: {}
[7.920254] (-) TimerEvent: {}
[8.020468] (-) TimerEvent: {}
[8.120684] (-) TimerEvent: {}
[8.220882] (-) TimerEvent: {}
[8.321105] (-) TimerEvent: {}
[8.421320] (-) TimerEvent: {}
[8.521538] (-) TimerEvent: {}
[8.621752] (-) TimerEvent: {}
[8.721980] (-) TimerEvent: {}
[8.822191] (-) TimerEvent: {}
[8.922383] (-) TimerEvent: {}
[9.022596] (-) TimerEvent: {}
[9.122796] (-) TimerEvent: {}
[9.222996] (-) TimerEvent: {}
[9.323211] (-) TimerEvent: {}
[9.423426] (-) TimerEvent: {}
[9.523641] (-) TimerEvent: {}
[9.623829] (-) TimerEvent: {}
[9.724021] (-) TimerEvent: {}
[9.824236] (-) TimerEvent: {}
[9.924457] (-) TimerEvent: {}
[10.024667] (-) TimerEvent: {}
[10.124866] (-) TimerEvent: {}
[10.225061] (-) TimerEvent: {}
[10.325282] (-) TimerEvent: {}
[10.425501] (-) TimerEvent: {}
[10.525713] (-) TimerEvent: {}
[10.625956] (-) TimerEvent: {}
[10.726174] (-) TimerEvent: {}
[10.826423] (-) TimerEvent: {}
[10.926643] (-) TimerEvent: {}
[11.026846] (-) TimerEvent: {}
[11.127037] (-) TimerEvent: {}
[11.227251] (-) TimerEvent: {}
[11.327442] (-) TimerEvent: {}
[11.427662] (-) TimerEvent: {}
[11.527859] (-) TimerEvent: {}
[11.628052] (-) TimerEvent: {}
[11.728257] (-) TimerEvent: {}
[11.828453] (-) TimerEvent: {}
[11.928665] (-) TimerEvent: {}
[12.028862] (-) TimerEvent: {}
[12.129052] (-) TimerEvent: {}
[12.229260] (-) TimerEvent: {}
[12.329456] (-) TimerEvent: {}
[12.429678] (-) TimerEvent: {}
[12.529878] (-) TimerEvent: {}
[12.630100] (-) TimerEvent: {}
[12.730313] (-) TimerEvent: {}
[12.830525] (-) TimerEvent: {}
[12.930741] (-) TimerEvent: {}
[13.030957] (-) TimerEvent: {}
[13.131149] (-) TimerEvent: {}
[13.231367] (-) TimerEvent: {}
[13.331609] (-) TimerEvent: {}
[13.431836] (-) TimerEvent: {}
[13.532043] (-) TimerEvent: {}
[13.548330] (CommunicationCenter) StdoutLine: {'line': b'[100%] \x1b[32m\x1b[1mLinking CXX executable CommunicationCenter\x1b[0m\n'}
[13.632138] (-) TimerEvent: {}
[13.732389] (-) TimerEvent: {}
[13.832608] (-) TimerEvent: {}
[13.932836] (-) TimerEvent: {}
[14.033042] (-) TimerEvent: {}
[14.133279] (-) TimerEvent: {}
[14.148789] (CommunicationCenter) StdoutLine: {'line': b'[100%] Built target CommunicationCenter\n'}
[14.155568] (CommunicationCenter) CommandEnded: {'returncode': 0}
[14.156078] (CommunicationCenter) JobProgress: {'identifier': 'CommunicationCenter', 'progress': 'install'}
[14.156355] (CommunicationCenter) Command: {'cmd': ['/usr/bin/cmake', '--install', '/home/albusgive2/rlfw/rlfw_deploy/build/CommunicationCenter'], 'cwd': '/home/albusgive2/rlfw/rlfw_deploy/build/CommunicationCenter', 'env': OrderedDict([('GJS_DEBUG_TOPICS', 'JS ERROR;JS LOG'), ('LESSOPEN', '| /usr/bin/lesspipe %s'), ('LANGUAGE', 'zh_CN:zh'), ('USER', 'albusgive2'), ('XDG_SESSION_TYPE', 'x11'), ('GIT_ASKPASS', '/usr/share/code/resources/app/extensions/git/dist/askpass.sh'), ('SHLVL', '1'), ('LD_LIBRARY_PATH', '/home/albusgive2/rlfw/rlfw_interface/install/rlfw_msgs/lib:/opt/mujoco/lib:/opt/ros/humble/opt/rviz_ogre_vendor/lib:/opt/ros/humble/lib/x86_64-linux-gnu:/opt/ros/humble/lib:/usr/local/cuda/lib64::/usr/local/cuda-12.4/lib64'), ('HOME', '/home/albusgive2'), ('CHROME_DESKTOP', 'code.desktop'), ('CONDA_SHLVL', '0'), ('OLDPWD', '/home/albusgive2/rlfw/rlfw_deploy/src'), ('TERM_PROGRAM_VERSION', '1.97.0'), ('DESKTOP_SESSION', 'ubuntu'), ('GIO_LAUNCHED_DESKTOP_FILE', '/usr/share/applications/code.desktop'), ('ROS_PYTHON_VERSION', '3'), ('GNOME_SHELL_SESSION_MODE', 'ubuntu'), ('GTK_MODULES', 'gail:atk-bridge'), ('VSCODE_GIT_ASKPASS_MAIN', '/usr/share/code/resources/app/extensions/git/dist/askpass-main.js'), ('VSCODE_GIT_ASKPASS_NODE', '/usr/share/code/code'), ('MANAGERPID', '1573'), ('SYSTEMD_EXEC_PID', '1822'), ('DBUS_SESSION_BUS_ADDRESS', 'unix:path=/run/user/1000/bus'), ('COLORTERM', 'truecolor'), ('_CE_M', ''), ('GIO_LAUNCHED_DESKTOP_FILE_PID', '3784'), ('https_proxy', 'http://127.0.0.1:7897'), ('COLCON_PREFIX_PATH', '/home/albusgive2/rlfw/rlfw_deploy/install:/home/albusgive2/rlfw/rlfw_interface/install'), ('ROS_DISTRO', 'humble'), ('GTK_IM_MODULE', 'ibus'), ('LOGNAME', 'albusgive2'), ('http_proxy', 'http://127.0.0.1:7897'), ('JOURNAL_STREAM', '8:12194'), ('_', '/usr/bin/colcon'), ('ROS_VERSION', '2'), ('XDG_SESSION_CLASS', 'user'), ('USERNAME', 'albusgive2'), ('TERM', 'xterm-256color'), ('GNOME_DESKTOP_SESSION_ID', 'this-is-deprecated'), ('_CE_CONDA', ''), ('ROS_LOCALHOST_ONLY', '0'), ('WINDOWPATH', '2'), ('PATH', '/home/albusgive2/Qt/6.8.2/gcc_64/bin:/opt/ros/humble/bin:/usr/local/cuda/bin:/home/albusgive2/anaconda3/condabin:/home/albusgive2/.local/bin:/usr/local/sbin:/usr/local/bin:/usr/sbin:/usr/bin:/sbin:/bin:/usr/games:/usr/local/games:/snap/bin:/snap/bin:/home/albusgive2/.config/Code/User/globalStorage/github.copilot-chat/debugCommand:/usr/local/cuda-12.4/bin'), ('SESSION_MANAGER', 'local/albusgive2:@/tmp/.ICE-unix/1795,unix/albusgive2:/tmp/.ICE-unix/1795'), ('INVOCATION_ID', 'c816e059c17f44b896bd9c0a32d3c3d9'), ('XDG_MENU_PREFIX', 'gnome-'), ('XDG_RUNTIME_DIR', '/run/user/1000'), ('GDK_BACKEND', 'x11'), ('DISPLAY', ':1'), ('LANG', 'zh_CN.UTF-8'), ('XDG_CURRENT_DESKTOP', 'Unity'), ('XMODIFIERS', '@im=ibus'), ('XDG_SESSION_DESKTOP', 'ubuntu'), ('XAUTHORITY', '/run/user/1000/gdm/Xauthority'), ('LS_COLORS', 'rs=0:di=01;34:ln=01;36:mh=00:pi=40;33:so=01;35:do=01;35:bd=40;33;01:cd=40;33;01:or=40;31;01:mi=00:su=37;41:sg=30;43:ca=30;41:tw=30;42:ow=34;42:st=37;44:ex=01;32:*.tar=01;31:*.tgz=01;31:*.arc=01;31:*.arj=01;31:*.taz=01;31:*.lha=01;31:*.lz4=01;31:*.lzh=01;31:*.lzma=01;31:*.tlz=01;31:*.txz=01;31:*.tzo=01;31:*.t7z=01;31:*.zip=01;31:*.z=01;31:*.dz=01;31:*.gz=01;31:*.lrz=01;31:*.lz=01;31:*.lzo=01;31:*.xz=01;31:*.zst=01;31:*.tzst=01;31:*.bz2=01;31:*.bz=01;31:*.tbz=01;31:*.tbz2=01;31:*.tz=01;31:*.deb=01;31:*.rpm=01;31:*.jar=01;31:*.war=01;31:*.ear=01;31:*.sar=01;31:*.rar=01;31:*.alz=01;31:*.ace=01;31:*.zoo=01;31:*.cpio=01;31:*.7z=01;31:*.rz=01;31:*.cab=01;31:*.wim=01;31:*.swm=01;31:*.dwm=01;31:*.esd=01;31:*.jpg=01;35:*.jpeg=01;35:*.mjpg=01;35:*.mjpeg=01;35:*.gif=01;35:*.bmp=01;35:*.pbm=01;35:*.pgm=01;35:*.ppm=01;35:*.tga=01;35:*.xbm=01;35:*.xpm=01;35:*.tif=01;35:*.tiff=01;35:*.png=01;35:*.svg=01;35:*.svgz=01;35:*.mng=01;35:*.pcx=01;35:*.mov=01;35:*.mpg=01;35:*.mpeg=01;35:*.m2v=01;35:*.mkv=01;35:*.webm=01;35:*.webp=01;35:*.ogm=01;35:*.mp4=01;35:*.m4v=01;35:*.mp4v=01;35:*.vob=01;35:*.qt=01;35:*.nuv=01;35:*.wmv=01;35:*.asf=01;35:*.rm=01;35:*.rmvb=01;35:*.flc=01;35:*.avi=01;35:*.fli=01;35:*.flv=01;35:*.gl=01;35:*.dl=01;35:*.xcf=01;35:*.xwd=01;35:*.yuv=01;35:*.cgm=01;35:*.emf=01;35:*.ogv=01;35:*.ogx=01;35:*.aac=00;36:*.au=00;36:*.flac=00;36:*.m4a=00;36:*.mid=00;36:*.midi=00;36:*.mka=00;36:*.mp3=00;36:*.mpc=00;36:*.ogg=00;36:*.ra=00;36:*.wav=00;36:*.oga=00;36:*.opus=00;36:*.spx=00;36:*.xspf=00;36:'), ('VSCODE_GIT_IPC_HANDLE', '/run/user/1000/vscode-git-3d487d3973.sock'), ('TERM_PROGRAM', 'vscode'), ('SSH_AGENT_LAUNCHER', 'gnome-keyring'), ('SSH_AUTH_SOCK', '/run/user/1000/keyring/ssh'), ('AMENT_PREFIX_PATH', '/home/albusgive2/rlfw/rlfw_deploy/install/nz-imu:/home/albusgive2/rlfw/rlfw_deploy/install/mujoco_mapping:/home/albusgive2/rlfw/rlfw_deploy/install/CommunicationCenter:/home/albusgive2/rlfw/rlfw_interface/install/rlfw_msgs:/opt/ros/humble'), ('CONDA_PYTHON_EXE', '/home/albusgive2/anaconda3/bin/python'), ('ORIGINAL_XDG_CURRENT_DESKTOP', 'ubuntu:GNOME'), ('SHELL', '/bin/bash'), ('QT_ACCESSIBILITY', '1'), ('GDMSESSION', 'ubuntu'), ('LESSCLOSE', '/usr/bin/lesspipe %s %s'), ('GPG_AGENT_INFO', '/run/user/1000/gnupg/S.gpg-agent:0:1'), ('GJS_DEBUG_OUTPUT', 'stderr'), ('VSCODE_GIT_ASKPASS_EXTRA_ARGS', ''), ('QT_IM_MODULE', 'ibus'), ('PWD', '/home/albusgive2/rlfw/rlfw_deploy/build/CommunicationCenter'), ('XDG_CONFIG_DIRS', '/etc/xdg/xdg-ubuntu:/etc/xdg'), ('CONDA_EXE', '/home/albusgive2/anaconda3/bin/conda'), ('XDG_DATA_DIRS', '/usr/share/ubuntu:/usr/share/gnome:/usr/local/share/:/usr/share/:/var/lib/snapd/desktop'), ('PYTHONPATH', '/home/albusgive2/rlfw/rlfw_interface/install/rlfw_msgs/local/lib/python3.10/dist-packages:/opt/ros/humble/lib/python3.10/site-packages:/opt/ros/humble/local/lib/python3.10/dist-packages'), ('COLCON', '1'), ('CMAKE_PREFIX_PATH', '/home/albusgive2/rlfw/rlfw_deploy/install/nz-imu:/home/albusgive2/rlfw/rlfw_deploy/install/mujoco_mapping:/home/albusgive2/rlfw/rlfw_deploy/install/CommunicationCenter:/home/albusgive2/rlfw/rlfw_interface/install/rlfw_msgs:/opt/ros/humble')]), 'shell': False}
[14.161440] (CommunicationCenter) StdoutLine: {'line': b'-- Install configuration: ""\n'}
[14.161552] (CommunicationCenter) StdoutLine: {'line': b'-- Installing: /home/albusgive2/rlfw/rlfw_deploy/install/CommunicationCenter/lib/CommunicationCenter/CommunicationCenter\n'}
[14.165232] (CommunicationCenter) StdoutLine: {'line': b'-- Set runtime path of "/home/albusgive2/rlfw/rlfw_deploy/install/CommunicationCenter/lib/CommunicationCenter/CommunicationCenter" to ""\n'}
[14.165284] (CommunicationCenter) StdoutLine: {'line': b'-- Installing: /home/albusgive2/rlfw/rlfw_deploy/install/CommunicationCenter/share/motor_cfg.xml\n'}
[14.165322] (CommunicationCenter) StdoutLine: {'line': b'-- Installing: /home/albusgive2/rlfw/rlfw_deploy/install/CommunicationCenter/share/ament_index/resource_index/package_run_dependencies/CommunicationCenter\n'}
[14.165402] (CommunicationCenter) StdoutLine: {'line': b'-- Installing: /home/albusgive2/rlfw/rlfw_deploy/install/CommunicationCenter/share/ament_index/resource_index/parent_prefix_path/CommunicationCenter\n'}
[14.165497] (CommunicationCenter) StdoutLine: {'line': b'-- Installing: /home/albusgive2/rlfw/rlfw_deploy/install/CommunicationCenter/share/CommunicationCenter/environment/ament_prefix_path.sh\n'}
[14.165537] (CommunicationCenter) StdoutLine: {'line': b'-- Installing: /home/albusgive2/rlfw/rlfw_deploy/install/CommunicationCenter/share/CommunicationCenter/environment/ament_prefix_path.dsv\n'}
[14.165582] (CommunicationCenter) StdoutLine: {'line': b'-- Installing: /home/albusgive2/rlfw/rlfw_deploy/install/CommunicationCenter/share/CommunicationCenter/environment/path.sh\n'}
[14.165631] (CommunicationCenter) StdoutLine: {'line': b'-- Installing: /home/albusgive2/rlfw/rlfw_deploy/install/CommunicationCenter/share/CommunicationCenter/environment/path.dsv\n'}
[14.165676] (CommunicationCenter) StdoutLine: {'line': b'-- Installing: /home/albusgive2/rlfw/rlfw_deploy/install/CommunicationCenter/share/CommunicationCenter/local_setup.bash\n'}
[14.165731] (CommunicationCenter) StdoutLine: {'line': b'-- Installing: /home/albusgive2/rlfw/rlfw_deploy/install/CommunicationCenter/share/CommunicationCenter/local_setup.sh\n'}
[14.165897] (CommunicationCenter) StdoutLine: {'line': b'-- Installing: /home/albusgive2/rlfw/rlfw_deploy/install/CommunicationCenter/share/CommunicationCenter/local_setup.zsh\n'}
[14.165945] (CommunicationCenter) StdoutLine: {'line': b'-- Installing: /home/albusgive2/rlfw/rlfw_deploy/install/CommunicationCenter/share/CommunicationCenter/local_setup.dsv\n'}
[14.165989] (CommunicationCenter) StdoutLine: {'line': b'-- Installing: /home/albusgive2/rlfw/rlfw_deploy/install/CommunicationCenter/share/CommunicationCenter/package.dsv\n'}
[14.166050] (CommunicationCenter) StdoutLine: {'line': b'-- Installing: /home/albusgive2/rlfw/rlfw_deploy/install/CommunicationCenter/share/ament_index/resource_index/packages/CommunicationCenter\n'}
[14.166108] (CommunicationCenter) StdoutLine: {'line': b'-- Installing: /home/albusgive2/rlfw/rlfw_deploy/install/CommunicationCenter/share/CommunicationCenter/cmake/CommunicationCenterConfig.cmake\n'}
[14.166143] (CommunicationCenter) StdoutLine: {'line': b'-- Installing: /home/albusgive2/rlfw/rlfw_deploy/install/CommunicationCenter/share/CommunicationCenter/cmake/CommunicationCenterConfig-version.cmake\n'}
[14.166186] (CommunicationCenter) StdoutLine: {'line': b'-- Installing: /home/albusgive2/rlfw/rlfw_deploy/install/CommunicationCenter/share/CommunicationCenter/package.xml\n'}
[14.166417] (CommunicationCenter) StdoutLine: {'line': b'-- Installing: /home/albusgive2/rlfw/rlfw_deploy/install/CommunicationCenter/lib/libtinyxml2.a\n'}
[14.166623] (CommunicationCenter) StdoutLine: {'line': b'-- Installing: /home/albusgive2/rlfw/rlfw_deploy/install/CommunicationCenter/lib/cmake/tinyxml2/tinyxml2-static-targets.cmake\n'}
[14.166681] (CommunicationCenter) StdoutLine: {'line': b'-- Installing: /home/albusgive2/rlfw/rlfw_deploy/install/CommunicationCenter/lib/cmake/tinyxml2/tinyxml2-static-targets-noconfig.cmake\n'}
[14.166731] (CommunicationCenter) StdoutLine: {'line': b'-- Installing: /home/albusgive2/rlfw/rlfw_deploy/install/CommunicationCenter/lib/cmake/tinyxml2/tinyxml2-config.cmake\n'}
[14.166958] (CommunicationCenter) StdoutLine: {'line': b'-- Installing: /home/albusgive2/rlfw/rlfw_deploy/install/CommunicationCenter/lib/cmake/tinyxml2/tinyxml2-config-version.cmake\n'}
[14.167022] (CommunicationCenter) StdoutLine: {'line': b'-- Installing: /home/albusgive2/rlfw/rlfw_deploy/install/CommunicationCenter/include/tinyxml2.h\n'}
[14.167113] (CommunicationCenter) StdoutLine: {'line': b'-- Installing: /home/albusgive2/rlfw/rlfw_deploy/install/CommunicationCenter/lib/pkgconfig/tinyxml2.pc\n'}
[14.168130] (CommunicationCenter) CommandEnded: {'returncode': 0}
[14.176769] (CommunicationCenter) JobEnded: {'identifier': 'CommunicationCenter', 'rc': 0}
[14.177443] (-) EventReactorShutdown: {}
