[0.000000] (-) TimerEvent: {}
[0.000246] (-) JobUnselected: {'identifier': 'agent'}
[0.000258] (-) JobUnselected: {'identifier': 'mujoco_mapping'}
[0.000266] (-) JobUnselected: {'identifier': 'nz-imu'}
[0.000274] (CommunicationCenter) JobQueued: {'identifier': 'CommunicationCenter', 'dependencies': OrderedDict()}
[0.000651] (CommunicationCenter) JobStarted: {'identifier': 'CommunicationCenter'}
[0.005082] (CommunicationCenter) JobProgress: {'identifier': 'CommunicationCenter', 'progress': 'cmake'}
[0.005464] (CommunicationCenter) JobProgress: {'identifier': 'CommunicationCenter', 'progress': 'build'}
[0.005832] (CommunicationCenter) Command: {'cmd': ['/usr/bin/cmake', '--build', '/home/albusgive/rlfw/rlfw_deploy/build/CommunicationCenter', '--', '-j20', '-l20'], 'cwd': '/home/albusgive/rlfw/rlfw_deploy/build/CommunicationCenter', 'env': OrderedDict([('LESSOPEN', '| /usr/bin/lesspipe %s'), ('HTTPS_PROXY', 'http://127.0.0.1:7897/'), ('no_proxy', 'localhost,127.0.0.1,192.168.0.0/16,10.0.0.0/8,172.16.0.0/12,172.29.0.0/16,::1'), ('LANGUAGE', 'zh_CN:zh'), ('USER', 'albusgive'), ('all_proxy', 'socks://127.0.0.1:7897/'), ('XDG_SESSION_TYPE', 'wayland'), ('GIT_ASKPASS', '/usr/share/code/resources/app/extensions/git/dist/askpass.sh'), ('SHLVL', '2'), ('LD_LIBRARY_PATH', '/home/albusgive/Qt/6.9.0/gcc_64/lib:/opt/rocm/lib:/home/albusgive/Qt/6.9.0/gcc_64/lib:/home/albusgive/rlfw/rlfw_interface/install/rlfw_msgs/lib:/opt/rocm/lib:/opt/ros/humble/opt/rviz_ogre_vendor/lib:/opt/ros/humble/lib/x86_64-linux-gnu:/opt/ros/humble/lib'), ('HOME', '/home/albusgive'), ('CHROME_DESKTOP', 'code.desktop'), ('CONDA_SHLVL', '0'), ('OLDPWD', '/home/albusgive/rlfw/rlfw_deploy/src'), ('TERM_PROGRAM_VERSION', '1.97.0'), ('DESKTOP_SESSION', 'ubuntu'), ('NO_PROXY', 'localhost,127.0.0.1,192.168.0.0/16,10.0.0.0/8,172.16.0.0/12,172.29.0.0/16,::1'), ('ROS_PYTHON_VERSION', '3'), ('GNOME_SHELL_SESSION_MODE', 'ubuntu'), ('GTK_MODULES', 'gail:atk-bridge'), ('VSCODE_GIT_ASKPASS_MAIN', '/usr/share/code/resources/app/extensions/git/dist/askpass-main.js'), ('VSCODE_GIT_ASKPASS_NODE', '/usr/share/code/code'), ('DBUS_STARTER_BUS_TYPE', 'session'), ('SYSTEMD_EXEC_PID', '2225'), ('DBUS_SESSION_BUS_ADDRESS', 'unix:path=/run/user/1000/bus,guid=00b124f75750c3840f2623ad683d95a5'), ('COLORTERM', 'truecolor'), ('_CE_M', ''), ('IM_CONFIG_PHASE', '1'), ('WAYLAND_DISPLAY', 'wayland-0'), ('https_proxy', 'http://127.0.0.1:7897'), ('COLCON_PREFIX_PATH', '/home/albusgive/rlfw/rlfw_deploy/install:/home/albusgive/rlfw/rlfw_interface/install'), ('ROS_DISTRO', 'humble'), ('LOGNAME', 'albusgive'), ('ALL_PROXY', 'socks://127.0.0.1:7897/'), ('http_proxy', 'http://127.0.0.1:7897'), ('_', '/usr/bin/colcon'), ('ROS_VERSION', '2'), ('XDG_SESSION_CLASS', 'user'), ('USERNAME', 'albusgive'), ('TERM', 'xterm-256color'), ('GNOME_DESKTOP_SESSION_ID', 'this-is-deprecated'), ('_CE_CONDA', ''), ('ROS_LOCALHOST_ONLY', '0'), ('PATH', '/home/albusgive/Qt/6.9.0/gcc_64/bin:/home/albusgive/Qt/6.9.0/gcc_64/bin:/opt/ros/humble/bin:/home/albusgive/anaconda3/condabin:/usr/local/sbin:/usr/local/bin:/usr/sbin:/usr/bin:/sbin:/bin:/usr/games:/usr/local/games:/snap/bin:/snap/bin'), ('SESSION_MANAGER', 'local/albusgive:@/tmp/.ICE-unix/2225,unix/albusgive:/tmp/.ICE-unix/2225'), ('XDG_MENU_PREFIX', 'gnome-'), ('GNOME_TERMINAL_SCREEN', '/org/gnome/Terminal/screen/cec30dda_8922_4487_9fcf_e037776dbbff'), ('GNOME_SETUP_DISPLAY', ':1'), ('XDG_RUNTIME_DIR', '/run/user/1000'), ('GDK_BACKEND', 'x11'), ('DISPLAY', ':0'), ('LANG', 'zh_CN.UTF-8'), ('XDG_CURRENT_DESKTOP', 'Unity'), ('ROCM_PATH', '/opt/rocm'), ('XMODIFIERS', '@im=ibus'), ('XDG_SESSION_DESKTOP', 'ubuntu'), ('XAUTHORITY', '/run/user/1000/.mutter-Xwaylandauth.UKGL72'), ('LS_COLORS', 'rs=0:di=01;34:ln=01;36:mh=00:pi=40;33:so=01;35:do=01;35:bd=40;33;01:cd=40;33;01:or=40;31;01:mi=00:su=37;41:sg=30;43:ca=30;41:tw=30;42:ow=34;42:st=37;44:ex=01;32:*.tar=01;31:*.tgz=01;31:*.arc=01;31:*.arj=01;31:*.taz=01;31:*.lha=01;31:*.lz4=01;31:*.lzh=01;31:*.lzma=01;31:*.tlz=01;31:*.txz=01;31:*.tzo=01;31:*.t7z=01;31:*.zip=01;31:*.z=01;31:*.dz=01;31:*.gz=01;31:*.lrz=01;31:*.lz=01;31:*.lzo=01;31:*.xz=01;31:*.zst=01;31:*.tzst=01;31:*.bz2=01;31:*.bz=01;31:*.tbz=01;31:*.tbz2=01;31:*.tz=01;31:*.deb=01;31:*.rpm=01;31:*.jar=01;31:*.war=01;31:*.ear=01;31:*.sar=01;31:*.rar=01;31:*.alz=01;31:*.ace=01;31:*.zoo=01;31:*.cpio=01;31:*.7z=01;31:*.rz=01;31:*.cab=01;31:*.wim=01;31:*.swm=01;31:*.dwm=01;31:*.esd=01;31:*.jpg=01;35:*.jpeg=01;35:*.mjpg=01;35:*.mjpeg=01;35:*.gif=01;35:*.bmp=01;35:*.pbm=01;35:*.pgm=01;35:*.ppm=01;35:*.tga=01;35:*.xbm=01;35:*.xpm=01;35:*.tif=01;35:*.tiff=01;35:*.png=01;35:*.svg=01;35:*.svgz=01;35:*.mng=01;35:*.pcx=01;35:*.mov=01;35:*.mpg=01;35:*.mpeg=01;35:*.m2v=01;35:*.mkv=01;35:*.webm=01;35:*.webp=01;35:*.ogm=01;35:*.mp4=01;35:*.m4v=01;35:*.mp4v=01;35:*.vob=01;35:*.qt=01;35:*.nuv=01;35:*.wmv=01;35:*.asf=01;35:*.rm=01;35:*.rmvb=01;35:*.flc=01;35:*.avi=01;35:*.fli=01;35:*.flv=01;35:*.gl=01;35:*.dl=01;35:*.xcf=01;35:*.xwd=01;35:*.yuv=01;35:*.cgm=01;35:*.emf=01;35:*.ogv=01;35:*.ogx=01;35:*.aac=00;36:*.au=00;36:*.flac=00;36:*.m4a=00;36:*.mid=00;36:*.midi=00;36:*.mka=00;36:*.mp3=00;36:*.mpc=00;36:*.ogg=00;36:*.ra=00;36:*.wav=00;36:*.oga=00;36:*.opus=00;36:*.spx=00;36:*.xspf=00;36:'), ('VSCODE_GIT_IPC_HANDLE', '/run/user/1000/vscode-git-a3b7cadb31.sock'), ('GNOME_TERMINAL_SERVICE', ':1.131'), ('TERM_PROGRAM', 'vscode'), ('SSH_AGENT_LAUNCHER', 'gnome-keyring'), ('SSH_AUTH_SOCK', '/run/user/1000/keyring/ssh'), ('AMENT_PREFIX_PATH', '/home/albusgive/rlfw/rlfw_deploy/install/CommunicationCenter:/home/albusgive/rlfw/rlfw_interface/install/rlfw_msgs:/opt/ros/humble'), ('CONDA_PYTHON_EXE', '/home/albusgive/anaconda3/bin/python'), ('ORIGINAL_XDG_CURRENT_DESKTOP', 'ubuntu:GNOME'), ('SHELL', '/bin/bash'), ('QT_ACCESSIBILITY', '1'), ('GDMSESSION', 'ubuntu'), ('LESSCLOSE', '/usr/bin/lesspipe %s %s'), ('VSCODE_GIT_ASKPASS_EXTRA_ARGS', ''), ('QT_IM_MODULE', 'ibus'), ('PWD', '/home/albusgive/rlfw/rlfw_deploy/build/CommunicationCenter'), ('XDG_CONFIG_DIRS', '/etc/xdg/xdg-ubuntu:/etc/xdg'), ('CONDA_EXE', '/home/albusgive/anaconda3/bin/conda'), ('DBUS_STARTER_ADDRESS', 'unix:path=/run/user/1000/bus,guid=00b124f75750c3840f2623ad683d95a5'), ('XDG_DATA_DIRS', '/usr/share/ubuntu:/usr/local/share/:/usr/share/:/var/lib/snapd/desktop'), ('PYTHONPATH', '/home/albusgive/rlfw/rlfw_interface/install/rlfw_msgs/local/lib/python3.10/dist-packages:/opt/ros/humble/lib/python3.10/site-packages:/opt/ros/humble/local/lib/python3.10/dist-packages'), ('HTTP_PROXY', 'http://127.0.0.1:7897/'), ('COLCON', '1'), ('VTE_VERSION', '6800'), ('CMAKE_PREFIX_PATH', '/home/albusgive/rlfw/rlfw_deploy/install/CommunicationCenter:/home/albusgive/rlfw/rlfw_interface/install/rlfw_msgs:/opt/ros/humble')]), 'shell': False}
[0.034914] (CommunicationCenter) StdoutLine: {'line': b'\x1b[35m\x1b[1mConsolidate compiler generated dependencies of target tinyxml2\x1b[0m\n'}
[0.040968] (CommunicationCenter) StdoutLine: {'line': b'[ 11%] Built target tinyxml2\n'}
[0.048472] (CommunicationCenter) StdoutLine: {'line': b'\x1b[35m\x1b[1mConsolidate compiler generated dependencies of target xmltest\x1b[0m\n'}
[0.049877] (CommunicationCenter) StdoutLine: {'line': b'\x1b[35m\x1b[1mConsolidate compiler generated dependencies of target CommunicationCenter\x1b[0m\n'}
[0.055080] (CommunicationCenter) StdoutLine: {'line': b'[ 23%] Built target xmltest\n'}
[0.064930] (CommunicationCenter) StdoutLine: {'line': b'[ 47%] \x1b[32mBuilding CXX object CMakeFiles/CommunicationCenter.dir/motor_driver/MiMotor.cpp.o\x1b[0m\n'}
[0.065290] (CommunicationCenter) StdoutLine: {'line': b'[ 47%] \x1b[32mBuilding CXX object CMakeFiles/CommunicationCenter.dir/src/CommunicationCenter.cpp.o\x1b[0m\n'}
[0.065368] (CommunicationCenter) StdoutLine: {'line': b'[ 47%] \x1b[32mBuilding CXX object CMakeFiles/CommunicationCenter.dir/motor_driver/DMMotor.cpp.o\x1b[0m\n'}
[0.065437] (CommunicationCenter) StdoutLine: {'line': b'[ 47%] \x1b[32mBuilding CXX object CMakeFiles/CommunicationCenter.dir/motor_driver/STWMotor.cpp.o\x1b[0m\n'}
[0.065500] (CommunicationCenter) StdoutLine: {'line': b'[ 52%] \x1b[32mBuilding CXX object CMakeFiles/CommunicationCenter.dir/src/main.cpp.o\x1b[0m\n'}
[0.100124] (-) TimerEvent: {}
[0.200484] (-) TimerEvent: {}
[0.300871] (-) TimerEvent: {}
[0.399336] (CommunicationCenter) StderrLine: {'line': b'In file included from \x1b[01m\x1b[K/home/albusgive/rlfw/rlfw_deploy/src/CommunicationCenter/motor_driver/DMMotor.h:3\x1b[m\x1b[K,\n'}
[0.399848] (CommunicationCenter) StderrLine: {'line': b'                 from \x1b[01m\x1b[K/home/albusgive/rlfw/rlfw_deploy/src/CommunicationCenter/motor_driver/DMMotor.cpp:1\x1b[m\x1b[K:\n'}
[0.399926] (CommunicationCenter) StderrLine: {'line': b'\x1b[01m\x1b[K/home/albusgive/rlfw/rlfw_deploy/src/CommunicationCenter/motor_driver/Motor.hpp:273:13:\x1b[m\x1b[K \x1b[01;35m\x1b[Kwarning: \x1b[m\x1b[K\xe2\x80\x98\x1b[01m\x1b[Kvirtual MotorBack CANMotor::\x1b[01;32m\x1b[Kdecode\x1b[m\x1b[K()\x1b[m\x1b[K\xe2\x80\x99 was hidden [\x1b[01;35m\x1b[K\x1b]8;;https://gcc.gnu.org/onlinedocs/gcc/Warning-Options.html#index-Woverloaded-virtual=\x07-Woverloaded-virtual=\x1b]8;;\x07\x1b[m\x1b[K]\n'}
[0.399988] (CommunicationCenter) StderrLine: {'line': b'  273 |   MotorBack \x1b[01;35m\x1b[Kdecode\x1b[m\x1b[K() override { return MotorBack(); };\n'}
[0.400040] (CommunicationCenter) StderrLine: {'line': b'      |             \x1b[01;35m\x1b[K^~~~~~\x1b[m\x1b[K\n'}
[0.400090] (CommunicationCenter) StderrLine: {'line': b'\x1b[01m\x1b[K/home/albusgive/rlfw/rlfw_deploy/src/CommunicationCenter/motor_driver/DMMotor.h:50:13:\x1b[m\x1b[K \x1b[01;36m\x1b[Knote: \x1b[m\x1b[K  by \xe2\x80\x98\x1b[01m\x1b[Kvirtual MotorBack DMMotor::\x1b[01;32m\x1b[Kdecode\x1b[m\x1b[K(CANMSG)\x1b[m\x1b[K\xe2\x80\x99\n'}
[0.400143] (CommunicationCenter) StderrLine: {'line': b'   50 |   MotorBack \x1b[01;36m\x1b[Kdecode\x1b[m\x1b[K(CANMSG msg) override;\n'}
[0.400196] (CommunicationCenter) StderrLine: {'line': b'      |             \x1b[01;36m\x1b[K^~~~~~\x1b[m\x1b[K\n'}
[0.400248] (CommunicationCenter) StderrLine: {'line': b'\x1b[01m\x1b[K/home/albusgive/rlfw/rlfw_deploy/src/CommunicationCenter/motor_driver/Motor.hpp:272:13:\x1b[m\x1b[K \x1b[01;35m\x1b[Kwarning: \x1b[m\x1b[K\xe2\x80\x98\x1b[01m\x1b[Kvirtual MotorBack CANMotor::\x1b[01;32m\x1b[Kdecode\x1b[m\x1b[K(UnitreeMsg)\x1b[m\x1b[K\xe2\x80\x99 was hidden [\x1b[01;35m\x1b[K\x1b]8;;https://gcc.gnu.org/onlinedocs/gcc/Warning-Options.html#index-Woverloaded-virtual=\x07-Woverloaded-virtual=\x1b]8;;\x07\x1b[m\x1b[K]\n'}
[0.400302] (CommunicationCenter) StderrLine: {'line': b'  272 |   MotorBack \x1b[01;35m\x1b[Kdecode\x1b[m\x1b[K(UnitreeMsg /*msg*/) override { return MotorBack(); };\n'}
[0.400354] (CommunicationCenter) StderrLine: {'line': b'      |             \x1b[01;35m\x1b[K^~~~~~\x1b[m\x1b[K\n'}
[0.400405] (CommunicationCenter) StderrLine: {'line': b'\x1b[01m\x1b[K/home/albusgive/rlfw/rlfw_deploy/src/CommunicationCenter/motor_driver/DMMotor.h:50:13:\x1b[m\x1b[K \x1b[01;36m\x1b[Knote: \x1b[m\x1b[K  by \xe2\x80\x98\x1b[01m\x1b[Kvirtual MotorBack DMMotor::\x1b[01;32m\x1b[Kdecode\x1b[m\x1b[K(CANMSG)\x1b[m\x1b[K\xe2\x80\x99\n'}
[0.400458] (CommunicationCenter) StderrLine: {'line': b'   50 |   MotorBack \x1b[01;36m\x1b[Kdecode\x1b[m\x1b[K(CANMSG msg) override;\n'}
[0.400509] (CommunicationCenter) StderrLine: {'line': b'      |             \x1b[01;36m\x1b[K^~~~~~\x1b[m\x1b[K\n'}
[0.400561] (CommunicationCenter) StderrLine: {'line': b'\x1b[01m\x1b[K/home/albusgive/rlfw/rlfw_deploy/src/CommunicationCenter/motor_driver/DMMotor.h:\x1b[m\x1b[K In member function \xe2\x80\x98\x1b[01m\x1b[Kvirtual DMCANMsg* DMMotor::\x1b[01;32m\x1b[KsetCtrlType\x1b[m\x1b[K(uint8_t)\x1b[m\x1b[K\xe2\x80\x99:\n'}
[0.400615] (CommunicationCenter) StderrLine: {'line': b'\x1b[01m\x1b[K/home/albusgive/rlfw/rlfw_deploy/src/CommunicationCenter/motor_driver/DMMotor.h:55:33:\x1b[m\x1b[K \x1b[01;35m\x1b[Kwarning: \x1b[m\x1b[Kunused parameter \xe2\x80\x98\x1b[01m\x1b[Kmotor_id\x1b[m\x1b[K\xe2\x80\x99 [\x1b[01;35m\x1b[K\x1b]8;;https://gcc.gnu.org/onlinedocs/gcc/Warning-Options.html#index-Wunused-parameter\x07-Wunused-parameter\x1b]8;;\x07\x1b[m\x1b[K]\n'}
[0.400669] (CommunicationCenter) StderrLine: {'line': b'   55 |   DMCANMsg *setCtrlType(\x1b[01;35m\x1b[Kuint8_t motor_id\x1b[m\x1b[K) override { return nullptr; };\n'}
[0.400745] (CommunicationCenter) StderrLine: {'line': b'      |                         \x1b[01;35m\x1b[K~~~~~~~~^~~~~~~~\x1b[m\x1b[K\n'}
[0.400797] (CommunicationCenter) StderrLine: {'line': b'\x1b[01m\x1b[K/home/albusgive/rlfw/rlfw_deploy/src/CommunicationCenter/motor_driver/DMMotor.h:\x1b[m\x1b[K In member function \xe2\x80\x98\x1b[01m\x1b[Kvirtual DMCANMsg* DMMotor::\x1b[01;32m\x1b[Kctrl_pos\x1b[m\x1b[K(uint8_t, float)\x1b[m\x1b[K\xe2\x80\x99:\n'}
[0.400847] (-) TimerEvent: {}
[0.401028] (CommunicationCenter) StderrLine: {'line': b'\x1b[01m\x1b[K/home/albusgive/rlfw/rlfw_deploy/src/CommunicationCenter/motor_driver/DMMotor.h:57:30:\x1b[m\x1b[K \x1b[01;35m\x1b[Kwarning: \x1b[m\x1b[Kunused parameter \xe2\x80\x98\x1b[01m\x1b[Kmotor_id\x1b[m\x1b[K\xe2\x80\x99 [\x1b[01;35m\x1b[K\x1b]8;;https://gcc.gnu.org/onlinedocs/gcc/Warning-Options.html#index-Wunused-parameter\x07-Wunused-parameter\x1b]8;;\x07\x1b[m\x1b[K]\n'}
[0.401356] (CommunicationCenter) StderrLine: {'line': b'   57 |   DMCANMsg *ctrl_pos(\x1b[01;35m\x1b[Kuint8_t motor_id\x1b[m\x1b[K, float pos) override { return nullptr; };\n'}
[0.401416] (CommunicationCenter) StderrLine: {'line': b'      |                      \x1b[01;35m\x1b[K~~~~~~~~^~~~~~~~\x1b[m\x1b[K\n'}
[0.401468] (CommunicationCenter) StderrLine: {'line': b'\x1b[01m\x1b[K/home/albusgive/rlfw/rlfw_deploy/src/CommunicationCenter/motor_driver/DMMotor.h:57:46:\x1b[m\x1b[K \x1b[01;35m\x1b[Kwarning: \x1b[m\x1b[Kunused parameter \xe2\x80\x98\x1b[01m\x1b[Kpos\x1b[m\x1b[K\xe2\x80\x99 [\x1b[01;35m\x1b[K\x1b]8;;https://gcc.gnu.org/onlinedocs/gcc/Warning-Options.html#index-Wunused-parameter\x07-Wunused-parameter\x1b]8;;\x07\x1b[m\x1b[K]\n'}
[0.401533] (CommunicationCenter) StderrLine: {'line': b'   57 |   DMCANMsg *ctrl_pos(uint8_t motor_id, \x1b[01;35m\x1b[Kfloat pos\x1b[m\x1b[K) override { return nullptr; };\n'}
[0.401585] (CommunicationCenter) StderrLine: {'line': b'      |                                        \x1b[01;35m\x1b[K~~~~~~^~~\x1b[m\x1b[K\n'}
[0.401636] (CommunicationCenter) StderrLine: {'line': b'\x1b[01m\x1b[K/home/albusgive/rlfw/rlfw_deploy/src/CommunicationCenter/motor_driver/DMMotor.h:\x1b[m\x1b[K In member function \xe2\x80\x98\x1b[01m\x1b[Kvirtual DMCANMsg* DMMotor::\x1b[01;32m\x1b[Kctrl_vel\x1b[m\x1b[K(uint8_t, float)\x1b[m\x1b[K\xe2\x80\x99:\n'}
[0.401690] (CommunicationCenter) StderrLine: {'line': b'\x1b[01m\x1b[K/home/albusgive/rlfw/rlfw_deploy/src/CommunicationCenter/motor_driver/DMMotor.h:59:30:\x1b[m\x1b[K \x1b[01;35m\x1b[Kwarning: \x1b[m\x1b[Kunused parameter \xe2\x80\x98\x1b[01m\x1b[Kmotor_id\x1b[m\x1b[K\xe2\x80\x99 [\x1b[01;35m\x1b[K\x1b]8;;https://gcc.gnu.org/onlinedocs/gcc/Warning-Options.html#index-Wunused-parameter\x07-Wunused-parameter\x1b]8;;\x07\x1b[m\x1b[K]\n'}
[0.401748] (CommunicationCenter) StderrLine: {'line': b'   59 |   DMCANMsg *ctrl_vel(\x1b[01;35m\x1b[Kuint8_t motor_id\x1b[m\x1b[K, float vel) override { return nullptr; };\n'}
[0.401799] (CommunicationCenter) StderrLine: {'line': b'      |                      \x1b[01;35m\x1b[K~~~~~~~~^~~~~~~~\x1b[m\x1b[K\n'}
[0.401855] (CommunicationCenter) StderrLine: {'line': b'\x1b[01m\x1b[K/home/albusgive/rlfw/rlfw_deploy/src/CommunicationCenter/motor_driver/DMMotor.h:59:46:\x1b[m\x1b[K \x1b[01;35m\x1b[Kwarning: \x1b[m\x1b[Kunused parameter \xe2\x80\x98\x1b[01m\x1b[Kvel\x1b[m\x1b[K\xe2\x80\x99 [\x1b[01;35m\x1b[K\x1b]8;;https://gcc.gnu.org/onlinedocs/gcc/Warning-Options.html#index-Wunused-parameter\x07-Wunused-parameter\x1b]8;;\x07\x1b[m\x1b[K]\n'}
[0.401927] (CommunicationCenter) StderrLine: {'line': b'   59 |   DMCANMsg *ctrl_vel(uint8_t motor_id, \x1b[01;35m\x1b[Kfloat vel\x1b[m\x1b[K) override { return nullptr; };\n'}
[0.401983] (CommunicationCenter) StderrLine: {'line': b'      |                                        \x1b[01;35m\x1b[K~~~~~~^~~\x1b[m\x1b[K\n'}
[0.402038] (CommunicationCenter) StderrLine: {'line': b'\x1b[01m\x1b[K/home/albusgive/rlfw/rlfw_deploy/src/CommunicationCenter/motor_driver/DMMotor.h:\x1b[m\x1b[K In member function \xe2\x80\x98\x1b[01m\x1b[Kvirtual DMCANMsg* DMMotor::\x1b[01;32m\x1b[Kctrl_pos_vel\x1b[m\x1b[K(uint8_t, float, float)\x1b[m\x1b[K\xe2\x80\x99:\n'}
[0.402133] (CommunicationCenter) StderrLine: {'line': b'\x1b[01m\x1b[K/home/albusgive/rlfw/rlfw_deploy/src/CommunicationCenter/motor_driver/DMMotor.h:61:34:\x1b[m\x1b[K \x1b[01;35m\x1b[Kwarning: \x1b[m\x1b[Kunused parameter \xe2\x80\x98\x1b[01m\x1b[Kmotor_id\x1b[m\x1b[K\xe2\x80\x99 [\x1b[01;35m\x1b[K\x1b]8;;https://gcc.gnu.org/onlinedocs/gcc/Warning-Options.html#index-Wunused-parameter\x07-Wunused-parameter\x1b]8;;\x07\x1b[m\x1b[K]\n'}
[0.402186] (CommunicationCenter) StderrLine: {'line': b'   61 |   DMCANMsg *ctrl_pos_vel(\x1b[01;35m\x1b[Kuint8_t motor_id\x1b[m\x1b[K, float pos, float vel) override {\n'}
[0.402236] (CommunicationCenter) StderrLine: {'line': b'      |                          \x1b[01;35m\x1b[K~~~~~~~~^~~~~~~~\x1b[m\x1b[K\n'}
[0.402288] (CommunicationCenter) StderrLine: {'line': b'\x1b[01m\x1b[K/home/albusgive/rlfw/rlfw_deploy/src/CommunicationCenter/motor_driver/DMMotor.h:61:50:\x1b[m\x1b[K \x1b[01;35m\x1b[Kwarning: \x1b[m\x1b[Kunused parameter \xe2\x80\x98\x1b[01m\x1b[Kpos\x1b[m\x1b[K\xe2\x80\x99 [\x1b[01;35m\x1b[K\x1b]8;;https://gcc.gnu.org/onlinedocs/gcc/Warning-Options.html#index-Wunused-parameter\x07-Wunused-parameter\x1b]8;;\x07\x1b[m\x1b[K]\n'}
[0.402344] (CommunicationCenter) StderrLine: {'line': b'   61 |   DMCANMsg *ctrl_pos_vel(uint8_t motor_id, \x1b[01;35m\x1b[Kfloat pos\x1b[m\x1b[K, float vel) override {\n'}
[0.402395] (CommunicationCenter) StderrLine: {'line': b'      |                                            \x1b[01;35m\x1b[K~~~~~~^~~\x1b[m\x1b[K\n'}
[0.402448] (CommunicationCenter) StderrLine: {'line': b'\x1b[01m\x1b[K/home/albusgive/rlfw/rlfw_deploy/src/CommunicationCenter/motor_driver/DMMotor.h:61:61:\x1b[m\x1b[K \x1b[01;35m\x1b[Kwarning: \x1b[m\x1b[Kunused parameter \xe2\x80\x98\x1b[01m\x1b[Kvel\x1b[m\x1b[K\xe2\x80\x99 [\x1b[01;35m\x1b[K\x1b]8;;https://gcc.gnu.org/onlinedocs/gcc/Warning-Options.html#index-Wunused-parameter\x07-Wunused-parameter\x1b]8;;\x07\x1b[m\x1b[K]\n'}
[0.402502] (CommunicationCenter) StderrLine: {'line': b'   61 |   DMCANMsg *ctrl_pos_vel(uint8_t motor_id, float pos, \x1b[01;35m\x1b[Kfloat vel\x1b[m\x1b[K) override {\n'}
[0.402553] (CommunicationCenter) StderrLine: {'line': b'      |                                                       \x1b[01;35m\x1b[K~~~~~~^~~\x1b[m\x1b[K\n'}
[0.402604] (CommunicationCenter) StderrLine: {'line': b'\x1b[01m\x1b[K/home/albusgive/rlfw/rlfw_deploy/src/CommunicationCenter/motor_driver/DMMotor.h:\x1b[m\x1b[K In member function \xe2\x80\x98\x1b[01m\x1b[Kvirtual DMCANMsg* DMMotor::\x1b[01;32m\x1b[Kctrl_torque\x1b[m\x1b[K(uint8_t, float)\x1b[m\x1b[K\xe2\x80\x99:\n'}
[0.402660] (CommunicationCenter) StderrLine: {'line': b'\x1b[01m\x1b[K/home/albusgive/rlfw/rlfw_deploy/src/CommunicationCenter/motor_driver/DMMotor.h:65:33:\x1b[m\x1b[K \x1b[01;35m\x1b[Kwarning: \x1b[m\x1b[Kunused parameter \xe2\x80\x98\x1b[01m\x1b[Kmotor_id\x1b[m\x1b[K\xe2\x80\x99 [\x1b[01;35m\x1b[K\x1b]8;;https://gcc.gnu.org/onlinedocs/gcc/Warning-Options.html#index-Wunused-parameter\x07-Wunused-parameter\x1b]8;;\x07\x1b[m\x1b[K]\n'}
[0.402716] (CommunicationCenter) StderrLine: {'line': b'   65 |   DMCANMsg *ctrl_torque(\x1b[01;35m\x1b[Kuint8_t motor_id\x1b[m\x1b[K, float torque) override {\n'}
[0.402768] (CommunicationCenter) StderrLine: {'line': b'      |                         \x1b[01;35m\x1b[K~~~~~~~~^~~~~~~~\x1b[m\x1b[K\n'}
[0.402818] (CommunicationCenter) StderrLine: {'line': b'\x1b[01m\x1b[K/home/albusgive/rlfw/rlfw_deploy/src/CommunicationCenter/motor_driver/DMMotor.h:65:49:\x1b[m\x1b[K \x1b[01;35m\x1b[Kwarning: \x1b[m\x1b[Kunused parameter \xe2\x80\x98\x1b[01m\x1b[Ktorque\x1b[m\x1b[K\xe2\x80\x99 [\x1b[01;35m\x1b[K\x1b]8;;https://gcc.gnu.org/onlinedocs/gcc/Warning-Options.html#index-Wunused-parameter\x07-Wunused-parameter\x1b]8;;\x07\x1b[m\x1b[K]\n'}
[0.402874] (CommunicationCenter) StderrLine: {'line': b'   65 |   DMCANMsg *ctrl_torque(uint8_t motor_id, \x1b[01;35m\x1b[Kfloat torque\x1b[m\x1b[K) override {\n'}
[0.402936] (CommunicationCenter) StderrLine: {'line': b'      |                                           \x1b[01;35m\x1b[K~~~~~~^~~~~~\x1b[m\x1b[K\n'}
[0.402991] (CommunicationCenter) StderrLine: {'line': b'\x1b[01m\x1b[K/home/albusgive/rlfw/rlfw_deploy/src/CommunicationCenter/motor_driver/DMMotor.h:\x1b[m\x1b[K In member function \xe2\x80\x98\x1b[01m\x1b[Kvirtual DMCANMsg* DMMotor::\x1b[01;32m\x1b[KsetPosKP\x1b[m\x1b[K(uint8_t, float)\x1b[m\x1b[K\xe2\x80\x99:\n'}
[0.403042] (CommunicationCenter) StderrLine: {'line': b'\x1b[01m\x1b[K/home/albusgive/rlfw/rlfw_deploy/src/CommunicationCenter/motor_driver/DMMotor.h:70:30:\x1b[m\x1b[K \x1b[01;35m\x1b[Kwarning: \x1b[m\x1b[Kunused parameter \xe2\x80\x98\x1b[01m\x1b[Kmotor_id\x1b[m\x1b[K\xe2\x80\x99 [\x1b[01;35m\x1b[K\x1b]8;;https://gcc.gnu.org/onlinedocs/gcc/Warning-Options.html#index-Wunused-parameter\x07-Wunused-parameter\x1b]8;;\x07\x1b[m\x1b[K]\n'}
[0.403098] (CommunicationCenter) StderrLine: {'line': b'   70 |   DMCANMsg *setPosKP(\x1b[01;35m\x1b[Kuint8_t motor_id\x1b[m\x1b[K, float kp) override { return nullptr; };\n'}
[0.403151] (CommunicationCenter) StderrLine: {'line': b'      |                      \x1b[01;35m\x1b[K~~~~~~~~^~~~~~~~\x1b[m\x1b[K\n'}
[0.403202] (CommunicationCenter) StderrLine: {'line': b'\x1b[01m\x1b[K/home/albusgive/rlfw/rlfw_deploy/src/CommunicationCenter/motor_driver/DMMotor.h:70:46:\x1b[m\x1b[K \x1b[01;35m\x1b[Kwarning: \x1b[m\x1b[Kunused parameter \xe2\x80\x98\x1b[01m\x1b[Kkp\x1b[m\x1b[K\xe2\x80\x99 [\x1b[01;35m\x1b[K\x1b]8;;https://gcc.gnu.org/onlinedocs/gcc/Warning-Options.html#index-Wunused-parameter\x07-Wunused-parameter\x1b]8;;\x07\x1b[m\x1b[K]\n'}
[0.403254] (CommunicationCenter) StderrLine: {'line': b'   70 |   DMCANMsg *setPosKP(uint8_t motor_id, \x1b[01;35m\x1b[Kfloat kp\x1b[m\x1b[K) override { return nullptr; };\n'}
[0.403305] (CommunicationCenter) StderrLine: {'line': b'      |                                        \x1b[01;35m\x1b[K~~~~~~^~\x1b[m\x1b[K\n'}
[0.403356] (CommunicationCenter) StderrLine: {'line': b'\x1b[01m\x1b[K/home/albusgive/rlfw/rlfw_deploy/src/CommunicationCenter/motor_driver/DMMotor.h:\x1b[m\x1b[K In member function \xe2\x80\x98\x1b[01m\x1b[Kvirtual DMCANMsg* DMMotor::\x1b[01;32m\x1b[KsetPosKD\x1b[m\x1b[K(uint8_t, float)\x1b[m\x1b[K\xe2\x80\x99:\n'}
[0.403407] (CommunicationCenter) StderrLine: {'line': b'\x1b[01m\x1b[K/home/albusgive/rlfw/rlfw_deploy/src/CommunicationCenter/motor_driver/DMMotor.h:71:30:\x1b[m\x1b[K \x1b[01;35m\x1b[Kwarning: \x1b[m\x1b[Kunused parameter \xe2\x80\x98\x1b[01m\x1b[Kmotor_id\x1b[m\x1b[K\xe2\x80\x99 [\x1b[01;35m\x1b[K\x1b]8;;https://gcc.gnu.org/onlinedocs/gcc/Warning-Options.html#index-Wunused-parameter\x07-Wunused-parameter\x1b]8;;\x07\x1b[m\x1b[K]\n'}
[0.403460] (CommunicationCenter) StderrLine: {'line': b'   71 |   DMCANMsg *setPosKD(\x1b[01;35m\x1b[Kuint8_t motor_id\x1b[m\x1b[K, float kd) override { return nullptr; };\n'}
[0.403510] (CommunicationCenter) StderrLine: {'line': b'      |                      \x1b[01;35m\x1b[K~~~~~~~~^~~~~~~~\x1b[m\x1b[K\n'}
[0.403561] (CommunicationCenter) StderrLine: {'line': b'\x1b[01m\x1b[K/home/albusgive/rlfw/rlfw_deploy/src/CommunicationCenter/motor_driver/DMMotor.h:71:46:\x1b[m\x1b[K \x1b[01;35m\x1b[Kwarning: \x1b[m\x1b[Kunused parameter \xe2\x80\x98\x1b[01m\x1b[Kkd\x1b[m\x1b[K\xe2\x80\x99 [\x1b[01;35m\x1b[K\x1b]8;;https://gcc.gnu.org/onlinedocs/gcc/Warning-Options.html#index-Wunused-parameter\x07-Wunused-parameter\x1b]8;;\x07\x1b[m\x1b[K]\n'}
[0.403622] (CommunicationCenter) StderrLine: {'line': b'   71 |   DMCANMsg *setPosKD(uint8_t motor_id, \x1b[01;35m\x1b[Kfloat kd\x1b[m\x1b[K) override { return nullptr; };\n'}
[0.403673] (CommunicationCenter) StderrLine: {'line': b'      |                                        \x1b[01;35m\x1b[K~~~~~~^~\x1b[m\x1b[K\n'}
[0.403723] (CommunicationCenter) StderrLine: {'line': b'\x1b[01m\x1b[K/home/albusgive/rlfw/rlfw_deploy/src/CommunicationCenter/motor_driver/DMMotor.h:\x1b[m\x1b[K In member function \xe2\x80\x98\x1b[01m\x1b[Kvirtual DMCANMsg* DMMotor::\x1b[01;32m\x1b[KsetVelKP\x1b[m\x1b[K(uint8_t, float)\x1b[m\x1b[K\xe2\x80\x99:\n'}
[0.403774] (CommunicationCenter) StderrLine: {'line': b'\x1b[01m\x1b[K/home/albusgive/rlfw/rlfw_deploy/src/CommunicationCenter/motor_driver/DMMotor.h:73:30:\x1b[m\x1b[K \x1b[01;35m\x1b[Kwarning: \x1b[m\x1b[Kunused parameter \xe2\x80\x98\x1b[01m\x1b[Kmotor_id\x1b[m\x1b[K\xe2\x80\x99 [\x1b[01;35m\x1b[K\x1b]8;;https://gcc.gnu.org/onlinedocs/gcc/Warning-Options.html#index-Wunused-parameter\x07-Wunused-parameter\x1b]8;;\x07\x1b[m\x1b[K]\n'}
[0.403830] (CommunicationCenter) StderrLine: {'line': b'   73 |   DMCANMsg *setVelKP(\x1b[01;35m\x1b[Kuint8_t motor_id\x1b[m\x1b[K, float kp) override { return nullptr; };\n'}
[0.403885] (CommunicationCenter) StderrLine: {'line': b'      |                      \x1b[01;35m\x1b[K~~~~~~~~^~~~~~~~\x1b[m\x1b[K\n'}
[0.403941] (CommunicationCenter) StderrLine: {'line': b'\x1b[01m\x1b[K/home/albusgive/rlfw/rlfw_deploy/src/CommunicationCenter/motor_driver/DMMotor.h:73:46:\x1b[m\x1b[K \x1b[01;35m\x1b[Kwarning: \x1b[m\x1b[Kunused parameter \xe2\x80\x98\x1b[01m\x1b[Kkp\x1b[m\x1b[K\xe2\x80\x99 [\x1b[01;35m\x1b[K\x1b]8;;https://gcc.gnu.org/onlinedocs/gcc/Warning-Options.html#index-Wunused-parameter\x07-Wunused-parameter\x1b]8;;\x07\x1b[m\x1b[K]\n'}
[0.403996] (CommunicationCenter) StderrLine: {'line': b'   73 |   DMCANMsg *setVelKP(uint8_t motor_id, \x1b[01;35m\x1b[Kfloat kp\x1b[m\x1b[K) override { return nullptr; };\n'}
[0.404047] (CommunicationCenter) StderrLine: {'line': b'      |                                        \x1b[01;35m\x1b[K~~~~~~^~\x1b[m\x1b[K\n'}
[0.404098] (CommunicationCenter) StderrLine: {'line': b'\x1b[01m\x1b[K/home/albusgive/rlfw/rlfw_deploy/src/CommunicationCenter/motor_driver/DMMotor.h:\x1b[m\x1b[K In member function \xe2\x80\x98\x1b[01m\x1b[Kvirtual DMCANMsg* DMMotor::\x1b[01;32m\x1b[KsetVelKI\x1b[m\x1b[K(uint8_t, float)\x1b[m\x1b[K\xe2\x80\x99:\n'}
[0.404149] (CommunicationCenter) StderrLine: {'line': b'\x1b[01m\x1b[K/home/albusgive/rlfw/rlfw_deploy/src/CommunicationCenter/motor_driver/DMMotor.h:74:30:\x1b[m\x1b[K \x1b[01;35m\x1b[Kwarning: \x1b[m\x1b[Kunused parameter \xe2\x80\x98\x1b[01m\x1b[Kmotor_id\x1b[m\x1b[K\xe2\x80\x99 [\x1b[01;35m\x1b[K\x1b]8;;https://gcc.gnu.org/onlinedocs/gcc/Warning-Options.html#index-Wunused-parameter\x07-Wunused-parameter\x1b]8;;\x07\x1b[m\x1b[K]\n'}
[0.404208] (CommunicationCenter) StderrLine: {'line': b'   74 |   DMCANMsg *setVelKI(\x1b[01;35m\x1b[Kuint8_t motor_id\x1b[m\x1b[K, float ki) override { return nullptr; };\n'}
[0.404258] (CommunicationCenter) StderrLine: {'line': b'      |                      \x1b[01;35m\x1b[K~~~~~~~~^~~~~~~~\x1b[m\x1b[K\n'}
[0.404309] (CommunicationCenter) StderrLine: {'line': b'\x1b[01m\x1b[K/home/albusgive/rlfw/rlfw_deploy/src/CommunicationCenter/motor_driver/DMMotor.h:74:46:\x1b[m\x1b[K \x1b[01;35m\x1b[Kwarning: \x1b[m\x1b[Kunused parameter \xe2\x80\x98\x1b[01m\x1b[Kki\x1b[m\x1b[K\xe2\x80\x99 [\x1b[01;35m\x1b[K\x1b]8;;https://gcc.gnu.org/onlinedocs/gcc/Warning-Options.html#index-Wunused-parameter\x07-Wunused-parameter\x1b]8;;\x07\x1b[m\x1b[K]\n'}
[0.404361] (CommunicationCenter) StderrLine: {'line': b'   74 |   DMCANMsg *setVelKI(uint8_t motor_id, \x1b[01;35m\x1b[Kfloat ki\x1b[m\x1b[K) override { return nullptr; };\n'}
[0.404412] (CommunicationCenter) StderrLine: {'line': b'      |                                        \x1b[01;35m\x1b[K~~~~~~^~\x1b[m\x1b[K\n'}
[0.404463] (CommunicationCenter) StderrLine: {'line': b'\x1b[01m\x1b[K/home/albusgive/rlfw/rlfw_deploy/src/CommunicationCenter/motor_driver/DMMotor.h:\x1b[m\x1b[K In member function \xe2\x80\x98\x1b[01m\x1b[Kvirtual DMCANMsg* DMMotor::\x1b[01;32m\x1b[KsetTorqueKP\x1b[m\x1b[K(uint8_t, float)\x1b[m\x1b[K\xe2\x80\x99:\n'}
[0.404517] (CommunicationCenter) StderrLine: {'line': b'\x1b[01m\x1b[K/home/albusgive/rlfw/rlfw_deploy/src/CommunicationCenter/motor_driver/DMMotor.h:76:33:\x1b[m\x1b[K \x1b[01;35m\x1b[Kwarning: \x1b[m\x1b[Kunused parameter \xe2\x80\x98\x1b[01m\x1b[Kmotor_id\x1b[m\x1b[K\xe2\x80\x99 [\x1b[01;35m\x1b[K\x1b]8;;https://gcc.gnu.org/onlinedocs/gcc/Warning-Options.html#index-Wunused-parameter\x07-Wunused-parameter\x1b]8;;\x07\x1b[m\x1b[K]\n'}
[0.404570] (CommunicationCenter) StderrLine: {'line': b'   76 |   DMCANMsg *setTorqueKP(\x1b[01;35m\x1b[Kuint8_t motor_id\x1b[m\x1b[K, float kp) override {\n'}
[0.404623] (CommunicationCenter) StderrLine: {'line': b'      |                         \x1b[01;35m\x1b[K~~~~~~~~^~~~~~~~\x1b[m\x1b[K\n'}
[0.404674] (CommunicationCenter) StderrLine: {'line': b'\x1b[01m\x1b[K/home/albusgive/rlfw/rlfw_deploy/src/CommunicationCenter/motor_driver/DMMotor.h:76:49:\x1b[m\x1b[K \x1b[01;35m\x1b[Kwarning: \x1b[m\x1b[Kunused parameter \xe2\x80\x98\x1b[01m\x1b[Kkp\x1b[m\x1b[K\xe2\x80\x99 [\x1b[01;35m\x1b[K\x1b]8;;https://gcc.gnu.org/onlinedocs/gcc/Warning-Options.html#index-Wunused-parameter\x07-Wunused-parameter\x1b]8;;\x07\x1b[m\x1b[K]\n'}
[0.404729] (CommunicationCenter) StderrLine: {'line': b'   76 |   DMCANMsg *setTorqueKP(uint8_t motor_id, \x1b[01;35m\x1b[Kfloat kp\x1b[m\x1b[K) override {\n'}
[0.404781] (CommunicationCenter) StderrLine: {'line': b'      |                                           \x1b[01;35m\x1b[K~~~~~~^~\x1b[m\x1b[K\n'}
[0.404833] (CommunicationCenter) StderrLine: {'line': b'\x1b[01m\x1b[K/home/albusgive/rlfw/rlfw_deploy/src/CommunicationCenter/motor_driver/DMMotor.h:\x1b[m\x1b[K In member function \xe2\x80\x98\x1b[01m\x1b[Kvirtual DMCANMsg* DMMotor::\x1b[01;32m\x1b[KsetTorqueKI\x1b[m\x1b[K(uint8_t, float)\x1b[m\x1b[K\xe2\x80\x99:\n'}
[0.404890] (CommunicationCenter) StderrLine: {'line': b'\x1b[01m\x1b[K/home/albusgive/rlfw/rlfw_deploy/src/CommunicationCenter/motor_driver/DMMotor.h:79:33:\x1b[m\x1b[K \x1b[01;35m\x1b[Kwarning: \x1b[m\x1b[Kunused parameter \xe2\x80\x98\x1b[01m\x1b[Kmotor_id\x1b[m\x1b[K\xe2\x80\x99 [\x1b[01;35m\x1b[K\x1b]8;;https://gcc.gnu.org/onlinedocs/gcc/Warning-Options.html#index-Wunused-parameter\x07-Wunused-parameter\x1b]8;;\x07\x1b[m\x1b[K]\n'}
[0.404949] (CommunicationCenter) StderrLine: {'line': b'   79 |   DMCANMsg *setTorqueKI(\x1b[01;35m\x1b[Kuint8_t motor_id\x1b[m\x1b[K, float ki) override {\n'}
[0.405001] (CommunicationCenter) StderrLine: {'line': b'      |                         \x1b[01;35m\x1b[K~~~~~~~~^~~~~~~~\x1b[m\x1b[K\n'}
[0.405053] (CommunicationCenter) StderrLine: {'line': b'\x1b[01m\x1b[K/home/albusgive/rlfw/rlfw_deploy/src/CommunicationCenter/motor_driver/DMMotor.h:79:49:\x1b[m\x1b[K \x1b[01;35m\x1b[Kwarning: \x1b[m\x1b[Kunused parameter \xe2\x80\x98\x1b[01m\x1b[Kki\x1b[m\x1b[K\xe2\x80\x99 [\x1b[01;35m\x1b[K\x1b]8;;https://gcc.gnu.org/onlinedocs/gcc/Warning-Options.html#index-Wunused-parameter\x07-Wunused-parameter\x1b]8;;\x07\x1b[m\x1b[K]\n'}
[0.405107] (CommunicationCenter) StderrLine: {'line': b'   79 |   DMCANMsg *setTorqueKI(uint8_t motor_id, \x1b[01;35m\x1b[Kfloat ki\x1b[m\x1b[K) override {\n'}
[0.405158] (CommunicationCenter) StderrLine: {'line': b'      |                                           \x1b[01;35m\x1b[K~~~~~~^~\x1b[m\x1b[K\n'}
[0.405210] (CommunicationCenter) StderrLine: {'line': b'\x1b[01m\x1b[K/home/albusgive/rlfw/rlfw_deploy/src/CommunicationCenter/motor_driver/DMMotor.h:\x1b[m\x1b[K In member function \xe2\x80\x98\x1b[01m\x1b[Kvirtual DMCANMsg* DMMotor::\x1b[01;32m\x1b[KsetSafeTorque\x1b[m\x1b[K(uint8_t, float)\x1b[m\x1b[K\xe2\x80\x99:\n'}
[0.405265] (CommunicationCenter) StderrLine: {'line': b'\x1b[01m\x1b[K/home/albusgive/rlfw/rlfw_deploy/src/CommunicationCenter/motor_driver/DMMotor.h:83:35:\x1b[m\x1b[K \x1b[01;35m\x1b[Kwarning: \x1b[m\x1b[Kunused parameter \xe2\x80\x98\x1b[01m\x1b[Kmotor_id\x1b[m\x1b[K\xe2\x80\x99 [\x1b[01;35m\x1b[K\x1b]8;;https://gcc.gnu.org/onlinedocs/gcc/Warning-Options.html#index-Wunused-parameter\x07-Wunused-parameter\x1b]8;;\x07\x1b[m\x1b[K]\n'}
[0.405321] (CommunicationCenter) StderrLine: {'line': b'   83 |   DMCANMsg *setSafeTorque(\x1b[01;35m\x1b[Kuint8_t motor_id\x1b[m\x1b[K, float torque) override {\n'}
[0.405372] (CommunicationCenter) StderrLine: {'line': b'      |                           \x1b[01;35m\x1b[K~~~~~~~~^~~~~~~~\x1b[m\x1b[K\n'}
[0.405424] (CommunicationCenter) StderrLine: {'line': b'\x1b[01m\x1b[K/home/albusgive/rlfw/rlfw_deploy/src/CommunicationCenter/motor_driver/DMMotor.h:83:51:\x1b[m\x1b[K \x1b[01;35m\x1b[Kwarning: \x1b[m\x1b[Kunused parameter \xe2\x80\x98\x1b[01m\x1b[Ktorque\x1b[m\x1b[K\xe2\x80\x99 [\x1b[01;35m\x1b[K\x1b]8;;https://gcc.gnu.org/onlinedocs/gcc/Warning-Options.html#index-Wunused-parameter\x07-Wunused-parameter\x1b]8;;\x07\x1b[m\x1b[K]\n'}
[0.405481] (CommunicationCenter) StderrLine: {'line': b'   83 |   DMCANMsg *setSafeTorque(uint8_t motor_id, \x1b[01;35m\x1b[Kfloat torque\x1b[m\x1b[K) override {\n'}
[0.405534] (CommunicationCenter) StderrLine: {'line': b'      |                                             \x1b[01;35m\x1b[K~~~~~~^~~~~~\x1b[m\x1b[K\n'}
[0.405586] (CommunicationCenter) StderrLine: {'line': b'\x1b[01m\x1b[K/home/albusgive/rlfw/rlfw_deploy/src/CommunicationCenter/motor_driver/DMMotor.h:\x1b[m\x1b[K In member function \xe2\x80\x98\x1b[01m\x1b[Kvirtual DMCANMsg* DMMotor::\x1b[01;32m\x1b[KsetSafePos\x1b[m\x1b[K(uint8_t, float)\x1b[m\x1b[K\xe2\x80\x99:\n'}
[0.405642] (CommunicationCenter) StderrLine: {'line': b'\x1b[01m\x1b[K/home/albusgive/rlfw/rlfw_deploy/src/CommunicationCenter/motor_driver/DMMotor.h:86:32:\x1b[m\x1b[K \x1b[01;35m\x1b[Kwarning: \x1b[m\x1b[Kunused parameter \xe2\x80\x98\x1b[01m\x1b[Kmotor_id\x1b[m\x1b[K\xe2\x80\x99 [\x1b[01;35m\x1b[K\x1b]8;;https://gcc.gnu.org/onlinedocs/gcc/Warning-Options.html#index-Wunused-parameter\x07-Wunused-parameter\x1b]8;;\x07\x1b[m\x1b[K]\n'}
[0.405696] (CommunicationCenter) StderrLine: {'line': b'   86 |   DMCANMsg *setSafePos(\x1b[01;35m\x1b[Kuint8_t motor_id\x1b[m\x1b[K, float pos) override {\n'}
[0.405748] (CommunicationCenter) StderrLine: {'line': b'      |                        \x1b[01;35m\x1b[K~~~~~~~~^~~~~~~~\x1b[m\x1b[K\n'}
[0.405800] (CommunicationCenter) StderrLine: {'line': b'\x1b[01m\x1b[K/home/albusgive/rlfw/rlfw_deploy/src/CommunicationCenter/motor_driver/DMMotor.h:86:48:\x1b[m\x1b[K \x1b[01;35m\x1b[Kwarning: \x1b[m\x1b[Kunused parameter \xe2\x80\x98\x1b[01m\x1b[Kpos\x1b[m\x1b[K\xe2\x80\x99 [\x1b[01;35m\x1b[K\x1b]8;;https://gcc.gnu.org/onlinedocs/gcc/Warning-Options.html#index-Wunused-parameter\x07-Wunused-parameter\x1b]8;;\x07\x1b[m\x1b[K]\n'}
[0.405857] (CommunicationCenter) StderrLine: {'line': b'   86 |   DMCANMsg *setSafePos(uint8_t motor_id, \x1b[01;35m\x1b[Kfloat pos\x1b[m\x1b[K) override {\n'}
[0.405917] (CommunicationCenter) StderrLine: {'line': b'      |                                          \x1b[01;35m\x1b[K~~~~~~^~~\x1b[m\x1b[K\n'}
[0.405971] (CommunicationCenter) StderrLine: {'line': b'\x1b[01m\x1b[K/home/albusgive/rlfw/rlfw_deploy/src/CommunicationCenter/motor_driver/DMMotor.h:\x1b[m\x1b[K In member function \xe2\x80\x98\x1b[01m\x1b[Kvirtual DMCANMsg* DMMotor::\x1b[01;32m\x1b[KsetSafeVel\x1b[m\x1b[K(uint8_t, float)\x1b[m\x1b[K\xe2\x80\x99:\n'}
[0.406023] (CommunicationCenter) StderrLine: {'line': b'\x1b[01m\x1b[K/home/albusgive/rlfw/rlfw_deploy/src/CommunicationCenter/motor_driver/DMMotor.h:89:32:\x1b[m\x1b[K \x1b[01;35m\x1b[Kwarning: \x1b[m\x1b[Kunused parameter \xe2\x80\x98\x1b[01m\x1b[Kmotor_id\x1b[m\x1b[K\xe2\x80\x99 [\x1b[01;35m\x1b[K\x1b]8;;https://gcc.gnu.org/onlinedocs/gcc/Warning-Options.html#index-Wunused-parameter\x07-Wunused-parameter\x1b]8;;\x07\x1b[m\x1b[K]\n'}
[0.406079] (CommunicationCenter) StderrLine: {'line': b'   89 |   DMCANMsg *setSafeVel(\x1b[01;35m\x1b[Kuint8_t motor_id\x1b[m\x1b[K, float vel) override {\n'}
[0.406131] (CommunicationCenter) StderrLine: {'line': b'      |                        \x1b[01;35m\x1b[K~~~~~~~~^~~~~~~~\x1b[m\x1b[K\n'}
[0.406184] (CommunicationCenter) StderrLine: {'line': b'\x1b[01m\x1b[K/home/albusgive/rlfw/rlfw_deploy/src/CommunicationCenter/motor_driver/DMMotor.h:89:48:\x1b[m\x1b[K \x1b[01;35m\x1b[Kwarning: \x1b[m\x1b[Kunused parameter \xe2\x80\x98\x1b[01m\x1b[Kvel\x1b[m\x1b[K\xe2\x80\x99 [\x1b[01;35m\x1b[K\x1b]8;;https://gcc.gnu.org/onlinedocs/gcc/Warning-Options.html#index-Wunused-parameter\x07-Wunused-parameter\x1b]8;;\x07\x1b[m\x1b[K]\n'}
[0.406237] (CommunicationCenter) StderrLine: {'line': b'   89 |   DMCANMsg *setSafeVel(uint8_t motor_id, \x1b[01;35m\x1b[Kfloat vel\x1b[m\x1b[K) override {\n'}
[0.406292] (CommunicationCenter) StderrLine: {'line': b'      |                                          \x1b[01;35m\x1b[K~~~~~~^~~\x1b[m\x1b[K\n'}
[0.406347] (CommunicationCenter) StderrLine: {'line': b'In file included from \x1b[01m\x1b[K/home/albusgive/rlfw/rlfw_deploy/src/CommunicationCenter/motor_driver/STWMotor.h:4\x1b[m\x1b[K,\n'}
[0.406399] (CommunicationCenter) StderrLine: {'line': b'                 from \x1b[01m\x1b[K/home/albusgive/rlfw/rlfw_deploy/src/CommunicationCenter/motor_driver/STWMotor.cpp:1\x1b[m\x1b[K:\n'}
[0.406451] (CommunicationCenter) StderrLine: {'line': b'\x1b[01m\x1b[K/home/albusgive/rlfw/rlfw_deploy/src/CommunicationCenter/motor_driver/Motor.hpp:273:13:\x1b[m\x1b[K \x1b[01;35m\x1b[Kwarning: \x1b[m\x1b[K\xe2\x80\x98\x1b[01m\x1b[Kvirtual MotorBack CANMotor::\x1b[01;32m\x1b[Kdecode\x1b[m\x1b[K()\x1b[m\x1b[K\xe2\x80\x99 was hidden [\x1b[01;35m\x1b[K\x1b]8;;https://gcc.gnu.org/onlinedocs/gcc/Warning-Options.html#index-Woverloaded-virtual=\x07-Woverloaded-virtual=\x1b]8;;\x07\x1b[m\x1b[K]\n'}
[0.406510] (CommunicationCenter) StderrLine: {'line': b'  273 |   MotorBack \x1b[01;35m\x1b[Kdecode\x1b[m\x1b[K() override { return MotorBack(); };\n'}
[0.406563] (CommunicationCenter) StderrLine: {'line': b'      |             \x1b[01;35m\x1b[K^~~~~~\x1b[m\x1b[K\n'}
[0.406616] (CommunicationCenter) StderrLine: {'line': b'\x1b[01m\x1b[K/home/albusgive/rlfw/rlfw_deploy/src/CommunicationCenter/motor_driver/STWMotor.h:69:13:\x1b[m\x1b[K \x1b[01;36m\x1b[Knote: \x1b[m\x1b[K  by \xe2\x80\x98\x1b[01m\x1b[Kvirtual MotorBack STWMotor::\x1b[01;32m\x1b[Kdecode\x1b[m\x1b[K(CANMSG)\x1b[m\x1b[K\xe2\x80\x99\n'}
[0.406670] (CommunicationCenter) StderrLine: {'line': b'   69 |   MotorBack \x1b[01;36m\x1b[Kdecode\x1b[m\x1b[K(CANMSG msg) override;\n'}
[0.406722] (CommunicationCenter) StderrLine: {'line': b'      |             \x1b[01;36m\x1b[K^~~~~~\x1b[m\x1b[K\n'}
[0.406776] (CommunicationCenter) StderrLine: {'line': b'\x1b[01m\x1b[K/home/albusgive/rlfw/rlfw_deploy/src/CommunicationCenter/motor_driver/Motor.hpp:272:13:\x1b[m\x1b[K \x1b[01;35m\x1b[Kwarning: \x1b[m\x1b[K\xe2\x80\x98\x1b[01m\x1b[Kvirtual MotorBack CANMotor::\x1b[01;32m\x1b[Kdecode\x1b[m\x1b[K(UnitreeMsg)\x1b[m\x1b[K\xe2\x80\x99 was hidden [\x1b[01;35m\x1b[K\x1b]8;;https://gcc.gnu.org/onlinedocs/gcc/Warning-Options.html#index-Woverloaded-virtual=\x07-Woverloaded-virtual=\x1b]8;;\x07\x1b[m\x1b[K]\n'}
[0.406832] (CommunicationCenter) StderrLine: {'line': b'  272 |   MotorBack \x1b[01;35m\x1b[Kdecode\x1b[m\x1b[K(UnitreeMsg /*msg*/) override { return MotorBack(); };\n'}
[0.406899] (CommunicationCenter) StderrLine: {'line': b'      |             \x1b[01;35m\x1b[K^~~~~~\x1b[m\x1b[K\n'}
[0.406965] (CommunicationCenter) StderrLine: {'line': b'\x1b[01m\x1b[K/home/albusgive/rlfw/rlfw_deploy/src/CommunicationCenter/motor_driver/STWMotor.h:69:13:\x1b[m\x1b[K \x1b[01;36m\x1b[Knote: \x1b[m\x1b[K  by \xe2\x80\x98\x1b[01m\x1b[Kvirtual MotorBack STWMotor::\x1b[01;32m\x1b[Kdecode\x1b[m\x1b[K(CANMSG)\x1b[m\x1b[K\xe2\x80\x99\n'}
[0.407018] (CommunicationCenter) StderrLine: {'line': b'   69 |   MotorBack \x1b[01;36m\x1b[Kdecode\x1b[m\x1b[K(CANMSG msg) override;\n'}
[0.407070] (CommunicationCenter) StderrLine: {'line': b'      |             \x1b[01;36m\x1b[K^~~~~~\x1b[m\x1b[K\n'}
[0.407122] (CommunicationCenter) StderrLine: {'line': b'\x1b[01m\x1b[K/home/albusgive/rlfw/rlfw_deploy/src/CommunicationCenter/motor_driver/STWMotor.h:\x1b[m\x1b[K In member function \xe2\x80\x98\x1b[01m\x1b[Kvirtual STWCANMsg* STWMotor::\x1b[01;32m\x1b[Kctrl_pos\x1b[m\x1b[K(uint8_t, float)\x1b[m\x1b[K\xe2\x80\x99:\n'}
[0.407183] (CommunicationCenter) StderrLine: {'line': b'\x1b[01m\x1b[K/home/albusgive/rlfw/rlfw_deploy/src/CommunicationCenter/motor_driver/STWMotor.h:76:31:\x1b[m\x1b[K \x1b[01;35m\x1b[Kwarning: \x1b[m\x1b[Kunused parameter \xe2\x80\x98\x1b[01m\x1b[Kmotor_id\x1b[m\x1b[K\xe2\x80\x99 [\x1b[01;35m\x1b[K\x1b]8;;https://gcc.gnu.org/onlinedocs/gcc/Warning-Options.html#index-Wunused-parameter\x07-Wunused-parameter\x1b]8;;\x07\x1b[m\x1b[K]\n'}
[0.407238] (CommunicationCenter) StderrLine: {'line': b'   76 |   STWCANMsg *ctrl_pos(\x1b[01;35m\x1b[Kuint8_t motor_id\x1b[m\x1b[K, float pos) override { return nullptr; };\n'}
[0.407290] (CommunicationCenter) StderrLine: {'line': b'      |                       \x1b[01;35m\x1b[K~~~~~~~~^~~~~~~~\x1b[m\x1b[K\n'}
[0.407346] (CommunicationCenter) StderrLine: {'line': b'\x1b[01m\x1b[K/home/albusgive/rlfw/rlfw_deploy/src/CommunicationCenter/motor_driver/STWMotor.h:76:47:\x1b[m\x1b[K \x1b[01;35m\x1b[Kwarning: \x1b[m\x1b[Kunused parameter \xe2\x80\x98\x1b[01m\x1b[Kpos\x1b[m\x1b[K\xe2\x80\x99 [\x1b[01;35m\x1b[K\x1b]8;;https://gcc.gnu.org/onlinedocs/gcc/Warning-Options.html#index-Wunused-parameter\x07-Wunused-parameter\x1b]8;;\x07\x1b[m\x1b[K]\n'}
[0.407403] (CommunicationCenter) StderrLine: {'line': b'   76 |   STWCANMsg *ctrl_pos(uint8_t motor_id, \x1b[01;35m\x1b[Kfloat pos\x1b[m\x1b[K) override { return nullptr; };\n'}
[0.407456] (CommunicationCenter) StderrLine: {'line': b'      |                                         \x1b[01;35m\x1b[K~~~~~~^~~\x1b[m\x1b[K\n'}
[0.407507] (CommunicationCenter) StderrLine: {'line': b'\x1b[01m\x1b[K/home/albusgive/rlfw/rlfw_deploy/src/CommunicationCenter/motor_driver/STWMotor.h:\x1b[m\x1b[K In member function \xe2\x80\x98\x1b[01m\x1b[Kvirtual STWCANMsg* STWMotor::\x1b[01;32m\x1b[Kctrl_vel\x1b[m\x1b[K(uint8_t, float)\x1b[m\x1b[K\xe2\x80\x99:\n'}
[0.407560] (CommunicationCenter) StderrLine: {'line': b'\x1b[01m\x1b[K/home/albusgive/rlfw/rlfw_deploy/src/CommunicationCenter/motor_driver/STWMotor.h:78:31:\x1b[m\x1b[K \x1b[01;35m\x1b[Kwarning: \x1b[m\x1b[Kunused parameter \xe2\x80\x98\x1b[01m\x1b[Kmotor_id\x1b[m\x1b[K\xe2\x80\x99 [\x1b[01;35m\x1b[K\x1b]8;;https://gcc.gnu.org/onlinedocs/gcc/Warning-Options.html#index-Wunused-parameter\x07-Wunused-parameter\x1b]8;;\x07\x1b[m\x1b[K]\n'}
[0.407613] (CommunicationCenter) StderrLine: {'line': b'   78 |   STWCANMsg *ctrl_vel(\x1b[01;35m\x1b[Kuint8_t motor_id\x1b[m\x1b[K, float vel) override { return nullptr; };\n'}
[0.407665] (CommunicationCenter) StderrLine: {'line': b'      |                       \x1b[01;35m\x1b[K~~~~~~~~^~~~~~~~\x1b[m\x1b[K\n'}
[0.407716] (CommunicationCenter) StderrLine: {'line': b'\x1b[01m\x1b[K/home/albusgive/rlfw/rlfw_deploy/src/CommunicationCenter/motor_driver/STWMotor.h:78:47:\x1b[m\x1b[K \x1b[01;35m\x1b[Kwarning: \x1b[m\x1b[Kunused parameter \xe2\x80\x98\x1b[01m\x1b[Kvel\x1b[m\x1b[K\xe2\x80\x99 [\x1b[01;35m\x1b[K\x1b]8;;https://gcc.gnu.org/onlinedocs/gcc/Warning-Options.html#index-Wunused-parameter\x07-Wunused-parameter\x1b]8;;\x07\x1b[m\x1b[K]\n'}
[0.407770] (CommunicationCenter) StderrLine: {'line': b'   78 |   STWCANMsg *ctrl_vel(uint8_t motor_id, \x1b[01;35m\x1b[Kfloat vel\x1b[m\x1b[K) override { return nullptr; };\n'}
[0.407821] (CommunicationCenter) StderrLine: {'line': b'      |                                         \x1b[01;35m\x1b[K~~~~~~^~~\x1b[m\x1b[K\n'}
[0.407872] (CommunicationCenter) StderrLine: {'line': b'\x1b[01m\x1b[K/home/albusgive/rlfw/rlfw_deploy/src/CommunicationCenter/motor_driver/STWMotor.h:\x1b[m\x1b[K In member function \xe2\x80\x98\x1b[01m\x1b[Kvirtual STWCANMsg* STWMotor::\x1b[01;32m\x1b[Kctrl_pos_vel\x1b[m\x1b[K(uint8_t, float, float)\x1b[m\x1b[K\xe2\x80\x99:\n'}
[0.407969] (CommunicationCenter) StderrLine: {'line': b'\x1b[01m\x1b[K/home/albusgive/rlfw/rlfw_deploy/src/CommunicationCenter/motor_driver/STWMotor.h:80:35:\x1b[m\x1b[K \x1b[01;35m\x1b[Kwarning: \x1b[m\x1b[Kunused parameter \xe2\x80\x98\x1b[01m\x1b[Kmotor_id\x1b[m\x1b[K\xe2\x80\x99 [\x1b[01;35m\x1b[K\x1b]8;;https://gcc.gnu.org/onlinedocs/gcc/Warning-Options.html#index-Wunused-parameter\x07-Wunused-parameter\x1b]8;;\x07\x1b[m\x1b[K]\n'}
[0.408027] (CommunicationCenter) StderrLine: {'line': b'   80 |   STWCANMsg *ctrl_pos_vel(\x1b[01;35m\x1b[Kuint8_t motor_id\x1b[m\x1b[K, float pos, float vel) override {\n'}
[0.408081] (CommunicationCenter) StderrLine: {'line': b'      |                           \x1b[01;35m\x1b[K~~~~~~~~^~~~~~~~\x1b[m\x1b[K\n'}
[0.408133] (CommunicationCenter) StderrLine: {'line': b'\x1b[01m\x1b[K/home/albusgive/rlfw/rlfw_deploy/src/CommunicationCenter/motor_driver/STWMotor.h:80:51:\x1b[m\x1b[K \x1b[01;35m\x1b[Kwarning: \x1b[m\x1b[Kunused parameter \xe2\x80\x98\x1b[01m\x1b[Kpos\x1b[m\x1b[K\xe2\x80\x99 [\x1b[01;35m\x1b[K\x1b]8;;https://gcc.gnu.org/onlinedocs/gcc/Warning-Options.html#index-Wunused-parameter\x07-Wunused-parameter\x1b]8;;\x07\x1b[m\x1b[K]\n'}
[0.408269] (CommunicationCenter) StderrLine: {'line': b'   80 |   STWCANMsg *ctrl_pos_vel(uint8_t motor_id, \x1b[01;35m\x1b[Kfloat pos\x1b[m\x1b[K, float vel) override {\n'}
[0.408323] (CommunicationCenter) StderrLine: {'line': b'      |                                             \x1b[01;35m\x1b[K~~~~~~^~~\x1b[m\x1b[K\n'}
[0.408375] (CommunicationCenter) StderrLine: {'line': b'\x1b[01m\x1b[K/home/albusgive/rlfw/rlfw_deploy/src/CommunicationCenter/motor_driver/STWMotor.h:80:62:\x1b[m\x1b[K \x1b[01;35m\x1b[Kwarning: \x1b[m\x1b[Kunused parameter \xe2\x80\x98\x1b[01m\x1b[Kvel\x1b[m\x1b[K\xe2\x80\x99 [\x1b[01;35m\x1b[K\x1b]8;;https://gcc.gnu.org/onlinedocs/gcc/Warning-Options.html#index-Wunused-parameter\x07-Wunused-parameter\x1b]8;;\x07\x1b[m\x1b[K]\n'}
[0.408429] (CommunicationCenter) StderrLine: {'line': b'   80 |   STWCANMsg *ctrl_pos_vel(uint8_t motor_id, float pos, \x1b[01;35m\x1b[Kfloat vel\x1b[m\x1b[K) override {\n'}
[0.408484] (CommunicationCenter) StderrLine: {'line': b'      |                                                        \x1b[01;35m\x1b[K~~~~~~^~~\x1b[m\x1b[K\n'}
[0.408538] (CommunicationCenter) StderrLine: {'line': b'\x1b[01m\x1b[K/home/albusgive/rlfw/rlfw_deploy/src/CommunicationCenter/motor_driver/STWMotor.h:\x1b[m\x1b[K In member function \xe2\x80\x98\x1b[01m\x1b[Kvirtual STWCANMsg* STWMotor::\x1b[01;32m\x1b[Kctrl_torque\x1b[m\x1b[K(uint8_t, float)\x1b[m\x1b[K\xe2\x80\x99:\n'}
[0.408597] (CommunicationCenter) StderrLine: {'line': b'\x1b[01m\x1b[K/home/albusgive/rlfw/rlfw_deploy/src/CommunicationCenter/motor_driver/STWMotor.h:84:34:\x1b[m\x1b[K \x1b[01;35m\x1b[Kwarning: \x1b[m\x1b[Kunused parameter \xe2\x80\x98\x1b[01m\x1b[Kmotor_id\x1b[m\x1b[K\xe2\x80\x99 [\x1b[01;35m\x1b[K\x1b]8;;https://gcc.gnu.org/onlinedocs/gcc/Warning-Options.html#index-Wunused-parameter\x07-Wunused-parameter\x1b]8;;\x07\x1b[m\x1b[K]\n'}
[0.408652] (CommunicationCenter) StderrLine: {'line': b'   84 |   STWCANMsg *ctrl_torque(\x1b[01;35m\x1b[Kuint8_t motor_id\x1b[m\x1b[K, float torque) override {\n'}
[0.408705] (CommunicationCenter) StderrLine: {'line': b'      |                          \x1b[01;35m\x1b[K~~~~~~~~^~~~~~~~\x1b[m\x1b[K\n'}
[0.408758] (CommunicationCenter) StderrLine: {'line': b'\x1b[01m\x1b[K/home/albusgive/rlfw/rlfw_deploy/src/CommunicationCenter/motor_driver/STWMotor.h:84:50:\x1b[m\x1b[K \x1b[01;35m\x1b[Kwarning: \x1b[m\x1b[Kunused parameter \xe2\x80\x98\x1b[01m\x1b[Ktorque\x1b[m\x1b[K\xe2\x80\x99 [\x1b[01;35m\x1b[K\x1b]8;;https://gcc.gnu.org/onlinedocs/gcc/Warning-Options.html#index-Wunused-parameter\x07-Wunused-parameter\x1b]8;;\x07\x1b[m\x1b[K]\n'}
[0.408821] (CommunicationCenter) StderrLine: {'line': b'   84 |   STWCANMsg *ctrl_torque(uint8_t motor_id, \x1b[01;35m\x1b[Kfloat torque\x1b[m\x1b[K) override {\n'}
[0.408875] (CommunicationCenter) StderrLine: {'line': b'      |                                            \x1b[01;35m\x1b[K~~~~~~^~~~~~\x1b[m\x1b[K\n'}
[0.408946] (CommunicationCenter) StderrLine: {'line': b'\x1b[01m\x1b[K/home/albusgive/rlfw/rlfw_deploy/src/CommunicationCenter/motor_driver/STWMotor.h:\x1b[m\x1b[K In member function \xe2\x80\x98\x1b[01m\x1b[Kvirtual STWCANMsg* STWMotor::\x1b[01;32m\x1b[KsetPosKP\x1b[m\x1b[K(uint8_t, float)\x1b[m\x1b[K\xe2\x80\x99:\n'}
[0.409005] (CommunicationCenter) StderrLine: {'line': b'\x1b[01m\x1b[K/home/albusgive/rlfw/rlfw_deploy/src/CommunicationCenter/motor_driver/STWMotor.h:90:31:\x1b[m\x1b[K \x1b[01;35m\x1b[Kwarning: \x1b[m\x1b[Kunused parameter \xe2\x80\x98\x1b[01m\x1b[Kmotor_id\x1b[m\x1b[K\xe2\x80\x99 [\x1b[01;35m\x1b[K\x1b]8;;https://gcc.gnu.org/onlinedocs/gcc/Warning-Options.html#index-Wunused-parameter\x07-Wunused-parameter\x1b]8;;\x07\x1b[m\x1b[K]\n'}
[0.409060] (CommunicationCenter) StderrLine: {'line': b'   90 |   STWCANMsg *setPosKP(\x1b[01;35m\x1b[Kuint8_t motor_id\x1b[m\x1b[K, float kp) override { return nullptr; };\n'}
[0.409112] (CommunicationCenter) StderrLine: {'line': b'      |                       \x1b[01;35m\x1b[K~~~~~~~~^~~~~~~~\x1b[m\x1b[K\n'}
[0.409169] (CommunicationCenter) StderrLine: {'line': b'\x1b[01m\x1b[K/home/albusgive/rlfw/rlfw_deploy/src/CommunicationCenter/motor_driver/STWMotor.h:90:47:\x1b[m\x1b[K \x1b[01;35m\x1b[Kwarning: \x1b[m\x1b[Kunused parameter \xe2\x80\x98\x1b[01m\x1b[Kkp\x1b[m\x1b[K\xe2\x80\x99 [\x1b[01;35m\x1b[K\x1b]8;;https://gcc.gnu.org/onlinedocs/gcc/Warning-Options.html#index-Wunused-parameter\x07-Wunused-parameter\x1b]8;;\x07\x1b[m\x1b[K]\n'}
[0.409223] (CommunicationCenter) StderrLine: {'line': b'   90 |   STWCANMsg *setPosKP(uint8_t motor_id, \x1b[01;35m\x1b[Kfloat kp\x1b[m\x1b[K) override { return nullptr; };\n'}
[0.409275] (CommunicationCenter) StderrLine: {'line': b'      |                                         \x1b[01;35m\x1b[K~~~~~~^~\x1b[m\x1b[K\n'}
[0.409327] (CommunicationCenter) StderrLine: {'line': b'\x1b[01m\x1b[K/home/albusgive/rlfw/rlfw_deploy/src/CommunicationCenter/motor_driver/STWMotor.h:\x1b[m\x1b[K In member function \xe2\x80\x98\x1b[01m\x1b[Kvirtual STWCANMsg* STWMotor::\x1b[01;32m\x1b[KsetPosKD\x1b[m\x1b[K(uint8_t, float)\x1b[m\x1b[K\xe2\x80\x99:\n'}
[0.409382] (CommunicationCenter) StderrLine: {'line': b'\x1b[01m\x1b[K/home/albusgive/rlfw/rlfw_deploy/src/CommunicationCenter/motor_driver/STWMotor.h:91:31:\x1b[m\x1b[K \x1b[01;35m\x1b[Kwarning: \x1b[m\x1b[Kunused parameter \xe2\x80\x98\x1b[01m\x1b[Kmotor_id\x1b[m\x1b[K\xe2\x80\x99 [\x1b[01;35m\x1b[K\x1b]8;;https://gcc.gnu.org/onlinedocs/gcc/Warning-Options.html#index-Wunused-parameter\x07-Wunused-parameter\x1b]8;;\x07\x1b[m\x1b[K]\n'}
[0.409436] (CommunicationCenter) StderrLine: {'line': b'   91 |   STWCANMsg *setPosKD(\x1b[01;35m\x1b[Kuint8_t motor_id\x1b[m\x1b[K, float kd) override { return nullptr; };\n'}
[0.409489] (CommunicationCenter) StderrLine: {'line': b'      |                       \x1b[01;35m\x1b[K~~~~~~~~^~~~~~~~\x1b[m\x1b[K\n'}
[0.409541] (CommunicationCenter) StderrLine: {'line': b'\x1b[01m\x1b[K/home/albusgive/rlfw/rlfw_deploy/src/CommunicationCenter/motor_driver/STWMotor.h:91:47:\x1b[m\x1b[K \x1b[01;35m\x1b[Kwarning: \x1b[m\x1b[Kunused parameter \xe2\x80\x98\x1b[01m\x1b[Kkd\x1b[m\x1b[K\xe2\x80\x99 [\x1b[01;35m\x1b[K\x1b]8;;https://gcc.gnu.org/onlinedocs/gcc/Warning-Options.html#index-Wunused-parameter\x07-Wunused-parameter\x1b]8;;\x07\x1b[m\x1b[K]\n'}
[0.409595] (CommunicationCenter) StderrLine: {'line': b'   91 |   STWCANMsg *setPosKD(uint8_t motor_id, \x1b[01;35m\x1b[Kfloat kd\x1b[m\x1b[K) override { return nullptr; };\n'}
[0.409647] (CommunicationCenter) StderrLine: {'line': b'      |                                         \x1b[01;35m\x1b[K~~~~~~^~\x1b[m\x1b[K\n'}
[0.409701] (CommunicationCenter) StderrLine: {'line': b'\x1b[01m\x1b[K/home/albusgive/rlfw/rlfw_deploy/src/CommunicationCenter/motor_driver/STWMotor.h:\x1b[m\x1b[K In member function \xe2\x80\x98\x1b[01m\x1b[Kvirtual STWCANMsg* STWMotor::\x1b[01;32m\x1b[KsetVelKP\x1b[m\x1b[K(uint8_t, float)\x1b[m\x1b[K\xe2\x80\x99:\n'}
[0.409754] (CommunicationCenter) StderrLine: {'line': b'\x1b[01m\x1b[K/home/albusgive/rlfw/rlfw_deploy/src/CommunicationCenter/motor_driver/STWMotor.h:93:31:\x1b[m\x1b[K \x1b[01;35m\x1b[Kwarning: \x1b[m\x1b[Kunused parameter \xe2\x80\x98\x1b[01m\x1b[Kmotor_id\x1b[m\x1b[K\xe2\x80\x99 [\x1b[01;35m\x1b[K\x1b]8;;https://gcc.gnu.org/onlinedocs/gcc/Warning-Options.html#index-Wunused-parameter\x07-Wunused-parameter\x1b]8;;\x07\x1b[m\x1b[K]\n'}
[0.409808] (CommunicationCenter) StderrLine: {'line': b'   93 |   STWCANMsg *setVelKP(\x1b[01;35m\x1b[Kuint8_t motor_id\x1b[m\x1b[K, float kp) override { return nullptr; };\n'}
[0.409862] (CommunicationCenter) StderrLine: {'line': b'      |                       \x1b[01;35m\x1b[K~~~~~~~~^~~~~~~~\x1b[m\x1b[K\n'}
[0.409926] (CommunicationCenter) StderrLine: {'line': b'\x1b[01m\x1b[K/home/albusgive/rlfw/rlfw_deploy/src/CommunicationCenter/motor_driver/STWMotor.h:93:47:\x1b[m\x1b[K \x1b[01;35m\x1b[Kwarning: \x1b[m\x1b[Kunused parameter \xe2\x80\x98\x1b[01m\x1b[Kkp\x1b[m\x1b[K\xe2\x80\x99 [\x1b[01;35m\x1b[K\x1b]8;;https://gcc.gnu.org/onlinedocs/gcc/Warning-Options.html#index-Wunused-parameter\x07-Wunused-parameter\x1b]8;;\x07\x1b[m\x1b[K]\n'}
[0.410073] (CommunicationCenter) StderrLine: {'line': b'   93 |   STWCANMsg *setVelKP(uint8_t motor_id, \x1b[01;35m\x1b[Kfloat kp\x1b[m\x1b[K) override { return nullptr; };\n'}
[0.410108] (CommunicationCenter) StderrLine: {'line': b'      |                                         \x1b[01;35m\x1b[K~~~~~~^~\x1b[m\x1b[K\n'}
[0.410132] (CommunicationCenter) StderrLine: {'line': b'\x1b[01m\x1b[K/home/albusgive/rlfw/rlfw_deploy/src/CommunicationCenter/motor_driver/STWMotor.h:\x1b[m\x1b[K In member function \xe2\x80\x98\x1b[01m\x1b[Kvirtual STWCANMsg* STWMotor::\x1b[01;32m\x1b[KsetVelKI\x1b[m\x1b[K(uint8_t, float)\x1b[m\x1b[K\xe2\x80\x99:\n'}
[0.410156] (CommunicationCenter) StderrLine: {'line': b'\x1b[01m\x1b[K/home/albusgive/rlfw/rlfw_deploy/src/CommunicationCenter/motor_driver/STWMotor.h:94:31:\x1b[m\x1b[K \x1b[01;35m\x1b[Kwarning: \x1b[m\x1b[Kunused parameter \xe2\x80\x98\x1b[01m\x1b[Kmotor_id\x1b[m\x1b[K\xe2\x80\x99 [\x1b[01;35m\x1b[K\x1b]8;;https://gcc.gnu.org/onlinedocs/gcc/Warning-Options.html#index-Wunused-parameter\x07-Wunused-parameter\x1b]8;;\x07\x1b[m\x1b[K]\n'}
[0.410182] (CommunicationCenter) StderrLine: {'line': b'   94 |   STWCANMsg *setVelKI(\x1b[01;35m\x1b[Kuint8_t motor_id\x1b[m\x1b[K, float ki) override { return nullptr; };\n'}
[0.410204] (CommunicationCenter) StderrLine: {'line': b'      |                       \x1b[01;35m\x1b[K~~~~~~~~^~~~~~~~\x1b[m\x1b[K\n'}
[0.410225] (CommunicationCenter) StderrLine: {'line': b'\x1b[01m\x1b[K/home/albusgive/rlfw/rlfw_deploy/src/CommunicationCenter/motor_driver/STWMotor.h:94:47:\x1b[m\x1b[K \x1b[01;35m\x1b[Kwarning: \x1b[m\x1b[Kunused parameter \xe2\x80\x98\x1b[01m\x1b[Kki\x1b[m\x1b[K\xe2\x80\x99 [\x1b[01;35m\x1b[K\x1b]8;;https://gcc.gnu.org/onlinedocs/gcc/Warning-Options.html#index-Wunused-parameter\x07-Wunused-parameter\x1b]8;;\x07\x1b[m\x1b[K]\n'}
[0.410248] (CommunicationCenter) StderrLine: {'line': b'   94 |   STWCANMsg *setVelKI(uint8_t motor_id, \x1b[01;35m\x1b[Kfloat ki\x1b[m\x1b[K) override { return nullptr; };\n'}
[0.410268] (CommunicationCenter) StderrLine: {'line': b'      |                                         \x1b[01;35m\x1b[K~~~~~~^~\x1b[m\x1b[K\n'}
[0.410290] (CommunicationCenter) StderrLine: {'line': b'\x1b[01m\x1b[K/home/albusgive/rlfw/rlfw_deploy/src/CommunicationCenter/motor_driver/STWMotor.h:\x1b[m\x1b[K In member function \xe2\x80\x98\x1b[01m\x1b[Kvirtual STWCANMsg* STWMotor::\x1b[01;32m\x1b[KsetTorqueKP\x1b[m\x1b[K(uint8_t, float)\x1b[m\x1b[K\xe2\x80\x99:\n'}
[0.410311] (CommunicationCenter) StderrLine: {'line': b'\x1b[01m\x1b[K/home/albusgive/rlfw/rlfw_deploy/src/CommunicationCenter/motor_driver/STWMotor.h:96:34:\x1b[m\x1b[K \x1b[01;35m\x1b[Kwarning: \x1b[m\x1b[Kunused parameter \xe2\x80\x98\x1b[01m\x1b[Kmotor_id\x1b[m\x1b[K\xe2\x80\x99 [\x1b[01;35m\x1b[K\x1b]8;;https://gcc.gnu.org/onlinedocs/gcc/Warning-Options.html#index-Wunused-parameter\x07-Wunused-parameter\x1b]8;;\x07\x1b[m\x1b[K]\n'}
[0.410333] (CommunicationCenter) StderrLine: {'line': b'   96 |   STWCANMsg *setTorqueKP(\x1b[01;35m\x1b[Kuint8_t motor_id\x1b[m\x1b[K, float kp) override {\n'}
[0.410356] (CommunicationCenter) StderrLine: {'line': b'      |                          \x1b[01;35m\x1b[K~~~~~~~~^~~~~~~~\x1b[m\x1b[K\n'}
[0.410377] (CommunicationCenter) StderrLine: {'line': b'\x1b[01m\x1b[K/home/albusgive/rlfw/rlfw_deploy/src/CommunicationCenter/motor_driver/STWMotor.h:96:50:\x1b[m\x1b[K \x1b[01;35m\x1b[Kwarning: \x1b[m\x1b[Kunused parameter \xe2\x80\x98\x1b[01m\x1b[Kkp\x1b[m\x1b[K\xe2\x80\x99 [\x1b[01;35m\x1b[K\x1b]8;;https://gcc.gnu.org/onlinedocs/gcc/Warning-Options.html#index-Wunused-parameter\x07-Wunused-parameter\x1b]8;;\x07\x1b[m\x1b[K]\n'}
[0.410399] (CommunicationCenter) StderrLine: {'line': b'   96 |   STWCANMsg *setTorqueKP(uint8_t motor_id, \x1b[01;35m\x1b[Kfloat kp\x1b[m\x1b[K) override {\n'}
[0.410419] (CommunicationCenter) StderrLine: {'line': b'      |                                            \x1b[01;35m\x1b[K~~~~~~^~\x1b[m\x1b[K\n'}
[0.410440] (CommunicationCenter) StderrLine: {'line': b'\x1b[01m\x1b[K/home/albusgive/rlfw/rlfw_deploy/src/CommunicationCenter/motor_driver/STWMotor.h:\x1b[m\x1b[K In member function \xe2\x80\x98\x1b[01m\x1b[Kvirtual STWCANMsg* STWMotor::\x1b[01;32m\x1b[KsetTorqueKI\x1b[m\x1b[K(uint8_t, float)\x1b[m\x1b[K\xe2\x80\x99:\n'}
[0.410463] (CommunicationCenter) StderrLine: {'line': b'\x1b[01m\x1b[K/home/albusgive/rlfw/rlfw_deploy/src/CommunicationCenter/motor_driver/STWMotor.h:99:34:\x1b[m\x1b[K \x1b[01;35m\x1b[Kwarning: \x1b[m\x1b[Kunused parameter \xe2\x80\x98\x1b[01m\x1b[Kmotor_id\x1b[m\x1b[K\xe2\x80\x99 [\x1b[01;35m\x1b[K\x1b]8;;https://gcc.gnu.org/onlinedocs/gcc/Warning-Options.html#index-Wunused-parameter\x07-Wunused-parameter\x1b]8;;\x07\x1b[m\x1b[K]\n'}
[0.410484] (CommunicationCenter) StderrLine: {'line': b'   99 |   STWCANMsg *setTorqueKI(\x1b[01;35m\x1b[Kuint8_t motor_id\x1b[m\x1b[K, float ki) override {\n'}
[0.410505] (CommunicationCenter) StderrLine: {'line': b'      |                          \x1b[01;35m\x1b[K~~~~~~~~^~~~~~~~\x1b[m\x1b[K\n'}
[0.410526] (CommunicationCenter) StderrLine: {'line': b'\x1b[01m\x1b[K/home/albusgive/rlfw/rlfw_deploy/src/CommunicationCenter/motor_driver/STWMotor.h:99:50:\x1b[m\x1b[K \x1b[01;35m\x1b[Kwarning: \x1b[m\x1b[Kunused parameter \xe2\x80\x98\x1b[01m\x1b[Kki\x1b[m\x1b[K\xe2\x80\x99 [\x1b[01;35m\x1b[K\x1b]8;;https://gcc.gnu.org/onlinedocs/gcc/Warning-Options.html#index-Wunused-parameter\x07-Wunused-parameter\x1b]8;;\x07\x1b[m\x1b[K]\n'}
[0.410551] (CommunicationCenter) StderrLine: {'line': b'   99 |   STWCANMsg *setTorqueKI(uint8_t motor_id, \x1b[01;35m\x1b[Kfloat ki\x1b[m\x1b[K) override {\n'}
[0.410570] (CommunicationCenter) StderrLine: {'line': b'      |                                            \x1b[01;35m\x1b[K~~~~~~^~\x1b[m\x1b[K\n'}
[0.410591] (CommunicationCenter) StderrLine: {'line': b'\x1b[01m\x1b[K/home/albusgive/rlfw/rlfw_deploy/src/CommunicationCenter/motor_driver/STWMotor.h:\x1b[m\x1b[K In member function \xe2\x80\x98\x1b[01m\x1b[Kvirtual STWCANMsg* STWMotor::\x1b[01;32m\x1b[KsetSafeTorque\x1b[m\x1b[K(uint8_t, float)\x1b[m\x1b[K\xe2\x80\x99:\n'}
[0.410611] (CommunicationCenter) StderrLine: {'line': b'\x1b[01m\x1b[K/home/albusgive/rlfw/rlfw_deploy/src/CommunicationCenter/motor_driver/STWMotor.h:103:36:\x1b[m\x1b[K \x1b[01;35m\x1b[Kwarning: \x1b[m\x1b[Kunused parameter \xe2\x80\x98\x1b[01m\x1b[Kmotor_id\x1b[m\x1b[K\xe2\x80\x99 [\x1b[01;35m\x1b[K\x1b]8;;https://gcc.gnu.org/onlinedocs/gcc/Warning-Options.html#index-Wunused-parameter\x07-Wunused-parameter\x1b]8;;\x07\x1b[m\x1b[K]\n'}
[0.410635] (CommunicationCenter) StderrLine: {'line': b'  103 |   STWCANMsg *setSafeTorque(\x1b[01;35m\x1b[Kuint8_t motor_id\x1b[m\x1b[K, float torque) override {\n'}
[0.410656] (CommunicationCenter) StderrLine: {'line': b'      |                            \x1b[01;35m\x1b[K~~~~~~~~^~~~~~~~\x1b[m\x1b[K\n'}
[0.410675] (CommunicationCenter) StderrLine: {'line': b'\x1b[01m\x1b[K/home/albusgive/rlfw/rlfw_deploy/src/CommunicationCenter/motor_driver/STWMotor.h:103:52:\x1b[m\x1b[K \x1b[01;35m\x1b[Kwarning: \x1b[m\x1b[Kunused parameter \xe2\x80\x98\x1b[01m\x1b[Ktorque\x1b[m\x1b[K\xe2\x80\x99 [\x1b[01;35m\x1b[K\x1b]8;;https://gcc.gnu.org/onlinedocs/gcc/Warning-Options.html#index-Wunused-parameter\x07-Wunused-parameter\x1b]8;;\x07\x1b[m\x1b[K]\n'}
[0.410696] (CommunicationCenter) StderrLine: {'line': b'  103 |   STWCANMsg *setSafeTorque(uint8_t motor_id, \x1b[01;35m\x1b[Kfloat torque\x1b[m\x1b[K) override {\n'}
[0.410716] (CommunicationCenter) StderrLine: {'line': b'      |                                              \x1b[01;35m\x1b[K~~~~~~^~~~~~\x1b[m\x1b[K\n'}
[0.410738] (CommunicationCenter) StderrLine: {'line': b'\x1b[01m\x1b[K/home/albusgive/rlfw/rlfw_deploy/src/CommunicationCenter/motor_driver/STWMotor.h:\x1b[m\x1b[K In member function \xe2\x80\x98\x1b[01m\x1b[Kvirtual STWCANMsg* STWMotor::\x1b[01;32m\x1b[KsetSafePos\x1b[m\x1b[K(uint8_t, float)\x1b[m\x1b[K\xe2\x80\x99:\n'}
[0.410758] (CommunicationCenter) StderrLine: {'line': b'\x1b[01m\x1b[K/home/albusgive/rlfw/rlfw_deploy/src/CommunicationCenter/motor_driver/STWMotor.h:106:33:\x1b[m\x1b[K \x1b[01;35m\x1b[Kwarning: \x1b[m\x1b[Kunused parameter \xe2\x80\x98\x1b[01m\x1b[Kmotor_id\x1b[m\x1b[K\xe2\x80\x99 [\x1b[01;35m\x1b[K\x1b]8;;https://gcc.gnu.org/onlinedocs/gcc/Warning-Options.html#index-Wunused-parameter\x07-Wunused-parameter\x1b]8;;\x07\x1b[m\x1b[K]\n'}
[0.410779] (CommunicationCenter) StderrLine: {'line': b'  106 |   STWCANMsg *setSafePos(\x1b[01;35m\x1b[Kuint8_t motor_id\x1b[m\x1b[K, float pos) override {\n'}
[0.410799] (CommunicationCenter) StderrLine: {'line': b'      |                         \x1b[01;35m\x1b[K~~~~~~~~^~~~~~~~\x1b[m\x1b[K\n'}
[0.410819] (CommunicationCenter) StderrLine: {'line': b'\x1b[01m\x1b[K/home/albusgive/rlfw/rlfw_deploy/src/CommunicationCenter/motor_driver/STWMotor.h:106:49:\x1b[m\x1b[K \x1b[01;35m\x1b[Kwarning: \x1b[m\x1b[Kunused parameter \xe2\x80\x98\x1b[01m\x1b[Kpos\x1b[m\x1b[K\xe2\x80\x99 [\x1b[01;35m\x1b[K\x1b]8;;https://gcc.gnu.org/onlinedocs/gcc/Warning-Options.html#index-Wunused-parameter\x07-Wunused-parameter\x1b]8;;\x07\x1b[m\x1b[K]\n'}
[0.410840] (CommunicationCenter) StderrLine: {'line': b'  106 |   STWCANMsg *setSafePos(uint8_t motor_id, \x1b[01;35m\x1b[Kfloat pos\x1b[m\x1b[K) override {\n'}
[0.410860] (CommunicationCenter) StderrLine: {'line': b'      |                                           \x1b[01;35m\x1b[K~~~~~~^~~\x1b[m\x1b[K\n'}
[0.410880] (CommunicationCenter) StderrLine: {'line': b'\x1b[01m\x1b[K/home/albusgive/rlfw/rlfw_deploy/src/CommunicationCenter/motor_driver/STWMotor.h:\x1b[m\x1b[K In member function \xe2\x80\x98\x1b[01m\x1b[Kvirtual STWCANMsg* STWMotor::\x1b[01;32m\x1b[KsetSafeVel\x1b[m\x1b[K(uint8_t, float)\x1b[m\x1b[K\xe2\x80\x99:\n'}
[0.410910] (CommunicationCenter) StderrLine: {'line': b'\x1b[01m\x1b[K/home/albusgive/rlfw/rlfw_deploy/src/CommunicationCenter/motor_driver/STWMotor.h:109:33:\x1b[m\x1b[K \x1b[01;35m\x1b[Kwarning: \x1b[m\x1b[Kunused parameter \xe2\x80\x98\x1b[01m\x1b[Kmotor_id\x1b[m\x1b[K\xe2\x80\x99 [\x1b[01;35m\x1b[K\x1b]8;;https://gcc.gnu.org/onlinedocs/gcc/Warning-Options.html#index-Wunused-parameter\x07-Wunused-parameter\x1b]8;;\x07\x1b[m\x1b[K]\n'}
[0.410932] (CommunicationCenter) StderrLine: {'line': b'  109 |   STWCANMsg *setSafeVel(\x1b[01;35m\x1b[Kuint8_t motor_id\x1b[m\x1b[K, float vel) override {\n'}
[0.410953] (CommunicationCenter) StderrLine: {'line': b'      |                         \x1b[01;35m\x1b[K~~~~~~~~^~~~~~~~\x1b[m\x1b[K\n'}
[0.410973] (CommunicationCenter) StderrLine: {'line': b'\x1b[01m\x1b[K/home/albusgive/rlfw/rlfw_deploy/src/CommunicationCenter/motor_driver/STWMotor.h:109:49:\x1b[m\x1b[K \x1b[01;35m\x1b[Kwarning: \x1b[m\x1b[Kunused parameter \xe2\x80\x98\x1b[01m\x1b[Kvel\x1b[m\x1b[K\xe2\x80\x99 [\x1b[01;35m\x1b[K\x1b]8;;https://gcc.gnu.org/onlinedocs/gcc/Warning-Options.html#index-Wunused-parameter\x07-Wunused-parameter\x1b]8;;\x07\x1b[m\x1b[K]\n'}
[0.410996] (CommunicationCenter) StderrLine: {'line': b'  109 |   STWCANMsg *setSafeVel(uint8_t motor_id, \x1b[01;35m\x1b[Kfloat vel\x1b[m\x1b[K) override {\n'}
[0.411016] (CommunicationCenter) StderrLine: {'line': b'      |                                           \x1b[01;35m\x1b[K~~~~~~^~~\x1b[m\x1b[K\n'}
[0.411036] (CommunicationCenter) StderrLine: {'line': b'\x1b[01m\x1b[K/home/albusgive/rlfw/rlfw_deploy/src/CommunicationCenter/motor_driver/STWMotor.cpp:\x1b[m\x1b[K In member function \xe2\x80\x98\x1b[01m\x1b[Kvirtual STWCANMsg* STWMotor::\x1b[01;32m\x1b[KenableMotor\x1b[m\x1b[K(uint8_t, bool, bool)\x1b[m\x1b[K\xe2\x80\x99:\n'}
[0.411057] (CommunicationCenter) StderrLine: {'line': b'\x1b[01m\x1b[K/home/albusgive/rlfw/rlfw_deploy/src/CommunicationCenter/motor_driver/STWMotor.cpp:7:39:\x1b[m\x1b[K \x1b[01;35m\x1b[Kwarning: \x1b[m\x1b[Kunused parameter \xe2\x80\x98\x1b[01m\x1b[Kclear_fault\x1b[m\x1b[K\xe2\x80\x99 [\x1b[01;35m\x1b[K\x1b]8;;https://gcc.gnu.org/onlinedocs/gcc/Warning-Options.html#index-Wunused-parameter\x07-Wunused-parameter\x1b]8;;\x07\x1b[m\x1b[K]\n'}
[0.411076] (CommunicationCenter) StderrLine: {'line': b'    7 |                                  \x1b[01;35m\x1b[Kbool clear_fault\x1b[m\x1b[K) {\n'}
[0.411095] (CommunicationCenter) StderrLine: {'line': b'      |                                  \x1b[01;35m\x1b[K~~~~~^~~~~~~~~~~\x1b[m\x1b[K\n'}
[0.411118] (CommunicationCenter) StderrLine: {'line': b'\x1b[01m\x1b[K/home/albusgive/rlfw/rlfw_deploy/src/CommunicationCenter/motor_driver/STWMotor.cpp:\x1b[m\x1b[K In member function \xe2\x80\x98\x1b[01m\x1b[Kvirtual STWCANMsg* STWMotor::\x1b[01;32m\x1b[KsetCtrlType\x1b[m\x1b[K(uint8_t)\x1b[m\x1b[K\xe2\x80\x99:\n'}
[0.411139] (CommunicationCenter) StderrLine: {'line': b'\x1b[01m\x1b[K/home/albusgive/rlfw/rlfw_deploy/src/CommunicationCenter/motor_driver/STWMotor.cpp:138:10:\x1b[m\x1b[K \x1b[01;35m\x1b[Kwarning: \x1b[m\x1b[Kenumeration value \xe2\x80\x98\x1b[01m\x1b[KMIT\x1b[m\x1b[K\xe2\x80\x99 not handled in switch [\x1b[01;35m\x1b[K\x1b]8;;https://gcc.gnu.org/onlinedocs/gcc/Warning-Options.html#index-Wswitch\x07-Wswitch\x1b]8;;\x07\x1b[m\x1b[K]\n'}
[0.411162] (CommunicationCenter) StderrLine: {'line': b'  138 |   switch \x1b[01;35m\x1b[K(\x1b[m\x1b[Kctrl_type) {\n'}
[0.411181] (CommunicationCenter) StderrLine: {'line': b'      |          \x1b[01;35m\x1b[K^\x1b[m\x1b[K\n'}
[0.411201] (CommunicationCenter) StderrLine: {'line': b'\x1b[01m\x1b[K/home/albusgive/rlfw/rlfw_deploy/src/CommunicationCenter/motor_driver/STWMotor.cpp:138:10:\x1b[m\x1b[K \x1b[01;35m\x1b[Kwarning: \x1b[m\x1b[Kenumeration value \xe2\x80\x98\x1b[01m\x1b[KPOS_VEL\x1b[m\x1b[K\xe2\x80\x99 not handled in switch [\x1b[01;35m\x1b[K\x1b]8;;https://gcc.gnu.org/onlinedocs/gcc/Warning-Options.html#index-Wswitch\x07-Wswitch\x1b]8;;\x07\x1b[m\x1b[K]\n'}
[0.411221] (CommunicationCenter) StderrLine: {'line': b'\x1b[01m\x1b[K/home/albusgive/rlfw/rlfw_deploy/src/CommunicationCenter/motor_driver/STWMotor.cpp:138:10:\x1b[m\x1b[K \x1b[01;35m\x1b[Kwarning: \x1b[m\x1b[Kenumeration value \xe2\x80\x98\x1b[01m\x1b[KENABLE\x1b[m\x1b[K\xe2\x80\x99 not handled in switch [\x1b[01;35m\x1b[K\x1b]8;;https://gcc.gnu.org/onlinedocs/gcc/Warning-Options.html#index-Wswitch\x07-Wswitch\x1b]8;;\x07\x1b[m\x1b[K]\n'}
[0.411243] (CommunicationCenter) StderrLine: {'line': b'\x1b[01m\x1b[K/home/albusgive/rlfw/rlfw_deploy/src/CommunicationCenter/motor_driver/STWMotor.cpp:138:10:\x1b[m\x1b[K \x1b[01;35m\x1b[Kwarning: \x1b[m\x1b[Kenumeration value \xe2\x80\x98\x1b[01m\x1b[KDISABLE\x1b[m\x1b[K\xe2\x80\x99 not handled in switch [\x1b[01;35m\x1b[K\x1b]8;;https://gcc.gnu.org/onlinedocs/gcc/Warning-Options.html#index-Wswitch\x07-Wswitch\x1b]8;;\x07\x1b[m\x1b[K]\n'}
[0.411263] (CommunicationCenter) StderrLine: {'line': b'\x1b[01m\x1b[K/home/albusgive/rlfw/rlfw_deploy/src/CommunicationCenter/motor_driver/STWMotor.cpp:138:10:\x1b[m\x1b[K \x1b[01;35m\x1b[Kwarning: \x1b[m\x1b[Kenumeration value \xe2\x80\x98\x1b[01m\x1b[KSETZERO\x1b[m\x1b[K\xe2\x80\x99 not handled in switch [\x1b[01;35m\x1b[K\x1b]8;;https://gcc.gnu.org/onlinedocs/gcc/Warning-Options.html#index-Wswitch\x07-Wswitch\x1b]8;;\x07\x1b[m\x1b[K]\n'}
[0.411285] (CommunicationCenter) StderrLine: {'line': b'\x1b[01m\x1b[K/home/albusgive/rlfw/rlfw_deploy/src/CommunicationCenter/motor_driver/STWMotor.cpp:138:10:\x1b[m\x1b[K \x1b[01;35m\x1b[Kwarning: \x1b[m\x1b[Kenumeration value \xe2\x80\x98\x1b[01m\x1b[KERR\x1b[m\x1b[K\xe2\x80\x99 not handled in switch [\x1b[01;35m\x1b[K\x1b]8;;https://gcc.gnu.org/onlinedocs/gcc/Warning-Options.html#index-Wswitch\x07-Wswitch\x1b]8;;\x07\x1b[m\x1b[K]\n'}
[0.411306] (CommunicationCenter) StderrLine: {'line': b'\x1b[01m\x1b[K/home/albusgive/rlfw/rlfw_deploy/src/CommunicationCenter/motor_driver/MiMotor.cpp:\x1b[m\x1b[K In member function \xe2\x80\x98\x1b[01m\x1b[Kvirtual MiCANMsg* MiMotor::\x1b[01;32m\x1b[KsetCtrlType\x1b[m\x1b[K(uint8_t)\x1b[m\x1b[K\xe2\x80\x99:\n'}
[0.411327] (CommunicationCenter) StderrLine: {'line': b'\x1b[01m\x1b[K/home/albusgive/rlfw/rlfw_deploy/src/CommunicationCenter/motor_driver/MiMotor.cpp:174:10:\x1b[m\x1b[K \x1b[01;35m\x1b[Kwarning: \x1b[m\x1b[Kenumeration value \xe2\x80\x98\x1b[01m\x1b[KDISABLE\x1b[m\x1b[K\xe2\x80\x99 not handled in switch [\x1b[01;35m\x1b[K\x1b]8;;https://gcc.gnu.org/onlinedocs/gcc/Warning-Options.html#index-Wswitch\x07-Wswitch\x1b]8;;\x07\x1b[m\x1b[K]\n'}
[0.411349] (CommunicationCenter) StderrLine: {'line': b'  174 |   switch \x1b[01;35m\x1b[K(\x1b[m\x1b[Kctrl_type) {\n'}
[0.411373] (CommunicationCenter) StderrLine: {'line': b'      |          \x1b[01;35m\x1b[K^\x1b[m\x1b[K\n'}
[0.411393] (CommunicationCenter) StderrLine: {'line': b'\x1b[01m\x1b[K/home/albusgive/rlfw/rlfw_deploy/src/CommunicationCenter/motor_driver/MiMotor.cpp:174:10:\x1b[m\x1b[K \x1b[01;35m\x1b[Kwarning: \x1b[m\x1b[Kenumeration value \xe2\x80\x98\x1b[01m\x1b[KSETZERO\x1b[m\x1b[K\xe2\x80\x99 not handled in switch [\x1b[01;35m\x1b[K\x1b]8;;https://gcc.gnu.org/onlinedocs/gcc/Warning-Options.html#index-Wswitch\x07-Wswitch\x1b]8;;\x07\x1b[m\x1b[K]\n'}
[0.471793] (CommunicationCenter) StderrLine: {'line': b'In file included from \x1b[01m\x1b[K/home/albusgive/rlfw/rlfw_deploy/src/CommunicationCenter/motor_driver/DMMotor.h:3\x1b[m\x1b[K,\n'}
[0.472068] (CommunicationCenter) StderrLine: {'line': b'                 from \x1b[01m\x1b[K/home/albusgive/rlfw/rlfw_deploy/src/CommunicationCenter/include/CommunicationCenter.hpp:4\x1b[m\x1b[K,\n'}
[0.472100] (CommunicationCenter) StderrLine: {'line': b'                 from \x1b[01m\x1b[K/home/albusgive/rlfw/rlfw_deploy/src/CommunicationCenter/src/CommunicationCenter.cpp:1\x1b[m\x1b[K:\n'}
[0.472123] (CommunicationCenter) StderrLine: {'line': b'\x1b[01m\x1b[K/home/albusgive/rlfw/rlfw_deploy/src/CommunicationCenter/motor_driver/Motor.hpp:273:13:\x1b[m\x1b[K \x1b[01;35m\x1b[Kwarning: \x1b[m\x1b[K\xe2\x80\x98\x1b[01m\x1b[Kvirtual MotorBack CANMotor::\x1b[01;32m\x1b[Kdecode\x1b[m\x1b[K()\x1b[m\x1b[K\xe2\x80\x99 was hidden [\x1b[01;35m\x1b[K\x1b]8;;https://gcc.gnu.org/onlinedocs/gcc/Warning-Options.html#index-Woverloaded-virtual=\x07-Woverloaded-virtual=\x1b]8;;\x07\x1b[m\x1b[K]\n'}
[0.472150] (CommunicationCenter) StderrLine: {'line': b'  273 |   MotorBack \x1b[01;35m\x1b[Kdecode\x1b[m\x1b[K() override { return MotorBack(); };\n'}
[0.472173] (CommunicationCenter) StderrLine: {'line': b'      |             \x1b[01;35m\x1b[K^~~~~~\x1b[m\x1b[K\n'}
[0.472196] (CommunicationCenter) StderrLine: {'line': b'\x1b[01m\x1b[K/home/albusgive/rlfw/rlfw_deploy/src/CommunicationCenter/motor_driver/DMMotor.h:50:13:\x1b[m\x1b[K \x1b[01;36m\x1b[Knote: \x1b[m\x1b[K  by \xe2\x80\x98\x1b[01m\x1b[Kvirtual MotorBack DMMotor::\x1b[01;32m\x1b[Kdecode\x1b[m\x1b[K(CANMSG)\x1b[m\x1b[K\xe2\x80\x99\n'}
[0.472220] (CommunicationCenter) StderrLine: {'line': b'   50 |   MotorBack \x1b[01;36m\x1b[Kdecode\x1b[m\x1b[K(CANMSG msg) override;\n'}
[0.472242] (CommunicationCenter) StderrLine: {'line': b'      |             \x1b[01;36m\x1b[K^~~~~~\x1b[m\x1b[K\n'}
[0.472265] (CommunicationCenter) StderrLine: {'line': b'\x1b[01m\x1b[K/home/albusgive/rlfw/rlfw_deploy/src/CommunicationCenter/motor_driver/Motor.hpp:272:13:\x1b[m\x1b[K \x1b[01;35m\x1b[Kwarning: \x1b[m\x1b[K\xe2\x80\x98\x1b[01m\x1b[Kvirtual MotorBack CANMotor::\x1b[01;32m\x1b[Kdecode\x1b[m\x1b[K(UnitreeMsg)\x1b[m\x1b[K\xe2\x80\x99 was hidden [\x1b[01;35m\x1b[K\x1b]8;;https://gcc.gnu.org/onlinedocs/gcc/Warning-Options.html#index-Woverloaded-virtual=\x07-Woverloaded-virtual=\x1b]8;;\x07\x1b[m\x1b[K]\n'}
[0.472356] (CommunicationCenter) StderrLine: {'line': b'  272 |   MotorBack \x1b[01;35m\x1b[Kdecode\x1b[m\x1b[K(UnitreeMsg /*msg*/) override { return MotorBack(); };\n'}
[0.472379] (CommunicationCenter) StderrLine: {'line': b'      |             \x1b[01;35m\x1b[K^~~~~~\x1b[m\x1b[K\n'}
[0.472401] (CommunicationCenter) StderrLine: {'line': b'\x1b[01m\x1b[K/home/albusgive/rlfw/rlfw_deploy/src/CommunicationCenter/motor_driver/DMMotor.h:50:13:\x1b[m\x1b[K \x1b[01;36m\x1b[Knote: \x1b[m\x1b[K  by \xe2\x80\x98\x1b[01m\x1b[Kvirtual MotorBack DMMotor::\x1b[01;32m\x1b[Kdecode\x1b[m\x1b[K(CANMSG)\x1b[m\x1b[K\xe2\x80\x99\n'}
[0.472424] (CommunicationCenter) StderrLine: {'line': b'   50 |   MotorBack \x1b[01;36m\x1b[Kdecode\x1b[m\x1b[K(CANMSG msg) override;\n'}
[0.472446] (CommunicationCenter) StderrLine: {'line': b'      |             \x1b[01;36m\x1b[K^~~~~~\x1b[m\x1b[K\n'}
[0.472467] (CommunicationCenter) StderrLine: {'line': b'\x1b[01m\x1b[K/home/albusgive/rlfw/rlfw_deploy/src/CommunicationCenter/motor_driver/DMMotor.h:\x1b[m\x1b[K In member function \xe2\x80\x98\x1b[01m\x1b[Kvirtual DMCANMsg* DMMotor::\x1b[01;32m\x1b[KsetCtrlType\x1b[m\x1b[K(uint8_t)\x1b[m\x1b[K\xe2\x80\x99:\n'}
[0.472576] (CommunicationCenter) StderrLine: {'line': b'\x1b[01m\x1b[K/home/albusgive/rlfw/rlfw_deploy/src/CommunicationCenter/motor_driver/DMMotor.h:55:33:\x1b[m\x1b[K \x1b[01;35m\x1b[Kwarning: \x1b[m\x1b[Kunused parameter \xe2\x80\x98\x1b[01m\x1b[Kmotor_id\x1b[m\x1b[K\xe2\x80\x99 [\x1b[01;35m\x1b[K\x1b]8;;https://gcc.gnu.org/onlinedocs/gcc/Warning-Options.html#index-Wunused-parameter\x07-Wunused-parameter\x1b]8;;\x07\x1b[m\x1b[K]\n'}
[0.472602] (CommunicationCenter) StderrLine: {'line': b'   55 |   DMCANMsg *setCtrlType(\x1b[01;35m\x1b[Kuint8_t motor_id\x1b[m\x1b[K) override { return nullptr; };\n'}
[0.472626] (CommunicationCenter) StderrLine: {'line': b'      |                         \x1b[01;35m\x1b[K~~~~~~~~^~~~~~~~\x1b[m\x1b[K\n'}
[0.472649] (CommunicationCenter) StderrLine: {'line': b'\x1b[01m\x1b[K/home/albusgive/rlfw/rlfw_deploy/src/CommunicationCenter/motor_driver/DMMotor.h:\x1b[m\x1b[K In member function \xe2\x80\x98\x1b[01m\x1b[Kvirtual DMCANMsg* DMMotor::\x1b[01;32m\x1b[Kctrl_pos\x1b[m\x1b[K(uint8_t, float)\x1b[m\x1b[K\xe2\x80\x99:\n'}
[0.472714] (CommunicationCenter) StderrLine: {'line': b'\x1b[01m\x1b[K/home/albusgive/rlfw/rlfw_deploy/src/CommunicationCenter/motor_driver/DMMotor.h:57:30:\x1b[m\x1b[K \x1b[01;35m\x1b[Kwarning: \x1b[m\x1b[Kunused parameter \xe2\x80\x98\x1b[01m\x1b[Kmotor_id\x1b[m\x1b[K\xe2\x80\x99 [\x1b[01;35m\x1b[K\x1b]8;;https://gcc.gnu.org/onlinedocs/gcc/Warning-Options.html#index-Wunused-parameter\x07-Wunused-parameter\x1b]8;;\x07\x1b[m\x1b[K]\n'}
[0.472740] (CommunicationCenter) StderrLine: {'line': b'   57 |   DMCANMsg *ctrl_pos(\x1b[01;35m\x1b[Kuint8_t motor_id\x1b[m\x1b[K, float pos) override { return nullptr; };\n'}
[0.472763] (CommunicationCenter) StderrLine: {'line': b'      |                      \x1b[01;35m\x1b[K~~~~~~~~^~~~~~~~\x1b[m\x1b[K\n'}
[0.472785] (CommunicationCenter) StderrLine: {'line': b'\x1b[01m\x1b[K/home/albusgive/rlfw/rlfw_deploy/src/CommunicationCenter/motor_driver/DMMotor.h:57:46:\x1b[m\x1b[K \x1b[01;35m\x1b[Kwarning: \x1b[m\x1b[Kunused parameter \xe2\x80\x98\x1b[01m\x1b[Kpos\x1b[m\x1b[K\xe2\x80\x99 [\x1b[01;35m\x1b[K\x1b]8;;https://gcc.gnu.org/onlinedocs/gcc/Warning-Options.html#index-Wunused-parameter\x07-Wunused-parameter\x1b]8;;\x07\x1b[m\x1b[K]\n'}
[0.472808] (CommunicationCenter) StderrLine: {'line': b'   57 |   DMCANMsg *ctrl_pos(uint8_t motor_id, \x1b[01;35m\x1b[Kfloat pos\x1b[m\x1b[K) override { return nullptr; };\n'}
[0.472830] (CommunicationCenter) StderrLine: {'line': b'      |                                        \x1b[01;35m\x1b[K~~~~~~^~~\x1b[m\x1b[K\n'}
[0.472851] (CommunicationCenter) StderrLine: {'line': b'\x1b[01m\x1b[K/home/albusgive/rlfw/rlfw_deploy/src/CommunicationCenter/motor_driver/DMMotor.h:\x1b[m\x1b[K In member function \xe2\x80\x98\x1b[01m\x1b[Kvirtual DMCANMsg* DMMotor::\x1b[01;32m\x1b[Kctrl_vel\x1b[m\x1b[K(uint8_t, float)\x1b[m\x1b[K\xe2\x80\x99:\n'}
[0.472873] (CommunicationCenter) StderrLine: {'line': b'\x1b[01m\x1b[K/home/albusgive/rlfw/rlfw_deploy/src/CommunicationCenter/motor_driver/DMMotor.h:59:30:\x1b[m\x1b[K \x1b[01;35m\x1b[Kwarning: \x1b[m\x1b[Kunused parameter \xe2\x80\x98\x1b[01m\x1b[Kmotor_id\x1b[m\x1b[K\xe2\x80\x99 [\x1b[01;35m\x1b[K\x1b]8;;https://gcc.gnu.org/onlinedocs/gcc/Warning-Options.html#index-Wunused-parameter\x07-Wunused-parameter\x1b]8;;\x07\x1b[m\x1b[K]\n'}
[0.472905] (CommunicationCenter) StderrLine: {'line': b'   59 |   DMCANMsg *ctrl_vel(\x1b[01;35m\x1b[Kuint8_t motor_id\x1b[m\x1b[K, float vel) override { return nullptr; };\n'}
[0.472928] (CommunicationCenter) StderrLine: {'line': b'      |                      \x1b[01;35m\x1b[K~~~~~~~~^~~~~~~~\x1b[m\x1b[K\n'}
[0.472950] (CommunicationCenter) StderrLine: {'line': b'\x1b[01m\x1b[K/home/albusgive/rlfw/rlfw_deploy/src/CommunicationCenter/motor_driver/DMMotor.h:59:46:\x1b[m\x1b[K \x1b[01;35m\x1b[Kwarning: \x1b[m\x1b[Kunused parameter \xe2\x80\x98\x1b[01m\x1b[Kvel\x1b[m\x1b[K\xe2\x80\x99 [\x1b[01;35m\x1b[K\x1b]8;;https://gcc.gnu.org/onlinedocs/gcc/Warning-Options.html#index-Wunused-parameter\x07-Wunused-parameter\x1b]8;;\x07\x1b[m\x1b[K]\n'}
[0.473010] (CommunicationCenter) StderrLine: {'line': b'   59 |   DMCANMsg *ctrl_vel(uint8_t motor_id, \x1b[01;35m\x1b[Kfloat vel\x1b[m\x1b[K) override { return nullptr; };\n'}
[0.473032] (CommunicationCenter) StderrLine: {'line': b'      |                                        \x1b[01;35m\x1b[K~~~~~~^~~\x1b[m\x1b[K\n'}
[0.473054] (CommunicationCenter) StderrLine: {'line': b'In file included from \x1b[01m\x1b[K/home/albusgive/rlfw/rlfw_deploy/src/CommunicationCenter/motor_driver/DMMotor.h:3\x1b[m\x1b[K,\n'}
[0.473074] (CommunicationCenter) StderrLine: {'line': b'                 from \x1b[01m\x1b[K/home/albusgive/rlfw/rlfw_deploy/src/CommunicationCenter/include/CommunicationCenter.hpp:4\x1b[m\x1b[K,\n'}
[0.473094] (CommunicationCenter) StderrLine: {'line': b'                 from \x1b[01m\x1b[K/home/albusgive/rlfw/rlfw_deploy/src/CommunicationCenter/src/main.cpp:1\x1b[m\x1b[K:\n'}
[0.473114] (CommunicationCenter) StderrLine: {'line': b'\x1b[01m\x1b[K/home/albusgive/rlfw/rlfw_deploy/src/CommunicationCenter/motor_driver/Motor.hpp:273:13:\x1b[m\x1b[K \x1b[01;35m\x1b[Kwarning: \x1b[m\x1b[K\xe2\x80\x98\x1b[01m\x1b[Kvirtual MotorBack CANMotor::\x1b[01;32m\x1b[Kdecode\x1b[m\x1b[K()\x1b[m\x1b[K\xe2\x80\x99 was hidden [\x1b[01;35m\x1b[K\x1b]8;;https://gcc.gnu.org/onlinedocs/gcc/Warning-Options.html#index-Woverloaded-virtual=\x07-Woverloaded-virtual=\x1b]8;;\x07\x1b[m\x1b[K]\n'}
[0.473137] (CommunicationCenter) StderrLine: {'line': b'  273 |   MotorBack \x1b[01;35m\x1b[Kdecode\x1b[m\x1b[K() override { return MotorBack(); };\n'}
[0.473158] (CommunicationCenter) StderrLine: {'line': b'      |             \x1b[01;35m\x1b[K^~~~~~\x1b[m\x1b[K\n'}
[0.473177] (CommunicationCenter) StderrLine: {'line': b'\x1b[01m\x1b[K/home/albusgive/rlfw/rlfw_deploy/src/CommunicationCenter/motor_driver/DMMotor.h:\x1b[m\x1b[K In member function \xe2\x80\x98\x1b[01m\x1b[Kvirtual DMCANMsg* DMMotor::\x1b[01;32m\x1b[Kctrl_pos_vel\x1b[m\x1b[K(uint8_t, float, float)\x1b[m\x1b[K\xe2\x80\x99:\n'}
[0.473198] (CommunicationCenter) StderrLine: {'line': b'\x1b[01m\x1b[K/home/albusgive/rlfw/rlfw_deploy/src/CommunicationCenter/motor_driver/DMMotor.h:61:34:\x1b[m\x1b[K \x1b[01;35m\x1b[Kwarning: \x1b[m\x1b[Kunused parameter \xe2\x80\x98\x1b[01m\x1b[Kmotor_id\x1b[m\x1b[K\xe2\x80\x99 [\x1b[01;35m\x1b[K\x1b]8;;https://gcc.gnu.org/onlinedocs/gcc/Warning-Options.html#index-Wunused-parameter\x07-Wunused-parameter\x1b]8;;\x07\x1b[m\x1b[K]\n'}
[0.473220] (CommunicationCenter) StderrLine: {'line': b'   61 |   DMCANMsg *ctrl_pos_vel(\x1b[01;35m\x1b[Kuint8_t motor_id\x1b[m\x1b[K, float pos, float vel) override {\n'}
[0.473240] (CommunicationCenter) StderrLine: {'line': b'      |                          \x1b[01;35m\x1b[K~~~~~~~~^~~~~~~~\x1b[m\x1b[K\n'}
[0.473260] (CommunicationCenter) StderrLine: {'line': b'\x1b[01m\x1b[K/home/albusgive/rlfw/rlfw_deploy/src/CommunicationCenter/motor_driver/DMMotor.h:61:50:\x1b[m\x1b[K \x1b[01;35m\x1b[Kwarning: \x1b[m\x1b[Kunused parameter \xe2\x80\x98\x1b[01m\x1b[Kpos\x1b[m\x1b[K\xe2\x80\x99 [\x1b[01;35m\x1b[K\x1b]8;;https://gcc.gnu.org/onlinedocs/gcc/Warning-Options.html#index-Wunused-parameter\x07-Wunused-parameter\x1b]8;;\x07\x1b[m\x1b[K]\n'}
[0.473283] (CommunicationCenter) StderrLine: {'line': b'   61 |   DMCANMsg *ctrl_pos_vel(uint8_t motor_id, \x1b[01;35m\x1b[Kfloat pos\x1b[m\x1b[K, float vel) override {\n'}
[0.473303] (CommunicationCenter) StderrLine: {'line': b'      |                                            \x1b[01;35m\x1b[K~~~~~~^~~\x1b[m\x1b[K\n'}
[0.473323] (CommunicationCenter) StderrLine: {'line': b'\x1b[01m\x1b[K/home/albusgive/rlfw/rlfw_deploy/src/CommunicationCenter/motor_driver/DMMotor.h:61:61:\x1b[m\x1b[K \x1b[01;35m\x1b[Kwarning: \x1b[m\x1b[Kunused parameter \xe2\x80\x98\x1b[01m\x1b[Kvel\x1b[m\x1b[K\xe2\x80\x99 [\x1b[01;35m\x1b[K\x1b]8;;https://gcc.gnu.org/onlinedocs/gcc/Warning-Options.html#index-Wunused-parameter\x07-Wunused-parameter\x1b]8;;\x07\x1b[m\x1b[K]\n'}
[0.473344] (CommunicationCenter) StderrLine: {'line': b'   61 |   DMCANMsg *ctrl_pos_vel(uint8_t motor_id, float pos, \x1b[01;35m\x1b[Kfloat vel\x1b[m\x1b[K) override {\n'}
[0.473365] (CommunicationCenter) StderrLine: {'line': b'      |                                                       \x1b[01;35m\x1b[K~~~~~~^~~\x1b[m\x1b[K\n'}
[0.473384] (CommunicationCenter) StderrLine: {'line': b'\x1b[01m\x1b[K/home/albusgive/rlfw/rlfw_deploy/src/CommunicationCenter/motor_driver/DMMotor.h:\x1b[m\x1b[K In member function \xe2\x80\x98\x1b[01m\x1b[Kvirtual DMCANMsg* DMMotor::\x1b[01;32m\x1b[Kctrl_torque\x1b[m\x1b[K(uint8_t, float)\x1b[m\x1b[K\xe2\x80\x99:\n'}
[0.473404] (CommunicationCenter) StderrLine: {'line': b'\x1b[01m\x1b[K/home/albusgive/rlfw/rlfw_deploy/src/CommunicationCenter/motor_driver/DMMotor.h:65:33:\x1b[m\x1b[K \x1b[01;35m\x1b[Kwarning: \x1b[m\x1b[Kunused parameter \xe2\x80\x98\x1b[01m\x1b[Kmotor_id\x1b[m\x1b[K\xe2\x80\x99 [\x1b[01;35m\x1b[K\x1b]8;;https://gcc.gnu.org/onlinedocs/gcc/Warning-Options.html#index-Wunused-parameter\x07-Wunused-parameter\x1b]8;;\x07\x1b[m\x1b[K]\n'}
[0.473426] (CommunicationCenter) StderrLine: {'line': b'   65 |   DMCANMsg *ctrl_torque(\x1b[01;35m\x1b[Kuint8_t motor_id\x1b[m\x1b[K, float torque) override {\n'}
[0.473447] (CommunicationCenter) StderrLine: {'line': b'      |                         \x1b[01;35m\x1b[K~~~~~~~~^~~~~~~~\x1b[m\x1b[K\n'}
[0.473466] (CommunicationCenter) StderrLine: {'line': b'\x1b[01m\x1b[K/home/albusgive/rlfw/rlfw_deploy/src/CommunicationCenter/motor_driver/DMMotor.h:50:13:\x1b[m\x1b[K \x1b[01;36m\x1b[Knote: \x1b[m\x1b[K  by \xe2\x80\x98\x1b[01m\x1b[Kvirtual MotorBack DMMotor::\x1b[01;32m\x1b[Kdecode\x1b[m\x1b[K(CANMSG)\x1b[m\x1b[K\xe2\x80\x99\n'}
[0.473487] (CommunicationCenter) StderrLine: {'line': b'   50 |   MotorBack \x1b[01;36m\x1b[Kdecode\x1b[m\x1b[K(CANMSG msg) override;\n'}
[0.473506] (CommunicationCenter) StderrLine: {'line': b'      |             \x1b[01;36m\x1b[K^~~~~~\x1b[m\x1b[K\n'}
[0.473525] (CommunicationCenter) StderrLine: {'line': b'\x1b[01m\x1b[K/home/albusgive/rlfw/rlfw_deploy/src/CommunicationCenter/motor_driver/DMMotor.h:65:49:\x1b[m\x1b[K \x1b[01;35m\x1b[Kwarning: \x1b[m\x1b[Kunused parameter \xe2\x80\x98\x1b[01m\x1b[Ktorque\x1b[m\x1b[K\xe2\x80\x99 [\x1b[01;35m\x1b[K\x1b]8;;https://gcc.gnu.org/onlinedocs/gcc/Warning-Options.html#index-Wunused-parameter\x07-Wunused-parameter\x1b]8;;\x07\x1b[m\x1b[K]\n'}
[0.473545] (CommunicationCenter) StderrLine: {'line': b'   65 |   DMCANMsg *ctrl_torque(uint8_t motor_id, \x1b[01;35m\x1b[Kfloat torque\x1b[m\x1b[K) override {\n'}
[0.473565] (CommunicationCenter) StderrLine: {'line': b'      |                                           \x1b[01;35m\x1b[K~~~~~~^~~~~~\x1b[m\x1b[K\n'}
[0.473584] (CommunicationCenter) StderrLine: {'line': b'\x1b[01m\x1b[K/home/albusgive/rlfw/rlfw_deploy/src/CommunicationCenter/motor_driver/Motor.hpp:272:13:\x1b[m\x1b[K \x1b[01;35m\x1b[Kwarning: \x1b[m\x1b[K\xe2\x80\x98\x1b[01m\x1b[Kvirtual MotorBack CANMotor::\x1b[01;32m\x1b[Kdecode\x1b[m\x1b[K(UnitreeMsg)\x1b[m\x1b[K\xe2\x80\x99 was hidden [\x1b[01;35m\x1b[K\x1b]8;;https://gcc.gnu.org/onlinedocs/gcc/Warning-Options.html#index-Woverloaded-virtual=\x07-Woverloaded-virtual=\x1b]8;;\x07\x1b[m\x1b[K]\n'}
[0.473605] (CommunicationCenter) StderrLine: {'line': b'  272 |   MotorBack \x1b[01;35m\x1b[Kdecode\x1b[m\x1b[K(UnitreeMsg /*msg*/) override { return MotorBack(); };\n'}
[0.473625] (CommunicationCenter) StderrLine: {'line': b'      |             \x1b[01;35m\x1b[K^~~~~~\x1b[m\x1b[K\n'}
[0.473644] (CommunicationCenter) StderrLine: {'line': b'\x1b[01m\x1b[K/home/albusgive/rlfw/rlfw_deploy/src/CommunicationCenter/motor_driver/DMMotor.h:50:13:\x1b[m\x1b[K \x1b[01;36m\x1b[Knote: \x1b[m\x1b[K  by \xe2\x80\x98\x1b[01m\x1b[Kvirtual MotorBack DMMotor::\x1b[01;32m\x1b[Kdecode\x1b[m\x1b[K(CANMSG)\x1b[m\x1b[K\xe2\x80\x99\n'}
[0.473665] (CommunicationCenter) StderrLine: {'line': b'   50 |   MotorBack \x1b[01;36m\x1b[Kdecode\x1b[m\x1b[K(CANMSG msg) override;\n'}
[0.473685] (CommunicationCenter) StderrLine: {'line': b'      |             \x1b[01;36m\x1b[K^~~~~~\x1b[m\x1b[K\n'}
[0.473706] (CommunicationCenter) StderrLine: {'line': b'\x1b[01m\x1b[K/home/albusgive/rlfw/rlfw_deploy/src/CommunicationCenter/motor_driver/DMMotor.h:\x1b[m\x1b[K In member function \xe2\x80\x98\x1b[01m\x1b[Kvirtual DMCANMsg* DMMotor::\x1b[01;32m\x1b[KsetPosKP\x1b[m\x1b[K(uint8_t, float)\x1b[m\x1b[K\xe2\x80\x99:\n'}
[0.473726] (CommunicationCenter) StderrLine: {'line': b'\x1b[01m\x1b[K/home/albusgive/rlfw/rlfw_deploy/src/CommunicationCenter/motor_driver/DMMotor.h:70:30:\x1b[m\x1b[K \x1b[01;35m\x1b[Kwarning: \x1b[m\x1b[Kunused parameter \xe2\x80\x98\x1b[01m\x1b[Kmotor_id\x1b[m\x1b[K\xe2\x80\x99 [\x1b[01;35m\x1b[K\x1b]8;;https://gcc.gnu.org/onlinedocs/gcc/Warning-Options.html#index-Wunused-parameter\x07-Wunused-parameter\x1b]8;;\x07\x1b[m\x1b[K]\n'}
[0.473746] (CommunicationCenter) StderrLine: {'line': b'   70 |   DMCANMsg *setPosKP(\x1b[01;35m\x1b[Kuint8_t motor_id\x1b[m\x1b[K, float kp) override { return nullptr; };\n'}
[0.473766] (CommunicationCenter) StderrLine: {'line': b'      |                      \x1b[01;35m\x1b[K~~~~~~~~^~~~~~~~\x1b[m\x1b[K\n'}
[0.473786] (CommunicationCenter) StderrLine: {'line': b'\x1b[01m\x1b[K/home/albusgive/rlfw/rlfw_deploy/src/CommunicationCenter/motor_driver/DMMotor.h:70:46:\x1b[m\x1b[K \x1b[01;35m\x1b[Kwarning: \x1b[m\x1b[Kunused parameter \xe2\x80\x98\x1b[01m\x1b[Kkp\x1b[m\x1b[K\xe2\x80\x99 [\x1b[01;35m\x1b[K\x1b]8;;https://gcc.gnu.org/onlinedocs/gcc/Warning-Options.html#index-Wunused-parameter\x07-Wunused-parameter\x1b]8;;\x07\x1b[m\x1b[K]\n'}
[0.473807] (CommunicationCenter) StderrLine: {'line': b'   70 |   DMCANMsg *setPosKP(uint8_t motor_id, \x1b[01;35m\x1b[Kfloat kp\x1b[m\x1b[K) override { return nullptr; };\n'}
[0.473827] (CommunicationCenter) StderrLine: {'line': b'      |                                        \x1b[01;35m\x1b[K~~~~~~^~\x1b[m\x1b[K\n'}
[0.473847] (CommunicationCenter) StderrLine: {'line': b'\x1b[01m\x1b[K/home/albusgive/rlfw/rlfw_deploy/src/CommunicationCenter/motor_driver/DMMotor.h:\x1b[m\x1b[K In member function \xe2\x80\x98\x1b[01m\x1b[Kvirtual DMCANMsg* DMMotor::\x1b[01;32m\x1b[KsetPosKD\x1b[m\x1b[K(uint8_t, float)\x1b[m\x1b[K\xe2\x80\x99:\n'}
[0.473867] (CommunicationCenter) StderrLine: {'line': b'\x1b[01m\x1b[K/home/albusgive/rlfw/rlfw_deploy/src/CommunicationCenter/motor_driver/DMMotor.h:71:30:\x1b[m\x1b[K \x1b[01;35m\x1b[Kwarning: \x1b[m\x1b[Kunused parameter \xe2\x80\x98\x1b[01m\x1b[Kmotor_id\x1b[m\x1b[K\xe2\x80\x99 [\x1b[01;35m\x1b[K\x1b]8;;https://gcc.gnu.org/onlinedocs/gcc/Warning-Options.html#index-Wunused-parameter\x07-Wunused-parameter\x1b]8;;\x07\x1b[m\x1b[K]\n'}
[0.473896] (CommunicationCenter) StderrLine: {'line': b'   71 |   DMCANMsg *setPosKD(\x1b[01;35m\x1b[Kuint8_t motor_id\x1b[m\x1b[K, float kd) override { return nullptr; };\n'}
[0.473919] (CommunicationCenter) StderrLine: {'line': b'      |                      \x1b[01;35m\x1b[K~~~~~~~~^~~~~~~~\x1b[m\x1b[K\n'}
[0.473939] (CommunicationCenter) StderrLine: {'line': b'\x1b[01m\x1b[K/home/albusgive/rlfw/rlfw_deploy/src/CommunicationCenter/motor_driver/DMMotor.h:\x1b[m\x1b[K In member function \xe2\x80\x98\x1b[01m\x1b[Kvirtual DMCANMsg* DMMotor::\x1b[01;32m\x1b[KsetCtrlType\x1b[m\x1b[K(uint8_t)\x1b[m\x1b[K\xe2\x80\x99:\n'}
[0.473958] (CommunicationCenter) StderrLine: {'line': b'\x1b[01m\x1b[K/home/albusgive/rlfw/rlfw_deploy/src/CommunicationCenter/motor_driver/DMMotor.h:55:33:\x1b[m\x1b[K \x1b[01;35m\x1b[Kwarning: \x1b[m\x1b[Kunused parameter \xe2\x80\x98\x1b[01m\x1b[Kmotor_id\x1b[m\x1b[K\xe2\x80\x99 [\x1b[01;35m\x1b[K\x1b]8;;https://gcc.gnu.org/onlinedocs/gcc/Warning-Options.html#index-Wunused-parameter\x07-Wunused-parameter\x1b]8;;\x07\x1b[m\x1b[K]\n'}
[0.473978] (CommunicationCenter) StderrLine: {'line': b'   55 |   DMCANMsg *setCtrlType(\x1b[01;35m\x1b[Kuint8_t motor_id\x1b[m\x1b[K) override { return nullptr; };\n'}
[0.473998] (CommunicationCenter) StderrLine: {'line': b'      |                         \x1b[01;35m\x1b[K~~~~~~~~^~~~~~~~\x1b[m\x1b[K\n'}
[0.474017] (CommunicationCenter) StderrLine: {'line': b'\x1b[01m\x1b[K/home/albusgive/rlfw/rlfw_deploy/src/CommunicationCenter/motor_driver/DMMotor.h:71:46:\x1b[m\x1b[K \x1b[01;35m\x1b[Kwarning: \x1b[m\x1b[Kunused parameter \xe2\x80\x98\x1b[01m\x1b[Kkd\x1b[m\x1b[K\xe2\x80\x99 [\x1b[01;35m\x1b[K\x1b]8;;https://gcc.gnu.org/onlinedocs/gcc/Warning-Options.html#index-Wunused-parameter\x07-Wunused-parameter\x1b]8;;\x07\x1b[m\x1b[K]\n'}
[0.474038] (CommunicationCenter) StderrLine: {'line': b'   71 |   DMCANMsg *setPosKD(uint8_t motor_id, \x1b[01;35m\x1b[Kfloat kd\x1b[m\x1b[K) override { return nullptr; };\n'}
[0.474057] (CommunicationCenter) StderrLine: {'line': b'      |                                        \x1b[01;35m\x1b[K~~~~~~^~\x1b[m\x1b[K\n'}
[0.474076] (CommunicationCenter) StderrLine: {'line': b'\x1b[01m\x1b[K/home/albusgive/rlfw/rlfw_deploy/src/CommunicationCenter/motor_driver/DMMotor.h:\x1b[m\x1b[K In member function \xe2\x80\x98\x1b[01m\x1b[Kvirtual DMCANMsg* DMMotor::\x1b[01;32m\x1b[Kctrl_pos\x1b[m\x1b[K(uint8_t, float)\x1b[m\x1b[K\xe2\x80\x99:\n'}
[0.474095] (CommunicationCenter) StderrLine: {'line': b'\x1b[01m\x1b[K/home/albusgive/rlfw/rlfw_deploy/src/CommunicationCenter/motor_driver/DMMotor.h:57:30:\x1b[m\x1b[K \x1b[01;35m\x1b[Kwarning: \x1b[m\x1b[Kunused parameter \xe2\x80\x98\x1b[01m\x1b[Kmotor_id\x1b[m\x1b[K\xe2\x80\x99 [\x1b[01;35m\x1b[K\x1b]8;;https://gcc.gnu.org/onlinedocs/gcc/Warning-Options.html#index-Wunused-parameter\x07-Wunused-parameter\x1b]8;;\x07\x1b[m\x1b[K]\n'}
[0.474115] (CommunicationCenter) StderrLine: {'line': b'   57 |   DMCANMsg *ctrl_pos(\x1b[01;35m\x1b[Kuint8_t motor_id\x1b[m\x1b[K, float pos) override { return nullptr; };\n'}
[0.474134] (CommunicationCenter) StderrLine: {'line': b'      |                      \x1b[01;35m\x1b[K~~~~~~~~^~~~~~~~\x1b[m\x1b[K\n'}
[0.474154] (CommunicationCenter) StderrLine: {'line': b'\x1b[01m\x1b[K/home/albusgive/rlfw/rlfw_deploy/src/CommunicationCenter/motor_driver/DMMotor.h:\x1b[m\x1b[K In member function \xe2\x80\x98\x1b[01m\x1b[Kvirtual DMCANMsg* DMMotor::\x1b[01;32m\x1b[KsetVelKP\x1b[m\x1b[K(uint8_t, float)\x1b[m\x1b[K\xe2\x80\x99:\n'}
[0.474173] (CommunicationCenter) StderrLine: {'line': b'\x1b[01m\x1b[K/home/albusgive/rlfw/rlfw_deploy/src/CommunicationCenter/motor_driver/DMMotor.h:73:30:\x1b[m\x1b[K \x1b[01;35m\x1b[Kwarning: \x1b[m\x1b[Kunused parameter \xe2\x80\x98\x1b[01m\x1b[Kmotor_id\x1b[m\x1b[K\xe2\x80\x99 [\x1b[01;35m\x1b[K\x1b]8;;https://gcc.gnu.org/onlinedocs/gcc/Warning-Options.html#index-Wunused-parameter\x07-Wunused-parameter\x1b]8;;\x07\x1b[m\x1b[K]\n'}
[0.474194] (CommunicationCenter) StderrLine: {'line': b'   73 |   DMCANMsg *setVelKP(\x1b[01;35m\x1b[Kuint8_t motor_id\x1b[m\x1b[K, float kp) override { return nullptr; };\n'}
[0.474213] (CommunicationCenter) StderrLine: {'line': b'      |                      \x1b[01;35m\x1b[K~~~~~~~~^~~~~~~~\x1b[m\x1b[K\n'}
[0.474233] (CommunicationCenter) StderrLine: {'line': b'\x1b[01m\x1b[K/home/albusgive/rlfw/rlfw_deploy/src/CommunicationCenter/motor_driver/DMMotor.h:57:46:\x1b[m\x1b[K \x1b[01;35m\x1b[Kwarning: \x1b[m\x1b[Kunused parameter \xe2\x80\x98\x1b[01m\x1b[Kpos\x1b[m\x1b[K\xe2\x80\x99 [\x1b[01;35m\x1b[K\x1b]8;;https://gcc.gnu.org/onlinedocs/gcc/Warning-Options.html#index-Wunused-parameter\x07-Wunused-parameter\x1b]8;;\x07\x1b[m\x1b[K]\n'}
[0.474254] (CommunicationCenter) StderrLine: {'line': b'   57 |   DMCANMsg *ctrl_pos(uint8_t motor_id, \x1b[01;35m\x1b[Kfloat pos\x1b[m\x1b[K) override { return nullptr; };\n'}
[0.474274] (CommunicationCenter) StderrLine: {'line': b'      |                                        \x1b[01;35m\x1b[K~~~~~~^~~\x1b[m\x1b[K\n'}
[0.474296] (CommunicationCenter) StderrLine: {'line': b'\x1b[01m\x1b[K/home/albusgive/rlfw/rlfw_deploy/src/CommunicationCenter/motor_driver/DMMotor.h:73:46:\x1b[m\x1b[K \x1b[01;35m\x1b[Kwarning: \x1b[m\x1b[Kunused parameter \xe2\x80\x98\x1b[01m\x1b[Kkp\x1b[m\x1b[K\xe2\x80\x99 [\x1b[01;35m\x1b[K\x1b]8;;https://gcc.gnu.org/onlinedocs/gcc/Warning-Options.html#index-Wunused-parameter\x07-Wunused-parameter\x1b]8;;\x07\x1b[m\x1b[K]\n'}
[0.474317] (CommunicationCenter) StderrLine: {'line': b'   73 |   DMCANMsg *setVelKP(uint8_t motor_id, \x1b[01;35m\x1b[Kfloat kp\x1b[m\x1b[K) override { return nullptr; };\n'}
[0.474338] (CommunicationCenter) StderrLine: {'line': b'      |                                        \x1b[01;35m\x1b[K~~~~~~^~\x1b[m\x1b[K\n'}
[0.474357] (CommunicationCenter) StderrLine: {'line': b'\x1b[01m\x1b[K/home/albusgive/rlfw/rlfw_deploy/src/CommunicationCenter/motor_driver/DMMotor.h:\x1b[m\x1b[K In member function \xe2\x80\x98\x1b[01m\x1b[Kvirtual DMCANMsg* DMMotor::\x1b[01;32m\x1b[Kctrl_vel\x1b[m\x1b[K(uint8_t, float)\x1b[m\x1b[K\xe2\x80\x99:\n'}
[0.474379] (CommunicationCenter) StderrLine: {'line': b'\x1b[01m\x1b[K/home/albusgive/rlfw/rlfw_deploy/src/CommunicationCenter/motor_driver/DMMotor.h:59:30:\x1b[m\x1b[K \x1b[01;35m\x1b[Kwarning: \x1b[m\x1b[Kunused parameter \xe2\x80\x98\x1b[01m\x1b[Kmotor_id\x1b[m\x1b[K\xe2\x80\x99 [\x1b[01;35m\x1b[K\x1b]8;;https://gcc.gnu.org/onlinedocs/gcc/Warning-Options.html#index-Wunused-parameter\x07-Wunused-parameter\x1b]8;;\x07\x1b[m\x1b[K]\n'}
[0.474401] (CommunicationCenter) StderrLine: {'line': b'   59 |   DMCANMsg *ctrl_vel(\x1b[01;35m\x1b[Kuint8_t motor_id\x1b[m\x1b[K, float vel) override { return nullptr; };\n'}
[0.474422] (CommunicationCenter) StderrLine: {'line': b'      |                      \x1b[01;35m\x1b[K~~~~~~~~^~~~~~~~\x1b[m\x1b[K\n'}
[0.474443] (CommunicationCenter) StderrLine: {'line': b'\x1b[01m\x1b[K/home/albusgive/rlfw/rlfw_deploy/src/CommunicationCenter/motor_driver/DMMotor.h:\x1b[m\x1b[K In member function \xe2\x80\x98\x1b[01m\x1b[Kvirtual DMCANMsg* DMMotor::\x1b[01;32m\x1b[KsetVelKI\x1b[m\x1b[K(uint8_t, float)\x1b[m\x1b[K\xe2\x80\x99:\n'}
[0.474464] (CommunicationCenter) StderrLine: {'line': b'\x1b[01m\x1b[K/home/albusgive/rlfw/rlfw_deploy/src/CommunicationCenter/motor_driver/DMMotor.h:74:30:\x1b[m\x1b[K \x1b[01;35m\x1b[Kwarning: \x1b[m\x1b[Kunused parameter \xe2\x80\x98\x1b[01m\x1b[Kmotor_id\x1b[m\x1b[K\xe2\x80\x99 [\x1b[01;35m\x1b[K\x1b]8;;https://gcc.gnu.org/onlinedocs/gcc/Warning-Options.html#index-Wunused-parameter\x07-Wunused-parameter\x1b]8;;\x07\x1b[m\x1b[K]\n'}
[0.474486] (CommunicationCenter) StderrLine: {'line': b'   74 |   DMCANMsg *setVelKI(\x1b[01;35m\x1b[Kuint8_t motor_id\x1b[m\x1b[K, float ki) override { return nullptr; };\n'}
[0.474508] (CommunicationCenter) StderrLine: {'line': b'      |                      \x1b[01;35m\x1b[K~~~~~~~~^~~~~~~~\x1b[m\x1b[K\n'}
[0.474529] (CommunicationCenter) StderrLine: {'line': b'\x1b[01m\x1b[K/home/albusgive/rlfw/rlfw_deploy/src/CommunicationCenter/motor_driver/DMMotor.h:59:46:\x1b[m\x1b[K \x1b[01;35m\x1b[Kwarning: \x1b[m\x1b[Kunused parameter \xe2\x80\x98\x1b[01m\x1b[Kvel\x1b[m\x1b[K\xe2\x80\x99 [\x1b[01;35m\x1b[K\x1b]8;;https://gcc.gnu.org/onlinedocs/gcc/Warning-Options.html#index-Wunused-parameter\x07-Wunused-parameter\x1b]8;;\x07\x1b[m\x1b[K]\n'}
[0.474551] (CommunicationCenter) StderrLine: {'line': b'   59 |   DMCANMsg *ctrl_vel(uint8_t motor_id, \x1b[01;35m\x1b[Kfloat vel\x1b[m\x1b[K) override { return nullptr; };\n'}
[0.474574] (CommunicationCenter) StderrLine: {'line': b'      |                                        \x1b[01;35m\x1b[K~~~~~~^~~\x1b[m\x1b[K\n'}
[0.474597] (CommunicationCenter) StderrLine: {'line': b'\x1b[01m\x1b[K/home/albusgive/rlfw/rlfw_deploy/src/CommunicationCenter/motor_driver/DMMotor.h:74:46:\x1b[m\x1b[K \x1b[01;35m\x1b[Kwarning: \x1b[m\x1b[Kunused parameter \xe2\x80\x98\x1b[01m\x1b[Kki\x1b[m\x1b[K\xe2\x80\x99 [\x1b[01;35m\x1b[K\x1b]8;;https://gcc.gnu.org/onlinedocs/gcc/Warning-Options.html#index-Wunused-parameter\x07-Wunused-parameter\x1b]8;;\x07\x1b[m\x1b[K]\n'}
[0.474623] (CommunicationCenter) StderrLine: {'line': b'   74 |   DMCANMsg *setVelKI(uint8_t motor_id, \x1b[01;35m\x1b[Kfloat ki\x1b[m\x1b[K) override { return nullptr; };\n'}
[0.474647] (CommunicationCenter) StderrLine: {'line': b'      |                                        \x1b[01;35m\x1b[K~~~~~~^~\x1b[m\x1b[K\n'}
[0.474670] (CommunicationCenter) StderrLine: {'line': b'\x1b[01m\x1b[K/home/albusgive/rlfw/rlfw_deploy/src/CommunicationCenter/motor_driver/DMMotor.h:\x1b[m\x1b[K In member function \xe2\x80\x98\x1b[01m\x1b[Kvirtual DMCANMsg* DMMotor::\x1b[01;32m\x1b[KsetTorqueKP\x1b[m\x1b[K(uint8_t, float)\x1b[m\x1b[K\xe2\x80\x99:\n'}
[0.474706] (CommunicationCenter) StderrLine: {'line': b'\x1b[01m\x1b[K/home/albusgive/rlfw/rlfw_deploy/src/CommunicationCenter/motor_driver/DMMotor.h:76:33:\x1b[m\x1b[K \x1b[01;35m\x1b[Kwarning: \x1b[m\x1b[Kunused parameter \xe2\x80\x98\x1b[01m\x1b[Kmotor_id\x1b[m\x1b[K\xe2\x80\x99 [\x1b[01;35m\x1b[K\x1b]8;;https://gcc.gnu.org/onlinedocs/gcc/Warning-Options.html#index-Wunused-parameter\x07-Wunused-parameter\x1b]8;;\x07\x1b[m\x1b[K]\n'}
[0.474782] (CommunicationCenter) StderrLine: {'line': b'   76 |   DMCANMsg *setTorqueKP(\x1b[01;35m\x1b[Kuint8_t motor_id\x1b[m\x1b[K, float kp) override {\n'}
[0.474805] (CommunicationCenter) StderrLine: {'line': b'      |                         \x1b[01;35m\x1b[K~~~~~~~~^~~~~~~~\x1b[m\x1b[K\n'}
[0.474828] (CommunicationCenter) StderrLine: {'line': b'\x1b[01m\x1b[K/home/albusgive/rlfw/rlfw_deploy/src/CommunicationCenter/motor_driver/DMMotor.h:\x1b[m\x1b[K In member function \xe2\x80\x98\x1b[01m\x1b[Kvirtual DMCANMsg* DMMotor::\x1b[01;32m\x1b[Kctrl_pos_vel\x1b[m\x1b[K(uint8_t, float, float)\x1b[m\x1b[K\xe2\x80\x99:\n'}
[0.474850] (CommunicationCenter) StderrLine: {'line': b'\x1b[01m\x1b[K/home/albusgive/rlfw/rlfw_deploy/src/CommunicationCenter/motor_driver/DMMotor.h:61:34:\x1b[m\x1b[K \x1b[01;35m\x1b[Kwarning: \x1b[m\x1b[Kunused parameter \xe2\x80\x98\x1b[01m\x1b[Kmotor_id\x1b[m\x1b[K\xe2\x80\x99 [\x1b[01;35m\x1b[K\x1b]8;;https://gcc.gnu.org/onlinedocs/gcc/Warning-Options.html#index-Wunused-parameter\x07-Wunused-parameter\x1b]8;;\x07\x1b[m\x1b[K]\n'}
[0.474960] (CommunicationCenter) StderrLine: {'line': b'   61 |   DMCANMsg *ctrl_pos_vel(\x1b[01;35m\x1b[Kuint8_t motor_id\x1b[m\x1b[K, float pos, float vel) override {\n'}
[0.474986] (CommunicationCenter) StderrLine: {'line': b'      |                          \x1b[01;35m\x1b[K~~~~~~~~^~~~~~~~\x1b[m\x1b[K\n'}
[0.475047] (CommunicationCenter) StderrLine: {'line': b'\x1b[01m\x1b[K/home/albusgive/rlfw/rlfw_deploy/src/CommunicationCenter/motor_driver/DMMotor.h:76:49:\x1b[m\x1b[K \x1b[01;35m\x1b[Kwarning: \x1b[m\x1b[Kunused parameter \xe2\x80\x98\x1b[01m\x1b[Kkp\x1b[m\x1b[K\xe2\x80\x99 [\x1b[01;35m\x1b[K\x1b]8;;https://gcc.gnu.org/onlinedocs/gcc/Warning-Options.html#index-Wunused-parameter\x07-Wunused-parameter\x1b]8;;\x07\x1b[m\x1b[K]\n'}
[0.475072] (CommunicationCenter) StderrLine: {'line': b'   76 |   DMCANMsg *setTorqueKP(uint8_t motor_id, \x1b[01;35m\x1b[Kfloat kp\x1b[m\x1b[K) override {\n'}
[0.475094] (CommunicationCenter) StderrLine: {'line': b'      |                                           \x1b[01;35m\x1b[K~~~~~~^~\x1b[m\x1b[K\n'}
[0.475115] (CommunicationCenter) StderrLine: {'line': b'\x1b[01m\x1b[K/home/albusgive/rlfw/rlfw_deploy/src/CommunicationCenter/motor_driver/DMMotor.h:61:50:\x1b[m\x1b[K \x1b[01;35m\x1b[Kwarning: \x1b[m\x1b[Kunused parameter \xe2\x80\x98\x1b[01m\x1b[Kpos\x1b[m\x1b[K\xe2\x80\x99 [\x1b[01;35m\x1b[K\x1b]8;;https://gcc.gnu.org/onlinedocs/gcc/Warning-Options.html#index-Wunused-parameter\x07-Wunused-parameter\x1b]8;;\x07\x1b[m\x1b[K]\n'}
[0.475138] (CommunicationCenter) StderrLine: {'line': b'   61 |   DMCANMsg *ctrl_pos_vel(uint8_t motor_id, \x1b[01;35m\x1b[Kfloat pos\x1b[m\x1b[K, float vel) override {\n'}
[0.475160] (CommunicationCenter) StderrLine: {'line': b'      |                                            \x1b[01;35m\x1b[K~~~~~~^~~\x1b[m\x1b[K\n'}
[0.475181] (CommunicationCenter) StderrLine: {'line': b'\x1b[01m\x1b[K/home/albusgive/rlfw/rlfw_deploy/src/CommunicationCenter/motor_driver/DMMotor.h:61:61:\x1b[m\x1b[K \x1b[01;35m\x1b[Kwarning: \x1b[m\x1b[Kunused parameter \xe2\x80\x98\x1b[01m\x1b[Kvel\x1b[m\x1b[K\xe2\x80\x99 [\x1b[01;35m\x1b[K\x1b]8;;https://gcc.gnu.org/onlinedocs/gcc/Warning-Options.html#index-Wunused-parameter\x07-Wunused-parameter\x1b]8;;\x07\x1b[m\x1b[K]\n'}
[0.475203] (CommunicationCenter) StderrLine: {'line': b'   61 |   DMCANMsg *ctrl_pos_vel(uint8_t motor_id, float pos, \x1b[01;35m\x1b[Kfloat vel\x1b[m\x1b[K) override {\n'}
[0.475224] (CommunicationCenter) StderrLine: {'line': b'      |                                                       \x1b[01;35m\x1b[K~~~~~~^~~\x1b[m\x1b[K\n'}
[0.475286] (CommunicationCenter) StderrLine: {'line': b'\x1b[01m\x1b[K/home/albusgive/rlfw/rlfw_deploy/src/CommunicationCenter/motor_driver/DMMotor.h:\x1b[m\x1b[K In member function \xe2\x80\x98\x1b[01m\x1b[Kvirtual DMCANMsg* DMMotor::\x1b[01;32m\x1b[KsetTorqueKI\x1b[m\x1b[K(uint8_t, float)\x1b[m\x1b[K\xe2\x80\x99:\n'}
[0.475309] (CommunicationCenter) StderrLine: {'line': b'\x1b[01m\x1b[K/home/albusgive/rlfw/rlfw_deploy/src/CommunicationCenter/motor_driver/DMMotor.h:79:33:\x1b[m\x1b[K \x1b[01;35m\x1b[Kwarning: \x1b[m\x1b[Kunused parameter \xe2\x80\x98\x1b[01m\x1b[Kmotor_id\x1b[m\x1b[K\xe2\x80\x99 [\x1b[01;35m\x1b[K\x1b]8;;https://gcc.gnu.org/onlinedocs/gcc/Warning-Options.html#index-Wunused-parameter\x07-Wunused-parameter\x1b]8;;\x07\x1b[m\x1b[K]\n'}
[0.475332] (CommunicationCenter) StderrLine: {'line': b'   79 |   DMCANMsg *setTorqueKI(\x1b[01;35m\x1b[Kuint8_t motor_id\x1b[m\x1b[K, float ki) override {\n'}
[0.475354] (CommunicationCenter) StderrLine: {'line': b'      |                         \x1b[01;35m\x1b[K~~~~~~~~^~~~~~~~\x1b[m\x1b[K\n'}
[0.475377] (CommunicationCenter) StderrLine: {'line': b'\x1b[01m\x1b[K/home/albusgive/rlfw/rlfw_deploy/src/CommunicationCenter/motor_driver/DMMotor.h:79:49:\x1b[m\x1b[K \x1b[01;35m\x1b[Kwarning: \x1b[m\x1b[Kunused parameter \xe2\x80\x98\x1b[01m\x1b[Kki\x1b[m\x1b[K\xe2\x80\x99 [\x1b[01;35m\x1b[K\x1b]8;;https://gcc.gnu.org/onlinedocs/gcc/Warning-Options.html#index-Wunused-parameter\x07-Wunused-parameter\x1b]8;;\x07\x1b[m\x1b[K]\n'}
[0.475399] (CommunicationCenter) StderrLine: {'line': b'   79 |   DMCANMsg *setTorqueKI(uint8_t motor_id, \x1b[01;35m\x1b[Kfloat ki\x1b[m\x1b[K) override {\n'}
[0.475421] (CommunicationCenter) StderrLine: {'line': b'      |                                           \x1b[01;35m\x1b[K~~~~~~^~\x1b[m\x1b[K\n'}
[0.475442] (CommunicationCenter) StderrLine: {'line': b'\x1b[01m\x1b[K/home/albusgive/rlfw/rlfw_deploy/src/CommunicationCenter/motor_driver/DMMotor.h:\x1b[m\x1b[K In member function \xe2\x80\x98\x1b[01m\x1b[Kvirtual DMCANMsg* DMMotor::\x1b[01;32m\x1b[Kctrl_torque\x1b[m\x1b[K(uint8_t, float)\x1b[m\x1b[K\xe2\x80\x99:\n'}
[0.475464] (CommunicationCenter) StderrLine: {'line': b'\x1b[01m\x1b[K/home/albusgive/rlfw/rlfw_deploy/src/CommunicationCenter/motor_driver/DMMotor.h:65:33:\x1b[m\x1b[K \x1b[01;35m\x1b[Kwarning: \x1b[m\x1b[Kunused parameter \xe2\x80\x98\x1b[01m\x1b[Kmotor_id\x1b[m\x1b[K\xe2\x80\x99 [\x1b[01;35m\x1b[K\x1b]8;;https://gcc.gnu.org/onlinedocs/gcc/Warning-Options.html#index-Wunused-parameter\x07-Wunused-parameter\x1b]8;;\x07\x1b[m\x1b[K]\n'}
[0.475487] (CommunicationCenter) StderrLine: {'line': b'   65 |   DMCANMsg *ctrl_torque(\x1b[01;35m\x1b[Kuint8_t motor_id\x1b[m\x1b[K, float torque) override {\n'}
[0.475509] (CommunicationCenter) StderrLine: {'line': b'      |                         \x1b[01;35m\x1b[K~~~~~~~~^~~~~~~~\x1b[m\x1b[K\n'}
[0.475531] (CommunicationCenter) StderrLine: {'line': b'\x1b[01m\x1b[K/home/albusgive/rlfw/rlfw_deploy/src/CommunicationCenter/motor_driver/DMMotor.h:65:49:\x1b[m\x1b[K \x1b[01;35m\x1b[Kwarning: \x1b[m\x1b[Kunused parameter \xe2\x80\x98\x1b[01m\x1b[Ktorque\x1b[m\x1b[K\xe2\x80\x99 [\x1b[01;35m\x1b[K\x1b]8;;https://gcc.gnu.org/onlinedocs/gcc/Warning-Options.html#index-Wunused-parameter\x07-Wunused-parameter\x1b]8;;\x07\x1b[m\x1b[K]\n'}
[0.475595] (CommunicationCenter) StderrLine: {'line': b'   65 |   DMCANMsg *ctrl_torque(uint8_t motor_id, \x1b[01;35m\x1b[Kfloat torque\x1b[m\x1b[K) override {\n'}
[0.475618] (CommunicationCenter) StderrLine: {'line': b'      |                                           \x1b[01;35m\x1b[K~~~~~~^~~~~~\x1b[m\x1b[K\n'}
[0.475683] (CommunicationCenter) StderrLine: {'line': b'\x1b[01m\x1b[K/home/albusgive/rlfw/rlfw_deploy/src/CommunicationCenter/motor_driver/DMMotor.h:\x1b[m\x1b[K In member function \xe2\x80\x98\x1b[01m\x1b[Kvirtual DMCANMsg* DMMotor::\x1b[01;32m\x1b[KsetSafeTorque\x1b[m\x1b[K(uint8_t, float)\x1b[m\x1b[K\xe2\x80\x99:\n'}
[0.475706] (CommunicationCenter) StderrLine: {'line': b'\x1b[01m\x1b[K/home/albusgive/rlfw/rlfw_deploy/src/CommunicationCenter/motor_driver/DMMotor.h:83:35:\x1b[m\x1b[K \x1b[01;35m\x1b[Kwarning: \x1b[m\x1b[Kunused parameter \xe2\x80\x98\x1b[01m\x1b[Kmotor_id\x1b[m\x1b[K\xe2\x80\x99 [\x1b[01;35m\x1b[K\x1b]8;;https://gcc.gnu.org/onlinedocs/gcc/Warning-Options.html#index-Wunused-parameter\x07-Wunused-parameter\x1b]8;;\x07\x1b[m\x1b[K]\n'}
[0.475790] (CommunicationCenter) StderrLine: {'line': b'   83 |   DMCANMsg *setSafeTorque(\x1b[01;35m\x1b[Kuint8_t motor_id\x1b[m\x1b[K, float torque) override {\n'}
[0.475813] (CommunicationCenter) StderrLine: {'line': b'      |                           \x1b[01;35m\x1b[K~~~~~~~~^~~~~~~~\x1b[m\x1b[K\n'}
[0.475833] (CommunicationCenter) StderrLine: {'line': b'\x1b[01m\x1b[K/home/albusgive/rlfw/rlfw_deploy/src/CommunicationCenter/motor_driver/DMMotor.h:83:51:\x1b[m\x1b[K \x1b[01;35m\x1b[Kwarning: \x1b[m\x1b[Kunused parameter \xe2\x80\x98\x1b[01m\x1b[Ktorque\x1b[m\x1b[K\xe2\x80\x99 [\x1b[01;35m\x1b[K\x1b]8;;https://gcc.gnu.org/onlinedocs/gcc/Warning-Options.html#index-Wunused-parameter\x07-Wunused-parameter\x1b]8;;\x07\x1b[m\x1b[K]\n'}
[0.475854] (CommunicationCenter) StderrLine: {'line': b'   83 |   DMCANMsg *setSafeTorque(uint8_t motor_id, \x1b[01;35m\x1b[Kfloat torque\x1b[m\x1b[K) override {\n'}
[0.475874] (CommunicationCenter) StderrLine: {'line': b'      |                                             \x1b[01;35m\x1b[K~~~~~~^~~~~~\x1b[m\x1b[K\n'}
[0.475902] (CommunicationCenter) StderrLine: {'line': b'\x1b[01m\x1b[K/home/albusgive/rlfw/rlfw_deploy/src/CommunicationCenter/motor_driver/DMMotor.h:\x1b[m\x1b[K In member function \xe2\x80\x98\x1b[01m\x1b[Kvirtual DMCANMsg* DMMotor::\x1b[01;32m\x1b[KsetPosKP\x1b[m\x1b[K(uint8_t, float)\x1b[m\x1b[K\xe2\x80\x99:\n'}
[0.475923] (CommunicationCenter) StderrLine: {'line': b'\x1b[01m\x1b[K/home/albusgive/rlfw/rlfw_deploy/src/CommunicationCenter/motor_driver/DMMotor.h:70:30:\x1b[m\x1b[K \x1b[01;35m\x1b[Kwarning: \x1b[m\x1b[Kunused parameter \xe2\x80\x98\x1b[01m\x1b[Kmotor_id\x1b[m\x1b[K\xe2\x80\x99 [\x1b[01;35m\x1b[K\x1b]8;;https://gcc.gnu.org/onlinedocs/gcc/Warning-Options.html#index-Wunused-parameter\x07-Wunused-parameter\x1b]8;;\x07\x1b[m\x1b[K]\n'}
[0.475946] (CommunicationCenter) StderrLine: {'line': b'   70 |   DMCANMsg *setPosKP(\x1b[01;35m\x1b[Kuint8_t motor_id\x1b[m\x1b[K, float kp) override { return nullptr; };\n'}
[0.475966] (CommunicationCenter) StderrLine: {'line': b'      |                      \x1b[01;35m\x1b[K~~~~~~~~^~~~~~~~\x1b[m\x1b[K\n'}
[0.475986] (CommunicationCenter) StderrLine: {'line': b'\x1b[01m\x1b[K/home/albusgive/rlfw/rlfw_deploy/src/CommunicationCenter/motor_driver/DMMotor.h:70:46:\x1b[m\x1b[K \x1b[01;35m\x1b[Kwarning: \x1b[m\x1b[Kunused parameter \xe2\x80\x98\x1b[01m\x1b[Kkp\x1b[m\x1b[K\xe2\x80\x99 [\x1b[01;35m\x1b[K\x1b]8;;https://gcc.gnu.org/onlinedocs/gcc/Warning-Options.html#index-Wunused-parameter\x07-Wunused-parameter\x1b]8;;\x07\x1b[m\x1b[K]\n'}
[0.476006] (CommunicationCenter) StderrLine: {'line': b'   70 |   DMCANMsg *setPosKP(uint8_t motor_id, \x1b[01;35m\x1b[Kfloat kp\x1b[m\x1b[K) override { return nullptr; };\n'}
[0.476026] (CommunicationCenter) StderrLine: {'line': b'      |                                        \x1b[01;35m\x1b[K~~~~~~^~\x1b[m\x1b[K\n'}
[0.476047] (CommunicationCenter) StderrLine: {'line': b'\x1b[01m\x1b[K/home/albusgive/rlfw/rlfw_deploy/src/CommunicationCenter/motor_driver/DMMotor.h:\x1b[m\x1b[K In member function \xe2\x80\x98\x1b[01m\x1b[Kvirtual DMCANMsg* DMMotor::\x1b[01;32m\x1b[KsetSafePos\x1b[m\x1b[K(uint8_t, float)\x1b[m\x1b[K\xe2\x80\x99:\n'}
[0.476068] (CommunicationCenter) StderrLine: {'line': b'\x1b[01m\x1b[K/home/albusgive/rlfw/rlfw_deploy/src/CommunicationCenter/motor_driver/DMMotor.h:86:32:\x1b[m\x1b[K \x1b[01;35m\x1b[Kwarning: \x1b[m\x1b[Kunused parameter \xe2\x80\x98\x1b[01m\x1b[Kmotor_id\x1b[m\x1b[K\xe2\x80\x99 [\x1b[01;35m\x1b[K\x1b]8;;https://gcc.gnu.org/onlinedocs/gcc/Warning-Options.html#index-Wunused-parameter\x07-Wunused-parameter\x1b]8;;\x07\x1b[m\x1b[K]\n'}
[0.476089] (CommunicationCenter) StderrLine: {'line': b'   86 |   DMCANMsg *setSafePos(\x1b[01;35m\x1b[Kuint8_t motor_id\x1b[m\x1b[K, float pos) override {\n'}
[0.476111] (CommunicationCenter) StderrLine: {'line': b'      |                        \x1b[01;35m\x1b[K~~~~~~~~^~~~~~~~\x1b[m\x1b[K\n'}
[0.476130] (CommunicationCenter) StderrLine: {'line': b'\x1b[01m\x1b[K/home/albusgive/rlfw/rlfw_deploy/src/CommunicationCenter/motor_driver/DMMotor.h:\x1b[m\x1b[K In member function \xe2\x80\x98\x1b[01m\x1b[Kvirtual DMCANMsg* DMMotor::\x1b[01;32m\x1b[KsetPosKD\x1b[m\x1b[K(uint8_t, float)\x1b[m\x1b[K\xe2\x80\x99:\n'}
[0.476150] (CommunicationCenter) StderrLine: {'line': b'\x1b[01m\x1b[K/home/albusgive/rlfw/rlfw_deploy/src/CommunicationCenter/motor_driver/DMMotor.h:71:30:\x1b[m\x1b[K \x1b[01;35m\x1b[Kwarning: \x1b[m\x1b[Kunused parameter \xe2\x80\x98\x1b[01m\x1b[Kmotor_id\x1b[m\x1b[K\xe2\x80\x99 [\x1b[01;35m\x1b[K\x1b]8;;https://gcc.gnu.org/onlinedocs/gcc/Warning-Options.html#index-Wunused-parameter\x07-Wunused-parameter\x1b]8;;\x07\x1b[m\x1b[K]\n'}
[0.476171] (CommunicationCenter) StderrLine: {'line': b'   71 |   DMCANMsg *setPosKD(\x1b[01;35m\x1b[Kuint8_t motor_id\x1b[m\x1b[K, float kd) override { return nullptr; };\n'}
[0.476191] (CommunicationCenter) StderrLine: {'line': b'      |                      \x1b[01;35m\x1b[K~~~~~~~~^~~~~~~~\x1b[m\x1b[K\n'}
[0.476210] (CommunicationCenter) StderrLine: {'line': b'\x1b[01m\x1b[K/home/albusgive/rlfw/rlfw_deploy/src/CommunicationCenter/motor_driver/DMMotor.h:86:48:\x1b[m\x1b[K \x1b[01;35m\x1b[Kwarning: \x1b[m\x1b[Kunused parameter \xe2\x80\x98\x1b[01m\x1b[Kpos\x1b[m\x1b[K\xe2\x80\x99 [\x1b[01;35m\x1b[K\x1b]8;;https://gcc.gnu.org/onlinedocs/gcc/Warning-Options.html#index-Wunused-parameter\x07-Wunused-parameter\x1b]8;;\x07\x1b[m\x1b[K]\n'}
[0.476233] (CommunicationCenter) StderrLine: {'line': b'   86 |   DMCANMsg *setSafePos(uint8_t motor_id, \x1b[01;35m\x1b[Kfloat pos\x1b[m\x1b[K) override {\n'}
[0.476252] (CommunicationCenter) StderrLine: {'line': b'      |                                          \x1b[01;35m\x1b[K~~~~~~^~~\x1b[m\x1b[K\n'}
[0.476272] (CommunicationCenter) StderrLine: {'line': b'\x1b[01m\x1b[K/home/albusgive/rlfw/rlfw_deploy/src/CommunicationCenter/motor_driver/DMMotor.h:71:46:\x1b[m\x1b[K \x1b[01;35m\x1b[Kwarning: \x1b[m\x1b[Kunused parameter \xe2\x80\x98\x1b[01m\x1b[Kkd\x1b[m\x1b[K\xe2\x80\x99 [\x1b[01;35m\x1b[K\x1b]8;;https://gcc.gnu.org/onlinedocs/gcc/Warning-Options.html#index-Wunused-parameter\x07-Wunused-parameter\x1b]8;;\x07\x1b[m\x1b[K]\n'}
[0.476292] (CommunicationCenter) StderrLine: {'line': b'   71 |   DMCANMsg *setPosKD(uint8_t motor_id, \x1b[01;35m\x1b[Kfloat kd\x1b[m\x1b[K) override { return nullptr; };\n'}
[0.476313] (CommunicationCenter) StderrLine: {'line': b'      |                                        \x1b[01;35m\x1b[K~~~~~~^~\x1b[m\x1b[K\n'}
[0.476332] (CommunicationCenter) StderrLine: {'line': b'\x1b[01m\x1b[K/home/albusgive/rlfw/rlfw_deploy/src/CommunicationCenter/motor_driver/DMMotor.h:\x1b[m\x1b[K In member function \xe2\x80\x98\x1b[01m\x1b[Kvirtual DMCANMsg* DMMotor::\x1b[01;32m\x1b[KsetVelKP\x1b[m\x1b[K(uint8_t, float)\x1b[m\x1b[K\xe2\x80\x99:\n'}
[0.476351] (CommunicationCenter) StderrLine: {'line': b'\x1b[01m\x1b[K/home/albusgive/rlfw/rlfw_deploy/src/CommunicationCenter/motor_driver/DMMotor.h:73:30:\x1b[m\x1b[K \x1b[01;35m\x1b[Kwarning: \x1b[m\x1b[Kunused parameter \xe2\x80\x98\x1b[01m\x1b[Kmotor_id\x1b[m\x1b[K\xe2\x80\x99 [\x1b[01;35m\x1b[K\x1b]8;;https://gcc.gnu.org/onlinedocs/gcc/Warning-Options.html#index-Wunused-parameter\x07-Wunused-parameter\x1b]8;;\x07\x1b[m\x1b[K]\n'}
[0.476371] (CommunicationCenter) StderrLine: {'line': b'   73 |   DMCANMsg *setVelKP(\x1b[01;35m\x1b[Kuint8_t motor_id\x1b[m\x1b[K, float kp) override { return nullptr; };\n'}
[0.476390] (CommunicationCenter) StderrLine: {'line': b'      |                      \x1b[01;35m\x1b[K~~~~~~~~^~~~~~~~\x1b[m\x1b[K\n'}
[0.476410] (CommunicationCenter) StderrLine: {'line': b'\x1b[01m\x1b[K/home/albusgive/rlfw/rlfw_deploy/src/CommunicationCenter/motor_driver/DMMotor.h:73:46:\x1b[m\x1b[K \x1b[01;35m\x1b[Kwarning: \x1b[m\x1b[Kunused parameter \xe2\x80\x98\x1b[01m\x1b[Kkp\x1b[m\x1b[K\xe2\x80\x99 [\x1b[01;35m\x1b[K\x1b]8;;https://gcc.gnu.org/onlinedocs/gcc/Warning-Options.html#index-Wunused-parameter\x07-Wunused-parameter\x1b]8;;\x07\x1b[m\x1b[K]\n'}
[0.476430] (CommunicationCenter) StderrLine: {'line': b'   73 |   DMCANMsg *setVelKP(uint8_t motor_id, \x1b[01;35m\x1b[Kfloat kp\x1b[m\x1b[K) override { return nullptr; };\n'}
[0.476450] (CommunicationCenter) StderrLine: {'line': b'      |                                        \x1b[01;35m\x1b[K~~~~~~^~\x1b[m\x1b[K\n'}
[0.476469] (CommunicationCenter) StderrLine: {'line': b'\x1b[01m\x1b[K/home/albusgive/rlfw/rlfw_deploy/src/CommunicationCenter/motor_driver/DMMotor.h:\x1b[m\x1b[K In member function \xe2\x80\x98\x1b[01m\x1b[Kvirtual DMCANMsg* DMMotor::\x1b[01;32m\x1b[KsetSafeVel\x1b[m\x1b[K(uint8_t, float)\x1b[m\x1b[K\xe2\x80\x99:\n'}
[0.476489] (CommunicationCenter) StderrLine: {'line': b'\x1b[01m\x1b[K/home/albusgive/rlfw/rlfw_deploy/src/CommunicationCenter/motor_driver/DMMotor.h:89:32:\x1b[m\x1b[K \x1b[01;35m\x1b[Kwarning: \x1b[m\x1b[Kunused parameter \xe2\x80\x98\x1b[01m\x1b[Kmotor_id\x1b[m\x1b[K\xe2\x80\x99 [\x1b[01;35m\x1b[K\x1b]8;;https://gcc.gnu.org/onlinedocs/gcc/Warning-Options.html#index-Wunused-parameter\x07-Wunused-parameter\x1b]8;;\x07\x1b[m\x1b[K]\n'}
[0.476509] (CommunicationCenter) StderrLine: {'line': b'   89 |   DMCANMsg *setSafeVel(\x1b[01;35m\x1b[Kuint8_t motor_id\x1b[m\x1b[K, float vel) override {\n'}
[0.476528] (CommunicationCenter) StderrLine: {'line': b'      |                        \x1b[01;35m\x1b[K~~~~~~~~^~~~~~~~\x1b[m\x1b[K\n'}
[0.476547] (CommunicationCenter) StderrLine: {'line': b'\x1b[01m\x1b[K/home/albusgive/rlfw/rlfw_deploy/src/CommunicationCenter/motor_driver/DMMotor.h:\x1b[m\x1b[K In member function \xe2\x80\x98\x1b[01m\x1b[Kvirtual DMCANMsg* DMMotor::\x1b[01;32m\x1b[KsetVelKI\x1b[m\x1b[K(uint8_t, float)\x1b[m\x1b[K\xe2\x80\x99:\n'}
[0.476567] (CommunicationCenter) StderrLine: {'line': b'\x1b[01m\x1b[K/home/albusgive/rlfw/rlfw_deploy/src/CommunicationCenter/motor_driver/DMMotor.h:74:30:\x1b[m\x1b[K \x1b[01;35m\x1b[Kwarning: \x1b[m\x1b[Kunused parameter \xe2\x80\x98\x1b[01m\x1b[Kmotor_id\x1b[m\x1b[K\xe2\x80\x99 [\x1b[01;35m\x1b[K\x1b]8;;https://gcc.gnu.org/onlinedocs/gcc/Warning-Options.html#index-Wunused-parameter\x07-Wunused-parameter\x1b]8;;\x07\x1b[m\x1b[K]\n'}
[0.476586] (CommunicationCenter) StderrLine: {'line': b'   74 |   DMCANMsg *setVelKI(\x1b[01;35m\x1b[Kuint8_t motor_id\x1b[m\x1b[K, float ki) override { return nullptr; };\n'}
[0.476606] (CommunicationCenter) StderrLine: {'line': b'      |                      \x1b[01;35m\x1b[K~~~~~~~~^~~~~~~~\x1b[m\x1b[K\n'}
[0.476625] (CommunicationCenter) StderrLine: {'line': b'\x1b[01m\x1b[K/home/albusgive/rlfw/rlfw_deploy/src/CommunicationCenter/motor_driver/DMMotor.h:74:46:\x1b[m\x1b[K \x1b[01;35m\x1b[Kwarning: \x1b[m\x1b[Kunused parameter \xe2\x80\x98\x1b[01m\x1b[Kki\x1b[m\x1b[K\xe2\x80\x99 [\x1b[01;35m\x1b[K\x1b]8;;https://gcc.gnu.org/onlinedocs/gcc/Warning-Options.html#index-Wunused-parameter\x07-Wunused-parameter\x1b]8;;\x07\x1b[m\x1b[K]\n'}
[0.476646] (CommunicationCenter) StderrLine: {'line': b'   74 |   DMCANMsg *setVelKI(uint8_t motor_id, \x1b[01;35m\x1b[Kfloat ki\x1b[m\x1b[K) override { return nullptr; };\n'}
[0.476666] (CommunicationCenter) StderrLine: {'line': b'      |                                        \x1b[01;35m\x1b[K~~~~~~^~\x1b[m\x1b[K\n'}
[0.476686] (CommunicationCenter) StderrLine: {'line': b'\x1b[01m\x1b[K/home/albusgive/rlfw/rlfw_deploy/src/CommunicationCenter/motor_driver/DMMotor.h:89:48:\x1b[m\x1b[K \x1b[01;35m\x1b[Kwarning: \x1b[m\x1b[Kunused parameter \xe2\x80\x98\x1b[01m\x1b[Kvel\x1b[m\x1b[K\xe2\x80\x99 [\x1b[01;35m\x1b[K\x1b]8;;https://gcc.gnu.org/onlinedocs/gcc/Warning-Options.html#index-Wunused-parameter\x07-Wunused-parameter\x1b]8;;\x07\x1b[m\x1b[K]\n'}
[0.476709] (CommunicationCenter) StderrLine: {'line': b'   89 |   DMCANMsg *setSafeVel(uint8_t motor_id, \x1b[01;35m\x1b[Kfloat vel\x1b[m\x1b[K) override {\n'}
[0.476730] (CommunicationCenter) StderrLine: {'line': b'      |                                          \x1b[01;35m\x1b[K~~~~~~^~~\x1b[m\x1b[K\n'}
[0.476749] (CommunicationCenter) StderrLine: {'line': b'\x1b[01m\x1b[K/home/albusgive/rlfw/rlfw_deploy/src/CommunicationCenter/motor_driver/DMMotor.h:\x1b[m\x1b[K In member function \xe2\x80\x98\x1b[01m\x1b[Kvirtual DMCANMsg* DMMotor::\x1b[01;32m\x1b[KsetTorqueKP\x1b[m\x1b[K(uint8_t, float)\x1b[m\x1b[K\xe2\x80\x99:\n'}
[0.476770] (CommunicationCenter) StderrLine: {'line': b'\x1b[01m\x1b[K/home/albusgive/rlfw/rlfw_deploy/src/CommunicationCenter/motor_driver/DMMotor.h:76:33:\x1b[m\x1b[K \x1b[01;35m\x1b[Kwarning: \x1b[m\x1b[Kunused parameter \xe2\x80\x98\x1b[01m\x1b[Kmotor_id\x1b[m\x1b[K\xe2\x80\x99 [\x1b[01;35m\x1b[K\x1b]8;;https://gcc.gnu.org/onlinedocs/gcc/Warning-Options.html#index-Wunused-parameter\x07-Wunused-parameter\x1b]8;;\x07\x1b[m\x1b[K]\n'}
[0.476792] (CommunicationCenter) StderrLine: {'line': b'   76 |   DMCANMsg *setTorqueKP(\x1b[01;35m\x1b[Kuint8_t motor_id\x1b[m\x1b[K, float kp) override {\n'}
[0.476814] (CommunicationCenter) StderrLine: {'line': b'      |                         \x1b[01;35m\x1b[K~~~~~~~~^~~~~~~~\x1b[m\x1b[K\n'}
[0.476834] (CommunicationCenter) StderrLine: {'line': b'\x1b[01m\x1b[K/home/albusgive/rlfw/rlfw_deploy/src/CommunicationCenter/motor_driver/DMMotor.h:76:49:\x1b[m\x1b[K \x1b[01;35m\x1b[Kwarning: \x1b[m\x1b[Kunused parameter \xe2\x80\x98\x1b[01m\x1b[Kkp\x1b[m\x1b[K\xe2\x80\x99 [\x1b[01;35m\x1b[K\x1b]8;;https://gcc.gnu.org/onlinedocs/gcc/Warning-Options.html#index-Wunused-parameter\x07-Wunused-parameter\x1b]8;;\x07\x1b[m\x1b[K]\n'}
[0.476854] (CommunicationCenter) StderrLine: {'line': b'   76 |   DMCANMsg *setTorqueKP(uint8_t motor_id, \x1b[01;35m\x1b[Kfloat kp\x1b[m\x1b[K) override {\n'}
[0.476876] (CommunicationCenter) StderrLine: {'line': b'      |                                           \x1b[01;35m\x1b[K~~~~~~^~\x1b[m\x1b[K\n'}
[0.476910] (CommunicationCenter) StderrLine: {'line': b'\x1b[01m\x1b[K/home/albusgive/rlfw/rlfw_deploy/src/CommunicationCenter/motor_driver/DMMotor.h:\x1b[m\x1b[K In member function \xe2\x80\x98\x1b[01m\x1b[Kvirtual DMCANMsg* DMMotor::\x1b[01;32m\x1b[KsetTorqueKI\x1b[m\x1b[K(uint8_t, float)\x1b[m\x1b[K\xe2\x80\x99:\n'}
[0.476932] (CommunicationCenter) StderrLine: {'line': b'\x1b[01m\x1b[K/home/albusgive/rlfw/rlfw_deploy/src/CommunicationCenter/motor_driver/DMMotor.h:79:33:\x1b[m\x1b[K \x1b[01;35m\x1b[Kwarning: \x1b[m\x1b[Kunused parameter \xe2\x80\x98\x1b[01m\x1b[Kmotor_id\x1b[m\x1b[K\xe2\x80\x99 [\x1b[01;35m\x1b[K\x1b]8;;https://gcc.gnu.org/onlinedocs/gcc/Warning-Options.html#index-Wunused-parameter\x07-Wunused-parameter\x1b]8;;\x07\x1b[m\x1b[K]\n'}
[0.476953] (CommunicationCenter) StderrLine: {'line': b'   79 |   DMCANMsg *setTorqueKI(\x1b[01;35m\x1b[Kuint8_t motor_id\x1b[m\x1b[K, float ki) override {\n'}
[0.476973] (CommunicationCenter) StderrLine: {'line': b'      |                         \x1b[01;35m\x1b[K~~~~~~~~^~~~~~~~\x1b[m\x1b[K\n'}
[0.476993] (CommunicationCenter) StderrLine: {'line': b'\x1b[01m\x1b[K/home/albusgive/rlfw/rlfw_deploy/src/CommunicationCenter/motor_driver/DMMotor.h:79:49:\x1b[m\x1b[K \x1b[01;35m\x1b[Kwarning: \x1b[m\x1b[Kunused parameter \xe2\x80\x98\x1b[01m\x1b[Kki\x1b[m\x1b[K\xe2\x80\x99 [\x1b[01;35m\x1b[K\x1b]8;;https://gcc.gnu.org/onlinedocs/gcc/Warning-Options.html#index-Wunused-parameter\x07-Wunused-parameter\x1b]8;;\x07\x1b[m\x1b[K]\n'}
[0.477016] (CommunicationCenter) StderrLine: {'line': b'   79 |   DMCANMsg *setTorqueKI(uint8_t motor_id, \x1b[01;35m\x1b[Kfloat ki\x1b[m\x1b[K) override {\n'}
[0.477037] (CommunicationCenter) StderrLine: {'line': b'      |                                           \x1b[01;35m\x1b[K~~~~~~^~\x1b[m\x1b[K\n'}
[0.477056] (CommunicationCenter) StderrLine: {'line': b'\x1b[01m\x1b[K/home/albusgive/rlfw/rlfw_deploy/src/CommunicationCenter/motor_driver/DMMotor.h:\x1b[m\x1b[K In member function \xe2\x80\x98\x1b[01m\x1b[Kvirtual DMCANMsg* DMMotor::\x1b[01;32m\x1b[KsetSafeTorque\x1b[m\x1b[K(uint8_t, float)\x1b[m\x1b[K\xe2\x80\x99:\n'}
[0.477076] (CommunicationCenter) StderrLine: {'line': b'\x1b[01m\x1b[K/home/albusgive/rlfw/rlfw_deploy/src/CommunicationCenter/motor_driver/DMMotor.h:83:35:\x1b[m\x1b[K \x1b[01;35m\x1b[Kwarning: \x1b[m\x1b[Kunused parameter \xe2\x80\x98\x1b[01m\x1b[Kmotor_id\x1b[m\x1b[K\xe2\x80\x99 [\x1b[01;35m\x1b[K\x1b]8;;https://gcc.gnu.org/onlinedocs/gcc/Warning-Options.html#index-Wunused-parameter\x07-Wunused-parameter\x1b]8;;\x07\x1b[m\x1b[K]\n'}
[0.477097] (CommunicationCenter) StderrLine: {'line': b'   83 |   DMCANMsg *setSafeTorque(\x1b[01;35m\x1b[Kuint8_t motor_id\x1b[m\x1b[K, float torque) override {\n'}
[0.477116] (CommunicationCenter) StderrLine: {'line': b'      |                           \x1b[01;35m\x1b[K~~~~~~~~^~~~~~~~\x1b[m\x1b[K\n'}
[0.477137] (CommunicationCenter) StderrLine: {'line': b'\x1b[01m\x1b[K/home/albusgive/rlfw/rlfw_deploy/src/CommunicationCenter/motor_driver/DMMotor.h:83:51:\x1b[m\x1b[K \x1b[01;35m\x1b[Kwarning: \x1b[m\x1b[Kunused parameter \xe2\x80\x98\x1b[01m\x1b[Ktorque\x1b[m\x1b[K\xe2\x80\x99 [\x1b[01;35m\x1b[K\x1b]8;;https://gcc.gnu.org/onlinedocs/gcc/Warning-Options.html#index-Wunused-parameter\x07-Wunused-parameter\x1b]8;;\x07\x1b[m\x1b[K]\n'}
[0.477156] (CommunicationCenter) StderrLine: {'line': b'   83 |   DMCANMsg *setSafeTorque(uint8_t motor_id, \x1b[01;35m\x1b[Kfloat torque\x1b[m\x1b[K) override {\n'}
[0.477175] (CommunicationCenter) StderrLine: {'line': b'      |                                             \x1b[01;35m\x1b[K~~~~~~^~~~~~\x1b[m\x1b[K\n'}
[0.477195] (CommunicationCenter) StderrLine: {'line': b'\x1b[01m\x1b[K/home/albusgive/rlfw/rlfw_deploy/src/CommunicationCenter/motor_driver/DMMotor.h:\x1b[m\x1b[K In member function \xe2\x80\x98\x1b[01m\x1b[Kvirtual DMCANMsg* DMMotor::\x1b[01;32m\x1b[KsetSafePos\x1b[m\x1b[K(uint8_t, float)\x1b[m\x1b[K\xe2\x80\x99:\n'}
[0.477216] (CommunicationCenter) StderrLine: {'line': b'\x1b[01m\x1b[K/home/albusgive/rlfw/rlfw_deploy/src/CommunicationCenter/motor_driver/DMMotor.h:86:32:\x1b[m\x1b[K \x1b[01;35m\x1b[Kwarning: \x1b[m\x1b[Kunused parameter \xe2\x80\x98\x1b[01m\x1b[Kmotor_id\x1b[m\x1b[K\xe2\x80\x99 [\x1b[01;35m\x1b[K\x1b]8;;https://gcc.gnu.org/onlinedocs/gcc/Warning-Options.html#index-Wunused-parameter\x07-Wunused-parameter\x1b]8;;\x07\x1b[m\x1b[K]\n'}
[0.477237] (CommunicationCenter) StderrLine: {'line': b'   86 |   DMCANMsg *setSafePos(\x1b[01;35m\x1b[Kuint8_t motor_id\x1b[m\x1b[K, float pos) override {\n'}
[0.477257] (CommunicationCenter) StderrLine: {'line': b'      |                        \x1b[01;35m\x1b[K~~~~~~~~^~~~~~~~\x1b[m\x1b[K\n'}
[0.477277] (CommunicationCenter) StderrLine: {'line': b'\x1b[01m\x1b[K/home/albusgive/rlfw/rlfw_deploy/src/CommunicationCenter/motor_driver/DMMotor.h:86:48:\x1b[m\x1b[K \x1b[01;35m\x1b[Kwarning: \x1b[m\x1b[Kunused parameter \xe2\x80\x98\x1b[01m\x1b[Kpos\x1b[m\x1b[K\xe2\x80\x99 [\x1b[01;35m\x1b[K\x1b]8;;https://gcc.gnu.org/onlinedocs/gcc/Warning-Options.html#index-Wunused-parameter\x07-Wunused-parameter\x1b]8;;\x07\x1b[m\x1b[K]\n'}
[0.477299] (CommunicationCenter) StderrLine: {'line': b'   86 |   DMCANMsg *setSafePos(uint8_t motor_id, \x1b[01;35m\x1b[Kfloat pos\x1b[m\x1b[K) override {\n'}
[0.477318] (CommunicationCenter) StderrLine: {'line': b'      |                                          \x1b[01;35m\x1b[K~~~~~~^~~\x1b[m\x1b[K\n'}
[0.477339] (CommunicationCenter) StderrLine: {'line': b'\x1b[01m\x1b[K/home/albusgive/rlfw/rlfw_deploy/src/CommunicationCenter/motor_driver/DMMotor.h:\x1b[m\x1b[K In member function \xe2\x80\x98\x1b[01m\x1b[Kvirtual DMCANMsg* DMMotor::\x1b[01;32m\x1b[KsetSafeVel\x1b[m\x1b[K(uint8_t, float)\x1b[m\x1b[K\xe2\x80\x99:\n'}
[0.477361] (CommunicationCenter) StderrLine: {'line': b'\x1b[01m\x1b[K/home/albusgive/rlfw/rlfw_deploy/src/CommunicationCenter/motor_driver/DMMotor.h:89:32:\x1b[m\x1b[K \x1b[01;35m\x1b[Kwarning: \x1b[m\x1b[Kunused parameter \xe2\x80\x98\x1b[01m\x1b[Kmotor_id\x1b[m\x1b[K\xe2\x80\x99 [\x1b[01;35m\x1b[K\x1b]8;;https://gcc.gnu.org/onlinedocs/gcc/Warning-Options.html#index-Wunused-parameter\x07-Wunused-parameter\x1b]8;;\x07\x1b[m\x1b[K]\n'}
[0.477381] (CommunicationCenter) StderrLine: {'line': b'   89 |   DMCANMsg *setSafeVel(\x1b[01;35m\x1b[Kuint8_t motor_id\x1b[m\x1b[K, float vel) override {\n'}
[0.477400] (CommunicationCenter) StderrLine: {'line': b'      |                        \x1b[01;35m\x1b[K~~~~~~~~^~~~~~~~\x1b[m\x1b[K\n'}
[0.477421] (CommunicationCenter) StderrLine: {'line': b'\x1b[01m\x1b[K/home/albusgive/rlfw/rlfw_deploy/src/CommunicationCenter/motor_driver/DMMotor.h:89:48:\x1b[m\x1b[K \x1b[01;35m\x1b[Kwarning: \x1b[m\x1b[Kunused parameter \xe2\x80\x98\x1b[01m\x1b[Kvel\x1b[m\x1b[K\xe2\x80\x99 [\x1b[01;35m\x1b[K\x1b]8;;https://gcc.gnu.org/onlinedocs/gcc/Warning-Options.html#index-Wunused-parameter\x07-Wunused-parameter\x1b]8;;\x07\x1b[m\x1b[K]\n'}
[0.477441] (CommunicationCenter) StderrLine: {'line': b'   89 |   DMCANMsg *setSafeVel(uint8_t motor_id, \x1b[01;35m\x1b[Kfloat vel\x1b[m\x1b[K) override {\n'}
[0.477463] (CommunicationCenter) StderrLine: {'line': b'      |                                          \x1b[01;35m\x1b[K~~~~~~^~~\x1b[m\x1b[K\n'}
[0.477482] (CommunicationCenter) StderrLine: {'line': b'\x1b[01m\x1b[K/home/albusgive/rlfw/rlfw_deploy/src/CommunicationCenter/motor_driver/Motor.hpp:\x1b[m\x1b[K At global scope:\n'}
[0.477502] (CommunicationCenter) StderrLine: {'line': b'\x1b[01m\x1b[K/home/albusgive/rlfw/rlfw_deploy/src/CommunicationCenter/motor_driver/Motor.hpp:273:13:\x1b[m\x1b[K \x1b[01;35m\x1b[Kwarning: \x1b[m\x1b[K\xe2\x80\x98\x1b[01m\x1b[Kvirtual MotorBack CANMotor::\x1b[01;32m\x1b[Kdecode\x1b[m\x1b[K()\x1b[m\x1b[K\xe2\x80\x99 was hidden [\x1b[01;35m\x1b[K\x1b]8;;https://gcc.gnu.org/onlinedocs/gcc/Warning-Options.html#index-Woverloaded-virtual=\x07-Woverloaded-virtual=\x1b]8;;\x07\x1b[m\x1b[K]\n'}
[0.477525] (CommunicationCenter) StderrLine: {'line': b'  273 |   MotorBack \x1b[01;35m\x1b[Kdecode\x1b[m\x1b[K() override { return MotorBack(); };\n'}
[0.477546] (CommunicationCenter) StderrLine: {'line': b'      |             \x1b[01;35m\x1b[K^~~~~~\x1b[m\x1b[K\n'}
[0.477567] (CommunicationCenter) StderrLine: {'line': b'\x1b[01m\x1b[K/home/albusgive/rlfw/rlfw_deploy/src/CommunicationCenter/motor_driver/Motor.hpp:\x1b[m\x1b[K At global scope:\n'}
[0.477589] (CommunicationCenter) StderrLine: {'line': b'\x1b[01m\x1b[K/home/albusgive/rlfw/rlfw_deploy/src/CommunicationCenter/motor_driver/Motor.hpp:273:13:\x1b[m\x1b[K \x1b[01;35m\x1b[Kwarning: \x1b[m\x1b[K\xe2\x80\x98\x1b[01m\x1b[Kvirtual MotorBack CANMotor::\x1b[01;32m\x1b[Kdecode\x1b[m\x1b[K()\x1b[m\x1b[K\xe2\x80\x99 was hidden [\x1b[01;35m\x1b[K\x1b]8;;https://gcc.gnu.org/onlinedocs/gcc/Warning-Options.html#index-Woverloaded-virtual=\x07-Woverloaded-virtual=\x1b]8;;\x07\x1b[m\x1b[K]\n'}
[0.477612] (CommunicationCenter) StderrLine: {'line': b'  273 |   MotorBack \x1b[01;35m\x1b[Kdecode\x1b[m\x1b[K() override { return MotorBack(); };\n'}
[0.477635] (CommunicationCenter) StderrLine: {'line': b'      |             \x1b[01;35m\x1b[K^~~~~~\x1b[m\x1b[K\n'}
[0.477655] (CommunicationCenter) StderrLine: {'line': b'In file included from \x1b[01m\x1b[K/home/albusgive/rlfw/rlfw_deploy/src/CommunicationCenter/include/CommunicationCenter.hpp:6\x1b[m\x1b[K:\n'}
[0.477675] (CommunicationCenter) StderrLine: {'line': b'\x1b[01m\x1b[K/home/albusgive/rlfw/rlfw_deploy/src/CommunicationCenter/motor_driver/STWMotor.h:69:13:\x1b[m\x1b[K \x1b[01;36m\x1b[Knote: \x1b[m\x1b[K  by \xe2\x80\x98\x1b[01m\x1b[Kvirtual MotorBack STWMotor::\x1b[01;32m\x1b[Kdecode\x1b[m\x1b[K(CANMSG)\x1b[m\x1b[K\xe2\x80\x99\n'}
[0.477696] (CommunicationCenter) StderrLine: {'line': b'   69 |   MotorBack \x1b[01;36m\x1b[Kdecode\x1b[m\x1b[K(CANMSG msg) override;\n'}
[0.477716] (CommunicationCenter) StderrLine: {'line': b'      |             \x1b[01;36m\x1b[K^~~~~~\x1b[m\x1b[K\n'}
[0.477735] (CommunicationCenter) StderrLine: {'line': b'\x1b[01m\x1b[K/home/albusgive/rlfw/rlfw_deploy/src/CommunicationCenter/motor_driver/Motor.hpp:272:13:\x1b[m\x1b[K \x1b[01;35m\x1b[Kwarning: \x1b[m\x1b[K\xe2\x80\x98\x1b[01m\x1b[Kvirtual MotorBack CANMotor::\x1b[01;32m\x1b[Kdecode\x1b[m\x1b[K(UnitreeMsg)\x1b[m\x1b[K\xe2\x80\x99 was hidden [\x1b[01;35m\x1b[K\x1b]8;;https://gcc.gnu.org/onlinedocs/gcc/Warning-Options.html#index-Woverloaded-virtual=\x07-Woverloaded-virtual=\x1b]8;;\x07\x1b[m\x1b[K]\n'}
[0.477757] (CommunicationCenter) StderrLine: {'line': b'  272 |   MotorBack \x1b[01;35m\x1b[Kdecode\x1b[m\x1b[K(UnitreeMsg /*msg*/) override { return MotorBack(); };\n'}
[0.477779] (CommunicationCenter) StderrLine: {'line': b'      |             \x1b[01;35m\x1b[K^~~~~~\x1b[m\x1b[K\n'}
[0.477799] (CommunicationCenter) StderrLine: {'line': b'\x1b[01m\x1b[K/home/albusgive/rlfw/rlfw_deploy/src/CommunicationCenter/motor_driver/STWMotor.h:69:13:\x1b[m\x1b[K \x1b[01;36m\x1b[Knote: \x1b[m\x1b[K  by \xe2\x80\x98\x1b[01m\x1b[Kvirtual MotorBack STWMotor::\x1b[01;32m\x1b[Kdecode\x1b[m\x1b[K(CANMSG)\x1b[m\x1b[K\xe2\x80\x99\n'}
[0.477819] (CommunicationCenter) StderrLine: {'line': b'   69 |   MotorBack \x1b[01;36m\x1b[Kdecode\x1b[m\x1b[K(CANMSG msg) override;\n'}
[0.477841] (CommunicationCenter) StderrLine: {'line': b'      |             \x1b[01;36m\x1b[K^~~~~~\x1b[m\x1b[K\n'}
[0.477861] (CommunicationCenter) StderrLine: {'line': b'In file included from \x1b[01m\x1b[K/home/albusgive/rlfw/rlfw_deploy/src/CommunicationCenter/include/CommunicationCenter.hpp:6\x1b[m\x1b[K:\n'}
[0.477880] (CommunicationCenter) StderrLine: {'line': b'\x1b[01m\x1b[K/home/albusgive/rlfw/rlfw_deploy/src/CommunicationCenter/motor_driver/STWMotor.h:69:13:\x1b[m\x1b[K \x1b[01;36m\x1b[Knote: \x1b[m\x1b[K  by \xe2\x80\x98\x1b[01m\x1b[Kvirtual MotorBack STWMotor::\x1b[01;32m\x1b[Kdecode\x1b[m\x1b[K(CANMSG)\x1b[m\x1b[K\xe2\x80\x99\n'}
[0.477909] (CommunicationCenter) StderrLine: {'line': b'   69 |   MotorBack \x1b[01;36m\x1b[Kdecode\x1b[m\x1b[K(CANMSG msg) override;\n'}
[0.477929] (CommunicationCenter) StderrLine: {'line': b'      |             \x1b[01;36m\x1b[K^~~~~~\x1b[m\x1b[K\n'}
[0.477948] (CommunicationCenter) StderrLine: {'line': b'\x1b[01m\x1b[K/home/albusgive/rlfw/rlfw_deploy/src/CommunicationCenter/motor_driver/Motor.hpp:272:13:\x1b[m\x1b[K \x1b[01;35m\x1b[Kwarning: \x1b[m\x1b[K\xe2\x80\x98\x1b[01m\x1b[Kvirtual MotorBack CANMotor::\x1b[01;32m\x1b[Kdecode\x1b[m\x1b[K(UnitreeMsg)\x1b[m\x1b[K\xe2\x80\x99 was hidden [\x1b[01;35m\x1b[K\x1b]8;;https://gcc.gnu.org/onlinedocs/gcc/Warning-Options.html#index-Woverloaded-virtual=\x07-Woverloaded-virtual=\x1b]8;;\x07\x1b[m\x1b[K]\n'}
[0.477971] (CommunicationCenter) StderrLine: {'line': b'  272 |   MotorBack \x1b[01;35m\x1b[Kdecode\x1b[m\x1b[K(UnitreeMsg /*msg*/) override { return MotorBack(); };\n'}
[0.477991] (CommunicationCenter) StderrLine: {'line': b'      |             \x1b[01;35m\x1b[K^~~~~~\x1b[m\x1b[K\n'}
[0.478010] (CommunicationCenter) StderrLine: {'line': b'\x1b[01m\x1b[K/home/albusgive/rlfw/rlfw_deploy/src/CommunicationCenter/motor_driver/STWMotor.h:69:13:\x1b[m\x1b[K \x1b[01;36m\x1b[Knote: \x1b[m\x1b[K  by \xe2\x80\x98\x1b[01m\x1b[Kvirtual MotorBack STWMotor::\x1b[01;32m\x1b[Kdecode\x1b[m\x1b[K(CANMSG)\x1b[m\x1b[K\xe2\x80\x99\n'}
[0.478030] (CommunicationCenter) StderrLine: {'line': b'   69 |   MotorBack \x1b[01;36m\x1b[Kdecode\x1b[m\x1b[K(CANMSG msg) override;\n'}
[0.478050] (CommunicationCenter) StderrLine: {'line': b'      |             \x1b[01;36m\x1b[K^~~~~~\x1b[m\x1b[K\n'}
[0.478069] (CommunicationCenter) StderrLine: {'line': b'\x1b[01m\x1b[K/home/albusgive/rlfw/rlfw_deploy/src/CommunicationCenter/motor_driver/STWMotor.h:\x1b[m\x1b[K In member function \xe2\x80\x98\x1b[01m\x1b[Kvirtual STWCANMsg* STWMotor::\x1b[01;32m\x1b[Kctrl_pos\x1b[m\x1b[K(uint8_t, float)\x1b[m\x1b[K\xe2\x80\x99:\n'}
[0.478089] (CommunicationCenter) StderrLine: {'line': b'\x1b[01m\x1b[K/home/albusgive/rlfw/rlfw_deploy/src/CommunicationCenter/motor_driver/STWMotor.h:76:31:\x1b[m\x1b[K \x1b[01;35m\x1b[Kwarning: \x1b[m\x1b[Kunused parameter \xe2\x80\x98\x1b[01m\x1b[Kmotor_id\x1b[m\x1b[K\xe2\x80\x99 [\x1b[01;35m\x1b[K\x1b]8;;https://gcc.gnu.org/onlinedocs/gcc/Warning-Options.html#index-Wunused-parameter\x07-Wunused-parameter\x1b]8;;\x07\x1b[m\x1b[K]\n'}
[0.478110] (CommunicationCenter) StderrLine: {'line': b'   76 |   STWCANMsg *ctrl_pos(\x1b[01;35m\x1b[Kuint8_t motor_id\x1b[m\x1b[K, float pos) override { return nullptr; };\n'}
[0.478130] (CommunicationCenter) StderrLine: {'line': b'      |                       \x1b[01;35m\x1b[K~~~~~~~~^~~~~~~~\x1b[m\x1b[K\n'}
[0.478149] (CommunicationCenter) StderrLine: {'line': b'\x1b[01m\x1b[K/home/albusgive/rlfw/rlfw_deploy/src/CommunicationCenter/motor_driver/STWMotor.h:76:47:\x1b[m\x1b[K \x1b[01;35m\x1b[Kwarning: \x1b[m\x1b[Kunused parameter \xe2\x80\x98\x1b[01m\x1b[Kpos\x1b[m\x1b[K\xe2\x80\x99 [\x1b[01;35m\x1b[K\x1b]8;;https://gcc.gnu.org/onlinedocs/gcc/Warning-Options.html#index-Wunused-parameter\x07-Wunused-parameter\x1b]8;;\x07\x1b[m\x1b[K]\n'}
[0.478172] (CommunicationCenter) StderrLine: {'line': b'   76 |   STWCANMsg *ctrl_pos(uint8_t motor_id, \x1b[01;35m\x1b[Kfloat pos\x1b[m\x1b[K) override { return nullptr; };\n'}
[0.478191] (CommunicationCenter) StderrLine: {'line': b'      |                                         \x1b[01;35m\x1b[K~~~~~~^~~\x1b[m\x1b[K\n'}
[0.478212] (CommunicationCenter) StderrLine: {'line': b'\x1b[01m\x1b[K/home/albusgive/rlfw/rlfw_deploy/src/CommunicationCenter/motor_driver/STWMotor.h:\x1b[m\x1b[K In member function \xe2\x80\x98\x1b[01m\x1b[Kvirtual STWCANMsg* STWMotor::\x1b[01;32m\x1b[Kctrl_pos\x1b[m\x1b[K(uint8_t, float)\x1b[m\x1b[K\xe2\x80\x99:\n'}
[0.478232] (CommunicationCenter) StderrLine: {'line': b'\x1b[01m\x1b[K/home/albusgive/rlfw/rlfw_deploy/src/CommunicationCenter/motor_driver/STWMotor.h:76:31:\x1b[m\x1b[K \x1b[01;35m\x1b[Kwarning: \x1b[m\x1b[Kunused parameter \xe2\x80\x98\x1b[01m\x1b[Kmotor_id\x1b[m\x1b[K\xe2\x80\x99 [\x1b[01;35m\x1b[K\x1b]8;;https://gcc.gnu.org/onlinedocs/gcc/Warning-Options.html#index-Wunused-parameter\x07-Wunused-parameter\x1b]8;;\x07\x1b[m\x1b[K]\n'}
[0.478252] (CommunicationCenter) StderrLine: {'line': b'   76 |   STWCANMsg *ctrl_pos(\x1b[01;35m\x1b[Kuint8_t motor_id\x1b[m\x1b[K, float pos) override { return nullptr; };\n'}
[0.478271] (CommunicationCenter) StderrLine: {'line': b'      |                       \x1b[01;35m\x1b[K~~~~~~~~^~~~~~~~\x1b[m\x1b[K\n'}
[0.478291] (CommunicationCenter) StderrLine: {'line': b'\x1b[01m\x1b[K/home/albusgive/rlfw/rlfw_deploy/src/CommunicationCenter/motor_driver/STWMotor.h:\x1b[m\x1b[K In member function \xe2\x80\x98\x1b[01m\x1b[Kvirtual STWCANMsg* STWMotor::\x1b[01;32m\x1b[Kctrl_vel\x1b[m\x1b[K(uint8_t, float)\x1b[m\x1b[K\xe2\x80\x99:\n'}
[0.478313] (CommunicationCenter) StderrLine: {'line': b'\x1b[01m\x1b[K/home/albusgive/rlfw/rlfw_deploy/src/CommunicationCenter/motor_driver/STWMotor.h:78:31:\x1b[m\x1b[K \x1b[01;35m\x1b[Kwarning: \x1b[m\x1b[Kunused parameter \xe2\x80\x98\x1b[01m\x1b[Kmotor_id\x1b[m\x1b[K\xe2\x80\x99 [\x1b[01;35m\x1b[K\x1b]8;;https://gcc.gnu.org/onlinedocs/gcc/Warning-Options.html#index-Wunused-parameter\x07-Wunused-parameter\x1b]8;;\x07\x1b[m\x1b[K]\n'}
[0.478334] (CommunicationCenter) StderrLine: {'line': b'   78 |   STWCANMsg *ctrl_vel(\x1b[01;35m\x1b[Kuint8_t motor_id\x1b[m\x1b[K, float vel) override { return nullptr; };\n'}
[0.478354] (CommunicationCenter) StderrLine: {'line': b'      |                       \x1b[01;35m\x1b[K~~~~~~~~^~~~~~~~\x1b[m\x1b[K\n'}
[0.478373] (CommunicationCenter) StderrLine: {'line': b'\x1b[01m\x1b[K/home/albusgive/rlfw/rlfw_deploy/src/CommunicationCenter/motor_driver/STWMotor.h:76:47:\x1b[m\x1b[K \x1b[01;35m\x1b[Kwarning: \x1b[m\x1b[Kunused parameter \xe2\x80\x98\x1b[01m\x1b[Kpos\x1b[m\x1b[K\xe2\x80\x99 [\x1b[01;35m\x1b[K\x1b]8;;https://gcc.gnu.org/onlinedocs/gcc/Warning-Options.html#index-Wunused-parameter\x07-Wunused-parameter\x1b]8;;\x07\x1b[m\x1b[K]\n'}
[0.478396] (CommunicationCenter) StderrLine: {'line': b'   76 |   STWCANMsg *ctrl_pos(uint8_t motor_id, \x1b[01;35m\x1b[Kfloat pos\x1b[m\x1b[K) override { return nullptr; };\n'}
[0.478416] (CommunicationCenter) StderrLine: {'line': b'      |                                         \x1b[01;35m\x1b[K~~~~~~^~~\x1b[m\x1b[K\n'}
[0.478436] (CommunicationCenter) StderrLine: {'line': b'\x1b[01m\x1b[K/home/albusgive/rlfw/rlfw_deploy/src/CommunicationCenter/motor_driver/STWMotor.h:78:47:\x1b[m\x1b[K \x1b[01;35m\x1b[Kwarning: \x1b[m\x1b[Kunused parameter \xe2\x80\x98\x1b[01m\x1b[Kvel\x1b[m\x1b[K\xe2\x80\x99 [\x1b[01;35m\x1b[K\x1b]8;;https://gcc.gnu.org/onlinedocs/gcc/Warning-Options.html#index-Wunused-parameter\x07-Wunused-parameter\x1b]8;;\x07\x1b[m\x1b[K]\n'}
[0.478457] (CommunicationCenter) StderrLine: {'line': b'   78 |   STWCANMsg *ctrl_vel(uint8_t motor_id, \x1b[01;35m\x1b[Kfloat vel\x1b[m\x1b[K) override { return nullptr; };\n'}
[0.478478] (CommunicationCenter) StderrLine: {'line': b'      |                                         \x1b[01;35m\x1b[K~~~~~~^~~\x1b[m\x1b[K\n'}
[0.478498] (CommunicationCenter) StderrLine: {'line': b'\x1b[01m\x1b[K/home/albusgive/rlfw/rlfw_deploy/src/CommunicationCenter/motor_driver/STWMotor.h:\x1b[m\x1b[K In member function \xe2\x80\x98\x1b[01m\x1b[Kvirtual STWCANMsg* STWMotor::\x1b[01;32m\x1b[Kctrl_vel\x1b[m\x1b[K(uint8_t, float)\x1b[m\x1b[K\xe2\x80\x99:\n'}
[0.478518] (CommunicationCenter) StderrLine: {'line': b'\x1b[01m\x1b[K/home/albusgive/rlfw/rlfw_deploy/src/CommunicationCenter/motor_driver/STWMotor.h:78:31:\x1b[m\x1b[K \x1b[01;35m\x1b[Kwarning: \x1b[m\x1b[Kunused parameter \xe2\x80\x98\x1b[01m\x1b[Kmotor_id\x1b[m\x1b[K\xe2\x80\x99 [\x1b[01;35m\x1b[K\x1b]8;;https://gcc.gnu.org/onlinedocs/gcc/Warning-Options.html#index-Wunused-parameter\x07-Wunused-parameter\x1b]8;;\x07\x1b[m\x1b[K]\n'}
[0.478539] (CommunicationCenter) StderrLine: {'line': b'   78 |   STWCANMsg *ctrl_vel(\x1b[01;35m\x1b[Kuint8_t motor_id\x1b[m\x1b[K, float vel) override { return nullptr; };\n'}
[0.478559] (CommunicationCenter) StderrLine: {'line': b'      |                       \x1b[01;35m\x1b[K~~~~~~~~^~~~~~~~\x1b[m\x1b[K\n'}
[0.478579] (CommunicationCenter) StderrLine: {'line': b'\x1b[01m\x1b[K/home/albusgive/rlfw/rlfw_deploy/src/CommunicationCenter/motor_driver/STWMotor.h:\x1b[m\x1b[K In member function \xe2\x80\x98\x1b[01m\x1b[Kvirtual STWCANMsg* STWMotor::\x1b[01;32m\x1b[Kctrl_pos_vel\x1b[m\x1b[K(uint8_t, float, float)\x1b[m\x1b[K\xe2\x80\x99:\n'}
[0.478600] (CommunicationCenter) StderrLine: {'line': b'\x1b[01m\x1b[K/home/albusgive/rlfw/rlfw_deploy/src/CommunicationCenter/motor_driver/STWMotor.h:80:35:\x1b[m\x1b[K \x1b[01;35m\x1b[Kwarning: \x1b[m\x1b[Kunused parameter \xe2\x80\x98\x1b[01m\x1b[Kmotor_id\x1b[m\x1b[K\xe2\x80\x99 [\x1b[01;35m\x1b[K\x1b]8;;https://gcc.gnu.org/onlinedocs/gcc/Warning-Options.html#index-Wunused-parameter\x07-Wunused-parameter\x1b]8;;\x07\x1b[m\x1b[K]\n'}
[0.478620] (CommunicationCenter) StderrLine: {'line': b'   80 |   STWCANMsg *ctrl_pos_vel(\x1b[01;35m\x1b[Kuint8_t motor_id\x1b[m\x1b[K, float pos, float vel) override {\n'}
[0.478641] (CommunicationCenter) StderrLine: {'line': b'      |                           \x1b[01;35m\x1b[K~~~~~~~~^~~~~~~~\x1b[m\x1b[K\n'}
[0.478661] (CommunicationCenter) StderrLine: {'line': b'\x1b[01m\x1b[K/home/albusgive/rlfw/rlfw_deploy/src/CommunicationCenter/motor_driver/STWMotor.h:78:47:\x1b[m\x1b[K \x1b[01;35m\x1b[Kwarning: \x1b[m\x1b[Kunused parameter \xe2\x80\x98\x1b[01m\x1b[Kvel\x1b[m\x1b[K\xe2\x80\x99 [\x1b[01;35m\x1b[K\x1b]8;;https://gcc.gnu.org/onlinedocs/gcc/Warning-Options.html#index-Wunused-parameter\x07-Wunused-parameter\x1b]8;;\x07\x1b[m\x1b[K]\n'}
[0.478682] (CommunicationCenter) StderrLine: {'line': b'   78 |   STWCANMsg *ctrl_vel(uint8_t motor_id, \x1b[01;35m\x1b[Kfloat vel\x1b[m\x1b[K) override { return nullptr; };\n'}
[0.478702] (CommunicationCenter) StderrLine: {'line': b'      |                                         \x1b[01;35m\x1b[K~~~~~~^~~\x1b[m\x1b[K\n'}
[0.478722] (CommunicationCenter) StderrLine: {'line': b'\x1b[01m\x1b[K/home/albusgive/rlfw/rlfw_deploy/src/CommunicationCenter/motor_driver/STWMotor.h:80:51:\x1b[m\x1b[K \x1b[01;35m\x1b[Kwarning: \x1b[m\x1b[Kunused parameter \xe2\x80\x98\x1b[01m\x1b[Kpos\x1b[m\x1b[K\xe2\x80\x99 [\x1b[01;35m\x1b[K\x1b]8;;https://gcc.gnu.org/onlinedocs/gcc/Warning-Options.html#index-Wunused-parameter\x07-Wunused-parameter\x1b]8;;\x07\x1b[m\x1b[K]\n'}
[0.478743] (CommunicationCenter) StderrLine: {'line': b'   80 |   STWCANMsg *ctrl_pos_vel(uint8_t motor_id, \x1b[01;35m\x1b[Kfloat pos\x1b[m\x1b[K, float vel) override {\n'}
[0.478762] (CommunicationCenter) StderrLine: {'line': b'      |                                             \x1b[01;35m\x1b[K~~~~~~^~~\x1b[m\x1b[K\n'}
[0.478783] (CommunicationCenter) StderrLine: {'line': b'\x1b[01m\x1b[K/home/albusgive/rlfw/rlfw_deploy/src/CommunicationCenter/motor_driver/STWMotor.h:80:62:\x1b[m\x1b[K \x1b[01;35m\x1b[Kwarning: \x1b[m\x1b[Kunused parameter \xe2\x80\x98\x1b[01m\x1b[Kvel\x1b[m\x1b[K\xe2\x80\x99 [\x1b[01;35m\x1b[K\x1b]8;;https://gcc.gnu.org/onlinedocs/gcc/Warning-Options.html#index-Wunused-parameter\x07-Wunused-parameter\x1b]8;;\x07\x1b[m\x1b[K]\n'}
[0.478808] (CommunicationCenter) StderrLine: {'line': b'   80 |   STWCANMsg *ctrl_pos_vel(uint8_t motor_id, float pos, \x1b[01;35m\x1b[Kfloat vel\x1b[m\x1b[K) override {\n'}
[0.478828] (CommunicationCenter) StderrLine: {'line': b'      |                                                        \x1b[01;35m\x1b[K~~~~~~^~~\x1b[m\x1b[K\n'}
[0.478849] (CommunicationCenter) StderrLine: {'line': b'\x1b[01m\x1b[K/home/albusgive/rlfw/rlfw_deploy/src/CommunicationCenter/motor_driver/STWMotor.h:\x1b[m\x1b[K In member function \xe2\x80\x98\x1b[01m\x1b[Kvirtual STWCANMsg* STWMotor::\x1b[01;32m\x1b[Kctrl_pos_vel\x1b[m\x1b[K(uint8_t, float, float)\x1b[m\x1b[K\xe2\x80\x99:\n'}
[0.478869] (CommunicationCenter) StderrLine: {'line': b'\x1b[01m\x1b[K/home/albusgive/rlfw/rlfw_deploy/src/CommunicationCenter/motor_driver/STWMotor.h:80:35:\x1b[m\x1b[K \x1b[01;35m\x1b[Kwarning: \x1b[m\x1b[Kunused parameter \xe2\x80\x98\x1b[01m\x1b[Kmotor_id\x1b[m\x1b[K\xe2\x80\x99 [\x1b[01;35m\x1b[K\x1b]8;;https://gcc.gnu.org/onlinedocs/gcc/Warning-Options.html#index-Wunused-parameter\x07-Wunused-parameter\x1b]8;;\x07\x1b[m\x1b[K]\n'}
[0.478900] (CommunicationCenter) StderrLine: {'line': b'   80 |   STWCANMsg *ctrl_pos_vel(\x1b[01;35m\x1b[Kuint8_t motor_id\x1b[m\x1b[K, float pos, float vel) override {\n'}
[0.478923] (CommunicationCenter) StderrLine: {'line': b'      |                           \x1b[01;35m\x1b[K~~~~~~~~^~~~~~~~\x1b[m\x1b[K\n'}
[0.478942] (CommunicationCenter) StderrLine: {'line': b'\x1b[01m\x1b[K/home/albusgive/rlfw/rlfw_deploy/src/CommunicationCenter/motor_driver/STWMotor.h:80:51:\x1b[m\x1b[K \x1b[01;35m\x1b[Kwarning: \x1b[m\x1b[Kunused parameter \xe2\x80\x98\x1b[01m\x1b[Kpos\x1b[m\x1b[K\xe2\x80\x99 [\x1b[01;35m\x1b[K\x1b]8;;https://gcc.gnu.org/onlinedocs/gcc/Warning-Options.html#index-Wunused-parameter\x07-Wunused-parameter\x1b]8;;\x07\x1b[m\x1b[K]\n'}
[0.478963] (CommunicationCenter) StderrLine: {'line': b'   80 |   STWCANMsg *ctrl_pos_vel(uint8_t motor_id, \x1b[01;35m\x1b[Kfloat pos\x1b[m\x1b[K, float vel) override {\n'}
[0.478983] (CommunicationCenter) StderrLine: {'line': b'      |                                             \x1b[01;35m\x1b[K~~~~~~^~~\x1b[m\x1b[K\n'}
[0.479003] (CommunicationCenter) StderrLine: {'line': b'\x1b[01m\x1b[K/home/albusgive/rlfw/rlfw_deploy/src/CommunicationCenter/motor_driver/STWMotor.h:\x1b[m\x1b[K In member function \xe2\x80\x98\x1b[01m\x1b[Kvirtual STWCANMsg* STWMotor::\x1b[01;32m\x1b[Kctrl_torque\x1b[m\x1b[K(uint8_t, float)\x1b[m\x1b[K\xe2\x80\x99:\n'}
[0.479024] (CommunicationCenter) StderrLine: {'line': b'\x1b[01m\x1b[K/home/albusgive/rlfw/rlfw_deploy/src/CommunicationCenter/motor_driver/STWMotor.h:84:34:\x1b[m\x1b[K \x1b[01;35m\x1b[Kwarning: \x1b[m\x1b[Kunused parameter \xe2\x80\x98\x1b[01m\x1b[Kmotor_id\x1b[m\x1b[K\xe2\x80\x99 [\x1b[01;35m\x1b[K\x1b]8;;https://gcc.gnu.org/onlinedocs/gcc/Warning-Options.html#index-Wunused-parameter\x07-Wunused-parameter\x1b]8;;\x07\x1b[m\x1b[K]\n'}
[0.479044] (CommunicationCenter) StderrLine: {'line': b'   84 |   STWCANMsg *ctrl_torque(\x1b[01;35m\x1b[Kuint8_t motor_id\x1b[m\x1b[K, float torque) override {\n'}
[0.479063] (CommunicationCenter) StderrLine: {'line': b'      |                          \x1b[01;35m\x1b[K~~~~~~~~^~~~~~~~\x1b[m\x1b[K\n'}
[0.479082] (CommunicationCenter) StderrLine: {'line': b'\x1b[01m\x1b[K/home/albusgive/rlfw/rlfw_deploy/src/CommunicationCenter/motor_driver/STWMotor.h:80:62:\x1b[m\x1b[K \x1b[01;35m\x1b[Kwarning: \x1b[m\x1b[Kunused parameter \xe2\x80\x98\x1b[01m\x1b[Kvel\x1b[m\x1b[K\xe2\x80\x99 [\x1b[01;35m\x1b[K\x1b]8;;https://gcc.gnu.org/onlinedocs/gcc/Warning-Options.html#index-Wunused-parameter\x07-Wunused-parameter\x1b]8;;\x07\x1b[m\x1b[K]\n'}
[0.479102] (CommunicationCenter) StderrLine: {'line': b'   80 |   STWCANMsg *ctrl_pos_vel(uint8_t motor_id, float pos, \x1b[01;35m\x1b[Kfloat vel\x1b[m\x1b[K) override {\n'}
[0.479124] (CommunicationCenter) StderrLine: {'line': b'      |                                                        \x1b[01;35m\x1b[K~~~~~~^~~\x1b[m\x1b[K\n'}
[0.479143] (CommunicationCenter) StderrLine: {'line': b'\x1b[01m\x1b[K/home/albusgive/rlfw/rlfw_deploy/src/CommunicationCenter/motor_driver/STWMotor.h:84:50:\x1b[m\x1b[K \x1b[01;35m\x1b[Kwarning: \x1b[m\x1b[Kunused parameter \xe2\x80\x98\x1b[01m\x1b[Ktorque\x1b[m\x1b[K\xe2\x80\x99 [\x1b[01;35m\x1b[K\x1b]8;;https://gcc.gnu.org/onlinedocs/gcc/Warning-Options.html#index-Wunused-parameter\x07-Wunused-parameter\x1b]8;;\x07\x1b[m\x1b[K]\n'}
[0.479165] (CommunicationCenter) StderrLine: {'line': b'   84 |   STWCANMsg *ctrl_torque(uint8_t motor_id, \x1b[01;35m\x1b[Kfloat torque\x1b[m\x1b[K) override {\n'}
[0.479184] (CommunicationCenter) StderrLine: {'line': b'      |                                            \x1b[01;35m\x1b[K~~~~~~^~~~~~\x1b[m\x1b[K\n'}
[0.479205] (CommunicationCenter) StderrLine: {'line': b'\x1b[01m\x1b[K/home/albusgive/rlfw/rlfw_deploy/src/CommunicationCenter/motor_driver/STWMotor.h:\x1b[m\x1b[K In member function \xe2\x80\x98\x1b[01m\x1b[Kvirtual STWCANMsg* STWMotor::\x1b[01;32m\x1b[Kctrl_torque\x1b[m\x1b[K(uint8_t, float)\x1b[m\x1b[K\xe2\x80\x99:\n'}
[0.479225] (CommunicationCenter) StderrLine: {'line': b'\x1b[01m\x1b[K/home/albusgive/rlfw/rlfw_deploy/src/CommunicationCenter/motor_driver/STWMotor.h:84:34:\x1b[m\x1b[K \x1b[01;35m\x1b[Kwarning: \x1b[m\x1b[Kunused parameter \xe2\x80\x98\x1b[01m\x1b[Kmotor_id\x1b[m\x1b[K\xe2\x80\x99 [\x1b[01;35m\x1b[K\x1b]8;;https://gcc.gnu.org/onlinedocs/gcc/Warning-Options.html#index-Wunused-parameter\x07-Wunused-parameter\x1b]8;;\x07\x1b[m\x1b[K]\n'}
[0.479245] (CommunicationCenter) StderrLine: {'line': b'   84 |   STWCANMsg *ctrl_torque(\x1b[01;35m\x1b[Kuint8_t motor_id\x1b[m\x1b[K, float torque) override {\n'}
[0.479265] (CommunicationCenter) StderrLine: {'line': b'      |                          \x1b[01;35m\x1b[K~~~~~~~~^~~~~~~~\x1b[m\x1b[K\n'}
[0.479286] (CommunicationCenter) StderrLine: {'line': b'\x1b[01m\x1b[K/home/albusgive/rlfw/rlfw_deploy/src/CommunicationCenter/motor_driver/STWMotor.h:\x1b[m\x1b[K In member function \xe2\x80\x98\x1b[01m\x1b[Kvirtual STWCANMsg* STWMotor::\x1b[01;32m\x1b[KsetPosKP\x1b[m\x1b[K(uint8_t, float)\x1b[m\x1b[K\xe2\x80\x99:\n'}
[0.479306] (CommunicationCenter) StderrLine: {'line': b'\x1b[01m\x1b[K/home/albusgive/rlfw/rlfw_deploy/src/CommunicationCenter/motor_driver/STWMotor.h:90:31:\x1b[m\x1b[K \x1b[01;35m\x1b[Kwarning: \x1b[m\x1b[Kunused parameter \xe2\x80\x98\x1b[01m\x1b[Kmotor_id\x1b[m\x1b[K\xe2\x80\x99 [\x1b[01;35m\x1b[K\x1b]8;;https://gcc.gnu.org/onlinedocs/gcc/Warning-Options.html#index-Wunused-parameter\x07-Wunused-parameter\x1b]8;;\x07\x1b[m\x1b[K]\n'}
[0.479327] (CommunicationCenter) StderrLine: {'line': b'   90 |   STWCANMsg *setPosKP(\x1b[01;35m\x1b[Kuint8_t motor_id\x1b[m\x1b[K, float kp) override { return nullptr; };\n'}
[0.479347] (CommunicationCenter) StderrLine: {'line': b'      |                       \x1b[01;35m\x1b[K~~~~~~~~^~~~~~~~\x1b[m\x1b[K\n'}
[0.479368] (CommunicationCenter) StderrLine: {'line': b'\x1b[01m\x1b[K/home/albusgive/rlfw/rlfw_deploy/src/CommunicationCenter/motor_driver/STWMotor.h:84:50:\x1b[m\x1b[K \x1b[01;35m\x1b[Kwarning: \x1b[m\x1b[Kunused parameter \xe2\x80\x98\x1b[01m\x1b[Ktorque\x1b[m\x1b[K\xe2\x80\x99 [\x1b[01;35m\x1b[K\x1b]8;;https://gcc.gnu.org/onlinedocs/gcc/Warning-Options.html#index-Wunused-parameter\x07-Wunused-parameter\x1b]8;;\x07\x1b[m\x1b[K]\n'}
[0.479388] (CommunicationCenter) StderrLine: {'line': b'   84 |   STWCANMsg *ctrl_torque(uint8_t motor_id, \x1b[01;35m\x1b[Kfloat torque\x1b[m\x1b[K) override {\n'}
[0.479408] (CommunicationCenter) StderrLine: {'line': b'      |                                            \x1b[01;35m\x1b[K~~~~~~^~~~~~\x1b[m\x1b[K\n'}
[0.479431] (CommunicationCenter) StderrLine: {'line': b'\x1b[01m\x1b[K/home/albusgive/rlfw/rlfw_deploy/src/CommunicationCenter/motor_driver/STWMotor.h:90:47:\x1b[m\x1b[K \x1b[01;35m\x1b[Kwarning: \x1b[m\x1b[Kunused parameter \xe2\x80\x98\x1b[01m\x1b[Kkp\x1b[m\x1b[K\xe2\x80\x99 [\x1b[01;35m\x1b[K\x1b]8;;https://gcc.gnu.org/onlinedocs/gcc/Warning-Options.html#index-Wunused-parameter\x07-Wunused-parameter\x1b]8;;\x07\x1b[m\x1b[K]\n'}
[0.479452] (CommunicationCenter) StderrLine: {'line': b'   90 |   STWCANMsg *setPosKP(uint8_t motor_id, \x1b[01;35m\x1b[Kfloat kp\x1b[m\x1b[K) override { return nullptr; };\n'}
[0.479474] (CommunicationCenter) StderrLine: {'line': b'      |                                         \x1b[01;35m\x1b[K~~~~~~^~\x1b[m\x1b[K\n'}
[0.479493] (CommunicationCenter) StderrLine: {'line': b'\x1b[01m\x1b[K/home/albusgive/rlfw/rlfw_deploy/src/CommunicationCenter/motor_driver/STWMotor.h:\x1b[m\x1b[K In member function \xe2\x80\x98\x1b[01m\x1b[Kvirtual STWCANMsg* STWMotor::\x1b[01;32m\x1b[KsetPosKP\x1b[m\x1b[K(uint8_t, float)\x1b[m\x1b[K\xe2\x80\x99:\n'}
[0.479513] (CommunicationCenter) StderrLine: {'line': b'\x1b[01m\x1b[K/home/albusgive/rlfw/rlfw_deploy/src/CommunicationCenter/motor_driver/STWMotor.h:90:31:\x1b[m\x1b[K \x1b[01;35m\x1b[Kwarning: \x1b[m\x1b[Kunused parameter \xe2\x80\x98\x1b[01m\x1b[Kmotor_id\x1b[m\x1b[K\xe2\x80\x99 [\x1b[01;35m\x1b[K\x1b]8;;https://gcc.gnu.org/onlinedocs/gcc/Warning-Options.html#index-Wunused-parameter\x07-Wunused-parameter\x1b]8;;\x07\x1b[m\x1b[K]\n'}
[0.479535] (CommunicationCenter) StderrLine: {'line': b'   90 |   STWCANMsg *setPosKP(\x1b[01;35m\x1b[Kuint8_t motor_id\x1b[m\x1b[K, float kp) override { return nullptr; };\n'}
[0.479555] (CommunicationCenter) StderrLine: {'line': b'      |                       \x1b[01;35m\x1b[K~~~~~~~~^~~~~~~~\x1b[m\x1b[K\n'}
[0.479575] (CommunicationCenter) StderrLine: {'line': b'\x1b[01m\x1b[K/home/albusgive/rlfw/rlfw_deploy/src/CommunicationCenter/motor_driver/STWMotor.h:\x1b[m\x1b[K In member function \xe2\x80\x98\x1b[01m\x1b[Kvirtual STWCANMsg* STWMotor::\x1b[01;32m\x1b[KsetPosKD\x1b[m\x1b[K(uint8_t, float)\x1b[m\x1b[K\xe2\x80\x99:\n'}
[0.479596] (CommunicationCenter) StderrLine: {'line': b'\x1b[01m\x1b[K/home/albusgive/rlfw/rlfw_deploy/src/CommunicationCenter/motor_driver/STWMotor.h:91:31:\x1b[m\x1b[K \x1b[01;35m\x1b[Kwarning: \x1b[m\x1b[Kunused parameter \xe2\x80\x98\x1b[01m\x1b[Kmotor_id\x1b[m\x1b[K\xe2\x80\x99 [\x1b[01;35m\x1b[K\x1b]8;;https://gcc.gnu.org/onlinedocs/gcc/Warning-Options.html#index-Wunused-parameter\x07-Wunused-parameter\x1b]8;;\x07\x1b[m\x1b[K]\n'}
[0.479617] (CommunicationCenter) StderrLine: {'line': b'   91 |   STWCANMsg *setPosKD(\x1b[01;35m\x1b[Kuint8_t motor_id\x1b[m\x1b[K, float kd) override { return nullptr; };\n'}
[0.479636] (CommunicationCenter) StderrLine: {'line': b'      |                       \x1b[01;35m\x1b[K~~~~~~~~^~~~~~~~\x1b[m\x1b[K\n'}
[0.479656] (CommunicationCenter) StderrLine: {'line': b'\x1b[01m\x1b[K/home/albusgive/rlfw/rlfw_deploy/src/CommunicationCenter/motor_driver/STWMotor.h:90:47:\x1b[m\x1b[K \x1b[01;35m\x1b[Kwarning: \x1b[m\x1b[Kunused parameter \xe2\x80\x98\x1b[01m\x1b[Kkp\x1b[m\x1b[K\xe2\x80\x99 [\x1b[01;35m\x1b[K\x1b]8;;https://gcc.gnu.org/onlinedocs/gcc/Warning-Options.html#index-Wunused-parameter\x07-Wunused-parameter\x1b]8;;\x07\x1b[m\x1b[K]\n'}
[0.479676] (CommunicationCenter) StderrLine: {'line': b'   90 |   STWCANMsg *setPosKP(uint8_t motor_id, \x1b[01;35m\x1b[Kfloat kp\x1b[m\x1b[K) override { return nullptr; };\n'}
[0.479697] (CommunicationCenter) StderrLine: {'line': b'      |                                         \x1b[01;35m\x1b[K~~~~~~^~\x1b[m\x1b[K\n'}
[0.479716] (CommunicationCenter) StderrLine: {'line': b'\x1b[01m\x1b[K/home/albusgive/rlfw/rlfw_deploy/src/CommunicationCenter/motor_driver/STWMotor.h:91:47:\x1b[m\x1b[K \x1b[01;35m\x1b[Kwarning: \x1b[m\x1b[Kunused parameter \xe2\x80\x98\x1b[01m\x1b[Kkd\x1b[m\x1b[K\xe2\x80\x99 [\x1b[01;35m\x1b[K\x1b]8;;https://gcc.gnu.org/onlinedocs/gcc/Warning-Options.html#index-Wunused-parameter\x07-Wunused-parameter\x1b]8;;\x07\x1b[m\x1b[K]\n'}
[0.479736] (CommunicationCenter) StderrLine: {'line': b'   91 |   STWCANMsg *setPosKD(uint8_t motor_id, \x1b[01;35m\x1b[Kfloat kd\x1b[m\x1b[K) override { return nullptr; };\n'}
[0.479760] (CommunicationCenter) StderrLine: {'line': b'      |                                         \x1b[01;35m\x1b[K~~~~~~^~\x1b[m\x1b[K\n'}
[0.479779] (CommunicationCenter) StderrLine: {'line': b'\x1b[01m\x1b[K/home/albusgive/rlfw/rlfw_deploy/src/CommunicationCenter/motor_driver/STWMotor.h:\x1b[m\x1b[K In member function \xe2\x80\x98\x1b[01m\x1b[Kvirtual STWCANMsg* STWMotor::\x1b[01;32m\x1b[KsetPosKD\x1b[m\x1b[K(uint8_t, float)\x1b[m\x1b[K\xe2\x80\x99:\n'}
[0.479799] (CommunicationCenter) StderrLine: {'line': b'\x1b[01m\x1b[K/home/albusgive/rlfw/rlfw_deploy/src/CommunicationCenter/motor_driver/STWMotor.h:91:31:\x1b[m\x1b[K \x1b[01;35m\x1b[Kwarning: \x1b[m\x1b[Kunused parameter \xe2\x80\x98\x1b[01m\x1b[Kmotor_id\x1b[m\x1b[K\xe2\x80\x99 [\x1b[01;35m\x1b[K\x1b]8;;https://gcc.gnu.org/onlinedocs/gcc/Warning-Options.html#index-Wunused-parameter\x07-Wunused-parameter\x1b]8;;\x07\x1b[m\x1b[K]\n'}
[0.479821] (CommunicationCenter) StderrLine: {'line': b'   91 |   STWCANMsg *setPosKD(\x1b[01;35m\x1b[Kuint8_t motor_id\x1b[m\x1b[K, float kd) override { return nullptr; };\n'}
[0.479841] (CommunicationCenter) StderrLine: {'line': b'      |                       \x1b[01;35m\x1b[K~~~~~~~~^~~~~~~~\x1b[m\x1b[K\n'}
[0.479859] (CommunicationCenter) StderrLine: {'line': b'\x1b[01m\x1b[K/home/albusgive/rlfw/rlfw_deploy/src/CommunicationCenter/motor_driver/STWMotor.h:91:47:\x1b[m\x1b[K \x1b[01;35m\x1b[Kwarning: \x1b[m\x1b[Kunused parameter \xe2\x80\x98\x1b[01m\x1b[Kkd\x1b[m\x1b[K\xe2\x80\x99 [\x1b[01;35m\x1b[K\x1b]8;;https://gcc.gnu.org/onlinedocs/gcc/Warning-Options.html#index-Wunused-parameter\x07-Wunused-parameter\x1b]8;;\x07\x1b[m\x1b[K]\n'}
[0.479879] (CommunicationCenter) StderrLine: {'line': b'   91 |   STWCANMsg *setPosKD(uint8_t motor_id, \x1b[01;35m\x1b[Kfloat kd\x1b[m\x1b[K) override { return nullptr; };\n'}
[0.479905] (CommunicationCenter) StderrLine: {'line': b'      |                                         \x1b[01;35m\x1b[K~~~~~~^~\x1b[m\x1b[K\n'}
[0.479925] (CommunicationCenter) StderrLine: {'line': b'\x1b[01m\x1b[K/home/albusgive/rlfw/rlfw_deploy/src/CommunicationCenter/motor_driver/STWMotor.h:\x1b[m\x1b[K In member function \xe2\x80\x98\x1b[01m\x1b[Kvirtual STWCANMsg* STWMotor::\x1b[01;32m\x1b[KsetVelKP\x1b[m\x1b[K(uint8_t, float)\x1b[m\x1b[K\xe2\x80\x99:\n'}
[0.479947] (CommunicationCenter) StderrLine: {'line': b'\x1b[01m\x1b[K/home/albusgive/rlfw/rlfw_deploy/src/CommunicationCenter/motor_driver/STWMotor.h:93:31:\x1b[m\x1b[K \x1b[01;35m\x1b[Kwarning: \x1b[m\x1b[Kunused parameter \xe2\x80\x98\x1b[01m\x1b[Kmotor_id\x1b[m\x1b[K\xe2\x80\x99 [\x1b[01;35m\x1b[K\x1b]8;;https://gcc.gnu.org/onlinedocs/gcc/Warning-Options.html#index-Wunused-parameter\x07-Wunused-parameter\x1b]8;;\x07\x1b[m\x1b[K]\n'}
[0.479967] (CommunicationCenter) StderrLine: {'line': b'   93 |   STWCANMsg *setVelKP(\x1b[01;35m\x1b[Kuint8_t motor_id\x1b[m\x1b[K, float kp) override { return nullptr; };\n'}
[0.479986] (CommunicationCenter) StderrLine: {'line': b'      |                       \x1b[01;35m\x1b[K~~~~~~~~^~~~~~~~\x1b[m\x1b[K\n'}
[0.480009] (CommunicationCenter) StderrLine: {'line': b'\x1b[01m\x1b[K/home/albusgive/rlfw/rlfw_deploy/src/CommunicationCenter/motor_driver/STWMotor.h:\x1b[m\x1b[K In member function \xe2\x80\x98\x1b[01m\x1b[Kvirtual STWCANMsg* STWMotor::\x1b[01;32m\x1b[KsetVelKP\x1b[m\x1b[K(uint8_t, float)\x1b[m\x1b[K\xe2\x80\x99:\n'}
[0.480029] (CommunicationCenter) StderrLine: {'line': b'\x1b[01m\x1b[K/home/albusgive/rlfw/rlfw_deploy/src/CommunicationCenter/motor_driver/STWMotor.h:93:31:\x1b[m\x1b[K \x1b[01;35m\x1b[Kwarning: \x1b[m\x1b[Kunused parameter \xe2\x80\x98\x1b[01m\x1b[Kmotor_id\x1b[m\x1b[K\xe2\x80\x99 [\x1b[01;35m\x1b[K\x1b]8;;https://gcc.gnu.org/onlinedocs/gcc/Warning-Options.html#index-Wunused-parameter\x07-Wunused-parameter\x1b]8;;\x07\x1b[m\x1b[K]\n'}
[0.480055] (CommunicationCenter) StderrLine: {'line': b'   93 |   STWCANMsg *setVelKP(\x1b[01;35m\x1b[Kuint8_t motor_id\x1b[m\x1b[K, float kp) override { return nullptr; };\n'}
[0.480075] (CommunicationCenter) StderrLine: {'line': b'      |                       \x1b[01;35m\x1b[K~~~~~~~~^~~~~~~~\x1b[m\x1b[K\n'}
[0.480097] (CommunicationCenter) StderrLine: {'line': b'\x1b[01m\x1b[K/home/albusgive/rlfw/rlfw_deploy/src/CommunicationCenter/motor_driver/STWMotor.h:93:47:\x1b[m\x1b[K \x1b[01;35m\x1b[Kwarning: \x1b[m\x1b[Kunused parameter \xe2\x80\x98\x1b[01m\x1b[Kkp\x1b[m\x1b[K\xe2\x80\x99 [\x1b[01;35m\x1b[K\x1b]8;;https://gcc.gnu.org/onlinedocs/gcc/Warning-Options.html#index-Wunused-parameter\x07-Wunused-parameter\x1b]8;;\x07\x1b[m\x1b[K]\n'}
[0.480118] (CommunicationCenter) StderrLine: {'line': b'   93 |   STWCANMsg *setVelKP(uint8_t motor_id, \x1b[01;35m\x1b[Kfloat kp\x1b[m\x1b[K) override { return nullptr; };\n'}
[0.480139] (CommunicationCenter) StderrLine: {'line': b'      |                                         \x1b[01;35m\x1b[K~~~~~~^~\x1b[m\x1b[K\n'}
[0.480160] (CommunicationCenter) StderrLine: {'line': b'\x1b[01m\x1b[K/home/albusgive/rlfw/rlfw_deploy/src/CommunicationCenter/motor_driver/STWMotor.h:\x1b[m\x1b[K In member function \xe2\x80\x98\x1b[01m\x1b[Kvirtual STWCANMsg* STWMotor::\x1b[01;32m\x1b[KsetVelKI\x1b[m\x1b[K(uint8_t, float)\x1b[m\x1b[K\xe2\x80\x99:\n'}
[0.480181] (CommunicationCenter) StderrLine: {'line': b'\x1b[01m\x1b[K/home/albusgive/rlfw/rlfw_deploy/src/CommunicationCenter/motor_driver/STWMotor.h:94:31:\x1b[m\x1b[K \x1b[01;35m\x1b[Kwarning: \x1b[m\x1b[Kunused parameter \xe2\x80\x98\x1b[01m\x1b[Kmotor_id\x1b[m\x1b[K\xe2\x80\x99 [\x1b[01;35m\x1b[K\x1b]8;;https://gcc.gnu.org/onlinedocs/gcc/Warning-Options.html#index-Wunused-parameter\x07-Wunused-parameter\x1b]8;;\x07\x1b[m\x1b[K]\n'}
[0.480204] (CommunicationCenter) StderrLine: {'line': b'   94 |   STWCANMsg *setVelKI(\x1b[01;35m\x1b[Kuint8_t motor_id\x1b[m\x1b[K, float ki) override { return nullptr; };\n'}
[0.480223] (CommunicationCenter) StderrLine: {'line': b'      |                       \x1b[01;35m\x1b[K~~~~~~~~^~~~~~~~\x1b[m\x1b[K\n'}
[0.480244] (CommunicationCenter) StderrLine: {'line': b'\x1b[01m\x1b[K/home/albusgive/rlfw/rlfw_deploy/src/CommunicationCenter/motor_driver/STWMotor.h:93:47:\x1b[m\x1b[K \x1b[01;35m\x1b[Kwarning: \x1b[m\x1b[Kunused parameter \xe2\x80\x98\x1b[01m\x1b[Kkp\x1b[m\x1b[K\xe2\x80\x99 [\x1b[01;35m\x1b[K\x1b]8;;https://gcc.gnu.org/onlinedocs/gcc/Warning-Options.html#index-Wunused-parameter\x07-Wunused-parameter\x1b]8;;\x07\x1b[m\x1b[K]\n'}
[0.480269] (CommunicationCenter) StderrLine: {'line': b'   93 |   STWCANMsg *setVelKP(uint8_t motor_id, \x1b[01;35m\x1b[Kfloat kp\x1b[m\x1b[K) override { return nullptr; };\n'}
[0.480290] (CommunicationCenter) StderrLine: {'line': b'      |                                         \x1b[01;35m\x1b[K~~~~~~^~\x1b[m\x1b[K\n'}
[0.480310] (CommunicationCenter) StderrLine: {'line': b'\x1b[01m\x1b[K/home/albusgive/rlfw/rlfw_deploy/src/CommunicationCenter/motor_driver/STWMotor.h:94:47:\x1b[m\x1b[K \x1b[01;35m\x1b[Kwarning: \x1b[m\x1b[Kunused parameter \xe2\x80\x98\x1b[01m\x1b[Kki\x1b[m\x1b[K\xe2\x80\x99 [\x1b[01;35m\x1b[K\x1b]8;;https://gcc.gnu.org/onlinedocs/gcc/Warning-Options.html#index-Wunused-parameter\x07-Wunused-parameter\x1b]8;;\x07\x1b[m\x1b[K]\n'}
[0.480330] (CommunicationCenter) StderrLine: {'line': b'   94 |   STWCANMsg *setVelKI(uint8_t motor_id, \x1b[01;35m\x1b[Kfloat ki\x1b[m\x1b[K) override { return nullptr; };\n'}
[0.480350] (CommunicationCenter) StderrLine: {'line': b'      |                                         \x1b[01;35m\x1b[K~~~~~~^~\x1b[m\x1b[K\n'}
[0.480370] (CommunicationCenter) StderrLine: {'line': b'\x1b[01m\x1b[K/home/albusgive/rlfw/rlfw_deploy/src/CommunicationCenter/motor_driver/STWMotor.h:\x1b[m\x1b[K In member function \xe2\x80\x98\x1b[01m\x1b[Kvirtual STWCANMsg* STWMotor::\x1b[01;32m\x1b[KsetTorqueKP\x1b[m\x1b[K(uint8_t, float)\x1b[m\x1b[K\xe2\x80\x99:\n'}
[0.480392] (CommunicationCenter) StderrLine: {'line': b'\x1b[01m\x1b[K/home/albusgive/rlfw/rlfw_deploy/src/CommunicationCenter/motor_driver/STWMotor.h:96:34:\x1b[m\x1b[K \x1b[01;35m\x1b[Kwarning: \x1b[m\x1b[Kunused parameter \xe2\x80\x98\x1b[01m\x1b[Kmotor_id\x1b[m\x1b[K\xe2\x80\x99 [\x1b[01;35m\x1b[K\x1b]8;;https://gcc.gnu.org/onlinedocs/gcc/Warning-Options.html#index-Wunused-parameter\x07-Wunused-parameter\x1b]8;;\x07\x1b[m\x1b[K]\n'}
[0.480416] (CommunicationCenter) StderrLine: {'line': b'   96 |   STWCANMsg *setTorqueKP(\x1b[01;35m\x1b[Kuint8_t motor_id\x1b[m\x1b[K, float kp) override {\n'}
[0.480438] (CommunicationCenter) StderrLine: {'line': b'      |                          \x1b[01;35m\x1b[K~~~~~~~~^~~~~~~~\x1b[m\x1b[K\n'}
[0.480461] (CommunicationCenter) StderrLine: {'line': b'\x1b[01m\x1b[K/home/albusgive/rlfw/rlfw_deploy/src/CommunicationCenter/motor_driver/STWMotor.h:\x1b[m\x1b[K In member function \xe2\x80\x98\x1b[01m\x1b[Kvirtual STWCANMsg* STWMotor::\x1b[01;32m\x1b[KsetVelKI\x1b[m\x1b[K(uint8_t, float)\x1b[m\x1b[K\xe2\x80\x99:\n'}
[0.480487] (CommunicationCenter) StderrLine: {'line': b'\x1b[01m\x1b[K/home/albusgive/rlfw/rlfw_deploy/src/CommunicationCenter/motor_driver/STWMotor.h:94:31:\x1b[m\x1b[K \x1b[01;35m\x1b[Kwarning: \x1b[m\x1b[Kunused parameter \xe2\x80\x98\x1b[01m\x1b[Kmotor_id\x1b[m\x1b[K\xe2\x80\x99 [\x1b[01;35m\x1b[K\x1b]8;;https://gcc.gnu.org/onlinedocs/gcc/Warning-Options.html#index-Wunused-parameter\x07-Wunused-parameter\x1b]8;;\x07\x1b[m\x1b[K]\n'}
[0.480510] (CommunicationCenter) StderrLine: {'line': b'   94 |   STWCANMsg *setVelKI(\x1b[01;35m\x1b[Kuint8_t motor_id\x1b[m\x1b[K, float ki) override { return nullptr; };\n'}
[0.480531] (CommunicationCenter) StderrLine: {'line': b'      |                       \x1b[01;35m\x1b[K~~~~~~~~^~~~~~~~\x1b[m\x1b[K\n'}
[0.480552] (CommunicationCenter) StderrLine: {'line': b'\x1b[01m\x1b[K/home/albusgive/rlfw/rlfw_deploy/src/CommunicationCenter/motor_driver/STWMotor.h:96:50:\x1b[m\x1b[K \x1b[01;35m\x1b[Kwarning: \x1b[m\x1b[Kunused parameter \xe2\x80\x98\x1b[01m\x1b[Kkp\x1b[m\x1b[K\xe2\x80\x99 [\x1b[01;35m\x1b[K\x1b]8;;https://gcc.gnu.org/onlinedocs/gcc/Warning-Options.html#index-Wunused-parameter\x07-Wunused-parameter\x1b]8;;\x07\x1b[m\x1b[K]\n'}
[0.480574] (CommunicationCenter) StderrLine: {'line': b'   96 |   STWCANMsg *setTorqueKP(uint8_t motor_id, \x1b[01;35m\x1b[Kfloat kp\x1b[m\x1b[K) override {\n'}
[0.480594] (CommunicationCenter) StderrLine: {'line': b'      |                                            \x1b[01;35m\x1b[K~~~~~~^~\x1b[m\x1b[K\n'}
[0.480615] (CommunicationCenter) StderrLine: {'line': b'\x1b[01m\x1b[K/home/albusgive/rlfw/rlfw_deploy/src/CommunicationCenter/motor_driver/STWMotor.h:94:47:\x1b[m\x1b[K \x1b[01;35m\x1b[Kwarning: \x1b[m\x1b[Kunused parameter \xe2\x80\x98\x1b[01m\x1b[Kki\x1b[m\x1b[K\xe2\x80\x99 [\x1b[01;35m\x1b[K\x1b]8;;https://gcc.gnu.org/onlinedocs/gcc/Warning-Options.html#index-Wunused-parameter\x07-Wunused-parameter\x1b]8;;\x07\x1b[m\x1b[K]\n'}
[0.480636] (CommunicationCenter) StderrLine: {'line': b'   94 |   STWCANMsg *setVelKI(uint8_t motor_id, \x1b[01;35m\x1b[Kfloat ki\x1b[m\x1b[K) override { return nullptr; };\n'}
[0.480655] (CommunicationCenter) StderrLine: {'line': b'      |                                         \x1b[01;35m\x1b[K~~~~~~^~\x1b[m\x1b[K\n'}
[0.480676] (CommunicationCenter) StderrLine: {'line': b'\x1b[01m\x1b[K/home/albusgive/rlfw/rlfw_deploy/src/CommunicationCenter/motor_driver/STWMotor.h:\x1b[m\x1b[K In member function \xe2\x80\x98\x1b[01m\x1b[Kvirtual STWCANMsg* STWMotor::\x1b[01;32m\x1b[KsetTorqueKI\x1b[m\x1b[K(uint8_t, float)\x1b[m\x1b[K\xe2\x80\x99:\n'}
[0.480696] (CommunicationCenter) StderrLine: {'line': b'\x1b[01m\x1b[K/home/albusgive/rlfw/rlfw_deploy/src/CommunicationCenter/motor_driver/STWMotor.h:99:34:\x1b[m\x1b[K \x1b[01;35m\x1b[Kwarning: \x1b[m\x1b[Kunused parameter \xe2\x80\x98\x1b[01m\x1b[Kmotor_id\x1b[m\x1b[K\xe2\x80\x99 [\x1b[01;35m\x1b[K\x1b]8;;https://gcc.gnu.org/onlinedocs/gcc/Warning-Options.html#index-Wunused-parameter\x07-Wunused-parameter\x1b]8;;\x07\x1b[m\x1b[K]\n'}
[0.480718] (CommunicationCenter) StderrLine: {'line': b'   99 |   STWCANMsg *setTorqueKI(\x1b[01;35m\x1b[Kuint8_t motor_id\x1b[m\x1b[K, float ki) override {\n'}
[0.480740] (CommunicationCenter) StderrLine: {'line': b'      |                          \x1b[01;35m\x1b[K~~~~~~~~^~~~~~~~\x1b[m\x1b[K\n'}
[0.480761] (CommunicationCenter) StderrLine: {'line': b'\x1b[01m\x1b[K/home/albusgive/rlfw/rlfw_deploy/src/CommunicationCenter/motor_driver/STWMotor.h:99:50:\x1b[m\x1b[K \x1b[01;35m\x1b[Kwarning: \x1b[m\x1b[Kunused parameter \xe2\x80\x98\x1b[01m\x1b[Kki\x1b[m\x1b[K\xe2\x80\x99 [\x1b[01;35m\x1b[K\x1b]8;;https://gcc.gnu.org/onlinedocs/gcc/Warning-Options.html#index-Wunused-parameter\x07-Wunused-parameter\x1b]8;;\x07\x1b[m\x1b[K]\n'}
[0.480785] (CommunicationCenter) StderrLine: {'line': b'   99 |   STWCANMsg *setTorqueKI(uint8_t motor_id, \x1b[01;35m\x1b[Kfloat ki\x1b[m\x1b[K) override {\n'}
[0.480806] (CommunicationCenter) StderrLine: {'line': b'      |                                            \x1b[01;35m\x1b[K~~~~~~^~\x1b[m\x1b[K\n'}
[0.480825] (CommunicationCenter) StderrLine: {'line': b'\x1b[01m\x1b[K/home/albusgive/rlfw/rlfw_deploy/src/CommunicationCenter/motor_driver/STWMotor.h:\x1b[m\x1b[K In member function \xe2\x80\x98\x1b[01m\x1b[Kvirtual STWCANMsg* STWMotor::\x1b[01;32m\x1b[KsetTorqueKP\x1b[m\x1b[K(uint8_t, float)\x1b[m\x1b[K\xe2\x80\x99:\n'}
[0.480845] (CommunicationCenter) StderrLine: {'line': b'\x1b[01m\x1b[K/home/albusgive/rlfw/rlfw_deploy/src/CommunicationCenter/motor_driver/STWMotor.h:96:34:\x1b[m\x1b[K \x1b[01;35m\x1b[Kwarning: \x1b[m\x1b[Kunused parameter \xe2\x80\x98\x1b[01m\x1b[Kmotor_id\x1b[m\x1b[K\xe2\x80\x99 [\x1b[01;35m\x1b[K\x1b]8;;https://gcc.gnu.org/onlinedocs/gcc/Warning-Options.html#index-Wunused-parameter\x07-Wunused-parameter\x1b]8;;\x07\x1b[m\x1b[K]\n'}
[0.480865] (CommunicationCenter) StderrLine: {'line': b'   96 |   STWCANMsg *setTorqueKP(\x1b[01;35m\x1b[Kuint8_t motor_id\x1b[m\x1b[K, float kp) override {\n'}
[0.480893] (CommunicationCenter) StderrLine: {'line': b'      |                          \x1b[01;35m\x1b[K~~~~~~~~^~~~~~~~\x1b[m\x1b[K\n'}
[0.480919] (CommunicationCenter) StderrLine: {'line': b'\x1b[01m\x1b[K/home/albusgive/rlfw/rlfw_deploy/src/CommunicationCenter/motor_driver/STWMotor.h:\x1b[m\x1b[K In member function \xe2\x80\x98\x1b[01m\x1b[Kvirtual STWCANMsg* STWMotor::\x1b[01;32m\x1b[KsetSafeTorque\x1b[m\x1b[K(uint8_t, float)\x1b[m\x1b[K\xe2\x80\x99:\n'}
[0.480940] (CommunicationCenter) StderrLine: {'line': b'\x1b[01m\x1b[K/home/albusgive/rlfw/rlfw_deploy/src/CommunicationCenter/motor_driver/STWMotor.h:103:36:\x1b[m\x1b[K \x1b[01;35m\x1b[Kwarning: \x1b[m\x1b[Kunused parameter \xe2\x80\x98\x1b[01m\x1b[Kmotor_id\x1b[m\x1b[K\xe2\x80\x99 [\x1b[01;35m\x1b[K\x1b]8;;https://gcc.gnu.org/onlinedocs/gcc/Warning-Options.html#index-Wunused-parameter\x07-Wunused-parameter\x1b]8;;\x07\x1b[m\x1b[K]\n'}
[0.480961] (CommunicationCenter) StderrLine: {'line': b'  103 |   STWCANMsg *setSafeTorque(\x1b[01;35m\x1b[Kuint8_t motor_id\x1b[m\x1b[K, float torque) override {\n'}
[0.480982] (CommunicationCenter) StderrLine: {'line': b'      |                            \x1b[01;35m\x1b[K~~~~~~~~^~~~~~~~\x1b[m\x1b[K\n'}
[0.481003] (CommunicationCenter) StderrLine: {'line': b'\x1b[01m\x1b[K/home/albusgive/rlfw/rlfw_deploy/src/CommunicationCenter/motor_driver/STWMotor.h:96:50:\x1b[m\x1b[K \x1b[01;35m\x1b[Kwarning: \x1b[m\x1b[Kunused parameter \xe2\x80\x98\x1b[01m\x1b[Kkp\x1b[m\x1b[K\xe2\x80\x99 [\x1b[01;35m\x1b[K\x1b]8;;https://gcc.gnu.org/onlinedocs/gcc/Warning-Options.html#index-Wunused-parameter\x07-Wunused-parameter\x1b]8;;\x07\x1b[m\x1b[K]\n'}
[0.481024] (CommunicationCenter) StderrLine: {'line': b'   96 |   STWCANMsg *setTorqueKP(uint8_t motor_id, \x1b[01;35m\x1b[Kfloat kp\x1b[m\x1b[K) override {\n'}
[0.481044] (CommunicationCenter) StderrLine: {'line': b'      |                                            \x1b[01;35m\x1b[K~~~~~~^~\x1b[m\x1b[K\n'}
[0.481064] (CommunicationCenter) StderrLine: {'line': b'\x1b[01m\x1b[K/home/albusgive/rlfw/rlfw_deploy/src/CommunicationCenter/motor_driver/STWMotor.h:103:52:\x1b[m\x1b[K \x1b[01;35m\x1b[Kwarning: \x1b[m\x1b[Kunused parameter \xe2\x80\x98\x1b[01m\x1b[Ktorque\x1b[m\x1b[K\xe2\x80\x99 [\x1b[01;35m\x1b[K\x1b]8;;https://gcc.gnu.org/onlinedocs/gcc/Warning-Options.html#index-Wunused-parameter\x07-Wunused-parameter\x1b]8;;\x07\x1b[m\x1b[K]\n'}
[0.481085] (CommunicationCenter) StderrLine: {'line': b'  103 |   STWCANMsg *setSafeTorque(uint8_t motor_id, \x1b[01;35m\x1b[Kfloat torque\x1b[m\x1b[K) override {\n'}
[0.481107] (CommunicationCenter) StderrLine: {'line': b'      |                                              \x1b[01;35m\x1b[K~~~~~~^~~~~~\x1b[m\x1b[K\n'}
[0.481128] (CommunicationCenter) StderrLine: {'line': b'\x1b[01m\x1b[K/home/albusgive/rlfw/rlfw_deploy/src/CommunicationCenter/motor_driver/STWMotor.h:\x1b[m\x1b[K In member function \xe2\x80\x98\x1b[01m\x1b[Kvirtual STWCANMsg* STWMotor::\x1b[01;32m\x1b[KsetTorqueKI\x1b[m\x1b[K(uint8_t, float)\x1b[m\x1b[K\xe2\x80\x99:\n'}
[0.481149] (CommunicationCenter) StderrLine: {'line': b'\x1b[01m\x1b[K/home/albusgive/rlfw/rlfw_deploy/src/CommunicationCenter/motor_driver/STWMotor.h:99:34:\x1b[m\x1b[K \x1b[01;35m\x1b[Kwarning: \x1b[m\x1b[Kunused parameter \xe2\x80\x98\x1b[01m\x1b[Kmotor_id\x1b[m\x1b[K\xe2\x80\x99 [\x1b[01;35m\x1b[K\x1b]8;;https://gcc.gnu.org/onlinedocs/gcc/Warning-Options.html#index-Wunused-parameter\x07-Wunused-parameter\x1b]8;;\x07\x1b[m\x1b[K]\n'}
[0.481170] (CommunicationCenter) StderrLine: {'line': b'   99 |   STWCANMsg *setTorqueKI(\x1b[01;35m\x1b[Kuint8_t motor_id\x1b[m\x1b[K, float ki) override {\n'}
[0.481189] (CommunicationCenter) StderrLine: {'line': b'      |                          \x1b[01;35m\x1b[K~~~~~~~~^~~~~~~~\x1b[m\x1b[K\n'}
[0.481211] (CommunicationCenter) StderrLine: {'line': b'\x1b[01m\x1b[K/home/albusgive/rlfw/rlfw_deploy/src/CommunicationCenter/motor_driver/STWMotor.h:\x1b[m\x1b[K In member function \xe2\x80\x98\x1b[01m\x1b[Kvirtual STWCANMsg* STWMotor::\x1b[01;32m\x1b[KsetSafePos\x1b[m\x1b[K(uint8_t, float)\x1b[m\x1b[K\xe2\x80\x99:\n'}
[0.481231] (CommunicationCenter) StderrLine: {'line': b'\x1b[01m\x1b[K/home/albusgive/rlfw/rlfw_deploy/src/CommunicationCenter/motor_driver/STWMotor.h:106:33:\x1b[m\x1b[K \x1b[01;35m\x1b[Kwarning: \x1b[m\x1b[Kunused parameter \xe2\x80\x98\x1b[01m\x1b[Kmotor_id\x1b[m\x1b[K\xe2\x80\x99 [\x1b[01;35m\x1b[K\x1b]8;;https://gcc.gnu.org/onlinedocs/gcc/Warning-Options.html#index-Wunused-parameter\x07-Wunused-parameter\x1b]8;;\x07\x1b[m\x1b[K]\n'}
[0.481255] (CommunicationCenter) StderrLine: {'line': b'  106 |   STWCANMsg *setSafePos(\x1b[01;35m\x1b[Kuint8_t motor_id\x1b[m\x1b[K, float pos) override {\n'}
[0.481278] (CommunicationCenter) StderrLine: {'line': b'      |                         \x1b[01;35m\x1b[K~~~~~~~~^~~~~~~~\x1b[m\x1b[K\n'}
[0.481301] (CommunicationCenter) StderrLine: {'line': b'\x1b[01m\x1b[K/home/albusgive/rlfw/rlfw_deploy/src/CommunicationCenter/motor_driver/STWMotor.h:99:50:\x1b[m\x1b[K \x1b[01;35m\x1b[Kwarning: \x1b[m\x1b[Kunused parameter \xe2\x80\x98\x1b[01m\x1b[Kki\x1b[m\x1b[K\xe2\x80\x99 [\x1b[01;35m\x1b[K\x1b]8;;https://gcc.gnu.org/onlinedocs/gcc/Warning-Options.html#index-Wunused-parameter\x07-Wunused-parameter\x1b]8;;\x07\x1b[m\x1b[K]\n'}
[0.481321] (CommunicationCenter) StderrLine: {'line': b'   99 |   STWCANMsg *setTorqueKI(uint8_t motor_id, \x1b[01;35m\x1b[Kfloat ki\x1b[m\x1b[K) override {\n'}
[0.481341] (CommunicationCenter) StderrLine: {'line': b'      |                                            \x1b[01;35m\x1b[K~~~~~~^~\x1b[m\x1b[K\n'}
[0.481360] (CommunicationCenter) StderrLine: {'line': b'\x1b[01m\x1b[K/home/albusgive/rlfw/rlfw_deploy/src/CommunicationCenter/motor_driver/STWMotor.h:106:49:\x1b[m\x1b[K \x1b[01;35m\x1b[Kwarning: \x1b[m\x1b[Kunused parameter \xe2\x80\x98\x1b[01m\x1b[Kpos\x1b[m\x1b[K\xe2\x80\x99 [\x1b[01;35m\x1b[K\x1b]8;;https://gcc.gnu.org/onlinedocs/gcc/Warning-Options.html#index-Wunused-parameter\x07-Wunused-parameter\x1b]8;;\x07\x1b[m\x1b[K]\n'}
[0.481381] (CommunicationCenter) StderrLine: {'line': b'  106 |   STWCANMsg *setSafePos(uint8_t motor_id, \x1b[01;35m\x1b[Kfloat pos\x1b[m\x1b[K) override {\n'}
[0.481402] (CommunicationCenter) StderrLine: {'line': b'      |                                           \x1b[01;35m\x1b[K~~~~~~^~~\x1b[m\x1b[K\n'}
[0.481423] (CommunicationCenter) StderrLine: {'line': b'\x1b[01m\x1b[K/home/albusgive/rlfw/rlfw_deploy/src/CommunicationCenter/motor_driver/STWMotor.h:\x1b[m\x1b[K In member function \xe2\x80\x98\x1b[01m\x1b[Kvirtual STWCANMsg* STWMotor::\x1b[01;32m\x1b[KsetSafeTorque\x1b[m\x1b[K(uint8_t, float)\x1b[m\x1b[K\xe2\x80\x99:\n'}
[0.481447] (CommunicationCenter) StderrLine: {'line': b'\x1b[01m\x1b[K/home/albusgive/rlfw/rlfw_deploy/src/CommunicationCenter/motor_driver/STWMotor.h:103:36:\x1b[m\x1b[K \x1b[01;35m\x1b[Kwarning: \x1b[m\x1b[Kunused parameter \xe2\x80\x98\x1b[01m\x1b[Kmotor_id\x1b[m\x1b[K\xe2\x80\x99 [\x1b[01;35m\x1b[K\x1b]8;;https://gcc.gnu.org/onlinedocs/gcc/Warning-Options.html#index-Wunused-parameter\x07-Wunused-parameter\x1b]8;;\x07\x1b[m\x1b[K]\n'}
[0.481467] (CommunicationCenter) StderrLine: {'line': b'  103 |   STWCANMsg *setSafeTorque(\x1b[01;35m\x1b[Kuint8_t motor_id\x1b[m\x1b[K, float torque) override {\n'}
[0.481487] (CommunicationCenter) StderrLine: {'line': b'      |                            \x1b[01;35m\x1b[K~~~~~~~~^~~~~~~~\x1b[m\x1b[K\n'}
[0.481507] (CommunicationCenter) StderrLine: {'line': b'\x1b[01m\x1b[K/home/albusgive/rlfw/rlfw_deploy/src/CommunicationCenter/motor_driver/STWMotor.h:103:52:\x1b[m\x1b[K \x1b[01;35m\x1b[Kwarning: \x1b[m\x1b[Kunused parameter \xe2\x80\x98\x1b[01m\x1b[Ktorque\x1b[m\x1b[K\xe2\x80\x99 [\x1b[01;35m\x1b[K\x1b]8;;https://gcc.gnu.org/onlinedocs/gcc/Warning-Options.html#index-Wunused-parameter\x07-Wunused-parameter\x1b]8;;\x07\x1b[m\x1b[K]\n'}
[0.481528] (CommunicationCenter) StderrLine: {'line': b'  103 |   STWCANMsg *setSafeTorque(uint8_t motor_id, \x1b[01;35m\x1b[Kfloat torque\x1b[m\x1b[K) override {\n'}
[0.481550] (CommunicationCenter) StderrLine: {'line': b'      |                                              \x1b[01;35m\x1b[K~~~~~~^~~~~~\x1b[m\x1b[K\n'}
[0.481571] (CommunicationCenter) StderrLine: {'line': b'\x1b[01m\x1b[K/home/albusgive/rlfw/rlfw_deploy/src/CommunicationCenter/motor_driver/STWMotor.h:\x1b[m\x1b[K In member function \xe2\x80\x98\x1b[01m\x1b[Kvirtual STWCANMsg* STWMotor::\x1b[01;32m\x1b[KsetSafeVel\x1b[m\x1b[K(uint8_t, float)\x1b[m\x1b[K\xe2\x80\x99:\n'}
[0.481590] (CommunicationCenter) StderrLine: {'line': b'\x1b[01m\x1b[K/home/albusgive/rlfw/rlfw_deploy/src/CommunicationCenter/motor_driver/STWMotor.h:109:33:\x1b[m\x1b[K \x1b[01;35m\x1b[Kwarning: \x1b[m\x1b[Kunused parameter \xe2\x80\x98\x1b[01m\x1b[Kmotor_id\x1b[m\x1b[K\xe2\x80\x99 [\x1b[01;35m\x1b[K\x1b]8;;https://gcc.gnu.org/onlinedocs/gcc/Warning-Options.html#index-Wunused-parameter\x07-Wunused-parameter\x1b]8;;\x07\x1b[m\x1b[K]\n'}
[0.481611] (CommunicationCenter) StderrLine: {'line': b'  109 |   STWCANMsg *setSafeVel(\x1b[01;35m\x1b[Kuint8_t motor_id\x1b[m\x1b[K, float vel) override {\n'}
[0.481631] (CommunicationCenter) StderrLine: {'line': b'      |                         \x1b[01;35m\x1b[K~~~~~~~~^~~~~~~~\x1b[m\x1b[K\n'}
[0.481651] (CommunicationCenter) StderrLine: {'line': b'\x1b[01m\x1b[K/home/albusgive/rlfw/rlfw_deploy/src/CommunicationCenter/motor_driver/STWMotor.h:\x1b[m\x1b[K In member function \xe2\x80\x98\x1b[01m\x1b[Kvirtual STWCANMsg* STWMotor::\x1b[01;32m\x1b[KsetSafePos\x1b[m\x1b[K(uint8_t, float)\x1b[m\x1b[K\xe2\x80\x99:\n'}
[0.481673] (CommunicationCenter) StderrLine: {'line': b'\x1b[01m\x1b[K/home/albusgive/rlfw/rlfw_deploy/src/CommunicationCenter/motor_driver/STWMotor.h:106:33:\x1b[m\x1b[K \x1b[01;35m\x1b[Kwarning: \x1b[m\x1b[Kunused parameter \xe2\x80\x98\x1b[01m\x1b[Kmotor_id\x1b[m\x1b[K\xe2\x80\x99 [\x1b[01;35m\x1b[K\x1b]8;;https://gcc.gnu.org/onlinedocs/gcc/Warning-Options.html#index-Wunused-parameter\x07-Wunused-parameter\x1b]8;;\x07\x1b[m\x1b[K]\n'}
[0.481694] (CommunicationCenter) StderrLine: {'line': b'  106 |   STWCANMsg *setSafePos(\x1b[01;35m\x1b[Kuint8_t motor_id\x1b[m\x1b[K, float pos) override {\n'}
[0.481715] (CommunicationCenter) StderrLine: {'line': b'      |                         \x1b[01;35m\x1b[K~~~~~~~~^~~~~~~~\x1b[m\x1b[K\n'}
[0.481734] (CommunicationCenter) StderrLine: {'line': b'\x1b[01m\x1b[K/home/albusgive/rlfw/rlfw_deploy/src/CommunicationCenter/motor_driver/STWMotor.h:106:49:\x1b[m\x1b[K \x1b[01;35m\x1b[Kwarning: \x1b[m\x1b[Kunused parameter \xe2\x80\x98\x1b[01m\x1b[Kpos\x1b[m\x1b[K\xe2\x80\x99 [\x1b[01;35m\x1b[K\x1b]8;;https://gcc.gnu.org/onlinedocs/gcc/Warning-Options.html#index-Wunused-parameter\x07-Wunused-parameter\x1b]8;;\x07\x1b[m\x1b[K]\n'}
[0.481756] (CommunicationCenter) StderrLine: {'line': b'  106 |   STWCANMsg *setSafePos(uint8_t motor_id, \x1b[01;35m\x1b[Kfloat pos\x1b[m\x1b[K) override {\n'}
[0.481777] (CommunicationCenter) StderrLine: {'line': b'      |                                           \x1b[01;35m\x1b[K~~~~~~^~~\x1b[m\x1b[K\n'}
[0.481797] (CommunicationCenter) StderrLine: {'line': b'\x1b[01m\x1b[K/home/albusgive/rlfw/rlfw_deploy/src/CommunicationCenter/motor_driver/STWMotor.h:109:49:\x1b[m\x1b[K \x1b[01;35m\x1b[Kwarning: \x1b[m\x1b[Kunused parameter \xe2\x80\x98\x1b[01m\x1b[Kvel\x1b[m\x1b[K\xe2\x80\x99 [\x1b[01;35m\x1b[K\x1b]8;;https://gcc.gnu.org/onlinedocs/gcc/Warning-Options.html#index-Wunused-parameter\x07-Wunused-parameter\x1b]8;;\x07\x1b[m\x1b[K]\n'}
[0.481818] (CommunicationCenter) StderrLine: {'line': b'  109 |   STWCANMsg *setSafeVel(uint8_t motor_id, \x1b[01;35m\x1b[Kfloat vel\x1b[m\x1b[K) override {\n'}
[0.481837] (CommunicationCenter) StderrLine: {'line': b'      |                                           \x1b[01;35m\x1b[K~~~~~~^~~\x1b[m\x1b[K\n'}
[0.481858] (CommunicationCenter) StderrLine: {'line': b'\x1b[01m\x1b[K/home/albusgive/rlfw/rlfw_deploy/src/CommunicationCenter/motor_driver/STWMotor.h:\x1b[m\x1b[K In member function \xe2\x80\x98\x1b[01m\x1b[Kvirtual STWCANMsg* STWMotor::\x1b[01;32m\x1b[KsetSafeVel\x1b[m\x1b[K(uint8_t, float)\x1b[m\x1b[K\xe2\x80\x99:\n'}
[0.481878] (CommunicationCenter) StderrLine: {'line': b'\x1b[01m\x1b[K/home/albusgive/rlfw/rlfw_deploy/src/CommunicationCenter/motor_driver/STWMotor.h:109:33:\x1b[m\x1b[K \x1b[01;35m\x1b[Kwarning: \x1b[m\x1b[Kunused parameter \xe2\x80\x98\x1b[01m\x1b[Kmotor_id\x1b[m\x1b[K\xe2\x80\x99 [\x1b[01;35m\x1b[K\x1b]8;;https://gcc.gnu.org/onlinedocs/gcc/Warning-Options.html#index-Wunused-parameter\x07-Wunused-parameter\x1b]8;;\x07\x1b[m\x1b[K]\n'}
[0.481903] (CommunicationCenter) StderrLine: {'line': b'  109 |   STWCANMsg *setSafeVel(\x1b[01;35m\x1b[Kuint8_t motor_id\x1b[m\x1b[K, float vel) override {\n'}
[0.481923] (CommunicationCenter) StderrLine: {'line': b'      |                         \x1b[01;35m\x1b[K~~~~~~~~^~~~~~~~\x1b[m\x1b[K\n'}
[0.481942] (CommunicationCenter) StderrLine: {'line': b'\x1b[01m\x1b[K/home/albusgive/rlfw/rlfw_deploy/src/CommunicationCenter/motor_driver/STWMotor.h:109:49:\x1b[m\x1b[K \x1b[01;35m\x1b[Kwarning: \x1b[m\x1b[Kunused parameter \xe2\x80\x98\x1b[01m\x1b[Kvel\x1b[m\x1b[K\xe2\x80\x99 [\x1b[01;35m\x1b[K\x1b]8;;https://gcc.gnu.org/onlinedocs/gcc/Warning-Options.html#index-Wunused-parameter\x07-Wunused-parameter\x1b]8;;\x07\x1b[m\x1b[K]\n'}
[0.481963] (CommunicationCenter) StderrLine: {'line': b'  109 |   STWCANMsg *setSafeVel(uint8_t motor_id, \x1b[01;35m\x1b[Kfloat vel\x1b[m\x1b[K) override {\n'}
[0.481983] (CommunicationCenter) StderrLine: {'line': b'      |                                           \x1b[01;35m\x1b[K~~~~~~^~~\x1b[m\x1b[K\n'}
[0.500942] (-) TimerEvent: {}
[0.601170] (-) TimerEvent: {}
[0.701415] (-) TimerEvent: {}
[0.801658] (-) TimerEvent: {}
[0.901955] (-) TimerEvent: {}
[1.002189] (-) TimerEvent: {}
[1.102469] (-) TimerEvent: {}
[1.202729] (-) TimerEvent: {}
[1.302944] (-) TimerEvent: {}
[1.403170] (-) TimerEvent: {}
[1.503481] (-) TimerEvent: {}
[1.603927] (-) TimerEvent: {}
[1.704177] (-) TimerEvent: {}
[1.804455] (-) TimerEvent: {}
[1.904678] (-) TimerEvent: {}
[2.004986] (-) TimerEvent: {}
[2.105213] (-) TimerEvent: {}
[2.205443] (-) TimerEvent: {}
[2.305741] (-) TimerEvent: {}
[2.406006] (-) TimerEvent: {}
[2.506258] (-) TimerEvent: {}
[2.606520] (-) TimerEvent: {}
[2.706822] (-) TimerEvent: {}
[2.807057] (-) TimerEvent: {}
[2.907311] (-) TimerEvent: {}
[3.007547] (-) TimerEvent: {}
[3.107758] (-) TimerEvent: {}
[3.207962] (-) TimerEvent: {}
[3.308212] (-) TimerEvent: {}
[3.408452] (-) TimerEvent: {}
[3.508688] (-) TimerEvent: {}
[3.608983] (-) TimerEvent: {}
[3.709281] (-) TimerEvent: {}
[3.809587] (-) TimerEvent: {}
[3.909834] (-) TimerEvent: {}
[4.010059] (-) TimerEvent: {}
[4.110307] (-) TimerEvent: {}
[4.210611] (-) TimerEvent: {}
[4.259054] (CommunicationCenter) StderrLine: {'line': b'\x1b[01m\x1b[K/home/albusgive/rlfw/rlfw_deploy/src/CommunicationCenter/src/CommunicationCenter.cpp:\x1b[m\x1b[K In member function \xe2\x80\x98\x1b[01m\x1b[Kvoid CommunicationCenter::\x1b[01;32m\x1b[KsendMotor\x1b[m\x1b[K(std::shared_ptr<rlfw_msgs::msg::JointCtrl_<std::allocator<void> > >)\x1b[m\x1b[K\xe2\x80\x99:\n'}
[4.259184] (CommunicationCenter) StderrLine: {'line': b'\x1b[01m\x1b[K/home/albusgive/rlfw/rlfw_deploy/src/CommunicationCenter/src/CommunicationCenter.cpp:199:23:\x1b[m\x1b[K \x1b[01;35m\x1b[Kwarning: \x1b[m\x1b[Kthis statement may fall through [\x1b[01;35m\x1b[K\x1b]8;;https://gcc.gnu.org/onlinedocs/gcc/Warning-Options.html#index-Wimplicit-fallthrough=\x07-Wimplicit-fallthrough=\x1b]8;;\x07\x1b[m\x1b[K]\n'}
[4.259216] (CommunicationCenter) StderrLine: {'line': b'  199 |     \x1b[01;35m\x1b[Kmotor->enableMotor(true)\x1b[m\x1b[K;\n'}
[4.259241] (CommunicationCenter) StderrLine: {'line': b'      |     \x1b[01;35m\x1b[K~~~~~~~~~~~~~~~~~~^~~~~~\x1b[m\x1b[K\n'}
[4.259264] (CommunicationCenter) StderrLine: {'line': b'\x1b[01m\x1b[K/home/albusgive/rlfw/rlfw_deploy/src/CommunicationCenter/src/CommunicationCenter.cpp:201:3:\x1b[m\x1b[K \x1b[01;36m\x1b[Knote: \x1b[m\x1b[Khere\n'}
[4.259286] (CommunicationCenter) StderrLine: {'line': b'  201 |   \x1b[01;36m\x1b[Kcase\x1b[m\x1b[K MotorCtrlType::DISABLE: {\n'}
[4.259307] (CommunicationCenter) StderrLine: {'line': b'      |   \x1b[01;36m\x1b[K^~~~\x1b[m\x1b[K\n'}
[4.310732] (-) TimerEvent: {}
[4.410982] (-) TimerEvent: {}
[4.511217] (-) TimerEvent: {}
[4.611461] (-) TimerEvent: {}
[4.711698] (-) TimerEvent: {}
[4.811957] (-) TimerEvent: {}
[4.912203] (-) TimerEvent: {}
[5.012431] (-) TimerEvent: {}
[5.112633] (-) TimerEvent: {}
[5.212871] (-) TimerEvent: {}
[5.313093] (-) TimerEvent: {}
[5.413322] (-) TimerEvent: {}
[5.513590] (-) TimerEvent: {}
[5.613873] (-) TimerEvent: {}
[5.714080] (-) TimerEvent: {}
[5.814302] (-) TimerEvent: {}
[5.914526] (-) TimerEvent: {}
[6.014745] (-) TimerEvent: {}
[6.114960] (-) TimerEvent: {}
[6.215184] (-) TimerEvent: {}
[6.315474] (-) TimerEvent: {}
[6.415698] (-) TimerEvent: {}
[6.515930] (-) TimerEvent: {}
[6.616131] (-) TimerEvent: {}
[6.716359] (-) TimerEvent: {}
[6.816583] (-) TimerEvent: {}
[6.916811] (-) TimerEvent: {}
[7.017041] (-) TimerEvent: {}
[7.117241] (-) TimerEvent: {}
[7.217473] (-) TimerEvent: {}
[7.317715] (-) TimerEvent: {}
[7.417962] (-) TimerEvent: {}
[7.518169] (-) TimerEvent: {}
[7.618476] (-) TimerEvent: {}
[7.718704] (-) TimerEvent: {}
[7.818919] (-) TimerEvent: {}
[7.919135] (-) TimerEvent: {}
[8.019388] (-) TimerEvent: {}
[8.119631] (-) TimerEvent: {}
[8.219958] (-) TimerEvent: {}
[8.320343] (-) TimerEvent: {}
[8.420579] (-) TimerEvent: {}
[8.520818] (-) TimerEvent: {}
[8.621091] (-) TimerEvent: {}
[8.721379] (-) TimerEvent: {}
[8.821647] (-) TimerEvent: {}
[8.913230] (CommunicationCenter) StdoutLine: {'line': b'[ 58%] \x1b[32m\x1b[1mLinking CXX executable CommunicationCenter\x1b[0m\n'}
[8.921725] (-) TimerEvent: {}
[9.021950] (-) TimerEvent: {}
[9.122254] (-) TimerEvent: {}
[9.222474] (-) TimerEvent: {}
[9.322711] (-) TimerEvent: {}
[9.422076] (CommunicationCenter) StdoutLine: {'line': b'[100%] Built target CommunicationCenter\n'}
[9.422770] (-) TimerEvent: {}
[9.429240] (CommunicationCenter) CommandEnded: {'returncode': 0}
[9.429662] (CommunicationCenter) JobProgress: {'identifier': 'CommunicationCenter', 'progress': 'install'}
[9.434434] (CommunicationCenter) Command: {'cmd': ['/usr/bin/cmake', '--install', '/home/albusgive/rlfw/rlfw_deploy/build/CommunicationCenter'], 'cwd': '/home/albusgive/rlfw/rlfw_deploy/build/CommunicationCenter', 'env': OrderedDict([('LESSOPEN', '| /usr/bin/lesspipe %s'), ('HTTPS_PROXY', 'http://127.0.0.1:7897/'), ('no_proxy', 'localhost,127.0.0.1,192.168.0.0/16,10.0.0.0/8,172.16.0.0/12,172.29.0.0/16,::1'), ('LANGUAGE', 'zh_CN:zh'), ('USER', 'albusgive'), ('all_proxy', 'socks://127.0.0.1:7897/'), ('XDG_SESSION_TYPE', 'wayland'), ('GIT_ASKPASS', '/usr/share/code/resources/app/extensions/git/dist/askpass.sh'), ('SHLVL', '2'), ('LD_LIBRARY_PATH', '/home/albusgive/Qt/6.9.0/gcc_64/lib:/opt/rocm/lib:/home/albusgive/Qt/6.9.0/gcc_64/lib:/home/albusgive/rlfw/rlfw_interface/install/rlfw_msgs/lib:/opt/rocm/lib:/opt/ros/humble/opt/rviz_ogre_vendor/lib:/opt/ros/humble/lib/x86_64-linux-gnu:/opt/ros/humble/lib'), ('HOME', '/home/albusgive'), ('CHROME_DESKTOP', 'code.desktop'), ('CONDA_SHLVL', '0'), ('OLDPWD', '/home/albusgive/rlfw/rlfw_deploy/src'), ('TERM_PROGRAM_VERSION', '1.97.0'), ('DESKTOP_SESSION', 'ubuntu'), ('NO_PROXY', 'localhost,127.0.0.1,192.168.0.0/16,10.0.0.0/8,172.16.0.0/12,172.29.0.0/16,::1'), ('ROS_PYTHON_VERSION', '3'), ('GNOME_SHELL_SESSION_MODE', 'ubuntu'), ('GTK_MODULES', 'gail:atk-bridge'), ('VSCODE_GIT_ASKPASS_MAIN', '/usr/share/code/resources/app/extensions/git/dist/askpass-main.js'), ('VSCODE_GIT_ASKPASS_NODE', '/usr/share/code/code'), ('DBUS_STARTER_BUS_TYPE', 'session'), ('SYSTEMD_EXEC_PID', '2225'), ('DBUS_SESSION_BUS_ADDRESS', 'unix:path=/run/user/1000/bus,guid=00b124f75750c3840f2623ad683d95a5'), ('COLORTERM', 'truecolor'), ('_CE_M', ''), ('IM_CONFIG_PHASE', '1'), ('WAYLAND_DISPLAY', 'wayland-0'), ('https_proxy', 'http://127.0.0.1:7897'), ('COLCON_PREFIX_PATH', '/home/albusgive/rlfw/rlfw_deploy/install:/home/albusgive/rlfw/rlfw_interface/install'), ('ROS_DISTRO', 'humble'), ('LOGNAME', 'albusgive'), ('ALL_PROXY', 'socks://127.0.0.1:7897/'), ('http_proxy', 'http://127.0.0.1:7897'), ('_', '/usr/bin/colcon'), ('ROS_VERSION', '2'), ('XDG_SESSION_CLASS', 'user'), ('USERNAME', 'albusgive'), ('TERM', 'xterm-256color'), ('GNOME_DESKTOP_SESSION_ID', 'this-is-deprecated'), ('_CE_CONDA', ''), ('ROS_LOCALHOST_ONLY', '0'), ('PATH', '/home/albusgive/Qt/6.9.0/gcc_64/bin:/home/albusgive/Qt/6.9.0/gcc_64/bin:/opt/ros/humble/bin:/home/albusgive/anaconda3/condabin:/usr/local/sbin:/usr/local/bin:/usr/sbin:/usr/bin:/sbin:/bin:/usr/games:/usr/local/games:/snap/bin:/snap/bin'), ('SESSION_MANAGER', 'local/albusgive:@/tmp/.ICE-unix/2225,unix/albusgive:/tmp/.ICE-unix/2225'), ('XDG_MENU_PREFIX', 'gnome-'), ('GNOME_TERMINAL_SCREEN', '/org/gnome/Terminal/screen/cec30dda_8922_4487_9fcf_e037776dbbff'), ('GNOME_SETUP_DISPLAY', ':1'), ('XDG_RUNTIME_DIR', '/run/user/1000'), ('GDK_BACKEND', 'x11'), ('DISPLAY', ':0'), ('LANG', 'zh_CN.UTF-8'), ('XDG_CURRENT_DESKTOP', 'Unity'), ('ROCM_PATH', '/opt/rocm'), ('XMODIFIERS', '@im=ibus'), ('XDG_SESSION_DESKTOP', 'ubuntu'), ('XAUTHORITY', '/run/user/1000/.mutter-Xwaylandauth.UKGL72'), ('LS_COLORS', 'rs=0:di=01;34:ln=01;36:mh=00:pi=40;33:so=01;35:do=01;35:bd=40;33;01:cd=40;33;01:or=40;31;01:mi=00:su=37;41:sg=30;43:ca=30;41:tw=30;42:ow=34;42:st=37;44:ex=01;32:*.tar=01;31:*.tgz=01;31:*.arc=01;31:*.arj=01;31:*.taz=01;31:*.lha=01;31:*.lz4=01;31:*.lzh=01;31:*.lzma=01;31:*.tlz=01;31:*.txz=01;31:*.tzo=01;31:*.t7z=01;31:*.zip=01;31:*.z=01;31:*.dz=01;31:*.gz=01;31:*.lrz=01;31:*.lz=01;31:*.lzo=01;31:*.xz=01;31:*.zst=01;31:*.tzst=01;31:*.bz2=01;31:*.bz=01;31:*.tbz=01;31:*.tbz2=01;31:*.tz=01;31:*.deb=01;31:*.rpm=01;31:*.jar=01;31:*.war=01;31:*.ear=01;31:*.sar=01;31:*.rar=01;31:*.alz=01;31:*.ace=01;31:*.zoo=01;31:*.cpio=01;31:*.7z=01;31:*.rz=01;31:*.cab=01;31:*.wim=01;31:*.swm=01;31:*.dwm=01;31:*.esd=01;31:*.jpg=01;35:*.jpeg=01;35:*.mjpg=01;35:*.mjpeg=01;35:*.gif=01;35:*.bmp=01;35:*.pbm=01;35:*.pgm=01;35:*.ppm=01;35:*.tga=01;35:*.xbm=01;35:*.xpm=01;35:*.tif=01;35:*.tiff=01;35:*.png=01;35:*.svg=01;35:*.svgz=01;35:*.mng=01;35:*.pcx=01;35:*.mov=01;35:*.mpg=01;35:*.mpeg=01;35:*.m2v=01;35:*.mkv=01;35:*.webm=01;35:*.webp=01;35:*.ogm=01;35:*.mp4=01;35:*.m4v=01;35:*.mp4v=01;35:*.vob=01;35:*.qt=01;35:*.nuv=01;35:*.wmv=01;35:*.asf=01;35:*.rm=01;35:*.rmvb=01;35:*.flc=01;35:*.avi=01;35:*.fli=01;35:*.flv=01;35:*.gl=01;35:*.dl=01;35:*.xcf=01;35:*.xwd=01;35:*.yuv=01;35:*.cgm=01;35:*.emf=01;35:*.ogv=01;35:*.ogx=01;35:*.aac=00;36:*.au=00;36:*.flac=00;36:*.m4a=00;36:*.mid=00;36:*.midi=00;36:*.mka=00;36:*.mp3=00;36:*.mpc=00;36:*.ogg=00;36:*.ra=00;36:*.wav=00;36:*.oga=00;36:*.opus=00;36:*.spx=00;36:*.xspf=00;36:'), ('VSCODE_GIT_IPC_HANDLE', '/run/user/1000/vscode-git-a3b7cadb31.sock'), ('GNOME_TERMINAL_SERVICE', ':1.131'), ('TERM_PROGRAM', 'vscode'), ('SSH_AGENT_LAUNCHER', 'gnome-keyring'), ('SSH_AUTH_SOCK', '/run/user/1000/keyring/ssh'), ('AMENT_PREFIX_PATH', '/home/albusgive/rlfw/rlfw_deploy/install/CommunicationCenter:/home/albusgive/rlfw/rlfw_interface/install/rlfw_msgs:/opt/ros/humble'), ('CONDA_PYTHON_EXE', '/home/albusgive/anaconda3/bin/python'), ('ORIGINAL_XDG_CURRENT_DESKTOP', 'ubuntu:GNOME'), ('SHELL', '/bin/bash'), ('QT_ACCESSIBILITY', '1'), ('GDMSESSION', 'ubuntu'), ('LESSCLOSE', '/usr/bin/lesspipe %s %s'), ('VSCODE_GIT_ASKPASS_EXTRA_ARGS', ''), ('QT_IM_MODULE', 'ibus'), ('PWD', '/home/albusgive/rlfw/rlfw_deploy/build/CommunicationCenter'), ('XDG_CONFIG_DIRS', '/etc/xdg/xdg-ubuntu:/etc/xdg'), ('CONDA_EXE', '/home/albusgive/anaconda3/bin/conda'), ('DBUS_STARTER_ADDRESS', 'unix:path=/run/user/1000/bus,guid=00b124f75750c3840f2623ad683d95a5'), ('XDG_DATA_DIRS', '/usr/share/ubuntu:/usr/local/share/:/usr/share/:/var/lib/snapd/desktop'), ('PYTHONPATH', '/home/albusgive/rlfw/rlfw_interface/install/rlfw_msgs/local/lib/python3.10/dist-packages:/opt/ros/humble/lib/python3.10/site-packages:/opt/ros/humble/local/lib/python3.10/dist-packages'), ('HTTP_PROXY', 'http://127.0.0.1:7897/'), ('COLCON', '1'), ('VTE_VERSION', '6800'), ('CMAKE_PREFIX_PATH', '/home/albusgive/rlfw/rlfw_deploy/install/CommunicationCenter:/home/albusgive/rlfw/rlfw_interface/install/rlfw_msgs:/opt/ros/humble')]), 'shell': False}
[9.438803] (CommunicationCenter) StdoutLine: {'line': b'-- Install configuration: ""\n'}
[9.438981] (CommunicationCenter) StdoutLine: {'line': b'-- Installing: /home/albusgive/rlfw/rlfw_deploy/install/CommunicationCenter/lib/CommunicationCenter/CommunicationCenter\n'}
[9.442292] (CommunicationCenter) StdoutLine: {'line': b'-- Set runtime path of "/home/albusgive/rlfw/rlfw_deploy/install/CommunicationCenter/lib/CommunicationCenter/CommunicationCenter" to ""\n'}
[9.442357] (CommunicationCenter) StdoutLine: {'line': b'-- Installing: /home/albusgive/rlfw/rlfw_deploy/install/CommunicationCenter/share/robot_cfg.xml\n'}
[9.442404] (CommunicationCenter) StdoutLine: {'line': b'-- Installing: /home/albusgive/rlfw/rlfw_deploy/install/CommunicationCenter/share/ament_index/resource_index/package_run_dependencies/CommunicationCenter\n'}
[9.442448] (CommunicationCenter) StdoutLine: {'line': b'-- Installing: /home/albusgive/rlfw/rlfw_deploy/install/CommunicationCenter/share/ament_index/resource_index/parent_prefix_path/CommunicationCenter\n'}
[9.442493] (CommunicationCenter) StdoutLine: {'line': b'-- Installing: /home/albusgive/rlfw/rlfw_deploy/install/CommunicationCenter/share/CommunicationCenter/environment/ament_prefix_path.sh\n'}
[9.442532] (CommunicationCenter) StdoutLine: {'line': b'-- Installing: /home/albusgive/rlfw/rlfw_deploy/install/CommunicationCenter/share/CommunicationCenter/environment/ament_prefix_path.dsv\n'}
[9.442568] (CommunicationCenter) StdoutLine: {'line': b'-- Installing: /home/albusgive/rlfw/rlfw_deploy/install/CommunicationCenter/share/CommunicationCenter/environment/path.sh\n'}
[9.442606] (CommunicationCenter) StdoutLine: {'line': b'-- Installing: /home/albusgive/rlfw/rlfw_deploy/install/CommunicationCenter/share/CommunicationCenter/environment/path.dsv\n'}
[9.442650] (CommunicationCenter) StdoutLine: {'line': b'-- Installing: /home/albusgive/rlfw/rlfw_deploy/install/CommunicationCenter/share/CommunicationCenter/local_setup.bash\n'}
[9.442691] (CommunicationCenter) StdoutLine: {'line': b'-- Installing: /home/albusgive/rlfw/rlfw_deploy/install/CommunicationCenter/share/CommunicationCenter/local_setup.sh\n'}
[9.442732] (CommunicationCenter) StdoutLine: {'line': b'-- Installing: /home/albusgive/rlfw/rlfw_deploy/install/CommunicationCenter/share/CommunicationCenter/local_setup.zsh\n'}
[9.442777] (CommunicationCenter) StdoutLine: {'line': b'-- Installing: /home/albusgive/rlfw/rlfw_deploy/install/CommunicationCenter/share/CommunicationCenter/local_setup.dsv\n'}
[9.442814] (CommunicationCenter) StdoutLine: {'line': b'-- Installing: /home/albusgive/rlfw/rlfw_deploy/install/CommunicationCenter/share/CommunicationCenter/package.dsv\n'}
[9.442891] (CommunicationCenter) StdoutLine: {'line': b'-- Installing: /home/albusgive/rlfw/rlfw_deploy/install/CommunicationCenter/share/ament_index/resource_index/packages/CommunicationCenter\n'}
[9.442942] (CommunicationCenter) StdoutLine: {'line': b'-- Installing: /home/albusgive/rlfw/rlfw_deploy/install/CommunicationCenter/share/CommunicationCenter/cmake/CommunicationCenterConfig.cmake\n'}
[9.442982] (CommunicationCenter) StdoutLine: {'line': b'-- Installing: /home/albusgive/rlfw/rlfw_deploy/install/CommunicationCenter/share/CommunicationCenter/cmake/CommunicationCenterConfig-version.cmake\n'}
[9.443020] (CommunicationCenter) StdoutLine: {'line': b'-- Installing: /home/albusgive/rlfw/rlfw_deploy/install/CommunicationCenter/share/CommunicationCenter/package.xml\n'}
[9.443222] (CommunicationCenter) StdoutLine: {'line': b'-- Installing: /home/albusgive/rlfw/rlfw_deploy/install/CommunicationCenter/lib/libtinyxml2.a\n'}
[9.443470] (CommunicationCenter) StdoutLine: {'line': b'-- Installing: /home/albusgive/rlfw/rlfw_deploy/install/CommunicationCenter/lib/cmake/tinyxml2/tinyxml2-static-targets.cmake\n'}
[9.443526] (CommunicationCenter) StdoutLine: {'line': b'-- Installing: /home/albusgive/rlfw/rlfw_deploy/install/CommunicationCenter/lib/cmake/tinyxml2/tinyxml2-static-targets-noconfig.cmake\n'}
[9.443563] (CommunicationCenter) StdoutLine: {'line': b'-- Installing: /home/albusgive/rlfw/rlfw_deploy/install/CommunicationCenter/lib/cmake/tinyxml2/tinyxml2-config.cmake\n'}
[9.443601] (CommunicationCenter) StdoutLine: {'line': b'-- Installing: /home/albusgive/rlfw/rlfw_deploy/install/CommunicationCenter/lib/cmake/tinyxml2/tinyxml2-config-version.cmake\n'}
[9.443635] (CommunicationCenter) StdoutLine: {'line': b'-- Installing: /home/albusgive/rlfw/rlfw_deploy/install/CommunicationCenter/include/tinyxml2.h\n'}
[9.443734] (CommunicationCenter) StdoutLine: {'line': b'-- Installing: /home/albusgive/rlfw/rlfw_deploy/install/CommunicationCenter/lib/pkgconfig/tinyxml2.pc\n'}
[9.444821] (CommunicationCenter) CommandEnded: {'returncode': 0}
[9.452962] (CommunicationCenter) JobEnded: {'identifier': 'CommunicationCenter', 'rc': 0}
[9.454240] (-) EventReactorShutdown: {}
