[0.000000] (-) TimerEvent: {}
[0.000309] (-) JobUnselected: {'identifier': 'agent'}
[0.000373] (-) JobUnselected: {'identifier': 'mujoco_mapping'}
[0.000392] (-) JobUnselected: {'identifier': 'nz-imu'}
[0.000410] (CommunicationCenter) JobQueued: {'identifier': 'CommunicationCenter', 'dependencies': OrderedDict()}
[0.000429] (CommunicationCenter) JobStarted: {'identifier': 'CommunicationCenter'}
[0.051142] (CommunicationCenter) JobProgress: {'identifier': 'CommunicationCenter', 'progress': 'cmake'}
[0.054407] (CommunicationCenter) JobProgress: {'identifier': 'CommunicationCenter', 'progress': 'build'}
[0.054526] (CommunicationCenter) Command: {'cmd': ['/usr/bin/cmake', '--build', '/home/albusgive/rlfw/rlfw_deploy/build/CommunicationCenter', '--', '-j20', '-l20'], 'cwd': '/home/albusgive/rlfw/rlfw_deploy/build/CommunicationCenter', 'env': OrderedDict([('LESSOPEN', '| /usr/bin/lesspipe %s'), ('HTTPS_PROXY', 'http://127.0.0.1:7897/'), ('no_proxy', 'localhost,127.0.0.1,192.168.0.0/16,10.0.0.0/8,172.16.0.0/12,172.29.0.0/16,::1'), ('LANGUAGE', 'zh_CN:zh'), ('USER', 'albusgive'), ('all_proxy', 'socks://127.0.0.1:7897/'), ('XDG_SESSION_TYPE', 'wayland'), ('GIT_ASKPASS', '/usr/share/code/resources/app/extensions/git/dist/askpass.sh'), ('SHLVL', '2'), ('LD_LIBRARY_PATH', '/home/albusgive/Qt/6.9.0/gcc_64/lib:/opt/rocm/lib:/home/albusgive/Qt/6.9.0/gcc_64/lib:/home/albusgive/rlfw/rlfw_interface/install/rlfw_msgs/lib:/opt/rocm/lib:/opt/ros/humble/opt/rviz_ogre_vendor/lib:/opt/ros/humble/lib/x86_64-linux-gnu:/opt/ros/humble/lib'), ('HOME', '/home/albusgive'), ('CHROME_DESKTOP', 'code.desktop'), ('CONDA_SHLVL', '0'), ('OLDPWD', '/home/albusgive/rlfw/rlfw_deploy/src'), ('TERM_PROGRAM_VERSION', '1.97.0'), ('DESKTOP_SESSION', 'ubuntu'), ('NO_PROXY', 'localhost,127.0.0.1,192.168.0.0/16,10.0.0.0/8,172.16.0.0/12,172.29.0.0/16,::1'), ('ROS_PYTHON_VERSION', '3'), ('GNOME_SHELL_SESSION_MODE', 'ubuntu'), ('GTK_MODULES', 'gail:atk-bridge'), ('VSCODE_GIT_ASKPASS_MAIN', '/usr/share/code/resources/app/extensions/git/dist/askpass-main.js'), ('VSCODE_GIT_ASKPASS_NODE', '/usr/share/code/code'), ('DBUS_STARTER_BUS_TYPE', 'session'), ('SYSTEMD_EXEC_PID', '2058'), ('DBUS_SESSION_BUS_ADDRESS', 'unix:path=/run/user/1000/bus,guid=563c7c6506e02edb2c3350396845239d'), ('COLORTERM', 'truecolor'), ('_CE_M', ''), ('IM_CONFIG_PHASE', '1'), ('WAYLAND_DISPLAY', 'wayland-0'), ('https_proxy', 'http://127.0.0.1:7897'), ('COLCON_PREFIX_PATH', '/home/albusgive/rlfw/rlfw_interface/install'), ('ROS_DISTRO', 'humble'), ('LOGNAME', 'albusgive'), ('ALL_PROXY', 'socks://127.0.0.1:7897/'), ('http_proxy', 'http://127.0.0.1:7897'), ('_', '/usr/bin/colcon'), ('ROS_VERSION', '2'), ('XDG_SESSION_CLASS', 'user'), ('USERNAME', 'albusgive'), ('TERM', 'xterm-256color'), ('GNOME_DESKTOP_SESSION_ID', 'this-is-deprecated'), ('_CE_CONDA', ''), ('ROS_LOCALHOST_ONLY', '0'), ('PATH', '/home/albusgive/Qt/6.9.0/gcc_64/bin:/home/albusgive/Qt/6.9.0/gcc_64/bin:/opt/ros/humble/bin:/home/albusgive/anaconda3/condabin:/usr/local/sbin:/usr/local/bin:/usr/sbin:/usr/bin:/sbin:/bin:/usr/games:/usr/local/games:/snap/bin:/snap/bin'), ('SESSION_MANAGER', 'local/albusgive:@/tmp/.ICE-unix/2058,unix/albusgive:/tmp/.ICE-unix/2058'), ('XDG_MENU_PREFIX', 'gnome-'), ('GNOME_TERMINAL_SCREEN', '/org/gnome/Terminal/screen/020b2ae5_c27d_4627_bba9_5610026bbd55'), ('GNOME_SETUP_DISPLAY', ':1'), ('XDG_RUNTIME_DIR', '/run/user/1000'), ('GDK_BACKEND', 'x11'), ('DISPLAY', ':0'), ('LANG', 'zh_CN.UTF-8'), ('XDG_CURRENT_DESKTOP', 'Unity'), ('ROCM_PATH', '/opt/rocm'), ('XMODIFIERS', '@im=ibus'), ('XDG_SESSION_DESKTOP', 'ubuntu'), ('XAUTHORITY', '/run/user/1000/.mutter-Xwaylandauth.KBKO72'), ('LS_COLORS', 'rs=0:di=01;34:ln=01;36:mh=00:pi=40;33:so=01;35:do=01;35:bd=40;33;01:cd=40;33;01:or=40;31;01:mi=00:su=37;41:sg=30;43:ca=30;41:tw=30;42:ow=34;42:st=37;44:ex=01;32:*.tar=01;31:*.tgz=01;31:*.arc=01;31:*.arj=01;31:*.taz=01;31:*.lha=01;31:*.lz4=01;31:*.lzh=01;31:*.lzma=01;31:*.tlz=01;31:*.txz=01;31:*.tzo=01;31:*.t7z=01;31:*.zip=01;31:*.z=01;31:*.dz=01;31:*.gz=01;31:*.lrz=01;31:*.lz=01;31:*.lzo=01;31:*.xz=01;31:*.zst=01;31:*.tzst=01;31:*.bz2=01;31:*.bz=01;31:*.tbz=01;31:*.tbz2=01;31:*.tz=01;31:*.deb=01;31:*.rpm=01;31:*.jar=01;31:*.war=01;31:*.ear=01;31:*.sar=01;31:*.rar=01;31:*.alz=01;31:*.ace=01;31:*.zoo=01;31:*.cpio=01;31:*.7z=01;31:*.rz=01;31:*.cab=01;31:*.wim=01;31:*.swm=01;31:*.dwm=01;31:*.esd=01;31:*.jpg=01;35:*.jpeg=01;35:*.mjpg=01;35:*.mjpeg=01;35:*.gif=01;35:*.bmp=01;35:*.pbm=01;35:*.pgm=01;35:*.ppm=01;35:*.tga=01;35:*.xbm=01;35:*.xpm=01;35:*.tif=01;35:*.tiff=01;35:*.png=01;35:*.svg=01;35:*.svgz=01;35:*.mng=01;35:*.pcx=01;35:*.mov=01;35:*.mpg=01;35:*.mpeg=01;35:*.m2v=01;35:*.mkv=01;35:*.webm=01;35:*.webp=01;35:*.ogm=01;35:*.mp4=01;35:*.m4v=01;35:*.mp4v=01;35:*.vob=01;35:*.qt=01;35:*.nuv=01;35:*.wmv=01;35:*.asf=01;35:*.rm=01;35:*.rmvb=01;35:*.flc=01;35:*.avi=01;35:*.fli=01;35:*.flv=01;35:*.gl=01;35:*.dl=01;35:*.xcf=01;35:*.xwd=01;35:*.yuv=01;35:*.cgm=01;35:*.emf=01;35:*.ogv=01;35:*.ogx=01;35:*.aac=00;36:*.au=00;36:*.flac=00;36:*.m4a=00;36:*.mid=00;36:*.midi=00;36:*.mka=00;36:*.mp3=00;36:*.mpc=00;36:*.ogg=00;36:*.ra=00;36:*.wav=00;36:*.oga=00;36:*.opus=00;36:*.spx=00;36:*.xspf=00;36:'), ('VSCODE_GIT_IPC_HANDLE', '/run/user/1000/vscode-git-a3b7cadb31.sock'), ('GNOME_TERMINAL_SERVICE', ':1.185'), ('TERM_PROGRAM', 'vscode'), ('SSH_AGENT_LAUNCHER', 'gnome-keyring'), ('SSH_AUTH_SOCK', '/run/user/1000/keyring/ssh'), ('AMENT_PREFIX_PATH', '/home/albusgive/rlfw/rlfw_interface/install/rlfw_msgs:/opt/ros/humble'), ('CONDA_PYTHON_EXE', '/home/albusgive/anaconda3/bin/python'), ('ORIGINAL_XDG_CURRENT_DESKTOP', 'ubuntu:GNOME'), ('SHELL', '/bin/bash'), ('QT_ACCESSIBILITY', '1'), ('GDMSESSION', 'ubuntu'), ('LESSCLOSE', '/usr/bin/lesspipe %s %s'), ('VSCODE_GIT_ASKPASS_EXTRA_ARGS', ''), ('QT_IM_MODULE', 'ibus'), ('PWD', '/home/albusgive/rlfw/rlfw_deploy/build/CommunicationCenter'), ('XDG_CONFIG_DIRS', '/etc/xdg/xdg-ubuntu:/etc/xdg'), ('CONDA_EXE', '/home/albusgive/anaconda3/bin/conda'), ('DBUS_STARTER_ADDRESS', 'unix:path=/run/user/1000/bus,guid=563c7c6506e02edb2c3350396845239d'), ('XDG_DATA_DIRS', '/usr/share/ubuntu:/usr/local/share/:/usr/share/:/var/lib/snapd/desktop'), ('PYTHONPATH', '/home/albusgive/rlfw/rlfw_interface/install/rlfw_msgs/local/lib/python3.10/dist-packages:/opt/ros/humble/lib/python3.10/site-packages:/opt/ros/humble/local/lib/python3.10/dist-packages'), ('HTTP_PROXY', 'http://127.0.0.1:7897/'), ('COLCON', '1'), ('VTE_VERSION', '6800'), ('CMAKE_PREFIX_PATH', '/home/albusgive/rlfw/rlfw_interface/install/rlfw_msgs:/opt/ros/humble')]), 'shell': False}
[0.099788] (-) TimerEvent: {}
[0.118160] (CommunicationCenter) StdoutLine: {'line': b'-- Found ament_cmake: 1.3.11 (/opt/ros/humble/share/ament_cmake/cmake)\n'}
[0.199895] (-) TimerEvent: {}
[0.237078] (CommunicationCenter) StdoutLine: {'line': b'-- Found rclcpp: 16.0.11 (/opt/ros/humble/share/rclcpp/cmake)\n'}
[0.253248] (CommunicationCenter) StdoutLine: {'line': b'-- Found rosidl_generator_c: 3.1.6 (/opt/ros/humble/share/rosidl_generator_c/cmake)\n'}
[0.254475] (CommunicationCenter) StdoutLine: {'line': b'-- Found rosidl_adapter: 3.1.6 (/opt/ros/humble/share/rosidl_adapter/cmake)\n'}
[0.257424] (CommunicationCenter) StdoutLine: {'line': b'-- Found rosidl_generator_cpp: 3.1.6 (/opt/ros/humble/share/rosidl_generator_cpp/cmake)\n'}
[0.262901] (CommunicationCenter) StdoutLine: {'line': b'-- Using all available rosidl_typesupport_c: rosidl_typesupport_fastrtps_c;rosidl_typesupport_introspection_c\n'}
[0.269167] (CommunicationCenter) StdoutLine: {'line': b'-- Using all available rosidl_typesupport_cpp: rosidl_typesupport_fastrtps_cpp;rosidl_typesupport_introspection_cpp\n'}
[0.285505] (CommunicationCenter) StdoutLine: {'line': b'-- Found rmw_implementation_cmake: 6.1.2 (/opt/ros/humble/share/rmw_implementation_cmake/cmake)\n'}
[0.286129] (CommunicationCenter) StdoutLine: {'line': b'-- Found rmw_fastrtps_cpp: 6.2.7 (/opt/ros/humble/share/rmw_fastrtps_cpp/cmake)\n'}
[0.300002] (-) TimerEvent: {}
[0.375255] (CommunicationCenter) StdoutLine: {'line': b"-- Using RMW implementation 'rmw_fastrtps_cpp' as default\n"}
[0.400104] (-) TimerEvent: {}
[0.405452] (CommunicationCenter) StdoutLine: {'line': b'-- Found example_interfaces: 0.9.3 (/opt/ros/humble/share/example_interfaces/cmake)\n'}
[0.424760] (CommunicationCenter) StdoutLine: {'line': b'-- Found rlfw_msgs: 0.0.0 (/home/albusgive/rlfw/rlfw_interface/install/rlfw_msgs/share/rlfw_msgs/cmake)\n'}
[0.431283] (CommunicationCenter) StdoutLine: {'line': b'-- Found tf2_geometry_msgs: 0.25.11 (/opt/ros/humble/share/tf2_geometry_msgs/cmake)\n'}
[0.439494] (CommunicationCenter) StdoutLine: {'line': b'-- Found eigen3_cmake_module: 0.1.1 (/opt/ros/humble/share/eigen3_cmake_module/cmake)\n'}
[0.440231] (CommunicationCenter) StdoutLine: {'line': b'-- Ensuring Eigen3 include directory is part of orocos-kdl CMake target\n'}
[0.472274] (CommunicationCenter) StdoutLine: {'line': b'-- Found sensor_msgs: 4.2.4 (/opt/ros/humble/share/sensor_msgs/cmake)\n'}
[0.488699] (CommunicationCenter) StdoutLine: {'line': b'-- Found ament_lint_auto: 0.12.11 (/opt/ros/humble/share/ament_lint_auto/cmake)\n'}
[0.500195] (-) TimerEvent: {}
[0.519166] (CommunicationCenter) StderrLine: {'line': b'WARNING: Package name "CommunicationCenter" does not follow the naming conventions. It should start with a lower case letter and only contain lower case letters, digits, underscores, and dashes.\n'}
[0.542524] (CommunicationCenter) StdoutLine: {'line': b"-- Added test 'cppcheck' to perform static code analysis on C / C++ code\n"}
[0.542640] (CommunicationCenter) StdoutLine: {'line': b'-- Configured cppcheck include dirs: /home/albusgive/rlfw/rlfw_deploy/src/CommunicationCenter/include;/home/albusgive/rlfw/rlfw_deploy/src/CommunicationCenter/motor_driver;/home/albusgive/rlfw/rlfw_deploy/src/CommunicationCenter/remote_driver\n'}
[0.542673] (CommunicationCenter) StdoutLine: {'line': b'-- Configured cppcheck exclude dirs and/or files: \n'}
[0.544508] (CommunicationCenter) StdoutLine: {'line': b"-- Added test 'flake8' to check Python code syntax and style conventions\n"}
[0.547837] (CommunicationCenter) StdoutLine: {'line': b"-- Added test 'lint_cmake' to check CMake code style\n"}
[0.549670] (CommunicationCenter) StdoutLine: {'line': b"-- Added test 'pep257' to check Python code against some of the docstring style conventions in PEP 257\n"}
[0.562831] (CommunicationCenter) StdoutLine: {'line': b"-- Added test 'uncrustify' to check C / C++ code style\n"}
[0.562895] (CommunicationCenter) StdoutLine: {'line': b'-- Configured uncrustify additional arguments: \n'}
[0.564667] (CommunicationCenter) StdoutLine: {'line': b"-- Added test 'xmllint' to check XML markup files\n"}
[0.566516] (CommunicationCenter) StdoutLine: {'line': b'-- Configuring done\n'}
[0.600308] (-) TimerEvent: {}
[0.621936] (CommunicationCenter) StdoutLine: {'line': b'-- Generating done\n'}
[0.631411] (CommunicationCenter) StdoutLine: {'line': b'-- Build files have been written to: /home/albusgive/rlfw/rlfw_deploy/build/CommunicationCenter\n'}
[0.655752] (CommunicationCenter) StdoutLine: {'line': b'\x1b[35m\x1b[1mConsolidate compiler generated dependencies of target tinyxml2\x1b[0m\n'}
[0.656003] (CommunicationCenter) StdoutLine: {'line': b'\x1b[35m\x1b[1mConsolidate compiler generated dependencies of target xmltest\x1b[0m\n'}
[0.674176] (CommunicationCenter) StdoutLine: {'line': b'[ 11%] Built target tinyxml2\n'}
[0.675953] (CommunicationCenter) StdoutLine: {'line': b'[ 16%] \x1b[32mBuilding CXX object tinyxml2/CMakeFiles/xmltest.dir/xmltest.cpp.o\x1b[0m\n'}
[0.697042] (CommunicationCenter) StdoutLine: {'line': b'\x1b[35m\x1b[1mConsolidate compiler generated dependencies of target CommunicationCenter\x1b[0m\n'}
[0.700361] (-) TimerEvent: {}
[0.716584] (CommunicationCenter) StdoutLine: {'line': b'[ 38%] \x1b[32mBuilding CXX object CMakeFiles/CommunicationCenter.dir/motor_driver/MiMotor.cpp.o\x1b[0m\n'}
[0.716939] (CommunicationCenter) StdoutLine: {'line': b'[ 38%] \x1b[32mBuilding CXX object CMakeFiles/CommunicationCenter.dir/src/SocketCAN.cpp.o\x1b[0m\n'}
[0.717005] (CommunicationCenter) StdoutLine: {'line': b'[ 55%] \x1b[32mBuilding CXX object CMakeFiles/CommunicationCenter.dir/src/ZCAN_USBCAN.cpp.o\x1b[0m\n'}
[0.717041] (CommunicationCenter) StdoutLine: {'line': b'[ 55%] \x1b[32mBuilding CXX object CMakeFiles/CommunicationCenter.dir/src/main.cpp.o\x1b[0m\n'}
[0.717106] (CommunicationCenter) StdoutLine: {'line': b'[ 55%] \x1b[32mBuilding CXX object CMakeFiles/CommunicationCenter.dir/motor_driver/DMMotor.cpp.o\x1b[0m\n'}
[0.717142] (CommunicationCenter) StdoutLine: {'line': b'[ 55%] \x1b[32mBuilding CXX object CMakeFiles/CommunicationCenter.dir/motor_driver/STWMotor.cpp.o\x1b[0m\n'}
[0.717174] (CommunicationCenter) StdoutLine: {'line': b'[ 55%] \x1b[32mBuilding CXX object CMakeFiles/CommunicationCenter.dir/src/PCAN.cpp.o\x1b[0m\n'}
[0.717214] (CommunicationCenter) StdoutLine: {'line': b'[ 61%] \x1b[32mBuilding CXX object CMakeFiles/CommunicationCenter.dir/src/CommunicationCenter.cpp.o\x1b[0m\n'}
[0.800476] (-) TimerEvent: {}
[0.900880] (-) TimerEvent: {}
[0.973152] (CommunicationCenter) StdoutLine: {'line': b'[ 66%] \x1b[32m\x1b[1mLinking CXX executable xmltest\x1b[0m\n'}
[1.001057] (-) TimerEvent: {}
[1.050280] (CommunicationCenter) StderrLine: {'line': b'\x1b[01m\x1b[K/home/albusgive/rlfw/rlfw_deploy/src/CommunicationCenter/src/ZCAN_USBCAN.cpp:\x1b[m\x1b[K In member function \xe2\x80\x98\x1b[01m\x1b[Kbool ZCAN_USBCAN::\x1b[01;32m\x1b[KinitZCAN_USBCAN\x1b[m\x1b[K()\x1b[m\x1b[K\xe2\x80\x99:\n'}
[1.050583] (CommunicationCenter) StderrLine: {'line': b'\x1b[01m\x1b[K/home/albusgive/rlfw/rlfw_deploy/src/CommunicationCenter/src/ZCAN_USBCAN.cpp:14:21:\x1b[m\x1b[K \x1b[01;35m\x1b[Kwarning: \x1b[m\x1b[Kcomparison of integer expressions of different signedness: \xe2\x80\x98\x1b[01m\x1b[Kint\x1b[m\x1b[K\xe2\x80\x99 and \xe2\x80\x98\x1b[01m\x1b[Kstd::vector<int>::size_type\x1b[m\x1b[K\xe2\x80\x99 {aka \xe2\x80\x98\x1b[01m\x1b[Klong unsigned int\x1b[m\x1b[K\xe2\x80\x99} [\x1b[01;35m\x1b[K\x1b]8;;https://gcc.gnu.org/onlinedocs/gcc/Warning-Options.html#index-Wsign-compare\x07-Wsign-compare\x1b]8;;\x07\x1b[m\x1b[K]\n'}
[1.050723] (CommunicationCenter) StderrLine: {'line': b'   14 |   for (int i = 0; \x1b[01;35m\x1b[Ki < sub_channel.size()\x1b[m\x1b[K; i++) {\n'}
[1.050791] (CommunicationCenter) StderrLine: {'line': b'      |                   \x1b[01;35m\x1b[K~~^~~~~~~~~~~~~~~~~~~~\x1b[m\x1b[K\n'}
[1.050850] (CommunicationCenter) StderrLine: {'line': b'\x1b[01m\x1b[K/home/albusgive/rlfw/rlfw_deploy/src/CommunicationCenter/src/ZCAN_USBCAN.cpp:22:12:\x1b[m\x1b[K \x1b[01;35m\x1b[Kwarning: \x1b[m\x1b[Kenumeration value \xe2\x80\x98\x1b[01m\x1b[KBrt_800k\x1b[m\x1b[K\xe2\x80\x99 not handled in switch [\x1b[01;35m\x1b[K\x1b]8;;https://gcc.gnu.org/onlinedocs/gcc/Warning-Options.html#index-Wswitch\x07-Wswitch\x1b]8;;\x07\x1b[m\x1b[K]\n'}
[1.050912] (CommunicationCenter) StderrLine: {'line': b'   22 |     switch \x1b[01;35m\x1b[K(\x1b[m\x1b[Ksub_bps[i]) {\n'}
[1.050968] (CommunicationCenter) StderrLine: {'line': b'      |            \x1b[01;35m\x1b[K^\x1b[m\x1b[K\n'}
[1.051023] (CommunicationCenter) StderrLine: {'line': b'\x1b[01m\x1b[K/home/albusgive/rlfw/rlfw_deploy/src/CommunicationCenter/src/ZCAN_USBCAN.cpp:22:12:\x1b[m\x1b[K \x1b[01;35m\x1b[Kwarning: \x1b[m\x1b[Kenumeration value \xe2\x80\x98\x1b[01m\x1b[KBrt_100k\x1b[m\x1b[K\xe2\x80\x99 not handled in switch [\x1b[01;35m\x1b[K\x1b]8;;https://gcc.gnu.org/onlinedocs/gcc/Warning-Options.html#index-Wswitch\x07-Wswitch\x1b]8;;\x07\x1b[m\x1b[K]\n'}
[1.051984] (CommunicationCenter) StderrLine: {'line': b'\x1b[01m\x1b[K/home/albusgive/rlfw/rlfw_deploy/src/CommunicationCenter/src/ZCAN_USBCAN.cpp:\x1b[m\x1b[K In member function \xe2\x80\x98\x1b[01m\x1b[Kvirtual std::pair<bool, CANMSG> ZCAN_USBCAN::\x1b[01;32m\x1b[Kreceive\x1b[m\x1b[K(uint16_t)\x1b[m\x1b[K\xe2\x80\x99:\n'}
[1.052146] (CommunicationCenter) StderrLine: {'line': b'\x1b[01m\x1b[K/home/albusgive/rlfw/rlfw_deploy/src/CommunicationCenter/src/ZCAN_USBCAN.cpp:109:55:\x1b[m\x1b[K \x1b[01;35m\x1b[Kwarning: \x1b[m\x1b[Kunused parameter \xe2\x80\x98\x1b[01m\x1b[KCANx\x1b[m\x1b[K\xe2\x80\x99 [\x1b[01;35m\x1b[K\x1b]8;;https://gcc.gnu.org/onlinedocs/gcc/Warning-Options.html#index-Wunused-parameter\x07-Wunused-parameter\x1b]8;;\x07\x1b[m\x1b[K]\n'}
[1.052229] (CommunicationCenter) StderrLine: {'line': b'  109 | std::pair<bool, CANMSG> ZCAN_USBCAN::receive(\x1b[01;35m\x1b[Kuint16_t CANx\x1b[m\x1b[K) {\n'}
[1.052305] (CommunicationCenter) StderrLine: {'line': b'      |                                              \x1b[01;35m\x1b[K~~~~~~~~~^~~~\x1b[m\x1b[K\n'}
[1.066741] (CommunicationCenter) StderrLine: {'line': b'\x1b[01m\x1b[K/home/albusgive/rlfw/rlfw_deploy/src/CommunicationCenter/src/PCAN.cpp:\x1b[m\x1b[K In member function \xe2\x80\x98\x1b[01m\x1b[Kbool PCAN::\x1b[01;32m\x1b[KinitPCAN\x1b[m\x1b[K(__u16, CANBps)\x1b[m\x1b[K\xe2\x80\x99:\n'}
[1.067037] (CommunicationCenter) StderrLine: {'line': b'\x1b[01m\x1b[K/home/albusgive/rlfw/rlfw_deploy/src/CommunicationCenter/src/PCAN.cpp:53:10:\x1b[m\x1b[K \x1b[01;35m\x1b[Kwarning: \x1b[m\x1b[Kenumeration value \xe2\x80\x98\x1b[01m\x1b[KBrt_125k\x1b[m\x1b[K\xe2\x80\x99 not handled in switch [\x1b[01;35m\x1b[K\x1b]8;;https://gcc.gnu.org/onlinedocs/gcc/Warning-Options.html#index-Wswitch\x07-Wswitch\x1b]8;;\x07\x1b[m\x1b[K]\n'}
[1.067113] (CommunicationCenter) StderrLine: {'line': b'   53 |   switch \x1b[01;35m\x1b[K(\x1b[m\x1b[KBtr) {\n'}
[1.067174] (CommunicationCenter) StderrLine: {'line': b'      |          \x1b[01;35m\x1b[K^\x1b[m\x1b[K\n'}
[1.068369] (CommunicationCenter) StdoutLine: {'line': b'[ 66%] Built target xmltest\n'}
[1.101180] (-) TimerEvent: {}
[1.151980] (CommunicationCenter) StderrLine: {'line': b'In file included from \x1b[01m\x1b[K/home/albusgive/rlfw/rlfw_deploy/src/CommunicationCenter/motor_driver/STWMotor.h:4\x1b[m\x1b[K,\n'}
[1.152870] (CommunicationCenter) StderrLine: {'line': b'                 from \x1b[01m\x1b[K/home/albusgive/rlfw/rlfw_deploy/src/CommunicationCenter/motor_driver/STWMotor.cpp:1\x1b[m\x1b[K:\n'}
[1.152985] (CommunicationCenter) StderrLine: {'line': b'\x1b[01m\x1b[K/home/albusgive/rlfw/rlfw_deploy/src/CommunicationCenter/motor_driver/Motor.hpp:273:13:\x1b[m\x1b[K \x1b[01;35m\x1b[Kwarning: \x1b[m\x1b[K\xe2\x80\x98\x1b[01m\x1b[Kvirtual MotorBack CANMotor::\x1b[01;32m\x1b[Kdecode\x1b[m\x1b[K()\x1b[m\x1b[K\xe2\x80\x99 was hidden [\x1b[01;35m\x1b[K\x1b]8;;https://gcc.gnu.org/onlinedocs/gcc/Warning-Options.html#index-Woverloaded-virtual=\x07-Woverloaded-virtual=\x1b]8;;\x07\x1b[m\x1b[K]\n'}
[1.153034] (CommunicationCenter) StderrLine: {'line': b'  273 |   MotorBack \x1b[01;35m\x1b[Kdecode\x1b[m\x1b[K() override { return MotorBack(); };\n'}
[1.153076] (CommunicationCenter) StderrLine: {'line': b'      |             \x1b[01;35m\x1b[K^~~~~~\x1b[m\x1b[K\n'}
[1.153117] (CommunicationCenter) StderrLine: {'line': b'\x1b[01m\x1b[K/home/albusgive/rlfw/rlfw_deploy/src/CommunicationCenter/motor_driver/STWMotor.h:69:13:\x1b[m\x1b[K \x1b[01;36m\x1b[Knote: \x1b[m\x1b[K  by \xe2\x80\x98\x1b[01m\x1b[Kvirtual MotorBack STWMotor::\x1b[01;32m\x1b[Kdecode\x1b[m\x1b[K(CANMSG)\x1b[m\x1b[K\xe2\x80\x99\n'}
[1.153158] (CommunicationCenter) StderrLine: {'line': b'   69 |   MotorBack \x1b[01;36m\x1b[Kdecode\x1b[m\x1b[K(CANMSG msg) override;\n'}
[1.153210] (CommunicationCenter) StderrLine: {'line': b'      |             \x1b[01;36m\x1b[K^~~~~~\x1b[m\x1b[K\n'}
[1.153247] (CommunicationCenter) StderrLine: {'line': b'\x1b[01m\x1b[K/home/albusgive/rlfw/rlfw_deploy/src/CommunicationCenter/motor_driver/Motor.hpp:272:13:\x1b[m\x1b[K \x1b[01;35m\x1b[Kwarning: \x1b[m\x1b[K\xe2\x80\x98\x1b[01m\x1b[Kvirtual MotorBack CANMotor::\x1b[01;32m\x1b[Kdecode\x1b[m\x1b[K(UnitreeMsg)\x1b[m\x1b[K\xe2\x80\x99 was hidden [\x1b[01;35m\x1b[K\x1b]8;;https://gcc.gnu.org/onlinedocs/gcc/Warning-Options.html#index-Woverloaded-virtual=\x07-Woverloaded-virtual=\x1b]8;;\x07\x1b[m\x1b[K]\n'}
[1.153297] (CommunicationCenter) StderrLine: {'line': b'  272 |   MotorBack \x1b[01;35m\x1b[Kdecode\x1b[m\x1b[K(UnitreeMsg /*msg*/) override { return MotorBack(); };\n'}
[1.153343] (CommunicationCenter) StderrLine: {'line': b'      |             \x1b[01;35m\x1b[K^~~~~~\x1b[m\x1b[K\n'}
[1.153383] (CommunicationCenter) StderrLine: {'line': b'\x1b[01m\x1b[K/home/albusgive/rlfw/rlfw_deploy/src/CommunicationCenter/motor_driver/STWMotor.h:69:13:\x1b[m\x1b[K \x1b[01;36m\x1b[Knote: \x1b[m\x1b[K  by \xe2\x80\x98\x1b[01m\x1b[Kvirtual MotorBack STWMotor::\x1b[01;32m\x1b[Kdecode\x1b[m\x1b[K(CANMSG)\x1b[m\x1b[K\xe2\x80\x99\n'}
[1.153429] (CommunicationCenter) StderrLine: {'line': b'   69 |   MotorBack \x1b[01;36m\x1b[Kdecode\x1b[m\x1b[K(CANMSG msg) override;\n'}
[1.153471] (CommunicationCenter) StderrLine: {'line': b'      |             \x1b[01;36m\x1b[K^~~~~~\x1b[m\x1b[K\n'}
[1.153516] (CommunicationCenter) StderrLine: {'line': b'\x1b[01m\x1b[K/home/albusgive/rlfw/rlfw_deploy/src/CommunicationCenter/motor_driver/STWMotor.h:\x1b[m\x1b[K In member function \xe2\x80\x98\x1b[01m\x1b[Kvirtual STWCANMsg* STWMotor::\x1b[01;32m\x1b[Kctrl_pos\x1b[m\x1b[K(uint8_t, float)\x1b[m\x1b[K\xe2\x80\x99:\n'}
[1.153558] (CommunicationCenter) StderrLine: {'line': b'\x1b[01m\x1b[K/home/albusgive/rlfw/rlfw_deploy/src/CommunicationCenter/motor_driver/STWMotor.h:76:31:\x1b[m\x1b[K \x1b[01;35m\x1b[Kwarning: \x1b[m\x1b[Kunused parameter \xe2\x80\x98\x1b[01m\x1b[Kmotor_id\x1b[m\x1b[K\xe2\x80\x99 [\x1b[01;35m\x1b[K\x1b]8;;https://gcc.gnu.org/onlinedocs/gcc/Warning-Options.html#index-Wunused-parameter\x07-Wunused-parameter\x1b]8;;\x07\x1b[m\x1b[K]\n'}
[1.153626] (CommunicationCenter) StderrLine: {'line': b'   76 |   STWCANMsg *ctrl_pos(\x1b[01;35m\x1b[Kuint8_t motor_id\x1b[m\x1b[K, float pos) override { return nullptr; };\n'}
[1.153674] (CommunicationCenter) StderrLine: {'line': b'      |                       \x1b[01;35m\x1b[K~~~~~~~~^~~~~~~~\x1b[m\x1b[K\n'}
[1.153714] (CommunicationCenter) StderrLine: {'line': b'\x1b[01m\x1b[K/home/albusgive/rlfw/rlfw_deploy/src/CommunicationCenter/motor_driver/STWMotor.h:76:47:\x1b[m\x1b[K \x1b[01;35m\x1b[Kwarning: \x1b[m\x1b[Kunused parameter \xe2\x80\x98\x1b[01m\x1b[Kpos\x1b[m\x1b[K\xe2\x80\x99 [\x1b[01;35m\x1b[K\x1b]8;;https://gcc.gnu.org/onlinedocs/gcc/Warning-Options.html#index-Wunused-parameter\x07-Wunused-parameter\x1b]8;;\x07\x1b[m\x1b[K]\n'}
[1.153761] (CommunicationCenter) StderrLine: {'line': b'   76 |   STWCANMsg *ctrl_pos(uint8_t motor_id, \x1b[01;35m\x1b[Kfloat pos\x1b[m\x1b[K) override { return nullptr; };\n'}
[1.153799] (CommunicationCenter) StderrLine: {'line': b'      |                                         \x1b[01;35m\x1b[K~~~~~~^~~\x1b[m\x1b[K\n'}
[1.153841] (CommunicationCenter) StderrLine: {'line': b'\x1b[01m\x1b[K/home/albusgive/rlfw/rlfw_deploy/src/CommunicationCenter/motor_driver/STWMotor.h:\x1b[m\x1b[K In member function \xe2\x80\x98\x1b[01m\x1b[Kvirtual STWCANMsg* STWMotor::\x1b[01;32m\x1b[Kctrl_vel\x1b[m\x1b[K(uint8_t, float)\x1b[m\x1b[K\xe2\x80\x99:\n'}
[1.153882] (CommunicationCenter) StderrLine: {'line': b'\x1b[01m\x1b[K/home/albusgive/rlfw/rlfw_deploy/src/CommunicationCenter/motor_driver/STWMotor.h:78:31:\x1b[m\x1b[K \x1b[01;35m\x1b[Kwarning: \x1b[m\x1b[Kunused parameter \xe2\x80\x98\x1b[01m\x1b[Kmotor_id\x1b[m\x1b[K\xe2\x80\x99 [\x1b[01;35m\x1b[K\x1b]8;;https://gcc.gnu.org/onlinedocs/gcc/Warning-Options.html#index-Wunused-parameter\x07-Wunused-parameter\x1b]8;;\x07\x1b[m\x1b[K]\n'}
[1.153928] (CommunicationCenter) StderrLine: {'line': b'   78 |   STWCANMsg *ctrl_vel(\x1b[01;35m\x1b[Kuint8_t motor_id\x1b[m\x1b[K, float vel) override { return nullptr; };\n'}
[1.153971] (CommunicationCenter) StderrLine: {'line': b'      |                       \x1b[01;35m\x1b[K~~~~~~~~^~~~~~~~\x1b[m\x1b[K\n'}
[1.154017] (CommunicationCenter) StderrLine: {'line': b'\x1b[01m\x1b[K/home/albusgive/rlfw/rlfw_deploy/src/CommunicationCenter/motor_driver/STWMotor.h:78:47:\x1b[m\x1b[K \x1b[01;35m\x1b[Kwarning: \x1b[m\x1b[Kunused parameter \xe2\x80\x98\x1b[01m\x1b[Kvel\x1b[m\x1b[K\xe2\x80\x99 [\x1b[01;35m\x1b[K\x1b]8;;https://gcc.gnu.org/onlinedocs/gcc/Warning-Options.html#index-Wunused-parameter\x07-Wunused-parameter\x1b]8;;\x07\x1b[m\x1b[K]\n'}
[1.154063] (CommunicationCenter) StderrLine: {'line': b'   78 |   STWCANMsg *ctrl_vel(uint8_t motor_id, \x1b[01;35m\x1b[Kfloat vel\x1b[m\x1b[K) override { return nullptr; };\n'}
[1.154104] (CommunicationCenter) StderrLine: {'line': b'      |                                         \x1b[01;35m\x1b[K~~~~~~^~~\x1b[m\x1b[K\n'}
[1.154142] (CommunicationCenter) StderrLine: {'line': b'\x1b[01m\x1b[K/home/albusgive/rlfw/rlfw_deploy/src/CommunicationCenter/motor_driver/STWMotor.h:\x1b[m\x1b[K In member function \xe2\x80\x98\x1b[01m\x1b[Kvirtual STWCANMsg* STWMotor::\x1b[01;32m\x1b[Kctrl_pos_vel\x1b[m\x1b[K(uint8_t, float, float)\x1b[m\x1b[K\xe2\x80\x99:\n'}
[1.154254] (CommunicationCenter) StderrLine: {'line': b'\x1b[01m\x1b[K/home/albusgive/rlfw/rlfw_deploy/src/CommunicationCenter/motor_driver/STWMotor.h:80:35:\x1b[m\x1b[K \x1b[01;35m\x1b[Kwarning: \x1b[m\x1b[Kunused parameter \xe2\x80\x98\x1b[01m\x1b[Kmotor_id\x1b[m\x1b[K\xe2\x80\x99 [\x1b[01;35m\x1b[K\x1b]8;;https://gcc.gnu.org/onlinedocs/gcc/Warning-Options.html#index-Wunused-parameter\x07-Wunused-parameter\x1b]8;;\x07\x1b[m\x1b[K]\n'}
[1.154297] (CommunicationCenter) StderrLine: {'line': b'   80 |   STWCANMsg *ctrl_pos_vel(\x1b[01;35m\x1b[Kuint8_t motor_id\x1b[m\x1b[K, float pos, float vel) override {\n'}
[1.154337] (CommunicationCenter) StderrLine: {'line': b'      |                           \x1b[01;35m\x1b[K~~~~~~~~^~~~~~~~\x1b[m\x1b[K\n'}
[1.154414] (CommunicationCenter) StderrLine: {'line': b'\x1b[01m\x1b[K/home/albusgive/rlfw/rlfw_deploy/src/CommunicationCenter/motor_driver/STWMotor.h:80:51:\x1b[m\x1b[K \x1b[01;35m\x1b[Kwarning: \x1b[m\x1b[Kunused parameter \xe2\x80\x98\x1b[01m\x1b[Kpos\x1b[m\x1b[K\xe2\x80\x99 [\x1b[01;35m\x1b[K\x1b]8;;https://gcc.gnu.org/onlinedocs/gcc/Warning-Options.html#index-Wunused-parameter\x07-Wunused-parameter\x1b]8;;\x07\x1b[m\x1b[K]\n'}
[1.154462] (CommunicationCenter) StderrLine: {'line': b'   80 |   STWCANMsg *ctrl_pos_vel(uint8_t motor_id, \x1b[01;35m\x1b[Kfloat pos\x1b[m\x1b[K, float vel) override {\n'}
[1.154501] (CommunicationCenter) StderrLine: {'line': b'      |                                             \x1b[01;35m\x1b[K~~~~~~^~~\x1b[m\x1b[K\n'}
[1.154541] (CommunicationCenter) StderrLine: {'line': b'\x1b[01m\x1b[K/home/albusgive/rlfw/rlfw_deploy/src/CommunicationCenter/motor_driver/STWMotor.h:80:62:\x1b[m\x1b[K \x1b[01;35m\x1b[Kwarning: \x1b[m\x1b[Kunused parameter \xe2\x80\x98\x1b[01m\x1b[Kvel\x1b[m\x1b[K\xe2\x80\x99 [\x1b[01;35m\x1b[K\x1b]8;;https://gcc.gnu.org/onlinedocs/gcc/Warning-Options.html#index-Wunused-parameter\x07-Wunused-parameter\x1b]8;;\x07\x1b[m\x1b[K]\n'}
[1.154579] (CommunicationCenter) StderrLine: {'line': b'   80 |   STWCANMsg *ctrl_pos_vel(uint8_t motor_id, float pos, \x1b[01;35m\x1b[Kfloat vel\x1b[m\x1b[K) override {\n'}
[1.154630] (CommunicationCenter) StderrLine: {'line': b'      |                                                        \x1b[01;35m\x1b[K~~~~~~^~~\x1b[m\x1b[K\n'}
[1.154671] (CommunicationCenter) StderrLine: {'line': b'\x1b[01m\x1b[K/home/albusgive/rlfw/rlfw_deploy/src/CommunicationCenter/motor_driver/STWMotor.h:\x1b[m\x1b[K In member function \xe2\x80\x98\x1b[01m\x1b[Kvirtual STWCANMsg* STWMotor::\x1b[01;32m\x1b[Kctrl_torque\x1b[m\x1b[K(uint8_t, float)\x1b[m\x1b[K\xe2\x80\x99:\n'}
[1.154712] (CommunicationCenter) StderrLine: {'line': b'\x1b[01m\x1b[K/home/albusgive/rlfw/rlfw_deploy/src/CommunicationCenter/motor_driver/STWMotor.h:84:34:\x1b[m\x1b[K \x1b[01;35m\x1b[Kwarning: \x1b[m\x1b[Kunused parameter \xe2\x80\x98\x1b[01m\x1b[Kmotor_id\x1b[m\x1b[K\xe2\x80\x99 [\x1b[01;35m\x1b[K\x1b]8;;https://gcc.gnu.org/onlinedocs/gcc/Warning-Options.html#index-Wunused-parameter\x07-Wunused-parameter\x1b]8;;\x07\x1b[m\x1b[K]\n'}
[1.154753] (CommunicationCenter) StderrLine: {'line': b'   84 |   STWCANMsg *ctrl_torque(\x1b[01;35m\x1b[Kuint8_t motor_id\x1b[m\x1b[K, float torque) override {\n'}
[1.154793] (CommunicationCenter) StderrLine: {'line': b'      |                          \x1b[01;35m\x1b[K~~~~~~~~^~~~~~~~\x1b[m\x1b[K\n'}
[1.154831] (CommunicationCenter) StderrLine: {'line': b'\x1b[01m\x1b[K/home/albusgive/rlfw/rlfw_deploy/src/CommunicationCenter/motor_driver/STWMotor.h:84:50:\x1b[m\x1b[K \x1b[01;35m\x1b[Kwarning: \x1b[m\x1b[Kunused parameter \xe2\x80\x98\x1b[01m\x1b[Ktorque\x1b[m\x1b[K\xe2\x80\x99 [\x1b[01;35m\x1b[K\x1b]8;;https://gcc.gnu.org/onlinedocs/gcc/Warning-Options.html#index-Wunused-parameter\x07-Wunused-parameter\x1b]8;;\x07\x1b[m\x1b[K]\n'}
[1.154876] (CommunicationCenter) StderrLine: {'line': b'   84 |   STWCANMsg *ctrl_torque(uint8_t motor_id, \x1b[01;35m\x1b[Kfloat torque\x1b[m\x1b[K) override {\n'}
[1.154917] (CommunicationCenter) StderrLine: {'line': b'      |                                            \x1b[01;35m\x1b[K~~~~~~^~~~~~\x1b[m\x1b[K\n'}
[1.154955] (CommunicationCenter) StderrLine: {'line': b'\x1b[01m\x1b[K/home/albusgive/rlfw/rlfw_deploy/src/CommunicationCenter/motor_driver/STWMotor.h:\x1b[m\x1b[K In member function \xe2\x80\x98\x1b[01m\x1b[Kvirtual STWCANMsg* STWMotor::\x1b[01;32m\x1b[KsetPosKP\x1b[m\x1b[K(uint8_t, float)\x1b[m\x1b[K\xe2\x80\x99:\n'}
[1.154994] (CommunicationCenter) StderrLine: {'line': b'\x1b[01m\x1b[K/home/albusgive/rlfw/rlfw_deploy/src/CommunicationCenter/motor_driver/STWMotor.h:90:31:\x1b[m\x1b[K \x1b[01;35m\x1b[Kwarning: \x1b[m\x1b[Kunused parameter \xe2\x80\x98\x1b[01m\x1b[Kmotor_id\x1b[m\x1b[K\xe2\x80\x99 [\x1b[01;35m\x1b[K\x1b]8;;https://gcc.gnu.org/onlinedocs/gcc/Warning-Options.html#index-Wunused-parameter\x07-Wunused-parameter\x1b]8;;\x07\x1b[m\x1b[K]\n'}
[1.155034] (CommunicationCenter) StderrLine: {'line': b'   90 |   STWCANMsg *setPosKP(\x1b[01;35m\x1b[Kuint8_t motor_id\x1b[m\x1b[K, float kp) override { return nullptr; };\n'}
[1.155072] (CommunicationCenter) StderrLine: {'line': b'      |                       \x1b[01;35m\x1b[K~~~~~~~~^~~~~~~~\x1b[m\x1b[K\n'}
[1.155111] (CommunicationCenter) StderrLine: {'line': b'\x1b[01m\x1b[K/home/albusgive/rlfw/rlfw_deploy/src/CommunicationCenter/motor_driver/STWMotor.h:90:47:\x1b[m\x1b[K \x1b[01;35m\x1b[Kwarning: \x1b[m\x1b[Kunused parameter \xe2\x80\x98\x1b[01m\x1b[Kkp\x1b[m\x1b[K\xe2\x80\x99 [\x1b[01;35m\x1b[K\x1b]8;;https://gcc.gnu.org/onlinedocs/gcc/Warning-Options.html#index-Wunused-parameter\x07-Wunused-parameter\x1b]8;;\x07\x1b[m\x1b[K]\n'}
[1.155152] (CommunicationCenter) StderrLine: {'line': b'   90 |   STWCANMsg *setPosKP(uint8_t motor_id, \x1b[01;35m\x1b[Kfloat kp\x1b[m\x1b[K) override { return nullptr; };\n'}
[1.155190] (CommunicationCenter) StderrLine: {'line': b'      |                                         \x1b[01;35m\x1b[K~~~~~~^~\x1b[m\x1b[K\n'}
[1.155224] (CommunicationCenter) StderrLine: {'line': b'\x1b[01m\x1b[K/home/albusgive/rlfw/rlfw_deploy/src/CommunicationCenter/motor_driver/STWMotor.h:\x1b[m\x1b[K In member function \xe2\x80\x98\x1b[01m\x1b[Kvirtual STWCANMsg* STWMotor::\x1b[01;32m\x1b[KsetPosKD\x1b[m\x1b[K(uint8_t, float)\x1b[m\x1b[K\xe2\x80\x99:\n'}
[1.155262] (CommunicationCenter) StderrLine: {'line': b'\x1b[01m\x1b[K/home/albusgive/rlfw/rlfw_deploy/src/CommunicationCenter/motor_driver/STWMotor.h:91:31:\x1b[m\x1b[K \x1b[01;35m\x1b[Kwarning: \x1b[m\x1b[Kunused parameter \xe2\x80\x98\x1b[01m\x1b[Kmotor_id\x1b[m\x1b[K\xe2\x80\x99 [\x1b[01;35m\x1b[K\x1b]8;;https://gcc.gnu.org/onlinedocs/gcc/Warning-Options.html#index-Wunused-parameter\x07-Wunused-parameter\x1b]8;;\x07\x1b[m\x1b[K]\n'}
[1.155308] (CommunicationCenter) StderrLine: {'line': b'   91 |   STWCANMsg *setPosKD(\x1b[01;35m\x1b[Kuint8_t motor_id\x1b[m\x1b[K, float kd) override { return nullptr; };\n'}
[1.155349] (CommunicationCenter) StderrLine: {'line': b'      |                       \x1b[01;35m\x1b[K~~~~~~~~^~~~~~~~\x1b[m\x1b[K\n'}
[1.155388] (CommunicationCenter) StderrLine: {'line': b'\x1b[01m\x1b[K/home/albusgive/rlfw/rlfw_deploy/src/CommunicationCenter/motor_driver/STWMotor.h:91:47:\x1b[m\x1b[K \x1b[01;35m\x1b[Kwarning: \x1b[m\x1b[Kunused parameter \xe2\x80\x98\x1b[01m\x1b[Kkd\x1b[m\x1b[K\xe2\x80\x99 [\x1b[01;35m\x1b[K\x1b]8;;https://gcc.gnu.org/onlinedocs/gcc/Warning-Options.html#index-Wunused-parameter\x07-Wunused-parameter\x1b]8;;\x07\x1b[m\x1b[K]\n'}
[1.155427] (CommunicationCenter) StderrLine: {'line': b'   91 |   STWCANMsg *setPosKD(uint8_t motor_id, \x1b[01;35m\x1b[Kfloat kd\x1b[m\x1b[K) override { return nullptr; };\n'}
[1.155461] (CommunicationCenter) StderrLine: {'line': b'      |                                         \x1b[01;35m\x1b[K~~~~~~^~\x1b[m\x1b[K\n'}
[1.155499] (CommunicationCenter) StderrLine: {'line': b'\x1b[01m\x1b[K/home/albusgive/rlfw/rlfw_deploy/src/CommunicationCenter/motor_driver/STWMotor.h:\x1b[m\x1b[K In member function \xe2\x80\x98\x1b[01m\x1b[Kvirtual STWCANMsg* STWMotor::\x1b[01;32m\x1b[KsetVelKP\x1b[m\x1b[K(uint8_t, float)\x1b[m\x1b[K\xe2\x80\x99:\n'}
[1.155548] (CommunicationCenter) StderrLine: {'line': b'\x1b[01m\x1b[K/home/albusgive/rlfw/rlfw_deploy/src/CommunicationCenter/motor_driver/STWMotor.h:93:31:\x1b[m\x1b[K \x1b[01;35m\x1b[Kwarning: \x1b[m\x1b[Kunused parameter \xe2\x80\x98\x1b[01m\x1b[Kmotor_id\x1b[m\x1b[K\xe2\x80\x99 [\x1b[01;35m\x1b[K\x1b]8;;https://gcc.gnu.org/onlinedocs/gcc/Warning-Options.html#index-Wunused-parameter\x07-Wunused-parameter\x1b]8;;\x07\x1b[m\x1b[K]\n'}
[1.155589] (CommunicationCenter) StderrLine: {'line': b'   93 |   STWCANMsg *setVelKP(\x1b[01;35m\x1b[Kuint8_t motor_id\x1b[m\x1b[K, float kp) override { return nullptr; };\n'}
[1.155645] (CommunicationCenter) StderrLine: {'line': b'      |                       \x1b[01;35m\x1b[K~~~~~~~~^~~~~~~~\x1b[m\x1b[K\n'}
[1.155684] (CommunicationCenter) StderrLine: {'line': b'\x1b[01m\x1b[K/home/albusgive/rlfw/rlfw_deploy/src/CommunicationCenter/motor_driver/STWMotor.h:93:47:\x1b[m\x1b[K \x1b[01;35m\x1b[Kwarning: \x1b[m\x1b[Kunused parameter \xe2\x80\x98\x1b[01m\x1b[Kkp\x1b[m\x1b[K\xe2\x80\x99 [\x1b[01;35m\x1b[K\x1b]8;;https://gcc.gnu.org/onlinedocs/gcc/Warning-Options.html#index-Wunused-parameter\x07-Wunused-parameter\x1b]8;;\x07\x1b[m\x1b[K]\n'}
[1.155732] (CommunicationCenter) StderrLine: {'line': b'   93 |   STWCANMsg *setVelKP(uint8_t motor_id, \x1b[01;35m\x1b[Kfloat kp\x1b[m\x1b[K) override { return nullptr; };\n'}
[1.155770] (CommunicationCenter) StderrLine: {'line': b'      |                                         \x1b[01;35m\x1b[K~~~~~~^~\x1b[m\x1b[K\n'}
[1.155806] (CommunicationCenter) StderrLine: {'line': b'\x1b[01m\x1b[K/home/albusgive/rlfw/rlfw_deploy/src/CommunicationCenter/motor_driver/STWMotor.h:\x1b[m\x1b[K In member function \xe2\x80\x98\x1b[01m\x1b[Kvirtual STWCANMsg* STWMotor::\x1b[01;32m\x1b[KsetVelKI\x1b[m\x1b[K(uint8_t, float)\x1b[m\x1b[K\xe2\x80\x99:\n'}
[1.155847] (CommunicationCenter) StderrLine: {'line': b'\x1b[01m\x1b[K/home/albusgive/rlfw/rlfw_deploy/src/CommunicationCenter/motor_driver/STWMotor.h:94:31:\x1b[m\x1b[K \x1b[01;35m\x1b[Kwarning: \x1b[m\x1b[Kunused parameter \xe2\x80\x98\x1b[01m\x1b[Kmotor_id\x1b[m\x1b[K\xe2\x80\x99 [\x1b[01;35m\x1b[K\x1b]8;;https://gcc.gnu.org/onlinedocs/gcc/Warning-Options.html#index-Wunused-parameter\x07-Wunused-parameter\x1b]8;;\x07\x1b[m\x1b[K]\n'}
[1.155887] (CommunicationCenter) StderrLine: {'line': b'   94 |   STWCANMsg *setVelKI(\x1b[01;35m\x1b[Kuint8_t motor_id\x1b[m\x1b[K, float ki) override { return nullptr; };\n'}
[1.155925] (CommunicationCenter) StderrLine: {'line': b'      |                       \x1b[01;35m\x1b[K~~~~~~~~^~~~~~~~\x1b[m\x1b[K\n'}
[1.155962] (CommunicationCenter) StderrLine: {'line': b'\x1b[01m\x1b[K/home/albusgive/rlfw/rlfw_deploy/src/CommunicationCenter/motor_driver/STWMotor.h:94:47:\x1b[m\x1b[K \x1b[01;35m\x1b[Kwarning: \x1b[m\x1b[Kunused parameter \xe2\x80\x98\x1b[01m\x1b[Kki\x1b[m\x1b[K\xe2\x80\x99 [\x1b[01;35m\x1b[K\x1b]8;;https://gcc.gnu.org/onlinedocs/gcc/Warning-Options.html#index-Wunused-parameter\x07-Wunused-parameter\x1b]8;;\x07\x1b[m\x1b[K]\n'}
[1.156000] (CommunicationCenter) StderrLine: {'line': b'   94 |   STWCANMsg *setVelKI(uint8_t motor_id, \x1b[01;35m\x1b[Kfloat ki\x1b[m\x1b[K) override { return nullptr; };\n'}
[1.156034] (CommunicationCenter) StderrLine: {'line': b'      |                                         \x1b[01;35m\x1b[K~~~~~~^~\x1b[m\x1b[K\n'}
[1.156071] (CommunicationCenter) StderrLine: {'line': b'\x1b[01m\x1b[K/home/albusgive/rlfw/rlfw_deploy/src/CommunicationCenter/motor_driver/STWMotor.h:\x1b[m\x1b[K In member function \xe2\x80\x98\x1b[01m\x1b[Kvirtual STWCANMsg* STWMotor::\x1b[01;32m\x1b[KsetTorqueKP\x1b[m\x1b[K(uint8_t, float)\x1b[m\x1b[K\xe2\x80\x99:\n'}
[1.156111] (CommunicationCenter) StderrLine: {'line': b'\x1b[01m\x1b[K/home/albusgive/rlfw/rlfw_deploy/src/CommunicationCenter/motor_driver/STWMotor.h:96:34:\x1b[m\x1b[K \x1b[01;35m\x1b[Kwarning: \x1b[m\x1b[Kunused parameter \xe2\x80\x98\x1b[01m\x1b[Kmotor_id\x1b[m\x1b[K\xe2\x80\x99 [\x1b[01;35m\x1b[K\x1b]8;;https://gcc.gnu.org/onlinedocs/gcc/Warning-Options.html#index-Wunused-parameter\x07-Wunused-parameter\x1b]8;;\x07\x1b[m\x1b[K]\n'}
[1.156155] (CommunicationCenter) StderrLine: {'line': b'   96 |   STWCANMsg *setTorqueKP(\x1b[01;35m\x1b[Kuint8_t motor_id\x1b[m\x1b[K, float kp) override {\n'}
[1.156193] (CommunicationCenter) StderrLine: {'line': b'      |                          \x1b[01;35m\x1b[K~~~~~~~~^~~~~~~~\x1b[m\x1b[K\n'}
[1.156228] (CommunicationCenter) StderrLine: {'line': b'\x1b[01m\x1b[K/home/albusgive/rlfw/rlfw_deploy/src/CommunicationCenter/motor_driver/STWMotor.h:96:50:\x1b[m\x1b[K \x1b[01;35m\x1b[Kwarning: \x1b[m\x1b[Kunused parameter \xe2\x80\x98\x1b[01m\x1b[Kkp\x1b[m\x1b[K\xe2\x80\x99 [\x1b[01;35m\x1b[K\x1b]8;;https://gcc.gnu.org/onlinedocs/gcc/Warning-Options.html#index-Wunused-parameter\x07-Wunused-parameter\x1b]8;;\x07\x1b[m\x1b[K]\n'}
[1.156271] (CommunicationCenter) StderrLine: {'line': b'   96 |   STWCANMsg *setTorqueKP(uint8_t motor_id, \x1b[01;35m\x1b[Kfloat kp\x1b[m\x1b[K) override {\n'}
[1.156312] (CommunicationCenter) StderrLine: {'line': b'      |                                            \x1b[01;35m\x1b[K~~~~~~^~\x1b[m\x1b[K\n'}
[1.156355] (CommunicationCenter) StderrLine: {'line': b'\x1b[01m\x1b[K/home/albusgive/rlfw/rlfw_deploy/src/CommunicationCenter/motor_driver/STWMotor.h:\x1b[m\x1b[K In member function \xe2\x80\x98\x1b[01m\x1b[Kvirtual STWCANMsg* STWMotor::\x1b[01;32m\x1b[KsetTorqueKI\x1b[m\x1b[K(uint8_t, float)\x1b[m\x1b[K\xe2\x80\x99:\n'}
[1.156398] (CommunicationCenter) StderrLine: {'line': b'\x1b[01m\x1b[K/home/albusgive/rlfw/rlfw_deploy/src/CommunicationCenter/motor_driver/STWMotor.h:99:34:\x1b[m\x1b[K \x1b[01;35m\x1b[Kwarning: \x1b[m\x1b[Kunused parameter \xe2\x80\x98\x1b[01m\x1b[Kmotor_id\x1b[m\x1b[K\xe2\x80\x99 [\x1b[01;35m\x1b[K\x1b]8;;https://gcc.gnu.org/onlinedocs/gcc/Warning-Options.html#index-Wunused-parameter\x07-Wunused-parameter\x1b]8;;\x07\x1b[m\x1b[K]\n'}
[1.156441] (CommunicationCenter) StderrLine: {'line': b'   99 |   STWCANMsg *setTorqueKI(\x1b[01;35m\x1b[Kuint8_t motor_id\x1b[m\x1b[K, float ki) override {\n'}
[1.156486] (CommunicationCenter) StderrLine: {'line': b'      |                          \x1b[01;35m\x1b[K~~~~~~~~^~~~~~~~\x1b[m\x1b[K\n'}
[1.156527] (CommunicationCenter) StderrLine: {'line': b'\x1b[01m\x1b[K/home/albusgive/rlfw/rlfw_deploy/src/CommunicationCenter/motor_driver/STWMotor.h:99:50:\x1b[m\x1b[K \x1b[01;35m\x1b[Kwarning: \x1b[m\x1b[Kunused parameter \xe2\x80\x98\x1b[01m\x1b[Kki\x1b[m\x1b[K\xe2\x80\x99 [\x1b[01;35m\x1b[K\x1b]8;;https://gcc.gnu.org/onlinedocs/gcc/Warning-Options.html#index-Wunused-parameter\x07-Wunused-parameter\x1b]8;;\x07\x1b[m\x1b[K]\n'}
[1.156575] (CommunicationCenter) StderrLine: {'line': b'   99 |   STWCANMsg *setTorqueKI(uint8_t motor_id, \x1b[01;35m\x1b[Kfloat ki\x1b[m\x1b[K) override {\n'}
[1.156634] (CommunicationCenter) StderrLine: {'line': b'      |                                            \x1b[01;35m\x1b[K~~~~~~^~\x1b[m\x1b[K\n'}
[1.156677] (CommunicationCenter) StderrLine: {'line': b'\x1b[01m\x1b[K/home/albusgive/rlfw/rlfw_deploy/src/CommunicationCenter/motor_driver/STWMotor.h:\x1b[m\x1b[K In member function \xe2\x80\x98\x1b[01m\x1b[Kvirtual STWCANMsg* STWMotor::\x1b[01;32m\x1b[KsetSafeTorque\x1b[m\x1b[K(uint8_t, float)\x1b[m\x1b[K\xe2\x80\x99:\n'}
[1.156723] (CommunicationCenter) StderrLine: {'line': b'\x1b[01m\x1b[K/home/albusgive/rlfw/rlfw_deploy/src/CommunicationCenter/motor_driver/STWMotor.h:103:36:\x1b[m\x1b[K \x1b[01;35m\x1b[Kwarning: \x1b[m\x1b[Kunused parameter \xe2\x80\x98\x1b[01m\x1b[Kmotor_id\x1b[m\x1b[K\xe2\x80\x99 [\x1b[01;35m\x1b[K\x1b]8;;https://gcc.gnu.org/onlinedocs/gcc/Warning-Options.html#index-Wunused-parameter\x07-Wunused-parameter\x1b]8;;\x07\x1b[m\x1b[K]\n'}
[1.156778] (CommunicationCenter) StderrLine: {'line': b'  103 |   STWCANMsg *setSafeTorque(\x1b[01;35m\x1b[Kuint8_t motor_id\x1b[m\x1b[K, float torque) override {\n'}
[1.156820] (CommunicationCenter) StderrLine: {'line': b'      |                            \x1b[01;35m\x1b[K~~~~~~~~^~~~~~~~\x1b[m\x1b[K\n'}
[1.156862] (CommunicationCenter) StderrLine: {'line': b'\x1b[01m\x1b[K/home/albusgive/rlfw/rlfw_deploy/src/CommunicationCenter/motor_driver/STWMotor.h:103:52:\x1b[m\x1b[K \x1b[01;35m\x1b[Kwarning: \x1b[m\x1b[Kunused parameter \xe2\x80\x98\x1b[01m\x1b[Ktorque\x1b[m\x1b[K\xe2\x80\x99 [\x1b[01;35m\x1b[K\x1b]8;;https://gcc.gnu.org/onlinedocs/gcc/Warning-Options.html#index-Wunused-parameter\x07-Wunused-parameter\x1b]8;;\x07\x1b[m\x1b[K]\n'}
[1.156909] (CommunicationCenter) StderrLine: {'line': b'  103 |   STWCANMsg *setSafeTorque(uint8_t motor_id, \x1b[01;35m\x1b[Kfloat torque\x1b[m\x1b[K) override {\n'}
[1.156951] (CommunicationCenter) StderrLine: {'line': b'      |                                              \x1b[01;35m\x1b[K~~~~~~^~~~~~\x1b[m\x1b[K\n'}
[1.156997] (CommunicationCenter) StderrLine: {'line': b'\x1b[01m\x1b[K/home/albusgive/rlfw/rlfw_deploy/src/CommunicationCenter/motor_driver/STWMotor.h:\x1b[m\x1b[K In member function \xe2\x80\x98\x1b[01m\x1b[Kvirtual STWCANMsg* STWMotor::\x1b[01;32m\x1b[KsetSafePos\x1b[m\x1b[K(uint8_t, float)\x1b[m\x1b[K\xe2\x80\x99:\n'}
[1.157039] (CommunicationCenter) StderrLine: {'line': b'\x1b[01m\x1b[K/home/albusgive/rlfw/rlfw_deploy/src/CommunicationCenter/motor_driver/STWMotor.h:106:33:\x1b[m\x1b[K \x1b[01;35m\x1b[Kwarning: \x1b[m\x1b[Kunused parameter \xe2\x80\x98\x1b[01m\x1b[Kmotor_id\x1b[m\x1b[K\xe2\x80\x99 [\x1b[01;35m\x1b[K\x1b]8;;https://gcc.gnu.org/onlinedocs/gcc/Warning-Options.html#index-Wunused-parameter\x07-Wunused-parameter\x1b]8;;\x07\x1b[m\x1b[K]\n'}
[1.157082] (CommunicationCenter) StderrLine: {'line': b'  106 |   STWCANMsg *setSafePos(\x1b[01;35m\x1b[Kuint8_t motor_id\x1b[m\x1b[K, float pos) override {\n'}
[1.157124] (CommunicationCenter) StderrLine: {'line': b'      |                         \x1b[01;35m\x1b[K~~~~~~~~^~~~~~~~\x1b[m\x1b[K\n'}
[1.157165] (CommunicationCenter) StderrLine: {'line': b'\x1b[01m\x1b[K/home/albusgive/rlfw/rlfw_deploy/src/CommunicationCenter/motor_driver/STWMotor.h:106:49:\x1b[m\x1b[K \x1b[01;35m\x1b[Kwarning: \x1b[m\x1b[Kunused parameter \xe2\x80\x98\x1b[01m\x1b[Kpos\x1b[m\x1b[K\xe2\x80\x99 [\x1b[01;35m\x1b[K\x1b]8;;https://gcc.gnu.org/onlinedocs/gcc/Warning-Options.html#index-Wunused-parameter\x07-Wunused-parameter\x1b]8;;\x07\x1b[m\x1b[K]\n'}
[1.157208] (CommunicationCenter) StderrLine: {'line': b'  106 |   STWCANMsg *setSafePos(uint8_t motor_id, \x1b[01;35m\x1b[Kfloat pos\x1b[m\x1b[K) override {\n'}
[1.157252] (CommunicationCenter) StderrLine: {'line': b'      |                                           \x1b[01;35m\x1b[K~~~~~~^~~\x1b[m\x1b[K\n'}
[1.157292] (CommunicationCenter) StderrLine: {'line': b'\x1b[01m\x1b[K/home/albusgive/rlfw/rlfw_deploy/src/CommunicationCenter/motor_driver/STWMotor.h:\x1b[m\x1b[K In member function \xe2\x80\x98\x1b[01m\x1b[Kvirtual STWCANMsg* STWMotor::\x1b[01;32m\x1b[KsetSafeVel\x1b[m\x1b[K(uint8_t, float)\x1b[m\x1b[K\xe2\x80\x99:\n'}
[1.157333] (CommunicationCenter) StderrLine: {'line': b'\x1b[01m\x1b[K/home/albusgive/rlfw/rlfw_deploy/src/CommunicationCenter/motor_driver/STWMotor.h:109:33:\x1b[m\x1b[K \x1b[01;35m\x1b[Kwarning: \x1b[m\x1b[Kunused parameter \xe2\x80\x98\x1b[01m\x1b[Kmotor_id\x1b[m\x1b[K\xe2\x80\x99 [\x1b[01;35m\x1b[K\x1b]8;;https://gcc.gnu.org/onlinedocs/gcc/Warning-Options.html#index-Wunused-parameter\x07-Wunused-parameter\x1b]8;;\x07\x1b[m\x1b[K]\n'}
[1.157423] (CommunicationCenter) StderrLine: {'line': b'  109 |   STWCANMsg *setSafeVel(\x1b[01;35m\x1b[Kuint8_t motor_id\x1b[m\x1b[K, float vel) override {\n'}
[1.157467] (CommunicationCenter) StderrLine: {'line': b'      |                         \x1b[01;35m\x1b[K~~~~~~~~^~~~~~~~\x1b[m\x1b[K\n'}
[1.157506] (CommunicationCenter) StderrLine: {'line': b'\x1b[01m\x1b[K/home/albusgive/rlfw/rlfw_deploy/src/CommunicationCenter/motor_driver/STWMotor.h:109:49:\x1b[m\x1b[K \x1b[01;35m\x1b[Kwarning: \x1b[m\x1b[Kunused parameter \xe2\x80\x98\x1b[01m\x1b[Kvel\x1b[m\x1b[K\xe2\x80\x99 [\x1b[01;35m\x1b[K\x1b]8;;https://gcc.gnu.org/onlinedocs/gcc/Warning-Options.html#index-Wunused-parameter\x07-Wunused-parameter\x1b]8;;\x07\x1b[m\x1b[K]\n'}
[1.157546] (CommunicationCenter) StderrLine: {'line': b'  109 |   STWCANMsg *setSafeVel(uint8_t motor_id, \x1b[01;35m\x1b[Kfloat vel\x1b[m\x1b[K) override {\n'}
[1.157587] (CommunicationCenter) StderrLine: {'line': b'      |                                           \x1b[01;35m\x1b[K~~~~~~^~~\x1b[m\x1b[K\n'}
[1.157752] (CommunicationCenter) StderrLine: {'line': b'\x1b[01m\x1b[K/home/albusgive/rlfw/rlfw_deploy/src/CommunicationCenter/motor_driver/STWMotor.cpp:\x1b[m\x1b[K In member function \xe2\x80\x98\x1b[01m\x1b[Kvirtual STWCANMsg* STWMotor::\x1b[01;32m\x1b[KenableMotor\x1b[m\x1b[K(uint8_t, bool, bool)\x1b[m\x1b[K\xe2\x80\x99:\n'}
[1.157836] (CommunicationCenter) StderrLine: {'line': b'\x1b[01m\x1b[K/home/albusgive/rlfw/rlfw_deploy/src/CommunicationCenter/motor_driver/STWMotor.cpp:7:39:\x1b[m\x1b[K \x1b[01;35m\x1b[Kwarning: \x1b[m\x1b[Kunused parameter \xe2\x80\x98\x1b[01m\x1b[Kclear_fault\x1b[m\x1b[K\xe2\x80\x99 [\x1b[01;35m\x1b[K\x1b]8;;https://gcc.gnu.org/onlinedocs/gcc/Warning-Options.html#index-Wunused-parameter\x07-Wunused-parameter\x1b]8;;\x07\x1b[m\x1b[K]\n'}
[1.157912] (CommunicationCenter) StderrLine: {'line': b'    7 |                                  \x1b[01;35m\x1b[Kbool clear_fault\x1b[m\x1b[K) {\n'}
[1.157970] (CommunicationCenter) StderrLine: {'line': b'      |                                  \x1b[01;35m\x1b[K~~~~~^~~~~~~~~~~\x1b[m\x1b[K\n'}
[1.158025] (CommunicationCenter) StderrLine: {'line': b'\x1b[01m\x1b[K/home/albusgive/rlfw/rlfw_deploy/src/CommunicationCenter/motor_driver/STWMotor.cpp:\x1b[m\x1b[K In member function \xe2\x80\x98\x1b[01m\x1b[Kvirtual STWCANMsg* STWMotor::\x1b[01;32m\x1b[KsetCtrlType\x1b[m\x1b[K(uint8_t)\x1b[m\x1b[K\xe2\x80\x99:\n'}
[1.158081] (CommunicationCenter) StderrLine: {'line': b'\x1b[01m\x1b[K/home/albusgive/rlfw/rlfw_deploy/src/CommunicationCenter/motor_driver/STWMotor.cpp:138:10:\x1b[m\x1b[K \x1b[01;35m\x1b[Kwarning: \x1b[m\x1b[Kenumeration value \xe2\x80\x98\x1b[01m\x1b[KMIT\x1b[m\x1b[K\xe2\x80\x99 not handled in switch [\x1b[01;35m\x1b[K\x1b]8;;https://gcc.gnu.org/onlinedocs/gcc/Warning-Options.html#index-Wswitch\x07-Wswitch\x1b]8;;\x07\x1b[m\x1b[K]\n'}
[1.158141] (CommunicationCenter) StderrLine: {'line': b'  138 |   switch \x1b[01;35m\x1b[K(\x1b[m\x1b[Kctrl_type) {\n'}
[1.158193] (CommunicationCenter) StderrLine: {'line': b'      |          \x1b[01;35m\x1b[K^\x1b[m\x1b[K\n'}
[1.158247] (CommunicationCenter) StderrLine: {'line': b'\x1b[01m\x1b[K/home/albusgive/rlfw/rlfw_deploy/src/CommunicationCenter/motor_driver/STWMotor.cpp:138:10:\x1b[m\x1b[K \x1b[01;35m\x1b[Kwarning: \x1b[m\x1b[Kenumeration value \xe2\x80\x98\x1b[01m\x1b[KPOS_VEL\x1b[m\x1b[K\xe2\x80\x99 not handled in switch [\x1b[01;35m\x1b[K\x1b]8;;https://gcc.gnu.org/onlinedocs/gcc/Warning-Options.html#index-Wswitch\x07-Wswitch\x1b]8;;\x07\x1b[m\x1b[K]\n'}
[1.158306] (CommunicationCenter) StderrLine: {'line': b'\x1b[01m\x1b[K/home/albusgive/rlfw/rlfw_deploy/src/CommunicationCenter/motor_driver/STWMotor.cpp:138:10:\x1b[m\x1b[K \x1b[01;35m\x1b[Kwarning: \x1b[m\x1b[Kenumeration value \xe2\x80\x98\x1b[01m\x1b[KENABLE\x1b[m\x1b[K\xe2\x80\x99 not handled in switch [\x1b[01;35m\x1b[K\x1b]8;;https://gcc.gnu.org/onlinedocs/gcc/Warning-Options.html#index-Wswitch\x07-Wswitch\x1b]8;;\x07\x1b[m\x1b[K]\n'}
[1.158365] (CommunicationCenter) StderrLine: {'line': b'\x1b[01m\x1b[K/home/albusgive/rlfw/rlfw_deploy/src/CommunicationCenter/motor_driver/STWMotor.cpp:138:10:\x1b[m\x1b[K \x1b[01;35m\x1b[Kwarning: \x1b[m\x1b[Kenumeration value \xe2\x80\x98\x1b[01m\x1b[KDISABLE\x1b[m\x1b[K\xe2\x80\x99 not handled in switch [\x1b[01;35m\x1b[K\x1b]8;;https://gcc.gnu.org/onlinedocs/gcc/Warning-Options.html#index-Wswitch\x07-Wswitch\x1b]8;;\x07\x1b[m\x1b[K]\n'}
[1.158424] (CommunicationCenter) StderrLine: {'line': b'\x1b[01m\x1b[K/home/albusgive/rlfw/rlfw_deploy/src/CommunicationCenter/motor_driver/STWMotor.cpp:138:10:\x1b[m\x1b[K \x1b[01;35m\x1b[Kwarning: \x1b[m\x1b[Kenumeration value \xe2\x80\x98\x1b[01m\x1b[KSETZERO\x1b[m\x1b[K\xe2\x80\x99 not handled in switch [\x1b[01;35m\x1b[K\x1b]8;;https://gcc.gnu.org/onlinedocs/gcc/Warning-Options.html#index-Wswitch\x07-Wswitch\x1b]8;;\x07\x1b[m\x1b[K]\n'}
[1.158486] (CommunicationCenter) StderrLine: {'line': b'\x1b[01m\x1b[K/home/albusgive/rlfw/rlfw_deploy/src/CommunicationCenter/motor_driver/STWMotor.cpp:138:10:\x1b[m\x1b[K \x1b[01;35m\x1b[Kwarning: \x1b[m\x1b[Kenumeration value \xe2\x80\x98\x1b[01m\x1b[KERR\x1b[m\x1b[K\xe2\x80\x99 not handled in switch [\x1b[01;35m\x1b[K\x1b]8;;https://gcc.gnu.org/onlinedocs/gcc/Warning-Options.html#index-Wswitch\x07-Wswitch\x1b]8;;\x07\x1b[m\x1b[K]\n'}
[1.182300] (CommunicationCenter) StderrLine: {'line': b'In file included from \x1b[01m\x1b[K/home/albusgive/rlfw/rlfw_deploy/src/CommunicationCenter/motor_driver/DMMotor.h:3\x1b[m\x1b[K,\n'}
[1.182879] (CommunicationCenter) StderrLine: {'line': b'                 from \x1b[01m\x1b[K/home/albusgive/rlfw/rlfw_deploy/src/CommunicationCenter/motor_driver/DMMotor.cpp:1\x1b[m\x1b[K:\n'}
[1.182991] (CommunicationCenter) StderrLine: {'line': b'\x1b[01m\x1b[K/home/albusgive/rlfw/rlfw_deploy/src/CommunicationCenter/motor_driver/Motor.hpp:273:13:\x1b[m\x1b[K \x1b[01;35m\x1b[Kwarning: \x1b[m\x1b[K\xe2\x80\x98\x1b[01m\x1b[Kvirtual MotorBack CANMotor::\x1b[01;32m\x1b[Kdecode\x1b[m\x1b[K()\x1b[m\x1b[K\xe2\x80\x99 was hidden [\x1b[01;35m\x1b[K\x1b]8;;https://gcc.gnu.org/onlinedocs/gcc/Warning-Options.html#index-Woverloaded-virtual=\x07-Woverloaded-virtual=\x1b]8;;\x07\x1b[m\x1b[K]\n'}
[1.183083] (CommunicationCenter) StderrLine: {'line': b'  273 |   MotorBack \x1b[01;35m\x1b[Kdecode\x1b[m\x1b[K() override { return MotorBack(); };\n'}
[1.183151] (CommunicationCenter) StderrLine: {'line': b'      |             \x1b[01;35m\x1b[K^~~~~~\x1b[m\x1b[K\n'}
[1.183219] (CommunicationCenter) StderrLine: {'line': b'\x1b[01m\x1b[K/home/albusgive/rlfw/rlfw_deploy/src/CommunicationCenter/motor_driver/DMMotor.h:50:13:\x1b[m\x1b[K \x1b[01;36m\x1b[Knote: \x1b[m\x1b[K  by \xe2\x80\x98\x1b[01m\x1b[Kvirtual MotorBack DMMotor::\x1b[01;32m\x1b[Kdecode\x1b[m\x1b[K(CANMSG)\x1b[m\x1b[K\xe2\x80\x99\n'}
[1.183287] (CommunicationCenter) StderrLine: {'line': b'   50 |   MotorBack \x1b[01;36m\x1b[Kdecode\x1b[m\x1b[K(CANMSG msg) override;\n'}
[1.183346] (CommunicationCenter) StderrLine: {'line': b'      |             \x1b[01;36m\x1b[K^~~~~~\x1b[m\x1b[K\n'}
[1.183401] (CommunicationCenter) StderrLine: {'line': b'\x1b[01m\x1b[K/home/albusgive/rlfw/rlfw_deploy/src/CommunicationCenter/motor_driver/Motor.hpp:272:13:\x1b[m\x1b[K \x1b[01;35m\x1b[Kwarning: \x1b[m\x1b[K\xe2\x80\x98\x1b[01m\x1b[Kvirtual MotorBack CANMotor::\x1b[01;32m\x1b[Kdecode\x1b[m\x1b[K(UnitreeMsg)\x1b[m\x1b[K\xe2\x80\x99 was hidden [\x1b[01;35m\x1b[K\x1b]8;;https://gcc.gnu.org/onlinedocs/gcc/Warning-Options.html#index-Woverloaded-virtual=\x07-Woverloaded-virtual=\x1b]8;;\x07\x1b[m\x1b[K]\n'}
[1.183459] (CommunicationCenter) StderrLine: {'line': b'  272 |   MotorBack \x1b[01;35m\x1b[Kdecode\x1b[m\x1b[K(UnitreeMsg /*msg*/) override { return MotorBack(); };\n'}
[1.183513] (CommunicationCenter) StderrLine: {'line': b'      |             \x1b[01;35m\x1b[K^~~~~~\x1b[m\x1b[K\n'}
[1.183570] (CommunicationCenter) StderrLine: {'line': b'\x1b[01m\x1b[K/home/albusgive/rlfw/rlfw_deploy/src/CommunicationCenter/motor_driver/DMMotor.h:50:13:\x1b[m\x1b[K \x1b[01;36m\x1b[Knote: \x1b[m\x1b[K  by \xe2\x80\x98\x1b[01m\x1b[Kvirtual MotorBack DMMotor::\x1b[01;32m\x1b[Kdecode\x1b[m\x1b[K(CANMSG)\x1b[m\x1b[K\xe2\x80\x99\n'}
[1.183644] (CommunicationCenter) StderrLine: {'line': b'   50 |   MotorBack \x1b[01;36m\x1b[Kdecode\x1b[m\x1b[K(CANMSG msg) override;\n'}
[1.183699] (CommunicationCenter) StderrLine: {'line': b'      |             \x1b[01;36m\x1b[K^~~~~~\x1b[m\x1b[K\n'}
[1.183751] (CommunicationCenter) StderrLine: {'line': b'\x1b[01m\x1b[K/home/albusgive/rlfw/rlfw_deploy/src/CommunicationCenter/motor_driver/DMMotor.h:\x1b[m\x1b[K In member function \xe2\x80\x98\x1b[01m\x1b[Kvirtual DMCANMsg* DMMotor::\x1b[01;32m\x1b[KsetCtrlType\x1b[m\x1b[K(uint8_t)\x1b[m\x1b[K\xe2\x80\x99:\n'}
[1.183807] (CommunicationCenter) StderrLine: {'line': b'\x1b[01m\x1b[K/home/albusgive/rlfw/rlfw_deploy/src/CommunicationCenter/motor_driver/DMMotor.h:55:33:\x1b[m\x1b[K \x1b[01;35m\x1b[Kwarning: \x1b[m\x1b[Kunused parameter \xe2\x80\x98\x1b[01m\x1b[Kmotor_id\x1b[m\x1b[K\xe2\x80\x99 [\x1b[01;35m\x1b[K\x1b]8;;https://gcc.gnu.org/onlinedocs/gcc/Warning-Options.html#index-Wunused-parameter\x07-Wunused-parameter\x1b]8;;\x07\x1b[m\x1b[K]\n'}
[1.183871] (CommunicationCenter) StderrLine: {'line': b'   55 |   DMCANMsg *setCtrlType(\x1b[01;35m\x1b[Kuint8_t motor_id\x1b[m\x1b[K) override { return nullptr; };\n'}
[1.183924] (CommunicationCenter) StderrLine: {'line': b'      |                         \x1b[01;35m\x1b[K~~~~~~~~^~~~~~~~\x1b[m\x1b[K\n'}
[1.183975] (CommunicationCenter) StderrLine: {'line': b'\x1b[01m\x1b[K/home/albusgive/rlfw/rlfw_deploy/src/CommunicationCenter/motor_driver/DMMotor.h:\x1b[m\x1b[K In member function \xe2\x80\x98\x1b[01m\x1b[Kvirtual DMCANMsg* DMMotor::\x1b[01;32m\x1b[Kctrl_pos\x1b[m\x1b[K(uint8_t, float)\x1b[m\x1b[K\xe2\x80\x99:\n'}
[1.184032] (CommunicationCenter) StderrLine: {'line': b'\x1b[01m\x1b[K/home/albusgive/rlfw/rlfw_deploy/src/CommunicationCenter/motor_driver/DMMotor.h:57:30:\x1b[m\x1b[K \x1b[01;35m\x1b[Kwarning: \x1b[m\x1b[Kunused parameter \xe2\x80\x98\x1b[01m\x1b[Kmotor_id\x1b[m\x1b[K\xe2\x80\x99 [\x1b[01;35m\x1b[K\x1b]8;;https://gcc.gnu.org/onlinedocs/gcc/Warning-Options.html#index-Wunused-parameter\x07-Wunused-parameter\x1b]8;;\x07\x1b[m\x1b[K]\n'}
[1.184090] (CommunicationCenter) StderrLine: {'line': b'   57 |   DMCANMsg *ctrl_pos(\x1b[01;35m\x1b[Kuint8_t motor_id\x1b[m\x1b[K, float pos) override { return nullptr; };\n'}
[1.184149] (CommunicationCenter) StderrLine: {'line': b'      |                      \x1b[01;35m\x1b[K~~~~~~~~^~~~~~~~\x1b[m\x1b[K\n'}
[1.184207] (CommunicationCenter) StderrLine: {'line': b'\x1b[01m\x1b[K/home/albusgive/rlfw/rlfw_deploy/src/CommunicationCenter/motor_driver/DMMotor.h:57:46:\x1b[m\x1b[K \x1b[01;35m\x1b[Kwarning: \x1b[m\x1b[Kunused parameter \xe2\x80\x98\x1b[01m\x1b[Kpos\x1b[m\x1b[K\xe2\x80\x99 [\x1b[01;35m\x1b[K\x1b]8;;https://gcc.gnu.org/onlinedocs/gcc/Warning-Options.html#index-Wunused-parameter\x07-Wunused-parameter\x1b]8;;\x07\x1b[m\x1b[K]\n'}
[1.184269] (CommunicationCenter) StderrLine: {'line': b'   57 |   DMCANMsg *ctrl_pos(uint8_t motor_id, \x1b[01;35m\x1b[Kfloat pos\x1b[m\x1b[K) override { return nullptr; };\n'}
[1.184326] (CommunicationCenter) StderrLine: {'line': b'      |                                        \x1b[01;35m\x1b[K~~~~~~^~~\x1b[m\x1b[K\n'}
[1.184382] (CommunicationCenter) StderrLine: {'line': b'\x1b[01m\x1b[K/home/albusgive/rlfw/rlfw_deploy/src/CommunicationCenter/motor_driver/DMMotor.h:\x1b[m\x1b[K In member function \xe2\x80\x98\x1b[01m\x1b[Kvirtual DMCANMsg* DMMotor::\x1b[01;32m\x1b[Kctrl_vel\x1b[m\x1b[K(uint8_t, float)\x1b[m\x1b[K\xe2\x80\x99:\n'}
[1.184437] (CommunicationCenter) StderrLine: {'line': b'\x1b[01m\x1b[K/home/albusgive/rlfw/rlfw_deploy/src/CommunicationCenter/motor_driver/DMMotor.h:59:30:\x1b[m\x1b[K \x1b[01;35m\x1b[Kwarning: \x1b[m\x1b[Kunused parameter \xe2\x80\x98\x1b[01m\x1b[Kmotor_id\x1b[m\x1b[K\xe2\x80\x99 [\x1b[01;35m\x1b[K\x1b]8;;https://gcc.gnu.org/onlinedocs/gcc/Warning-Options.html#index-Wunused-parameter\x07-Wunused-parameter\x1b]8;;\x07\x1b[m\x1b[K]\n'}
[1.184496] (CommunicationCenter) StderrLine: {'line': b'   59 |   DMCANMsg *ctrl_vel(\x1b[01;35m\x1b[Kuint8_t motor_id\x1b[m\x1b[K, float vel) override { return nullptr; };\n'}
[1.184554] (CommunicationCenter) StderrLine: {'line': b'      |                      \x1b[01;35m\x1b[K~~~~~~~~^~~~~~~~\x1b[m\x1b[K\n'}
[1.184619] (CommunicationCenter) StderrLine: {'line': b'\x1b[01m\x1b[K/home/albusgive/rlfw/rlfw_deploy/src/CommunicationCenter/motor_driver/DMMotor.h:59:46:\x1b[m\x1b[K \x1b[01;35m\x1b[Kwarning: \x1b[m\x1b[Kunused parameter \xe2\x80\x98\x1b[01m\x1b[Kvel\x1b[m\x1b[K\xe2\x80\x99 [\x1b[01;35m\x1b[K\x1b]8;;https://gcc.gnu.org/onlinedocs/gcc/Warning-Options.html#index-Wunused-parameter\x07-Wunused-parameter\x1b]8;;\x07\x1b[m\x1b[K]\n'}
[1.184679] (CommunicationCenter) StderrLine: {'line': b'   59 |   DMCANMsg *ctrl_vel(uint8_t motor_id, \x1b[01;35m\x1b[Kfloat vel\x1b[m\x1b[K) override { return nullptr; };\n'}
[1.184732] (CommunicationCenter) StderrLine: {'line': b'      |                                        \x1b[01;35m\x1b[K~~~~~~^~~\x1b[m\x1b[K\n'}
[1.184791] (CommunicationCenter) StderrLine: {'line': b'\x1b[01m\x1b[K/home/albusgive/rlfw/rlfw_deploy/src/CommunicationCenter/motor_driver/DMMotor.h:\x1b[m\x1b[K In member function \xe2\x80\x98\x1b[01m\x1b[Kvirtual DMCANMsg* DMMotor::\x1b[01;32m\x1b[Kctrl_pos_vel\x1b[m\x1b[K(uint8_t, float, float)\x1b[m\x1b[K\xe2\x80\x99:\n'}
[1.184847] (CommunicationCenter) StderrLine: {'line': b'\x1b[01m\x1b[K/home/albusgive/rlfw/rlfw_deploy/src/CommunicationCenter/motor_driver/DMMotor.h:61:34:\x1b[m\x1b[K \x1b[01;35m\x1b[Kwarning: \x1b[m\x1b[Kunused parameter \xe2\x80\x98\x1b[01m\x1b[Kmotor_id\x1b[m\x1b[K\xe2\x80\x99 [\x1b[01;35m\x1b[K\x1b]8;;https://gcc.gnu.org/onlinedocs/gcc/Warning-Options.html#index-Wunused-parameter\x07-Wunused-parameter\x1b]8;;\x07\x1b[m\x1b[K]\n'}
[1.184903] (CommunicationCenter) StderrLine: {'line': b'   61 |   DMCANMsg *ctrl_pos_vel(\x1b[01;35m\x1b[Kuint8_t motor_id\x1b[m\x1b[K, float pos, float vel) override {\n'}
[1.184956] (CommunicationCenter) StderrLine: {'line': b'      |                          \x1b[01;35m\x1b[K~~~~~~~~^~~~~~~~\x1b[m\x1b[K\n'}
[1.185011] (CommunicationCenter) StderrLine: {'line': b'\x1b[01m\x1b[K/home/albusgive/rlfw/rlfw_deploy/src/CommunicationCenter/motor_driver/DMMotor.h:61:50:\x1b[m\x1b[K \x1b[01;35m\x1b[Kwarning: \x1b[m\x1b[Kunused parameter \xe2\x80\x98\x1b[01m\x1b[Kpos\x1b[m\x1b[K\xe2\x80\x99 [\x1b[01;35m\x1b[K\x1b]8;;https://gcc.gnu.org/onlinedocs/gcc/Warning-Options.html#index-Wunused-parameter\x07-Wunused-parameter\x1b]8;;\x07\x1b[m\x1b[K]\n'}
[1.185069] (CommunicationCenter) StderrLine: {'line': b'   61 |   DMCANMsg *ctrl_pos_vel(uint8_t motor_id, \x1b[01;35m\x1b[Kfloat pos\x1b[m\x1b[K, float vel) override {\n'}
[1.185127] (CommunicationCenter) StderrLine: {'line': b'      |                                            \x1b[01;35m\x1b[K~~~~~~^~~\x1b[m\x1b[K\n'}
[1.185188] (CommunicationCenter) StderrLine: {'line': b'\x1b[01m\x1b[K/home/albusgive/rlfw/rlfw_deploy/src/CommunicationCenter/motor_driver/DMMotor.h:61:61:\x1b[m\x1b[K \x1b[01;35m\x1b[Kwarning: \x1b[m\x1b[Kunused parameter \xe2\x80\x98\x1b[01m\x1b[Kvel\x1b[m\x1b[K\xe2\x80\x99 [\x1b[01;35m\x1b[K\x1b]8;;https://gcc.gnu.org/onlinedocs/gcc/Warning-Options.html#index-Wunused-parameter\x07-Wunused-parameter\x1b]8;;\x07\x1b[m\x1b[K]\n'}
[1.185245] (CommunicationCenter) StderrLine: {'line': b'   61 |   DMCANMsg *ctrl_pos_vel(uint8_t motor_id, float pos, \x1b[01;35m\x1b[Kfloat vel\x1b[m\x1b[K) override {\n'}
[1.185304] (CommunicationCenter) StderrLine: {'line': b'      |                                                       \x1b[01;35m\x1b[K~~~~~~^~~\x1b[m\x1b[K\n'}
[1.185357] (CommunicationCenter) StderrLine: {'line': b'\x1b[01m\x1b[K/home/albusgive/rlfw/rlfw_deploy/src/CommunicationCenter/motor_driver/DMMotor.h:\x1b[m\x1b[K In member function \xe2\x80\x98\x1b[01m\x1b[Kvirtual DMCANMsg* DMMotor::\x1b[01;32m\x1b[Kctrl_torque\x1b[m\x1b[K(uint8_t, float)\x1b[m\x1b[K\xe2\x80\x99:\n'}
[1.185411] (CommunicationCenter) StderrLine: {'line': b'\x1b[01m\x1b[K/home/albusgive/rlfw/rlfw_deploy/src/CommunicationCenter/motor_driver/DMMotor.h:65:33:\x1b[m\x1b[K \x1b[01;35m\x1b[Kwarning: \x1b[m\x1b[Kunused parameter \xe2\x80\x98\x1b[01m\x1b[Kmotor_id\x1b[m\x1b[K\xe2\x80\x99 [\x1b[01;35m\x1b[K\x1b]8;;https://gcc.gnu.org/onlinedocs/gcc/Warning-Options.html#index-Wunused-parameter\x07-Wunused-parameter\x1b]8;;\x07\x1b[m\x1b[K]\n'}
[1.185467] (CommunicationCenter) StderrLine: {'line': b'   65 |   DMCANMsg *ctrl_torque(\x1b[01;35m\x1b[Kuint8_t motor_id\x1b[m\x1b[K, float torque) override {\n'}
[1.185521] (CommunicationCenter) StderrLine: {'line': b'      |                         \x1b[01;35m\x1b[K~~~~~~~~^~~~~~~~\x1b[m\x1b[K\n'}
[1.185574] (CommunicationCenter) StderrLine: {'line': b'\x1b[01m\x1b[K/home/albusgive/rlfw/rlfw_deploy/src/CommunicationCenter/motor_driver/DMMotor.h:65:49:\x1b[m\x1b[K \x1b[01;35m\x1b[Kwarning: \x1b[m\x1b[Kunused parameter \xe2\x80\x98\x1b[01m\x1b[Ktorque\x1b[m\x1b[K\xe2\x80\x99 [\x1b[01;35m\x1b[K\x1b]8;;https://gcc.gnu.org/onlinedocs/gcc/Warning-Options.html#index-Wunused-parameter\x07-Wunused-parameter\x1b]8;;\x07\x1b[m\x1b[K]\n'}
[1.185647] (CommunicationCenter) StderrLine: {'line': b'   65 |   DMCANMsg *ctrl_torque(uint8_t motor_id, \x1b[01;35m\x1b[Kfloat torque\x1b[m\x1b[K) override {\n'}
[1.185704] (CommunicationCenter) StderrLine: {'line': b'      |                                           \x1b[01;35m\x1b[K~~~~~~^~~~~~\x1b[m\x1b[K\n'}
[1.185757] (CommunicationCenter) StderrLine: {'line': b'\x1b[01m\x1b[K/home/albusgive/rlfw/rlfw_deploy/src/CommunicationCenter/motor_driver/DMMotor.h:\x1b[m\x1b[K In member function \xe2\x80\x98\x1b[01m\x1b[Kvirtual DMCANMsg* DMMotor::\x1b[01;32m\x1b[KsetPosKP\x1b[m\x1b[K(uint8_t, float)\x1b[m\x1b[K\xe2\x80\x99:\n'}
[1.185812] (CommunicationCenter) StderrLine: {'line': b'\x1b[01m\x1b[K/home/albusgive/rlfw/rlfw_deploy/src/CommunicationCenter/motor_driver/DMMotor.h:70:30:\x1b[m\x1b[K \x1b[01;35m\x1b[Kwarning: \x1b[m\x1b[Kunused parameter \xe2\x80\x98\x1b[01m\x1b[Kmotor_id\x1b[m\x1b[K\xe2\x80\x99 [\x1b[01;35m\x1b[K\x1b]8;;https://gcc.gnu.org/onlinedocs/gcc/Warning-Options.html#index-Wunused-parameter\x07-Wunused-parameter\x1b]8;;\x07\x1b[m\x1b[K]\n'}
[1.185870] (CommunicationCenter) StderrLine: {'line': b'   70 |   DMCANMsg *setPosKP(\x1b[01;35m\x1b[Kuint8_t motor_id\x1b[m\x1b[K, float kp) override { return nullptr; };\n'}
[1.185928] (CommunicationCenter) StderrLine: {'line': b'      |                      \x1b[01;35m\x1b[K~~~~~~~~^~~~~~~~\x1b[m\x1b[K\n'}
[1.185983] (CommunicationCenter) StderrLine: {'line': b'\x1b[01m\x1b[K/home/albusgive/rlfw/rlfw_deploy/src/CommunicationCenter/motor_driver/DMMotor.h:70:46:\x1b[m\x1b[K \x1b[01;35m\x1b[Kwarning: \x1b[m\x1b[Kunused parameter \xe2\x80\x98\x1b[01m\x1b[Kkp\x1b[m\x1b[K\xe2\x80\x99 [\x1b[01;35m\x1b[K\x1b]8;;https://gcc.gnu.org/onlinedocs/gcc/Warning-Options.html#index-Wunused-parameter\x07-Wunused-parameter\x1b]8;;\x07\x1b[m\x1b[K]\n'}
[1.186044] (CommunicationCenter) StderrLine: {'line': b'   70 |   DMCANMsg *setPosKP(uint8_t motor_id, \x1b[01;35m\x1b[Kfloat kp\x1b[m\x1b[K) override { return nullptr; };\n'}
[1.186102] (CommunicationCenter) StderrLine: {'line': b'      |                                        \x1b[01;35m\x1b[K~~~~~~^~\x1b[m\x1b[K\n'}
[1.186159] (CommunicationCenter) StderrLine: {'line': b'\x1b[01m\x1b[K/home/albusgive/rlfw/rlfw_deploy/src/CommunicationCenter/motor_driver/DMMotor.h:\x1b[m\x1b[K In member function \xe2\x80\x98\x1b[01m\x1b[Kvirtual DMCANMsg* DMMotor::\x1b[01;32m\x1b[KsetPosKD\x1b[m\x1b[K(uint8_t, float)\x1b[m\x1b[K\xe2\x80\x99:\n'}
[1.186215] (CommunicationCenter) StderrLine: {'line': b'\x1b[01m\x1b[K/home/albusgive/rlfw/rlfw_deploy/src/CommunicationCenter/motor_driver/DMMotor.h:71:30:\x1b[m\x1b[K \x1b[01;35m\x1b[Kwarning: \x1b[m\x1b[Kunused parameter \xe2\x80\x98\x1b[01m\x1b[Kmotor_id\x1b[m\x1b[K\xe2\x80\x99 [\x1b[01;35m\x1b[K\x1b]8;;https://gcc.gnu.org/onlinedocs/gcc/Warning-Options.html#index-Wunused-parameter\x07-Wunused-parameter\x1b]8;;\x07\x1b[m\x1b[K]\n'}
[1.186274] (CommunicationCenter) StderrLine: {'line': b'   71 |   DMCANMsg *setPosKD(\x1b[01;35m\x1b[Kuint8_t motor_id\x1b[m\x1b[K, float kd) override { return nullptr; };\n'}
[1.186335] (CommunicationCenter) StderrLine: {'line': b'      |                      \x1b[01;35m\x1b[K~~~~~~~~^~~~~~~~\x1b[m\x1b[K\n'}
[1.186392] (CommunicationCenter) StderrLine: {'line': b'\x1b[01m\x1b[K/home/albusgive/rlfw/rlfw_deploy/src/CommunicationCenter/motor_driver/DMMotor.h:71:46:\x1b[m\x1b[K \x1b[01;35m\x1b[Kwarning: \x1b[m\x1b[Kunused parameter \xe2\x80\x98\x1b[01m\x1b[Kkd\x1b[m\x1b[K\xe2\x80\x99 [\x1b[01;35m\x1b[K\x1b]8;;https://gcc.gnu.org/onlinedocs/gcc/Warning-Options.html#index-Wunused-parameter\x07-Wunused-parameter\x1b]8;;\x07\x1b[m\x1b[K]\n'}
[1.186459] (CommunicationCenter) StderrLine: {'line': b'   71 |   DMCANMsg *setPosKD(uint8_t motor_id, \x1b[01;35m\x1b[Kfloat kd\x1b[m\x1b[K) override { return nullptr; };\n'}
[1.186520] (CommunicationCenter) StderrLine: {'line': b'      |                                        \x1b[01;35m\x1b[K~~~~~~^~\x1b[m\x1b[K\n'}
[1.186578] (CommunicationCenter) StderrLine: {'line': b'\x1b[01m\x1b[K/home/albusgive/rlfw/rlfw_deploy/src/CommunicationCenter/motor_driver/DMMotor.h:\x1b[m\x1b[K In member function \xe2\x80\x98\x1b[01m\x1b[Kvirtual DMCANMsg* DMMotor::\x1b[01;32m\x1b[KsetVelKP\x1b[m\x1b[K(uint8_t, float)\x1b[m\x1b[K\xe2\x80\x99:\n'}
[1.186650] (CommunicationCenter) StderrLine: {'line': b'\x1b[01m\x1b[K/home/albusgive/rlfw/rlfw_deploy/src/CommunicationCenter/motor_driver/DMMotor.h:73:30:\x1b[m\x1b[K \x1b[01;35m\x1b[Kwarning: \x1b[m\x1b[Kunused parameter \xe2\x80\x98\x1b[01m\x1b[Kmotor_id\x1b[m\x1b[K\xe2\x80\x99 [\x1b[01;35m\x1b[K\x1b]8;;https://gcc.gnu.org/onlinedocs/gcc/Warning-Options.html#index-Wunused-parameter\x07-Wunused-parameter\x1b]8;;\x07\x1b[m\x1b[K]\n'}
[1.186713] (CommunicationCenter) StderrLine: {'line': b'   73 |   DMCANMsg *setVelKP(\x1b[01;35m\x1b[Kuint8_t motor_id\x1b[m\x1b[K, float kp) override { return nullptr; };\n'}
[1.186771] (CommunicationCenter) StderrLine: {'line': b'      |                      \x1b[01;35m\x1b[K~~~~~~~~^~~~~~~~\x1b[m\x1b[K\n'}
[1.186824] (CommunicationCenter) StderrLine: {'line': b'\x1b[01m\x1b[K/home/albusgive/rlfw/rlfw_deploy/src/CommunicationCenter/motor_driver/DMMotor.h:73:46:\x1b[m\x1b[K \x1b[01;35m\x1b[Kwarning: \x1b[m\x1b[Kunused parameter \xe2\x80\x98\x1b[01m\x1b[Kkp\x1b[m\x1b[K\xe2\x80\x99 [\x1b[01;35m\x1b[K\x1b]8;;https://gcc.gnu.org/onlinedocs/gcc/Warning-Options.html#index-Wunused-parameter\x07-Wunused-parameter\x1b]8;;\x07\x1b[m\x1b[K]\n'}
[1.186881] (CommunicationCenter) StderrLine: {'line': b'   73 |   DMCANMsg *setVelKP(uint8_t motor_id, \x1b[01;35m\x1b[Kfloat kp\x1b[m\x1b[K) override { return nullptr; };\n'}
[1.186936] (CommunicationCenter) StderrLine: {'line': b'      |                                        \x1b[01;35m\x1b[K~~~~~~^~\x1b[m\x1b[K\n'}
[1.186989] (CommunicationCenter) StderrLine: {'line': b'\x1b[01m\x1b[K/home/albusgive/rlfw/rlfw_deploy/src/CommunicationCenter/motor_driver/DMMotor.h:\x1b[m\x1b[K In member function \xe2\x80\x98\x1b[01m\x1b[Kvirtual DMCANMsg* DMMotor::\x1b[01;32m\x1b[KsetVelKI\x1b[m\x1b[K(uint8_t, float)\x1b[m\x1b[K\xe2\x80\x99:\n'}
[1.187043] (CommunicationCenter) StderrLine: {'line': b'\x1b[01m\x1b[K/home/albusgive/rlfw/rlfw_deploy/src/CommunicationCenter/motor_driver/DMMotor.h:74:30:\x1b[m\x1b[K \x1b[01;35m\x1b[Kwarning: \x1b[m\x1b[Kunused parameter \xe2\x80\x98\x1b[01m\x1b[Kmotor_id\x1b[m\x1b[K\xe2\x80\x99 [\x1b[01;35m\x1b[K\x1b]8;;https://gcc.gnu.org/onlinedocs/gcc/Warning-Options.html#index-Wunused-parameter\x07-Wunused-parameter\x1b]8;;\x07\x1b[m\x1b[K]\n'}
[1.187099] (CommunicationCenter) StderrLine: {'line': b'   74 |   DMCANMsg *setVelKI(\x1b[01;35m\x1b[Kuint8_t motor_id\x1b[m\x1b[K, float ki) override { return nullptr; };\n'}
[1.187154] (CommunicationCenter) StderrLine: {'line': b'      |                      \x1b[01;35m\x1b[K~~~~~~~~^~~~~~~~\x1b[m\x1b[K\n'}
[1.187210] (CommunicationCenter) StderrLine: {'line': b'\x1b[01m\x1b[K/home/albusgive/rlfw/rlfw_deploy/src/CommunicationCenter/motor_driver/DMMotor.h:74:46:\x1b[m\x1b[K \x1b[01;35m\x1b[Kwarning: \x1b[m\x1b[Kunused parameter \xe2\x80\x98\x1b[01m\x1b[Kki\x1b[m\x1b[K\xe2\x80\x99 [\x1b[01;35m\x1b[K\x1b]8;;https://gcc.gnu.org/onlinedocs/gcc/Warning-Options.html#index-Wunused-parameter\x07-Wunused-parameter\x1b]8;;\x07\x1b[m\x1b[K]\n'}
[1.187276] (CommunicationCenter) StderrLine: {'line': b'   74 |   DMCANMsg *setVelKI(uint8_t motor_id, \x1b[01;35m\x1b[Kfloat ki\x1b[m\x1b[K) override { return nullptr; };\n'}
[1.187330] (CommunicationCenter) StderrLine: {'line': b'      |                                        \x1b[01;35m\x1b[K~~~~~~^~\x1b[m\x1b[K\n'}
[1.187384] (CommunicationCenter) StderrLine: {'line': b'\x1b[01m\x1b[K/home/albusgive/rlfw/rlfw_deploy/src/CommunicationCenter/motor_driver/DMMotor.h:\x1b[m\x1b[K In member function \xe2\x80\x98\x1b[01m\x1b[Kvirtual DMCANMsg* DMMotor::\x1b[01;32m\x1b[KsetTorqueKP\x1b[m\x1b[K(uint8_t, float)\x1b[m\x1b[K\xe2\x80\x99:\n'}
[1.187439] (CommunicationCenter) StderrLine: {'line': b'\x1b[01m\x1b[K/home/albusgive/rlfw/rlfw_deploy/src/CommunicationCenter/motor_driver/DMMotor.h:76:33:\x1b[m\x1b[K \x1b[01;35m\x1b[Kwarning: \x1b[m\x1b[Kunused parameter \xe2\x80\x98\x1b[01m\x1b[Kmotor_id\x1b[m\x1b[K\xe2\x80\x99 [\x1b[01;35m\x1b[K\x1b]8;;https://gcc.gnu.org/onlinedocs/gcc/Warning-Options.html#index-Wunused-parameter\x07-Wunused-parameter\x1b]8;;\x07\x1b[m\x1b[K]\n'}
[1.187496] (CommunicationCenter) StderrLine: {'line': b'   76 |   DMCANMsg *setTorqueKP(\x1b[01;35m\x1b[Kuint8_t motor_id\x1b[m\x1b[K, float kp) override {\n'}
[1.187548] (CommunicationCenter) StderrLine: {'line': b'      |                         \x1b[01;35m\x1b[K~~~~~~~~^~~~~~~~\x1b[m\x1b[K\n'}
[1.187620] (CommunicationCenter) StderrLine: {'line': b'\x1b[01m\x1b[K/home/albusgive/rlfw/rlfw_deploy/src/CommunicationCenter/motor_driver/DMMotor.h:76:49:\x1b[m\x1b[K \x1b[01;35m\x1b[Kwarning: \x1b[m\x1b[Kunused parameter \xe2\x80\x98\x1b[01m\x1b[Kkp\x1b[m\x1b[K\xe2\x80\x99 [\x1b[01;35m\x1b[K\x1b]8;;https://gcc.gnu.org/onlinedocs/gcc/Warning-Options.html#index-Wunused-parameter\x07-Wunused-parameter\x1b]8;;\x07\x1b[m\x1b[K]\n'}
[1.187684] (CommunicationCenter) StderrLine: {'line': b'   76 |   DMCANMsg *setTorqueKP(uint8_t motor_id, \x1b[01;35m\x1b[Kfloat kp\x1b[m\x1b[K) override {\n'}
[1.187739] (CommunicationCenter) StderrLine: {'line': b'      |                                           \x1b[01;35m\x1b[K~~~~~~^~\x1b[m\x1b[K\n'}
[1.187794] (CommunicationCenter) StderrLine: {'line': b'\x1b[01m\x1b[K/home/albusgive/rlfw/rlfw_deploy/src/CommunicationCenter/motor_driver/DMMotor.h:\x1b[m\x1b[K In member function \xe2\x80\x98\x1b[01m\x1b[Kvirtual DMCANMsg* DMMotor::\x1b[01;32m\x1b[KsetTorqueKI\x1b[m\x1b[K(uint8_t, float)\x1b[m\x1b[K\xe2\x80\x99:\n'}
[1.187849] (CommunicationCenter) StderrLine: {'line': b'\x1b[01m\x1b[K/home/albusgive/rlfw/rlfw_deploy/src/CommunicationCenter/motor_driver/DMMotor.h:79:33:\x1b[m\x1b[K \x1b[01;35m\x1b[Kwarning: \x1b[m\x1b[Kunused parameter \xe2\x80\x98\x1b[01m\x1b[Kmotor_id\x1b[m\x1b[K\xe2\x80\x99 [\x1b[01;35m\x1b[K\x1b]8;;https://gcc.gnu.org/onlinedocs/gcc/Warning-Options.html#index-Wunused-parameter\x07-Wunused-parameter\x1b]8;;\x07\x1b[m\x1b[K]\n'}
[1.187905] (CommunicationCenter) StderrLine: {'line': b'   79 |   DMCANMsg *setTorqueKI(\x1b[01;35m\x1b[Kuint8_t motor_id\x1b[m\x1b[K, float ki) override {\n'}
[1.187963] (CommunicationCenter) StderrLine: {'line': b'      |                         \x1b[01;35m\x1b[K~~~~~~~~^~~~~~~~\x1b[m\x1b[K\n'}
[1.188019] (CommunicationCenter) StderrLine: {'line': b'\x1b[01m\x1b[K/home/albusgive/rlfw/rlfw_deploy/src/CommunicationCenter/motor_driver/DMMotor.h:79:49:\x1b[m\x1b[K \x1b[01;35m\x1b[Kwarning: \x1b[m\x1b[Kunused parameter \xe2\x80\x98\x1b[01m\x1b[Kki\x1b[m\x1b[K\xe2\x80\x99 [\x1b[01;35m\x1b[K\x1b]8;;https://gcc.gnu.org/onlinedocs/gcc/Warning-Options.html#index-Wunused-parameter\x07-Wunused-parameter\x1b]8;;\x07\x1b[m\x1b[K]\n'}
[1.188074] (CommunicationCenter) StderrLine: {'line': b'   79 |   DMCANMsg *setTorqueKI(uint8_t motor_id, \x1b[01;35m\x1b[Kfloat ki\x1b[m\x1b[K) override {\n'}
[1.188130] (CommunicationCenter) StderrLine: {'line': b'      |                                           \x1b[01;35m\x1b[K~~~~~~^~\x1b[m\x1b[K\n'}
[1.188187] (CommunicationCenter) StderrLine: {'line': b'\x1b[01m\x1b[K/home/albusgive/rlfw/rlfw_deploy/src/CommunicationCenter/motor_driver/DMMotor.h:\x1b[m\x1b[K In member function \xe2\x80\x98\x1b[01m\x1b[Kvirtual DMCANMsg* DMMotor::\x1b[01;32m\x1b[KsetSafeTorque\x1b[m\x1b[K(uint8_t, float)\x1b[m\x1b[K\xe2\x80\x99:\n'}
[1.188253] (CommunicationCenter) StderrLine: {'line': b'\x1b[01m\x1b[K/home/albusgive/rlfw/rlfw_deploy/src/CommunicationCenter/motor_driver/DMMotor.h:83:35:\x1b[m\x1b[K \x1b[01;35m\x1b[Kwarning: \x1b[m\x1b[Kunused parameter \xe2\x80\x98\x1b[01m\x1b[Kmotor_id\x1b[m\x1b[K\xe2\x80\x99 [\x1b[01;35m\x1b[K\x1b]8;;https://gcc.gnu.org/onlinedocs/gcc/Warning-Options.html#index-Wunused-parameter\x07-Wunused-parameter\x1b]8;;\x07\x1b[m\x1b[K]\n'}
[1.188314] (CommunicationCenter) StderrLine: {'line': b'   83 |   DMCANMsg *setSafeTorque(\x1b[01;35m\x1b[Kuint8_t motor_id\x1b[m\x1b[K, float torque) override {\n'}
[1.188376] (CommunicationCenter) StderrLine: {'line': b'      |                           \x1b[01;35m\x1b[K~~~~~~~~^~~~~~~~\x1b[m\x1b[K\n'}
[1.188440] (CommunicationCenter) StderrLine: {'line': b'\x1b[01m\x1b[K/home/albusgive/rlfw/rlfw_deploy/src/CommunicationCenter/motor_driver/DMMotor.h:83:51:\x1b[m\x1b[K \x1b[01;35m\x1b[Kwarning: \x1b[m\x1b[Kunused parameter \xe2\x80\x98\x1b[01m\x1b[Ktorque\x1b[m\x1b[K\xe2\x80\x99 [\x1b[01;35m\x1b[K\x1b]8;;https://gcc.gnu.org/onlinedocs/gcc/Warning-Options.html#index-Wunused-parameter\x07-Wunused-parameter\x1b]8;;\x07\x1b[m\x1b[K]\n'}
[1.188500] (CommunicationCenter) StderrLine: {'line': b'   83 |   DMCANMsg *setSafeTorque(uint8_t motor_id, \x1b[01;35m\x1b[Kfloat torque\x1b[m\x1b[K) override {\n'}
[1.188555] (CommunicationCenter) StderrLine: {'line': b'      |                                             \x1b[01;35m\x1b[K~~~~~~^~~~~~\x1b[m\x1b[K\n'}
[1.188696] (CommunicationCenter) StderrLine: {'line': b'\x1b[01m\x1b[K/home/albusgive/rlfw/rlfw_deploy/src/CommunicationCenter/motor_driver/DMMotor.h:\x1b[m\x1b[K In member function \xe2\x80\x98\x1b[01m\x1b[Kvirtual DMCANMsg* DMMotor::\x1b[01;32m\x1b[KsetSafePos\x1b[m\x1b[K(uint8_t, float)\x1b[m\x1b[K\xe2\x80\x99:\n'}
[1.188756] (CommunicationCenter) StderrLine: {'line': b'\x1b[01m\x1b[K/home/albusgive/rlfw/rlfw_deploy/src/CommunicationCenter/motor_driver/DMMotor.h:86:32:\x1b[m\x1b[K \x1b[01;35m\x1b[Kwarning: \x1b[m\x1b[Kunused parameter \xe2\x80\x98\x1b[01m\x1b[Kmotor_id\x1b[m\x1b[K\xe2\x80\x99 [\x1b[01;35m\x1b[K\x1b]8;;https://gcc.gnu.org/onlinedocs/gcc/Warning-Options.html#index-Wunused-parameter\x07-Wunused-parameter\x1b]8;;\x07\x1b[m\x1b[K]\n'}
[1.188813] (CommunicationCenter) StderrLine: {'line': b'   86 |   DMCANMsg *setSafePos(\x1b[01;35m\x1b[Kuint8_t motor_id\x1b[m\x1b[K, float pos) override {\n'}
[1.188866] (CommunicationCenter) StderrLine: {'line': b'      |                        \x1b[01;35m\x1b[K~~~~~~~~^~~~~~~~\x1b[m\x1b[K\n'}
[1.188918] (CommunicationCenter) StderrLine: {'line': b'\x1b[01m\x1b[K/home/albusgive/rlfw/rlfw_deploy/src/CommunicationCenter/motor_driver/DMMotor.h:86:48:\x1b[m\x1b[K \x1b[01;35m\x1b[Kwarning: \x1b[m\x1b[Kunused parameter \xe2\x80\x98\x1b[01m\x1b[Kpos\x1b[m\x1b[K\xe2\x80\x99 [\x1b[01;35m\x1b[K\x1b]8;;https://gcc.gnu.org/onlinedocs/gcc/Warning-Options.html#index-Wunused-parameter\x07-Wunused-parameter\x1b]8;;\x07\x1b[m\x1b[K]\n'}
[1.188972] (CommunicationCenter) StderrLine: {'line': b'   86 |   DMCANMsg *setSafePos(uint8_t motor_id, \x1b[01;35m\x1b[Kfloat pos\x1b[m\x1b[K) override {\n'}
[1.189025] (CommunicationCenter) StderrLine: {'line': b'      |                                          \x1b[01;35m\x1b[K~~~~~~^~~\x1b[m\x1b[K\n'}
[1.189077] (CommunicationCenter) StderrLine: {'line': b'\x1b[01m\x1b[K/home/albusgive/rlfw/rlfw_deploy/src/CommunicationCenter/motor_driver/DMMotor.h:\x1b[m\x1b[K In member function \xe2\x80\x98\x1b[01m\x1b[Kvirtual DMCANMsg* DMMotor::\x1b[01;32m\x1b[KsetSafeVel\x1b[m\x1b[K(uint8_t, float)\x1b[m\x1b[K\xe2\x80\x99:\n'}
[1.189133] (CommunicationCenter) StderrLine: {'line': b'\x1b[01m\x1b[K/home/albusgive/rlfw/rlfw_deploy/src/CommunicationCenter/motor_driver/DMMotor.h:89:32:\x1b[m\x1b[K \x1b[01;35m\x1b[Kwarning: \x1b[m\x1b[Kunused parameter \xe2\x80\x98\x1b[01m\x1b[Kmotor_id\x1b[m\x1b[K\xe2\x80\x99 [\x1b[01;35m\x1b[K\x1b]8;;https://gcc.gnu.org/onlinedocs/gcc/Warning-Options.html#index-Wunused-parameter\x07-Wunused-parameter\x1b]8;;\x07\x1b[m\x1b[K]\n'}
[1.189190] (CommunicationCenter) StderrLine: {'line': b'   89 |   DMCANMsg *setSafeVel(\x1b[01;35m\x1b[Kuint8_t motor_id\x1b[m\x1b[K, float vel) override {\n'}
[1.189244] (CommunicationCenter) StderrLine: {'line': b'      |                        \x1b[01;35m\x1b[K~~~~~~~~^~~~~~~~\x1b[m\x1b[K\n'}
[1.189300] (CommunicationCenter) StderrLine: {'line': b'\x1b[01m\x1b[K/home/albusgive/rlfw/rlfw_deploy/src/CommunicationCenter/motor_driver/DMMotor.h:89:48:\x1b[m\x1b[K \x1b[01;35m\x1b[Kwarning: \x1b[m\x1b[Kunused parameter \xe2\x80\x98\x1b[01m\x1b[Kvel\x1b[m\x1b[K\xe2\x80\x99 [\x1b[01;35m\x1b[K\x1b]8;;https://gcc.gnu.org/onlinedocs/gcc/Warning-Options.html#index-Wunused-parameter\x07-Wunused-parameter\x1b]8;;\x07\x1b[m\x1b[K]\n'}
[1.189359] (CommunicationCenter) StderrLine: {'line': b'   89 |   DMCANMsg *setSafeVel(uint8_t motor_id, \x1b[01;35m\x1b[Kfloat vel\x1b[m\x1b[K) override {\n'}
[1.189412] (CommunicationCenter) StderrLine: {'line': b'      |                                          \x1b[01;35m\x1b[K~~~~~~^~~\x1b[m\x1b[K\n'}
[1.189463] (CommunicationCenter) StderrLine: {'line': b'\x1b[01m\x1b[K/home/albusgive/rlfw/rlfw_deploy/src/CommunicationCenter/motor_driver/MiMotor.cpp:\x1b[m\x1b[K In member function \xe2\x80\x98\x1b[01m\x1b[Kvirtual MiCANMsg* MiMotor::\x1b[01;32m\x1b[KsetCtrlType\x1b[m\x1b[K(uint8_t)\x1b[m\x1b[K\xe2\x80\x99:\n'}
[1.189521] (CommunicationCenter) StderrLine: {'line': b'\x1b[01m\x1b[K/home/albusgive/rlfw/rlfw_deploy/src/CommunicationCenter/motor_driver/MiMotor.cpp:174:10:\x1b[m\x1b[K \x1b[01;35m\x1b[Kwarning: \x1b[m\x1b[Kenumeration value \xe2\x80\x98\x1b[01m\x1b[KDISABLE\x1b[m\x1b[K\xe2\x80\x99 not handled in switch [\x1b[01;35m\x1b[K\x1b]8;;https://gcc.gnu.org/onlinedocs/gcc/Warning-Options.html#index-Wswitch\x07-Wswitch\x1b]8;;\x07\x1b[m\x1b[K]\n'}
[1.189575] (CommunicationCenter) StderrLine: {'line': b'  174 |   switch \x1b[01;35m\x1b[K(\x1b[m\x1b[Kctrl_type) {\n'}
[1.189646] (CommunicationCenter) StderrLine: {'line': b'      |          \x1b[01;35m\x1b[K^\x1b[m\x1b[K\n'}
[1.189700] (CommunicationCenter) StderrLine: {'line': b'\x1b[01m\x1b[K/home/albusgive/rlfw/rlfw_deploy/src/CommunicationCenter/motor_driver/MiMotor.cpp:174:10:\x1b[m\x1b[K \x1b[01;35m\x1b[Kwarning: \x1b[m\x1b[Kenumeration value \xe2\x80\x98\x1b[01m\x1b[KSETZERO\x1b[m\x1b[K\xe2\x80\x99 not handled in switch [\x1b[01;35m\x1b[K\x1b]8;;https://gcc.gnu.org/onlinedocs/gcc/Warning-Options.html#index-Wswitch\x07-Wswitch\x1b]8;;\x07\x1b[m\x1b[K]\n'}
[1.201272] (-) TimerEvent: {}
[1.243552] (CommunicationCenter) StderrLine: {'line': b'In file included from \x1b[01m\x1b[K/home/albusgive/rlfw/rlfw_deploy/src/CommunicationCenter/motor_driver/DMMotor.h:3\x1b[m\x1b[K,\n'}
[1.244006] (CommunicationCenter) StderrLine: {'line': b'                 from \x1b[01m\x1b[K/home/albusgive/rlfw/rlfw_deploy/src/CommunicationCenter/include/CommunicationCenter.hpp:4\x1b[m\x1b[K,\n'}
[1.244103] (CommunicationCenter) StderrLine: {'line': b'                 from \x1b[01m\x1b[K/home/albusgive/rlfw/rlfw_deploy/src/CommunicationCenter/src/main.cpp:1\x1b[m\x1b[K:\n'}
[1.244179] (CommunicationCenter) StderrLine: {'line': b'\x1b[01m\x1b[K/home/albusgive/rlfw/rlfw_deploy/src/CommunicationCenter/motor_driver/Motor.hpp:273:13:\x1b[m\x1b[K \x1b[01;35m\x1b[Kwarning: \x1b[m\x1b[K\xe2\x80\x98\x1b[01m\x1b[Kvirtual MotorBack CANMotor::\x1b[01;32m\x1b[Kdecode\x1b[m\x1b[K()\x1b[m\x1b[K\xe2\x80\x99 was hidden [\x1b[01;35m\x1b[K\x1b]8;;https://gcc.gnu.org/onlinedocs/gcc/Warning-Options.html#index-Woverloaded-virtual=\x07-Woverloaded-virtual=\x1b]8;;\x07\x1b[m\x1b[K]\n'}
[1.244251] (CommunicationCenter) StderrLine: {'line': b'  273 |   MotorBack \x1b[01;35m\x1b[Kdecode\x1b[m\x1b[K() override { return MotorBack(); };\n'}
[1.244313] (CommunicationCenter) StderrLine: {'line': b'      |             \x1b[01;35m\x1b[K^~~~~~\x1b[m\x1b[K\n'}
[1.244375] (CommunicationCenter) StderrLine: {'line': b'\x1b[01m\x1b[K/home/albusgive/rlfw/rlfw_deploy/src/CommunicationCenter/motor_driver/DMMotor.h:50:13:\x1b[m\x1b[K \x1b[01;36m\x1b[Knote: \x1b[m\x1b[K  by \xe2\x80\x98\x1b[01m\x1b[Kvirtual MotorBack DMMotor::\x1b[01;32m\x1b[Kdecode\x1b[m\x1b[K(CANMSG)\x1b[m\x1b[K\xe2\x80\x99\n'}
[1.244454] (CommunicationCenter) StderrLine: {'line': b'   50 |   MotorBack \x1b[01;36m\x1b[Kdecode\x1b[m\x1b[K(CANMSG msg) override;\n'}
[1.244512] (CommunicationCenter) StderrLine: {'line': b'      |             \x1b[01;36m\x1b[K^~~~~~\x1b[m\x1b[K\n'}
[1.244566] (CommunicationCenter) StderrLine: {'line': b'\x1b[01m\x1b[K/home/albusgive/rlfw/rlfw_deploy/src/CommunicationCenter/motor_driver/Motor.hpp:272:13:\x1b[m\x1b[K \x1b[01;35m\x1b[Kwarning: \x1b[m\x1b[K\xe2\x80\x98\x1b[01m\x1b[Kvirtual MotorBack CANMotor::\x1b[01;32m\x1b[Kdecode\x1b[m\x1b[K(UnitreeMsg)\x1b[m\x1b[K\xe2\x80\x99 was hidden [\x1b[01;35m\x1b[K\x1b]8;;https://gcc.gnu.org/onlinedocs/gcc/Warning-Options.html#index-Woverloaded-virtual=\x07-Woverloaded-virtual=\x1b]8;;\x07\x1b[m\x1b[K]\n'}
[1.244674] (CommunicationCenter) StderrLine: {'line': b'  272 |   MotorBack \x1b[01;35m\x1b[Kdecode\x1b[m\x1b[K(UnitreeMsg /*msg*/) override { return MotorBack(); };\n'}
[1.244732] (CommunicationCenter) StderrLine: {'line': b'      |             \x1b[01;35m\x1b[K^~~~~~\x1b[m\x1b[K\n'}
[1.244786] (CommunicationCenter) StderrLine: {'line': b'\x1b[01m\x1b[K/home/albusgive/rlfw/rlfw_deploy/src/CommunicationCenter/motor_driver/DMMotor.h:50:13:\x1b[m\x1b[K \x1b[01;36m\x1b[Knote: \x1b[m\x1b[K  by \xe2\x80\x98\x1b[01m\x1b[Kvirtual MotorBack DMMotor::\x1b[01;32m\x1b[Kdecode\x1b[m\x1b[K(CANMSG)\x1b[m\x1b[K\xe2\x80\x99\n'}
[1.244844] (CommunicationCenter) StderrLine: {'line': b'   50 |   MotorBack \x1b[01;36m\x1b[Kdecode\x1b[m\x1b[K(CANMSG msg) override;\n'}
[1.244906] (CommunicationCenter) StderrLine: {'line': b'      |             \x1b[01;36m\x1b[K^~~~~~\x1b[m\x1b[K\n'}
[1.244961] (CommunicationCenter) StderrLine: {'line': b'\x1b[01m\x1b[K/home/albusgive/rlfw/rlfw_deploy/src/CommunicationCenter/motor_driver/DMMotor.h:\x1b[m\x1b[K In member function \xe2\x80\x98\x1b[01m\x1b[Kvirtual DMCANMsg* DMMotor::\x1b[01;32m\x1b[KsetCtrlType\x1b[m\x1b[K(uint8_t)\x1b[m\x1b[K\xe2\x80\x99:\n'}
[1.245021] (CommunicationCenter) StderrLine: {'line': b'\x1b[01m\x1b[K/home/albusgive/rlfw/rlfw_deploy/src/CommunicationCenter/motor_driver/DMMotor.h:55:33:\x1b[m\x1b[K \x1b[01;35m\x1b[Kwarning: \x1b[m\x1b[Kunused parameter \xe2\x80\x98\x1b[01m\x1b[Kmotor_id\x1b[m\x1b[K\xe2\x80\x99 [\x1b[01;35m\x1b[K\x1b]8;;https://gcc.gnu.org/onlinedocs/gcc/Warning-Options.html#index-Wunused-parameter\x07-Wunused-parameter\x1b]8;;\x07\x1b[m\x1b[K]\n'}
[1.245082] (CommunicationCenter) StderrLine: {'line': b'   55 |   DMCANMsg *setCtrlType(\x1b[01;35m\x1b[Kuint8_t motor_id\x1b[m\x1b[K) override { return nullptr; };\n'}
[1.245148] (CommunicationCenter) StderrLine: {'line': b'      |                         \x1b[01;35m\x1b[K~~~~~~~~^~~~~~~~\x1b[m\x1b[K\n'}
[1.245208] (CommunicationCenter) StderrLine: {'line': b'\x1b[01m\x1b[K/home/albusgive/rlfw/rlfw_deploy/src/CommunicationCenter/motor_driver/DMMotor.h:\x1b[m\x1b[K In member function \xe2\x80\x98\x1b[01m\x1b[Kvirtual DMCANMsg* DMMotor::\x1b[01;32m\x1b[Kctrl_pos\x1b[m\x1b[K(uint8_t, float)\x1b[m\x1b[K\xe2\x80\x99:\n'}
[1.245266] (CommunicationCenter) StderrLine: {'line': b'\x1b[01m\x1b[K/home/albusgive/rlfw/rlfw_deploy/src/CommunicationCenter/motor_driver/DMMotor.h:57:30:\x1b[m\x1b[K \x1b[01;35m\x1b[Kwarning: \x1b[m\x1b[Kunused parameter \xe2\x80\x98\x1b[01m\x1b[Kmotor_id\x1b[m\x1b[K\xe2\x80\x99 [\x1b[01;35m\x1b[K\x1b]8;;https://gcc.gnu.org/onlinedocs/gcc/Warning-Options.html#index-Wunused-parameter\x07-Wunused-parameter\x1b]8;;\x07\x1b[m\x1b[K]\n'}
[1.245322] (CommunicationCenter) StderrLine: {'line': b'   57 |   DMCANMsg *ctrl_pos(\x1b[01;35m\x1b[Kuint8_t motor_id\x1b[m\x1b[K, float pos) override { return nullptr; };\n'}
[1.245376] (CommunicationCenter) StderrLine: {'line': b'      |                      \x1b[01;35m\x1b[K~~~~~~~~^~~~~~~~\x1b[m\x1b[K\n'}
[1.245428] (CommunicationCenter) StderrLine: {'line': b'\x1b[01m\x1b[K/home/albusgive/rlfw/rlfw_deploy/src/CommunicationCenter/motor_driver/DMMotor.h:57:46:\x1b[m\x1b[K \x1b[01;35m\x1b[Kwarning: \x1b[m\x1b[Kunused parameter \xe2\x80\x98\x1b[01m\x1b[Kpos\x1b[m\x1b[K\xe2\x80\x99 [\x1b[01;35m\x1b[K\x1b]8;;https://gcc.gnu.org/onlinedocs/gcc/Warning-Options.html#index-Wunused-parameter\x07-Wunused-parameter\x1b]8;;\x07\x1b[m\x1b[K]\n'}
[1.245488] (CommunicationCenter) StderrLine: {'line': b'   57 |   DMCANMsg *ctrl_pos(uint8_t motor_id, \x1b[01;35m\x1b[Kfloat pos\x1b[m\x1b[K) override { return nullptr; };\n'}
[1.245541] (CommunicationCenter) StderrLine: {'line': b'      |                                        \x1b[01;35m\x1b[K~~~~~~^~~\x1b[m\x1b[K\n'}
[1.245594] (CommunicationCenter) StderrLine: {'line': b'\x1b[01m\x1b[K/home/albusgive/rlfw/rlfw_deploy/src/CommunicationCenter/motor_driver/DMMotor.h:\x1b[m\x1b[K In member function \xe2\x80\x98\x1b[01m\x1b[Kvirtual DMCANMsg* DMMotor::\x1b[01;32m\x1b[Kctrl_vel\x1b[m\x1b[K(uint8_t, float)\x1b[m\x1b[K\xe2\x80\x99:\n'}
[1.245671] (CommunicationCenter) StderrLine: {'line': b'\x1b[01m\x1b[K/home/albusgive/rlfw/rlfw_deploy/src/CommunicationCenter/motor_driver/DMMotor.h:59:30:\x1b[m\x1b[K \x1b[01;35m\x1b[Kwarning: \x1b[m\x1b[Kunused parameter \xe2\x80\x98\x1b[01m\x1b[Kmotor_id\x1b[m\x1b[K\xe2\x80\x99 [\x1b[01;35m\x1b[K\x1b]8;;https://gcc.gnu.org/onlinedocs/gcc/Warning-Options.html#index-Wunused-parameter\x07-Wunused-parameter\x1b]8;;\x07\x1b[m\x1b[K]\n'}
[1.245734] (CommunicationCenter) StderrLine: {'line': b'   59 |   DMCANMsg *ctrl_vel(\x1b[01;35m\x1b[Kuint8_t motor_id\x1b[m\x1b[K, float vel) override { return nullptr; };\n'}
[1.245792] (CommunicationCenter) StderrLine: {'line': b'      |                      \x1b[01;35m\x1b[K~~~~~~~~^~~~~~~~\x1b[m\x1b[K\n'}
[1.245847] (CommunicationCenter) StderrLine: {'line': b'\x1b[01m\x1b[K/home/albusgive/rlfw/rlfw_deploy/src/CommunicationCenter/motor_driver/DMMotor.h:59:46:\x1b[m\x1b[K \x1b[01;35m\x1b[Kwarning: \x1b[m\x1b[Kunused parameter \xe2\x80\x98\x1b[01m\x1b[Kvel\x1b[m\x1b[K\xe2\x80\x99 [\x1b[01;35m\x1b[K\x1b]8;;https://gcc.gnu.org/onlinedocs/gcc/Warning-Options.html#index-Wunused-parameter\x07-Wunused-parameter\x1b]8;;\x07\x1b[m\x1b[K]\n'}
[1.245904] (CommunicationCenter) StderrLine: {'line': b'   59 |   DMCANMsg *ctrl_vel(uint8_t motor_id, \x1b[01;35m\x1b[Kfloat vel\x1b[m\x1b[K) override { return nullptr; };\n'}
[1.245960] (CommunicationCenter) StderrLine: {'line': b'      |                                        \x1b[01;35m\x1b[K~~~~~~^~~\x1b[m\x1b[K\n'}
[1.246022] (CommunicationCenter) StderrLine: {'line': b'\x1b[01m\x1b[K/home/albusgive/rlfw/rlfw_deploy/src/CommunicationCenter/motor_driver/DMMotor.h:\x1b[m\x1b[K In member function \xe2\x80\x98\x1b[01m\x1b[Kvirtual DMCANMsg* DMMotor::\x1b[01;32m\x1b[Kctrl_pos_vel\x1b[m\x1b[K(uint8_t, float, float)\x1b[m\x1b[K\xe2\x80\x99:\n'}
[1.246089] (CommunicationCenter) StderrLine: {'line': b'\x1b[01m\x1b[K/home/albusgive/rlfw/rlfw_deploy/src/CommunicationCenter/motor_driver/DMMotor.h:61:34:\x1b[m\x1b[K \x1b[01;35m\x1b[Kwarning: \x1b[m\x1b[Kunused parameter \xe2\x80\x98\x1b[01m\x1b[Kmotor_id\x1b[m\x1b[K\xe2\x80\x99 [\x1b[01;35m\x1b[K\x1b]8;;https://gcc.gnu.org/onlinedocs/gcc/Warning-Options.html#index-Wunused-parameter\x07-Wunused-parameter\x1b]8;;\x07\x1b[m\x1b[K]\n'}
[1.246154] (CommunicationCenter) StderrLine: {'line': b'   61 |   DMCANMsg *ctrl_pos_vel(\x1b[01;35m\x1b[Kuint8_t motor_id\x1b[m\x1b[K, float pos, float vel) override {\n'}
[1.246215] (CommunicationCenter) StderrLine: {'line': b'      |                          \x1b[01;35m\x1b[K~~~~~~~~^~~~~~~~\x1b[m\x1b[K\n'}
[1.246273] (CommunicationCenter) StderrLine: {'line': b'\x1b[01m\x1b[K/home/albusgive/rlfw/rlfw_deploy/src/CommunicationCenter/motor_driver/DMMotor.h:61:50:\x1b[m\x1b[K \x1b[01;35m\x1b[Kwarning: \x1b[m\x1b[Kunused parameter \xe2\x80\x98\x1b[01m\x1b[Kpos\x1b[m\x1b[K\xe2\x80\x99 [\x1b[01;35m\x1b[K\x1b]8;;https://gcc.gnu.org/onlinedocs/gcc/Warning-Options.html#index-Wunused-parameter\x07-Wunused-parameter\x1b]8;;\x07\x1b[m\x1b[K]\n'}
[1.246333] (CommunicationCenter) StderrLine: {'line': b'   61 |   DMCANMsg *ctrl_pos_vel(uint8_t motor_id, \x1b[01;35m\x1b[Kfloat pos\x1b[m\x1b[K, float vel) override {\n'}
[1.246395] (CommunicationCenter) StderrLine: {'line': b'      |                                            \x1b[01;35m\x1b[K~~~~~~^~~\x1b[m\x1b[K\n'}
[1.246460] (CommunicationCenter) StderrLine: {'line': b'\x1b[01m\x1b[K/home/albusgive/rlfw/rlfw_deploy/src/CommunicationCenter/motor_driver/DMMotor.h:61:61:\x1b[m\x1b[K \x1b[01;35m\x1b[Kwarning: \x1b[m\x1b[Kunused parameter \xe2\x80\x98\x1b[01m\x1b[Kvel\x1b[m\x1b[K\xe2\x80\x99 [\x1b[01;35m\x1b[K\x1b]8;;https://gcc.gnu.org/onlinedocs/gcc/Warning-Options.html#index-Wunused-parameter\x07-Wunused-parameter\x1b]8;;\x07\x1b[m\x1b[K]\n'}
[1.246524] (CommunicationCenter) StderrLine: {'line': b'   61 |   DMCANMsg *ctrl_pos_vel(uint8_t motor_id, float pos, \x1b[01;35m\x1b[Kfloat vel\x1b[m\x1b[K) override {\n'}
[1.246835] (CommunicationCenter) StderrLine: {'line': b'      |                                                       \x1b[01;35m\x1b[K~~~~~~^~~\x1b[m\x1b[K\n'}
[1.246898] (CommunicationCenter) StderrLine: {'line': b'\x1b[01m\x1b[K/home/albusgive/rlfw/rlfw_deploy/src/CommunicationCenter/motor_driver/DMMotor.h:\x1b[m\x1b[K In member function \xe2\x80\x98\x1b[01m\x1b[Kvirtual DMCANMsg* DMMotor::\x1b[01;32m\x1b[Kctrl_torque\x1b[m\x1b[K(uint8_t, float)\x1b[m\x1b[K\xe2\x80\x99:\n'}
[1.246952] (CommunicationCenter) StderrLine: {'line': b'\x1b[01m\x1b[K/home/albusgive/rlfw/rlfw_deploy/src/CommunicationCenter/motor_driver/DMMotor.h:65:33:\x1b[m\x1b[K \x1b[01;35m\x1b[Kwarning: \x1b[m\x1b[Kunused parameter \xe2\x80\x98\x1b[01m\x1b[Kmotor_id\x1b[m\x1b[K\xe2\x80\x99 [\x1b[01;35m\x1b[K\x1b]8;;https://gcc.gnu.org/onlinedocs/gcc/Warning-Options.html#index-Wunused-parameter\x07-Wunused-parameter\x1b]8;;\x07\x1b[m\x1b[K]\n'}
[1.247007] (CommunicationCenter) StderrLine: {'line': b'   65 |   DMCANMsg *ctrl_torque(\x1b[01;35m\x1b[Kuint8_t motor_id\x1b[m\x1b[K, float torque) override {\n'}
[1.247060] (CommunicationCenter) StderrLine: {'line': b'      |                         \x1b[01;35m\x1b[K~~~~~~~~^~~~~~~~\x1b[m\x1b[K\n'}
[1.247114] (CommunicationCenter) StderrLine: {'line': b'\x1b[01m\x1b[K/home/albusgive/rlfw/rlfw_deploy/src/CommunicationCenter/motor_driver/DMMotor.h:65:49:\x1b[m\x1b[K \x1b[01;35m\x1b[Kwarning: \x1b[m\x1b[Kunused parameter \xe2\x80\x98\x1b[01m\x1b[Ktorque\x1b[m\x1b[K\xe2\x80\x99 [\x1b[01;35m\x1b[K\x1b]8;;https://gcc.gnu.org/onlinedocs/gcc/Warning-Options.html#index-Wunused-parameter\x07-Wunused-parameter\x1b]8;;\x07\x1b[m\x1b[K]\n'}
[1.247172] (CommunicationCenter) StderrLine: {'line': b'   65 |   DMCANMsg *ctrl_torque(uint8_t motor_id, \x1b[01;35m\x1b[Kfloat torque\x1b[m\x1b[K) override {\n'}
[1.247225] (CommunicationCenter) StderrLine: {'line': b'      |                                           \x1b[01;35m\x1b[K~~~~~~^~~~~~\x1b[m\x1b[K\n'}
[1.247277] (CommunicationCenter) StderrLine: {'line': b'\x1b[01m\x1b[K/home/albusgive/rlfw/rlfw_deploy/src/CommunicationCenter/motor_driver/DMMotor.h:\x1b[m\x1b[K In member function \xe2\x80\x98\x1b[01m\x1b[Kvirtual DMCANMsg* DMMotor::\x1b[01;32m\x1b[KsetPosKP\x1b[m\x1b[K(uint8_t, float)\x1b[m\x1b[K\xe2\x80\x99:\n'}
[1.247330] (CommunicationCenter) StderrLine: {'line': b'\x1b[01m\x1b[K/home/albusgive/rlfw/rlfw_deploy/src/CommunicationCenter/motor_driver/DMMotor.h:70:30:\x1b[m\x1b[K \x1b[01;35m\x1b[Kwarning: \x1b[m\x1b[Kunused parameter \xe2\x80\x98\x1b[01m\x1b[Kmotor_id\x1b[m\x1b[K\xe2\x80\x99 [\x1b[01;35m\x1b[K\x1b]8;;https://gcc.gnu.org/onlinedocs/gcc/Warning-Options.html#index-Wunused-parameter\x07-Wunused-parameter\x1b]8;;\x07\x1b[m\x1b[K]\n'}
[1.247389] (CommunicationCenter) StderrLine: {'line': b'   70 |   DMCANMsg *setPosKP(\x1b[01;35m\x1b[Kuint8_t motor_id\x1b[m\x1b[K, float kp) override { return nullptr; };\n'}
[1.247441] (CommunicationCenter) StderrLine: {'line': b'      |                      \x1b[01;35m\x1b[K~~~~~~~~^~~~~~~~\x1b[m\x1b[K\n'}
[1.247495] (CommunicationCenter) StderrLine: {'line': b'\x1b[01m\x1b[K/home/albusgive/rlfw/rlfw_deploy/src/CommunicationCenter/motor_driver/DMMotor.h:70:46:\x1b[m\x1b[K \x1b[01;35m\x1b[Kwarning: \x1b[m\x1b[Kunused parameter \xe2\x80\x98\x1b[01m\x1b[Kkp\x1b[m\x1b[K\xe2\x80\x99 [\x1b[01;35m\x1b[K\x1b]8;;https://gcc.gnu.org/onlinedocs/gcc/Warning-Options.html#index-Wunused-parameter\x07-Wunused-parameter\x1b]8;;\x07\x1b[m\x1b[K]\n'}
[1.247549] (CommunicationCenter) StderrLine: {'line': b'   70 |   DMCANMsg *setPosKP(uint8_t motor_id, \x1b[01;35m\x1b[Kfloat kp\x1b[m\x1b[K) override { return nullptr; };\n'}
[1.247615] (CommunicationCenter) StderrLine: {'line': b'      |                                        \x1b[01;35m\x1b[K~~~~~~^~\x1b[m\x1b[K\n'}
[1.247678] (CommunicationCenter) StderrLine: {'line': b'\x1b[01m\x1b[K/home/albusgive/rlfw/rlfw_deploy/src/CommunicationCenter/motor_driver/DMMotor.h:\x1b[m\x1b[K In member function \xe2\x80\x98\x1b[01m\x1b[Kvirtual DMCANMsg* DMMotor::\x1b[01;32m\x1b[KsetPosKD\x1b[m\x1b[K(uint8_t, float)\x1b[m\x1b[K\xe2\x80\x99:\n'}
[1.247736] (CommunicationCenter) StderrLine: {'line': b'\x1b[01m\x1b[K/home/albusgive/rlfw/rlfw_deploy/src/CommunicationCenter/motor_driver/DMMotor.h:71:30:\x1b[m\x1b[K \x1b[01;35m\x1b[Kwarning: \x1b[m\x1b[Kunused parameter \xe2\x80\x98\x1b[01m\x1b[Kmotor_id\x1b[m\x1b[K\xe2\x80\x99 [\x1b[01;35m\x1b[K\x1b]8;;https://gcc.gnu.org/onlinedocs/gcc/Warning-Options.html#index-Wunused-parameter\x07-Wunused-parameter\x1b]8;;\x07\x1b[m\x1b[K]\n'}
[1.247790] (CommunicationCenter) StderrLine: {'line': b'   71 |   DMCANMsg *setPosKD(\x1b[01;35m\x1b[Kuint8_t motor_id\x1b[m\x1b[K, float kd) override { return nullptr; };\n'}
[1.247842] (CommunicationCenter) StderrLine: {'line': b'      |                      \x1b[01;35m\x1b[K~~~~~~~~^~~~~~~~\x1b[m\x1b[K\n'}
[1.247893] (CommunicationCenter) StderrLine: {'line': b'\x1b[01m\x1b[K/home/albusgive/rlfw/rlfw_deploy/src/CommunicationCenter/motor_driver/DMMotor.h:71:46:\x1b[m\x1b[K \x1b[01;35m\x1b[Kwarning: \x1b[m\x1b[Kunused parameter \xe2\x80\x98\x1b[01m\x1b[Kkd\x1b[m\x1b[K\xe2\x80\x99 [\x1b[01;35m\x1b[K\x1b]8;;https://gcc.gnu.org/onlinedocs/gcc/Warning-Options.html#index-Wunused-parameter\x07-Wunused-parameter\x1b]8;;\x07\x1b[m\x1b[K]\n'}
[1.247946] (CommunicationCenter) StderrLine: {'line': b'   71 |   DMCANMsg *setPosKD(uint8_t motor_id, \x1b[01;35m\x1b[Kfloat kd\x1b[m\x1b[K) override { return nullptr; };\n'}
[1.247998] (CommunicationCenter) StderrLine: {'line': b'      |                                        \x1b[01;35m\x1b[K~~~~~~^~\x1b[m\x1b[K\n'}
[1.248052] (CommunicationCenter) StderrLine: {'line': b'\x1b[01m\x1b[K/home/albusgive/rlfw/rlfw_deploy/src/CommunicationCenter/motor_driver/DMMotor.h:\x1b[m\x1b[K In member function \xe2\x80\x98\x1b[01m\x1b[Kvirtual DMCANMsg* DMMotor::\x1b[01;32m\x1b[KsetVelKP\x1b[m\x1b[K(uint8_t, float)\x1b[m\x1b[K\xe2\x80\x99:\n'}
[1.248105] (CommunicationCenter) StderrLine: {'line': b'\x1b[01m\x1b[K/home/albusgive/rlfw/rlfw_deploy/src/CommunicationCenter/motor_driver/DMMotor.h:73:30:\x1b[m\x1b[K \x1b[01;35m\x1b[Kwarning: \x1b[m\x1b[Kunused parameter \xe2\x80\x98\x1b[01m\x1b[Kmotor_id\x1b[m\x1b[K\xe2\x80\x99 [\x1b[01;35m\x1b[K\x1b]8;;https://gcc.gnu.org/onlinedocs/gcc/Warning-Options.html#index-Wunused-parameter\x07-Wunused-parameter\x1b]8;;\x07\x1b[m\x1b[K]\n'}
[1.248158] (CommunicationCenter) StderrLine: {'line': b'   73 |   DMCANMsg *setVelKP(\x1b[01;35m\x1b[Kuint8_t motor_id\x1b[m\x1b[K, float kp) override { return nullptr; };\n'}
[1.248212] (CommunicationCenter) StderrLine: {'line': b'      |                      \x1b[01;35m\x1b[K~~~~~~~~^~~~~~~~\x1b[m\x1b[K\n'}
[1.248265] (CommunicationCenter) StderrLine: {'line': b'\x1b[01m\x1b[K/home/albusgive/rlfw/rlfw_deploy/src/CommunicationCenter/motor_driver/DMMotor.h:73:46:\x1b[m\x1b[K \x1b[01;35m\x1b[Kwarning: \x1b[m\x1b[Kunused parameter \xe2\x80\x98\x1b[01m\x1b[Kkp\x1b[m\x1b[K\xe2\x80\x99 [\x1b[01;35m\x1b[K\x1b]8;;https://gcc.gnu.org/onlinedocs/gcc/Warning-Options.html#index-Wunused-parameter\x07-Wunused-parameter\x1b]8;;\x07\x1b[m\x1b[K]\n'}
[1.248318] (CommunicationCenter) StderrLine: {'line': b'   73 |   DMCANMsg *setVelKP(uint8_t motor_id, \x1b[01;35m\x1b[Kfloat kp\x1b[m\x1b[K) override { return nullptr; };\n'}
[1.248370] (CommunicationCenter) StderrLine: {'line': b'      |                                        \x1b[01;35m\x1b[K~~~~~~^~\x1b[m\x1b[K\n'}
[1.248421] (CommunicationCenter) StderrLine: {'line': b'\x1b[01m\x1b[K/home/albusgive/rlfw/rlfw_deploy/src/CommunicationCenter/motor_driver/DMMotor.h:\x1b[m\x1b[K In member function \xe2\x80\x98\x1b[01m\x1b[Kvirtual DMCANMsg* DMMotor::\x1b[01;32m\x1b[KsetVelKI\x1b[m\x1b[K(uint8_t, float)\x1b[m\x1b[K\xe2\x80\x99:\n'}
[1.248472] (CommunicationCenter) StderrLine: {'line': b'\x1b[01m\x1b[K/home/albusgive/rlfw/rlfw_deploy/src/CommunicationCenter/motor_driver/DMMotor.h:74:30:\x1b[m\x1b[K \x1b[01;35m\x1b[Kwarning: \x1b[m\x1b[Kunused parameter \xe2\x80\x98\x1b[01m\x1b[Kmotor_id\x1b[m\x1b[K\xe2\x80\x99 [\x1b[01;35m\x1b[K\x1b]8;;https://gcc.gnu.org/onlinedocs/gcc/Warning-Options.html#index-Wunused-parameter\x07-Wunused-parameter\x1b]8;;\x07\x1b[m\x1b[K]\n'}
[1.248537] (CommunicationCenter) StderrLine: {'line': b'   74 |   DMCANMsg *setVelKI(\x1b[01;35m\x1b[Kuint8_t motor_id\x1b[m\x1b[K, float ki) override { return nullptr; };\n'}
[1.248590] (CommunicationCenter) StderrLine: {'line': b'      |                      \x1b[01;35m\x1b[K~~~~~~~~^~~~~~~~\x1b[m\x1b[K\n'}
[1.248653] (CommunicationCenter) StderrLine: {'line': b'\x1b[01m\x1b[K/home/albusgive/rlfw/rlfw_deploy/src/CommunicationCenter/motor_driver/DMMotor.h:74:46:\x1b[m\x1b[K \x1b[01;35m\x1b[Kwarning: \x1b[m\x1b[Kunused parameter \xe2\x80\x98\x1b[01m\x1b[Kki\x1b[m\x1b[K\xe2\x80\x99 [\x1b[01;35m\x1b[K\x1b]8;;https://gcc.gnu.org/onlinedocs/gcc/Warning-Options.html#index-Wunused-parameter\x07-Wunused-parameter\x1b]8;;\x07\x1b[m\x1b[K]\n'}
[1.248707] (CommunicationCenter) StderrLine: {'line': b'   74 |   DMCANMsg *setVelKI(uint8_t motor_id, \x1b[01;35m\x1b[Kfloat ki\x1b[m\x1b[K) override { return nullptr; };\n'}
[1.248765] (CommunicationCenter) StderrLine: {'line': b'      |                                        \x1b[01;35m\x1b[K~~~~~~^~\x1b[m\x1b[K\n'}
[1.248817] (CommunicationCenter) StderrLine: {'line': b'\x1b[01m\x1b[K/home/albusgive/rlfw/rlfw_deploy/src/CommunicationCenter/motor_driver/DMMotor.h:\x1b[m\x1b[K In member function \xe2\x80\x98\x1b[01m\x1b[Kvirtual DMCANMsg* DMMotor::\x1b[01;32m\x1b[KsetTorqueKP\x1b[m\x1b[K(uint8_t, float)\x1b[m\x1b[K\xe2\x80\x99:\n'}
[1.248868] (CommunicationCenter) StderrLine: {'line': b'\x1b[01m\x1b[K/home/albusgive/rlfw/rlfw_deploy/src/CommunicationCenter/motor_driver/DMMotor.h:76:33:\x1b[m\x1b[K \x1b[01;35m\x1b[Kwarning: \x1b[m\x1b[Kunused parameter \xe2\x80\x98\x1b[01m\x1b[Kmotor_id\x1b[m\x1b[K\xe2\x80\x99 [\x1b[01;35m\x1b[K\x1b]8;;https://gcc.gnu.org/onlinedocs/gcc/Warning-Options.html#index-Wunused-parameter\x07-Wunused-parameter\x1b]8;;\x07\x1b[m\x1b[K]\n'}
[1.248924] (CommunicationCenter) StderrLine: {'line': b'   76 |   DMCANMsg *setTorqueKP(\x1b[01;35m\x1b[Kuint8_t motor_id\x1b[m\x1b[K, float kp) override {\n'}
[1.248976] (CommunicationCenter) StderrLine: {'line': b'      |                         \x1b[01;35m\x1b[K~~~~~~~~^~~~~~~~\x1b[m\x1b[K\n'}
[1.249031] (CommunicationCenter) StderrLine: {'line': b'\x1b[01m\x1b[K/home/albusgive/rlfw/rlfw_deploy/src/CommunicationCenter/motor_driver/DMMotor.h:76:49:\x1b[m\x1b[K \x1b[01;35m\x1b[Kwarning: \x1b[m\x1b[Kunused parameter \xe2\x80\x98\x1b[01m\x1b[Kkp\x1b[m\x1b[K\xe2\x80\x99 [\x1b[01;35m\x1b[K\x1b]8;;https://gcc.gnu.org/onlinedocs/gcc/Warning-Options.html#index-Wunused-parameter\x07-Wunused-parameter\x1b]8;;\x07\x1b[m\x1b[K]\n'}
[1.249092] (CommunicationCenter) StderrLine: {'line': b'   76 |   DMCANMsg *setTorqueKP(uint8_t motor_id, \x1b[01;35m\x1b[Kfloat kp\x1b[m\x1b[K) override {\n'}
[1.249145] (CommunicationCenter) StderrLine: {'line': b'      |                                           \x1b[01;35m\x1b[K~~~~~~^~\x1b[m\x1b[K\n'}
[1.249197] (CommunicationCenter) StderrLine: {'line': b'\x1b[01m\x1b[K/home/albusgive/rlfw/rlfw_deploy/src/CommunicationCenter/motor_driver/DMMotor.h:\x1b[m\x1b[K In member function \xe2\x80\x98\x1b[01m\x1b[Kvirtual DMCANMsg* DMMotor::\x1b[01;32m\x1b[KsetTorqueKI\x1b[m\x1b[K(uint8_t, float)\x1b[m\x1b[K\xe2\x80\x99:\n'}
[1.249250] (CommunicationCenter) StderrLine: {'line': b'\x1b[01m\x1b[K/home/albusgive/rlfw/rlfw_deploy/src/CommunicationCenter/motor_driver/DMMotor.h:79:33:\x1b[m\x1b[K \x1b[01;35m\x1b[Kwarning: \x1b[m\x1b[Kunused parameter \xe2\x80\x98\x1b[01m\x1b[Kmotor_id\x1b[m\x1b[K\xe2\x80\x99 [\x1b[01;35m\x1b[K\x1b]8;;https://gcc.gnu.org/onlinedocs/gcc/Warning-Options.html#index-Wunused-parameter\x07-Wunused-parameter\x1b]8;;\x07\x1b[m\x1b[K]\n'}
[1.249303] (CommunicationCenter) StderrLine: {'line': b'   79 |   DMCANMsg *setTorqueKI(\x1b[01;35m\x1b[Kuint8_t motor_id\x1b[m\x1b[K, float ki) override {\n'}
[1.249355] (CommunicationCenter) StderrLine: {'line': b'      |                         \x1b[01;35m\x1b[K~~~~~~~~^~~~~~~~\x1b[m\x1b[K\n'}
[1.249405] (CommunicationCenter) StderrLine: {'line': b'\x1b[01m\x1b[K/home/albusgive/rlfw/rlfw_deploy/src/CommunicationCenter/motor_driver/DMMotor.h:79:49:\x1b[m\x1b[K \x1b[01;35m\x1b[Kwarning: \x1b[m\x1b[Kunused parameter \xe2\x80\x98\x1b[01m\x1b[Kki\x1b[m\x1b[K\xe2\x80\x99 [\x1b[01;35m\x1b[K\x1b]8;;https://gcc.gnu.org/onlinedocs/gcc/Warning-Options.html#index-Wunused-parameter\x07-Wunused-parameter\x1b]8;;\x07\x1b[m\x1b[K]\n'}
[1.249462] (CommunicationCenter) StderrLine: {'line': b'   79 |   DMCANMsg *setTorqueKI(uint8_t motor_id, \x1b[01;35m\x1b[Kfloat ki\x1b[m\x1b[K) override {\n'}
[1.249513] (CommunicationCenter) StderrLine: {'line': b'      |                                           \x1b[01;35m\x1b[K~~~~~~^~\x1b[m\x1b[K\n'}
[1.249563] (CommunicationCenter) StderrLine: {'line': b'\x1b[01m\x1b[K/home/albusgive/rlfw/rlfw_deploy/src/CommunicationCenter/motor_driver/DMMotor.h:\x1b[m\x1b[K In member function \xe2\x80\x98\x1b[01m\x1b[Kvirtual DMCANMsg* DMMotor::\x1b[01;32m\x1b[KsetSafeTorque\x1b[m\x1b[K(uint8_t, float)\x1b[m\x1b[K\xe2\x80\x99:\n'}
[1.249622] (CommunicationCenter) StderrLine: {'line': b'\x1b[01m\x1b[K/home/albusgive/rlfw/rlfw_deploy/src/CommunicationCenter/motor_driver/DMMotor.h:83:35:\x1b[m\x1b[K \x1b[01;35m\x1b[Kwarning: \x1b[m\x1b[Kunused parameter \xe2\x80\x98\x1b[01m\x1b[Kmotor_id\x1b[m\x1b[K\xe2\x80\x99 [\x1b[01;35m\x1b[K\x1b]8;;https://gcc.gnu.org/onlinedocs/gcc/Warning-Options.html#index-Wunused-parameter\x07-Wunused-parameter\x1b]8;;\x07\x1b[m\x1b[K]\n'}
[1.249678] (CommunicationCenter) StderrLine: {'line': b'   83 |   DMCANMsg *setSafeTorque(\x1b[01;35m\x1b[Kuint8_t motor_id\x1b[m\x1b[K, float torque) override {\n'}
[1.249729] (CommunicationCenter) StderrLine: {'line': b'      |                           \x1b[01;35m\x1b[K~~~~~~~~^~~~~~~~\x1b[m\x1b[K\n'}
[1.249780] (CommunicationCenter) StderrLine: {'line': b'\x1b[01m\x1b[K/home/albusgive/rlfw/rlfw_deploy/src/CommunicationCenter/motor_driver/DMMotor.h:83:51:\x1b[m\x1b[K \x1b[01;35m\x1b[Kwarning: \x1b[m\x1b[Kunused parameter \xe2\x80\x98\x1b[01m\x1b[Ktorque\x1b[m\x1b[K\xe2\x80\x99 [\x1b[01;35m\x1b[K\x1b]8;;https://gcc.gnu.org/onlinedocs/gcc/Warning-Options.html#index-Wunused-parameter\x07-Wunused-parameter\x1b]8;;\x07\x1b[m\x1b[K]\n'}
[1.249837] (CommunicationCenter) StderrLine: {'line': b'   83 |   DMCANMsg *setSafeTorque(uint8_t motor_id, \x1b[01;35m\x1b[Kfloat torque\x1b[m\x1b[K) override {\n'}
[1.249893] (CommunicationCenter) StderrLine: {'line': b'      |                                             \x1b[01;35m\x1b[K~~~~~~^~~~~~\x1b[m\x1b[K\n'}
[1.249950] (CommunicationCenter) StderrLine: {'line': b'\x1b[01m\x1b[K/home/albusgive/rlfw/rlfw_deploy/src/CommunicationCenter/motor_driver/DMMotor.h:\x1b[m\x1b[K In member function \xe2\x80\x98\x1b[01m\x1b[Kvirtual DMCANMsg* DMMotor::\x1b[01;32m\x1b[KsetSafePos\x1b[m\x1b[K(uint8_t, float)\x1b[m\x1b[K\xe2\x80\x99:\n'}
[1.250002] (CommunicationCenter) StderrLine: {'line': b'\x1b[01m\x1b[K/home/albusgive/rlfw/rlfw_deploy/src/CommunicationCenter/motor_driver/DMMotor.h:86:32:\x1b[m\x1b[K \x1b[01;35m\x1b[Kwarning: \x1b[m\x1b[Kunused parameter \xe2\x80\x98\x1b[01m\x1b[Kmotor_id\x1b[m\x1b[K\xe2\x80\x99 [\x1b[01;35m\x1b[K\x1b]8;;https://gcc.gnu.org/onlinedocs/gcc/Warning-Options.html#index-Wunused-parameter\x07-Wunused-parameter\x1b]8;;\x07\x1b[m\x1b[K]\n'}
[1.250057] (CommunicationCenter) StderrLine: {'line': b'   86 |   DMCANMsg *setSafePos(\x1b[01;35m\x1b[Kuint8_t motor_id\x1b[m\x1b[K, float pos) override {\n'}
[1.250113] (CommunicationCenter) StderrLine: {'line': b'      |                        \x1b[01;35m\x1b[K~~~~~~~~^~~~~~~~\x1b[m\x1b[K\n'}
[1.250166] (CommunicationCenter) StderrLine: {'line': b'\x1b[01m\x1b[K/home/albusgive/rlfw/rlfw_deploy/src/CommunicationCenter/motor_driver/DMMotor.h:86:48:\x1b[m\x1b[K \x1b[01;35m\x1b[Kwarning: \x1b[m\x1b[Kunused parameter \xe2\x80\x98\x1b[01m\x1b[Kpos\x1b[m\x1b[K\xe2\x80\x99 [\x1b[01;35m\x1b[K\x1b]8;;https://gcc.gnu.org/onlinedocs/gcc/Warning-Options.html#index-Wunused-parameter\x07-Wunused-parameter\x1b]8;;\x07\x1b[m\x1b[K]\n'}
[1.250224] (CommunicationCenter) StderrLine: {'line': b'   86 |   DMCANMsg *setSafePos(uint8_t motor_id, \x1b[01;35m\x1b[Kfloat pos\x1b[m\x1b[K) override {\n'}
[1.250278] (CommunicationCenter) StderrLine: {'line': b'      |                                          \x1b[01;35m\x1b[K~~~~~~^~~\x1b[m\x1b[K\n'}
[1.250332] (CommunicationCenter) StderrLine: {'line': b'\x1b[01m\x1b[K/home/albusgive/rlfw/rlfw_deploy/src/CommunicationCenter/motor_driver/DMMotor.h:\x1b[m\x1b[K In member function \xe2\x80\x98\x1b[01m\x1b[Kvirtual DMCANMsg* DMMotor::\x1b[01;32m\x1b[KsetSafeVel\x1b[m\x1b[K(uint8_t, float)\x1b[m\x1b[K\xe2\x80\x99:\n'}
[1.250386] (CommunicationCenter) StderrLine: {'line': b'\x1b[01m\x1b[K/home/albusgive/rlfw/rlfw_deploy/src/CommunicationCenter/motor_driver/DMMotor.h:89:32:\x1b[m\x1b[K \x1b[01;35m\x1b[Kwarning: \x1b[m\x1b[Kunused parameter \xe2\x80\x98\x1b[01m\x1b[Kmotor_id\x1b[m\x1b[K\xe2\x80\x99 [\x1b[01;35m\x1b[K\x1b]8;;https://gcc.gnu.org/onlinedocs/gcc/Warning-Options.html#index-Wunused-parameter\x07-Wunused-parameter\x1b]8;;\x07\x1b[m\x1b[K]\n'}
[1.250439] (CommunicationCenter) StderrLine: {'line': b'   89 |   DMCANMsg *setSafeVel(\x1b[01;35m\x1b[Kuint8_t motor_id\x1b[m\x1b[K, float vel) override {\n'}
[1.250491] (CommunicationCenter) StderrLine: {'line': b'      |                        \x1b[01;35m\x1b[K~~~~~~~~^~~~~~~~\x1b[m\x1b[K\n'}
[1.250544] (CommunicationCenter) StderrLine: {'line': b'\x1b[01m\x1b[K/home/albusgive/rlfw/rlfw_deploy/src/CommunicationCenter/motor_driver/DMMotor.h:89:48:\x1b[m\x1b[K \x1b[01;35m\x1b[Kwarning: \x1b[m\x1b[Kunused parameter \xe2\x80\x98\x1b[01m\x1b[Kvel\x1b[m\x1b[K\xe2\x80\x99 [\x1b[01;35m\x1b[K\x1b]8;;https://gcc.gnu.org/onlinedocs/gcc/Warning-Options.html#index-Wunused-parameter\x07-Wunused-parameter\x1b]8;;\x07\x1b[m\x1b[K]\n'}
[1.250602] (CommunicationCenter) StderrLine: {'line': b'   89 |   DMCANMsg *setSafeVel(uint8_t motor_id, \x1b[01;35m\x1b[Kfloat vel\x1b[m\x1b[K) override {\n'}
[1.250661] (CommunicationCenter) StderrLine: {'line': b'      |                                          \x1b[01;35m\x1b[K~~~~~~^~~\x1b[m\x1b[K\n'}
[1.250718] (CommunicationCenter) StderrLine: {'line': b'\x1b[01m\x1b[K/home/albusgive/rlfw/rlfw_deploy/src/CommunicationCenter/motor_driver/Motor.hpp:\x1b[m\x1b[K At global scope:\n'}
[1.250775] (CommunicationCenter) StderrLine: {'line': b'\x1b[01m\x1b[K/home/albusgive/rlfw/rlfw_deploy/src/CommunicationCenter/motor_driver/Motor.hpp:273:13:\x1b[m\x1b[K \x1b[01;35m\x1b[Kwarning: \x1b[m\x1b[K\xe2\x80\x98\x1b[01m\x1b[Kvirtual MotorBack CANMotor::\x1b[01;32m\x1b[Kdecode\x1b[m\x1b[K()\x1b[m\x1b[K\xe2\x80\x99 was hidden [\x1b[01;35m\x1b[K\x1b]8;;https://gcc.gnu.org/onlinedocs/gcc/Warning-Options.html#index-Woverloaded-virtual=\x07-Woverloaded-virtual=\x1b]8;;\x07\x1b[m\x1b[K]\n'}
[1.250835] (CommunicationCenter) StderrLine: {'line': b'  273 |   MotorBack \x1b[01;35m\x1b[Kdecode\x1b[m\x1b[K() override { return MotorBack(); };\n'}
[1.250891] (CommunicationCenter) StderrLine: {'line': b'      |             \x1b[01;35m\x1b[K^~~~~~\x1b[m\x1b[K\n'}
[1.250943] (CommunicationCenter) StderrLine: {'line': b'In file included from \x1b[01m\x1b[K/home/albusgive/rlfw/rlfw_deploy/src/CommunicationCenter/include/CommunicationCenter.hpp:6\x1b[m\x1b[K:\n'}
[1.250999] (CommunicationCenter) StderrLine: {'line': b'\x1b[01m\x1b[K/home/albusgive/rlfw/rlfw_deploy/src/CommunicationCenter/motor_driver/STWMotor.h:69:13:\x1b[m\x1b[K \x1b[01;36m\x1b[Knote: \x1b[m\x1b[K  by \xe2\x80\x98\x1b[01m\x1b[Kvirtual MotorBack STWMotor::\x1b[01;32m\x1b[Kdecode\x1b[m\x1b[K(CANMSG)\x1b[m\x1b[K\xe2\x80\x99\n'}
[1.251059] (CommunicationCenter) StderrLine: {'line': b'   69 |   MotorBack \x1b[01;36m\x1b[Kdecode\x1b[m\x1b[K(CANMSG msg) override;\n'}
[1.251114] (CommunicationCenter) StderrLine: {'line': b'      |             \x1b[01;36m\x1b[K^~~~~~\x1b[m\x1b[K\n'}
[1.251167] (CommunicationCenter) StderrLine: {'line': b'\x1b[01m\x1b[K/home/albusgive/rlfw/rlfw_deploy/src/CommunicationCenter/motor_driver/Motor.hpp:272:13:\x1b[m\x1b[K \x1b[01;35m\x1b[Kwarning: \x1b[m\x1b[K\xe2\x80\x98\x1b[01m\x1b[Kvirtual MotorBack CANMotor::\x1b[01;32m\x1b[Kdecode\x1b[m\x1b[K(UnitreeMsg)\x1b[m\x1b[K\xe2\x80\x99 was hidden [\x1b[01;35m\x1b[K\x1b]8;;https://gcc.gnu.org/onlinedocs/gcc/Warning-Options.html#index-Woverloaded-virtual=\x07-Woverloaded-virtual=\x1b]8;;\x07\x1b[m\x1b[K]\n'}
[1.251230] (CommunicationCenter) StderrLine: {'line': b'  272 |   MotorBack \x1b[01;35m\x1b[Kdecode\x1b[m\x1b[K(UnitreeMsg /*msg*/) override { return MotorBack(); };\n'}
[1.251286] (CommunicationCenter) StderrLine: {'line': b'      |             \x1b[01;35m\x1b[K^~~~~~\x1b[m\x1b[K\n'}
[1.251340] (CommunicationCenter) StderrLine: {'line': b'\x1b[01m\x1b[K/home/albusgive/rlfw/rlfw_deploy/src/CommunicationCenter/motor_driver/STWMotor.h:69:13:\x1b[m\x1b[K \x1b[01;36m\x1b[Knote: \x1b[m\x1b[K  by \xe2\x80\x98\x1b[01m\x1b[Kvirtual MotorBack STWMotor::\x1b[01;32m\x1b[Kdecode\x1b[m\x1b[K(CANMSG)\x1b[m\x1b[K\xe2\x80\x99\n'}
[1.251395] (CommunicationCenter) StderrLine: {'line': b'   69 |   MotorBack \x1b[01;36m\x1b[Kdecode\x1b[m\x1b[K(CANMSG msg) override;\n'}
[1.251449] (CommunicationCenter) StderrLine: {'line': b'      |             \x1b[01;36m\x1b[K^~~~~~\x1b[m\x1b[K\n'}
[1.251508] (CommunicationCenter) StderrLine: {'line': b'\x1b[01m\x1b[K/home/albusgive/rlfw/rlfw_deploy/src/CommunicationCenter/motor_driver/STWMotor.h:\x1b[m\x1b[K In member function \xe2\x80\x98\x1b[01m\x1b[Kvirtual STWCANMsg* STWMotor::\x1b[01;32m\x1b[Kctrl_pos\x1b[m\x1b[K(uint8_t, float)\x1b[m\x1b[K\xe2\x80\x99:\n'}
[1.251561] (CommunicationCenter) StderrLine: {'line': b'\x1b[01m\x1b[K/home/albusgive/rlfw/rlfw_deploy/src/CommunicationCenter/motor_driver/STWMotor.h:76:31:\x1b[m\x1b[K \x1b[01;35m\x1b[Kwarning: \x1b[m\x1b[Kunused parameter \xe2\x80\x98\x1b[01m\x1b[Kmotor_id\x1b[m\x1b[K\xe2\x80\x99 [\x1b[01;35m\x1b[K\x1b]8;;https://gcc.gnu.org/onlinedocs/gcc/Warning-Options.html#index-Wunused-parameter\x07-Wunused-parameter\x1b]8;;\x07\x1b[m\x1b[K]\n'}
[1.251624] (CommunicationCenter) StderrLine: {'line': b'   76 |   STWCANMsg *ctrl_pos(\x1b[01;35m\x1b[Kuint8_t motor_id\x1b[m\x1b[K, float pos) override { return nullptr; };\n'}
[1.251693] (CommunicationCenter) StderrLine: {'line': b'      |                       \x1b[01;35m\x1b[K~~~~~~~~^~~~~~~~\x1b[m\x1b[K\n'}
[1.251745] (CommunicationCenter) StderrLine: {'line': b'\x1b[01m\x1b[K/home/albusgive/rlfw/rlfw_deploy/src/CommunicationCenter/motor_driver/STWMotor.h:76:47:\x1b[m\x1b[K \x1b[01;35m\x1b[Kwarning: \x1b[m\x1b[Kunused parameter \xe2\x80\x98\x1b[01m\x1b[Kpos\x1b[m\x1b[K\xe2\x80\x99 [\x1b[01;35m\x1b[K\x1b]8;;https://gcc.gnu.org/onlinedocs/gcc/Warning-Options.html#index-Wunused-parameter\x07-Wunused-parameter\x1b]8;;\x07\x1b[m\x1b[K]\n'}
[1.251801] (CommunicationCenter) StderrLine: {'line': b'   76 |   STWCANMsg *ctrl_pos(uint8_t motor_id, \x1b[01;35m\x1b[Kfloat pos\x1b[m\x1b[K) override { return nullptr; };\n'}
[1.251855] (CommunicationCenter) StderrLine: {'line': b'      |                                         \x1b[01;35m\x1b[K~~~~~~^~~\x1b[m\x1b[K\n'}
[1.251911] (CommunicationCenter) StderrLine: {'line': b'\x1b[01m\x1b[K/home/albusgive/rlfw/rlfw_deploy/src/CommunicationCenter/motor_driver/STWMotor.h:\x1b[m\x1b[K In member function \xe2\x80\x98\x1b[01m\x1b[Kvirtual STWCANMsg* STWMotor::\x1b[01;32m\x1b[Kctrl_vel\x1b[m\x1b[K(uint8_t, float)\x1b[m\x1b[K\xe2\x80\x99:\n'}
[1.251971] (CommunicationCenter) StderrLine: {'line': b'\x1b[01m\x1b[K/home/albusgive/rlfw/rlfw_deploy/src/CommunicationCenter/motor_driver/STWMotor.h:78:31:\x1b[m\x1b[K \x1b[01;35m\x1b[Kwarning: \x1b[m\x1b[Kunused parameter \xe2\x80\x98\x1b[01m\x1b[Kmotor_id\x1b[m\x1b[K\xe2\x80\x99 [\x1b[01;35m\x1b[K\x1b]8;;https://gcc.gnu.org/onlinedocs/gcc/Warning-Options.html#index-Wunused-parameter\x07-Wunused-parameter\x1b]8;;\x07\x1b[m\x1b[K]\n'}
[1.252032] (CommunicationCenter) StderrLine: {'line': b'   78 |   STWCANMsg *ctrl_vel(\x1b[01;35m\x1b[Kuint8_t motor_id\x1b[m\x1b[K, float vel) override { return nullptr; };\n'}
[1.252090] (CommunicationCenter) StderrLine: {'line': b'      |                       \x1b[01;35m\x1b[K~~~~~~~~^~~~~~~~\x1b[m\x1b[K\n'}
[1.252143] (CommunicationCenter) StderrLine: {'line': b'\x1b[01m\x1b[K/home/albusgive/rlfw/rlfw_deploy/src/CommunicationCenter/motor_driver/STWMotor.h:78:47:\x1b[m\x1b[K \x1b[01;35m\x1b[Kwarning: \x1b[m\x1b[Kunused parameter \xe2\x80\x98\x1b[01m\x1b[Kvel\x1b[m\x1b[K\xe2\x80\x99 [\x1b[01;35m\x1b[K\x1b]8;;https://gcc.gnu.org/onlinedocs/gcc/Warning-Options.html#index-Wunused-parameter\x07-Wunused-parameter\x1b]8;;\x07\x1b[m\x1b[K]\n'}
[1.252205] (CommunicationCenter) StderrLine: {'line': b'   78 |   STWCANMsg *ctrl_vel(uint8_t motor_id, \x1b[01;35m\x1b[Kfloat vel\x1b[m\x1b[K) override { return nullptr; };\n'}
[1.252258] (CommunicationCenter) StderrLine: {'line': b'      |                                         \x1b[01;35m\x1b[K~~~~~~^~~\x1b[m\x1b[K\n'}
[1.252313] (CommunicationCenter) StderrLine: {'line': b'\x1b[01m\x1b[K/home/albusgive/rlfw/rlfw_deploy/src/CommunicationCenter/motor_driver/STWMotor.h:\x1b[m\x1b[K In member function \xe2\x80\x98\x1b[01m\x1b[Kvirtual STWCANMsg* STWMotor::\x1b[01;32m\x1b[Kctrl_pos_vel\x1b[m\x1b[K(uint8_t, float, float)\x1b[m\x1b[K\xe2\x80\x99:\n'}
[1.252369] (CommunicationCenter) StderrLine: {'line': b'\x1b[01m\x1b[K/home/albusgive/rlfw/rlfw_deploy/src/CommunicationCenter/motor_driver/STWMotor.h:80:35:\x1b[m\x1b[K \x1b[01;35m\x1b[Kwarning: \x1b[m\x1b[Kunused parameter \xe2\x80\x98\x1b[01m\x1b[Kmotor_id\x1b[m\x1b[K\xe2\x80\x99 [\x1b[01;35m\x1b[K\x1b]8;;https://gcc.gnu.org/onlinedocs/gcc/Warning-Options.html#index-Wunused-parameter\x07-Wunused-parameter\x1b]8;;\x07\x1b[m\x1b[K]\n'}
[1.252427] (CommunicationCenter) StderrLine: {'line': b'   80 |   STWCANMsg *ctrl_pos_vel(\x1b[01;35m\x1b[Kuint8_t motor_id\x1b[m\x1b[K, float pos, float vel) override {\n'}
[1.252482] (CommunicationCenter) StderrLine: {'line': b'      |                           \x1b[01;35m\x1b[K~~~~~~~~^~~~~~~~\x1b[m\x1b[K\n'}
[1.252537] (CommunicationCenter) StderrLine: {'line': b'\x1b[01m\x1b[K/home/albusgive/rlfw/rlfw_deploy/src/CommunicationCenter/motor_driver/STWMotor.h:80:51:\x1b[m\x1b[K \x1b[01;35m\x1b[Kwarning: \x1b[m\x1b[Kunused parameter \xe2\x80\x98\x1b[01m\x1b[Kpos\x1b[m\x1b[K\xe2\x80\x99 [\x1b[01;35m\x1b[K\x1b]8;;https://gcc.gnu.org/onlinedocs/gcc/Warning-Options.html#index-Wunused-parameter\x07-Wunused-parameter\x1b]8;;\x07\x1b[m\x1b[K]\n'}
[1.252591] (CommunicationCenter) StderrLine: {'line': b'   80 |   STWCANMsg *ctrl_pos_vel(uint8_t motor_id, \x1b[01;35m\x1b[Kfloat pos\x1b[m\x1b[K, float vel) override {\n'}
[1.252683] (CommunicationCenter) StderrLine: {'line': b'      |                                             \x1b[01;35m\x1b[K~~~~~~^~~\x1b[m\x1b[K\n'}
[1.252735] (CommunicationCenter) StderrLine: {'line': b'\x1b[01m\x1b[K/home/albusgive/rlfw/rlfw_deploy/src/CommunicationCenter/motor_driver/STWMotor.h:80:62:\x1b[m\x1b[K \x1b[01;35m\x1b[Kwarning: \x1b[m\x1b[Kunused parameter \xe2\x80\x98\x1b[01m\x1b[Kvel\x1b[m\x1b[K\xe2\x80\x99 [\x1b[01;35m\x1b[K\x1b]8;;https://gcc.gnu.org/onlinedocs/gcc/Warning-Options.html#index-Wunused-parameter\x07-Wunused-parameter\x1b]8;;\x07\x1b[m\x1b[K]\n'}
[1.252787] (CommunicationCenter) StderrLine: {'line': b'   80 |   STWCANMsg *ctrl_pos_vel(uint8_t motor_id, float pos, \x1b[01;35m\x1b[Kfloat vel\x1b[m\x1b[K) override {\n'}
[1.252838] (CommunicationCenter) StderrLine: {'line': b'      |                                                        \x1b[01;35m\x1b[K~~~~~~^~~\x1b[m\x1b[K\n'}
[1.252888] (CommunicationCenter) StderrLine: {'line': b'\x1b[01m\x1b[K/home/albusgive/rlfw/rlfw_deploy/src/CommunicationCenter/motor_driver/STWMotor.h:\x1b[m\x1b[K In member function \xe2\x80\x98\x1b[01m\x1b[Kvirtual STWCANMsg* STWMotor::\x1b[01;32m\x1b[Kctrl_torque\x1b[m\x1b[K(uint8_t, float)\x1b[m\x1b[K\xe2\x80\x99:\n'}
[1.252945] (CommunicationCenter) StderrLine: {'line': b'\x1b[01m\x1b[K/home/albusgive/rlfw/rlfw_deploy/src/CommunicationCenter/motor_driver/STWMotor.h:84:34:\x1b[m\x1b[K \x1b[01;35m\x1b[Kwarning: \x1b[m\x1b[Kunused parameter \xe2\x80\x98\x1b[01m\x1b[Kmotor_id\x1b[m\x1b[K\xe2\x80\x99 [\x1b[01;35m\x1b[K\x1b]8;;https://gcc.gnu.org/onlinedocs/gcc/Warning-Options.html#index-Wunused-parameter\x07-Wunused-parameter\x1b]8;;\x07\x1b[m\x1b[K]\n'}
[1.253003] (CommunicationCenter) StderrLine: {'line': b'   84 |   STWCANMsg *ctrl_torque(\x1b[01;35m\x1b[Kuint8_t motor_id\x1b[m\x1b[K, float torque) override {\n'}
[1.253059] (CommunicationCenter) StderrLine: {'line': b'      |                          \x1b[01;35m\x1b[K~~~~~~~~^~~~~~~~\x1b[m\x1b[K\n'}
[1.253114] (CommunicationCenter) StderrLine: {'line': b'\x1b[01m\x1b[K/home/albusgive/rlfw/rlfw_deploy/src/CommunicationCenter/motor_driver/STWMotor.h:84:50:\x1b[m\x1b[K \x1b[01;35m\x1b[Kwarning: \x1b[m\x1b[Kunused parameter \xe2\x80\x98\x1b[01m\x1b[Ktorque\x1b[m\x1b[K\xe2\x80\x99 [\x1b[01;35m\x1b[K\x1b]8;;https://gcc.gnu.org/onlinedocs/gcc/Warning-Options.html#index-Wunused-parameter\x07-Wunused-parameter\x1b]8;;\x07\x1b[m\x1b[K]\n'}
[1.253175] (CommunicationCenter) StderrLine: {'line': b'   84 |   STWCANMsg *ctrl_torque(uint8_t motor_id, \x1b[01;35m\x1b[Kfloat torque\x1b[m\x1b[K) override {\n'}
[1.253232] (CommunicationCenter) StderrLine: {'line': b'      |                                            \x1b[01;35m\x1b[K~~~~~~^~~~~~\x1b[m\x1b[K\n'}
[1.253284] (CommunicationCenter) StderrLine: {'line': b'\x1b[01m\x1b[K/home/albusgive/rlfw/rlfw_deploy/src/CommunicationCenter/motor_driver/STWMotor.h:\x1b[m\x1b[K In member function \xe2\x80\x98\x1b[01m\x1b[Kvirtual STWCANMsg* STWMotor::\x1b[01;32m\x1b[KsetPosKP\x1b[m\x1b[K(uint8_t, float)\x1b[m\x1b[K\xe2\x80\x99:\n'}
[1.253335] (CommunicationCenter) StderrLine: {'line': b'\x1b[01m\x1b[K/home/albusgive/rlfw/rlfw_deploy/src/CommunicationCenter/motor_driver/STWMotor.h:90:31:\x1b[m\x1b[K \x1b[01;35m\x1b[Kwarning: \x1b[m\x1b[Kunused parameter \xe2\x80\x98\x1b[01m\x1b[Kmotor_id\x1b[m\x1b[K\xe2\x80\x99 [\x1b[01;35m\x1b[K\x1b]8;;https://gcc.gnu.org/onlinedocs/gcc/Warning-Options.html#index-Wunused-parameter\x07-Wunused-parameter\x1b]8;;\x07\x1b[m\x1b[K]\n'}
[1.253387] (CommunicationCenter) StderrLine: {'line': b'   90 |   STWCANMsg *setPosKP(\x1b[01;35m\x1b[Kuint8_t motor_id\x1b[m\x1b[K, float kp) override { return nullptr; };\n'}
[1.253437] (CommunicationCenter) StderrLine: {'line': b'      |                       \x1b[01;35m\x1b[K~~~~~~~~^~~~~~~~\x1b[m\x1b[K\n'}
[1.253488] (CommunicationCenter) StderrLine: {'line': b'\x1b[01m\x1b[K/home/albusgive/rlfw/rlfw_deploy/src/CommunicationCenter/motor_driver/STWMotor.h:90:47:\x1b[m\x1b[K \x1b[01;35m\x1b[Kwarning: \x1b[m\x1b[Kunused parameter \xe2\x80\x98\x1b[01m\x1b[Kkp\x1b[m\x1b[K\xe2\x80\x99 [\x1b[01;35m\x1b[K\x1b]8;;https://gcc.gnu.org/onlinedocs/gcc/Warning-Options.html#index-Wunused-parameter\x07-Wunused-parameter\x1b]8;;\x07\x1b[m\x1b[K]\n'}
[1.253540] (CommunicationCenter) StderrLine: {'line': b'   90 |   STWCANMsg *setPosKP(uint8_t motor_id, \x1b[01;35m\x1b[Kfloat kp\x1b[m\x1b[K) override { return nullptr; };\n'}
[1.253591] (CommunicationCenter) StderrLine: {'line': b'      |                                         \x1b[01;35m\x1b[K~~~~~~^~\x1b[m\x1b[K\n'}
[1.253651] (CommunicationCenter) StderrLine: {'line': b'\x1b[01m\x1b[K/home/albusgive/rlfw/rlfw_deploy/src/CommunicationCenter/motor_driver/STWMotor.h:\x1b[m\x1b[K In member function \xe2\x80\x98\x1b[01m\x1b[Kvirtual STWCANMsg* STWMotor::\x1b[01;32m\x1b[KsetPosKD\x1b[m\x1b[K(uint8_t, float)\x1b[m\x1b[K\xe2\x80\x99:\n'}
[1.253702] (CommunicationCenter) StderrLine: {'line': b'\x1b[01m\x1b[K/home/albusgive/rlfw/rlfw_deploy/src/CommunicationCenter/motor_driver/STWMotor.h:91:31:\x1b[m\x1b[K \x1b[01;35m\x1b[Kwarning: \x1b[m\x1b[Kunused parameter \xe2\x80\x98\x1b[01m\x1b[Kmotor_id\x1b[m\x1b[K\xe2\x80\x99 [\x1b[01;35m\x1b[K\x1b]8;;https://gcc.gnu.org/onlinedocs/gcc/Warning-Options.html#index-Wunused-parameter\x07-Wunused-parameter\x1b]8;;\x07\x1b[m\x1b[K]\n'}
[1.253754] (CommunicationCenter) StderrLine: {'line': b'   91 |   STWCANMsg *setPosKD(\x1b[01;35m\x1b[Kuint8_t motor_id\x1b[m\x1b[K, float kd) override { return nullptr; };\n'}
[1.253805] (CommunicationCenter) StderrLine: {'line': b'      |                       \x1b[01;35m\x1b[K~~~~~~~~^~~~~~~~\x1b[m\x1b[K\n'}
[1.253855] (CommunicationCenter) StderrLine: {'line': b'\x1b[01m\x1b[K/home/albusgive/rlfw/rlfw_deploy/src/CommunicationCenter/motor_driver/STWMotor.h:91:47:\x1b[m\x1b[K \x1b[01;35m\x1b[Kwarning: \x1b[m\x1b[Kunused parameter \xe2\x80\x98\x1b[01m\x1b[Kkd\x1b[m\x1b[K\xe2\x80\x99 [\x1b[01;35m\x1b[K\x1b]8;;https://gcc.gnu.org/onlinedocs/gcc/Warning-Options.html#index-Wunused-parameter\x07-Wunused-parameter\x1b]8;;\x07\x1b[m\x1b[K]\n'}
[1.253911] (CommunicationCenter) StderrLine: {'line': b'   91 |   STWCANMsg *setPosKD(uint8_t motor_id, \x1b[01;35m\x1b[Kfloat kd\x1b[m\x1b[K) override { return nullptr; };\n'}
[1.253962] (CommunicationCenter) StderrLine: {'line': b'      |                                         \x1b[01;35m\x1b[K~~~~~~^~\x1b[m\x1b[K\n'}
[1.254013] (CommunicationCenter) StderrLine: {'line': b'\x1b[01m\x1b[K/home/albusgive/rlfw/rlfw_deploy/src/CommunicationCenter/motor_driver/STWMotor.h:\x1b[m\x1b[K In member function \xe2\x80\x98\x1b[01m\x1b[Kvirtual STWCANMsg* STWMotor::\x1b[01;32m\x1b[KsetVelKP\x1b[m\x1b[K(uint8_t, float)\x1b[m\x1b[K\xe2\x80\x99:\n'}
[1.254065] (CommunicationCenter) StderrLine: {'line': b'\x1b[01m\x1b[K/home/albusgive/rlfw/rlfw_deploy/src/CommunicationCenter/motor_driver/STWMotor.h:93:31:\x1b[m\x1b[K \x1b[01;35m\x1b[Kwarning: \x1b[m\x1b[Kunused parameter \xe2\x80\x98\x1b[01m\x1b[Kmotor_id\x1b[m\x1b[K\xe2\x80\x99 [\x1b[01;35m\x1b[K\x1b]8;;https://gcc.gnu.org/onlinedocs/gcc/Warning-Options.html#index-Wunused-parameter\x07-Wunused-parameter\x1b]8;;\x07\x1b[m\x1b[K]\n'}
[1.254118] (CommunicationCenter) StderrLine: {'line': b'   93 |   STWCANMsg *setVelKP(\x1b[01;35m\x1b[Kuint8_t motor_id\x1b[m\x1b[K, float kp) override { return nullptr; };\n'}
[1.254171] (CommunicationCenter) StderrLine: {'line': b'      |                       \x1b[01;35m\x1b[K~~~~~~~~^~~~~~~~\x1b[m\x1b[K\n'}
[1.254225] (CommunicationCenter) StderrLine: {'line': b'\x1b[01m\x1b[K/home/albusgive/rlfw/rlfw_deploy/src/CommunicationCenter/motor_driver/STWMotor.h:93:47:\x1b[m\x1b[K \x1b[01;35m\x1b[Kwarning: \x1b[m\x1b[Kunused parameter \xe2\x80\x98\x1b[01m\x1b[Kkp\x1b[m\x1b[K\xe2\x80\x99 [\x1b[01;35m\x1b[K\x1b]8;;https://gcc.gnu.org/onlinedocs/gcc/Warning-Options.html#index-Wunused-parameter\x07-Wunused-parameter\x1b]8;;\x07\x1b[m\x1b[K]\n'}
[1.254290] (CommunicationCenter) StderrLine: {'line': b'   93 |   STWCANMsg *setVelKP(uint8_t motor_id, \x1b[01;35m\x1b[Kfloat kp\x1b[m\x1b[K) override { return nullptr; };\n'}
[1.254343] (CommunicationCenter) StderrLine: {'line': b'      |                                         \x1b[01;35m\x1b[K~~~~~~^~\x1b[m\x1b[K\n'}
[1.254394] (CommunicationCenter) StderrLine: {'line': b'\x1b[01m\x1b[K/home/albusgive/rlfw/rlfw_deploy/src/CommunicationCenter/motor_driver/STWMotor.h:\x1b[m\x1b[K In member function \xe2\x80\x98\x1b[01m\x1b[Kvirtual STWCANMsg* STWMotor::\x1b[01;32m\x1b[KsetVelKI\x1b[m\x1b[K(uint8_t, float)\x1b[m\x1b[K\xe2\x80\x99:\n'}
[1.254449] (CommunicationCenter) StderrLine: {'line': b'\x1b[01m\x1b[K/home/albusgive/rlfw/rlfw_deploy/src/CommunicationCenter/motor_driver/STWMotor.h:94:31:\x1b[m\x1b[K \x1b[01;35m\x1b[Kwarning: \x1b[m\x1b[Kunused parameter \xe2\x80\x98\x1b[01m\x1b[Kmotor_id\x1b[m\x1b[K\xe2\x80\x99 [\x1b[01;35m\x1b[K\x1b]8;;https://gcc.gnu.org/onlinedocs/gcc/Warning-Options.html#index-Wunused-parameter\x07-Wunused-parameter\x1b]8;;\x07\x1b[m\x1b[K]\n'}
[1.254502] (CommunicationCenter) StderrLine: {'line': b'   94 |   STWCANMsg *setVelKI(\x1b[01;35m\x1b[Kuint8_t motor_id\x1b[m\x1b[K, float ki) override { return nullptr; };\n'}
[1.254553] (CommunicationCenter) StderrLine: {'line': b'      |                       \x1b[01;35m\x1b[K~~~~~~~~^~~~~~~~\x1b[m\x1b[K\n'}
[1.254610] (CommunicationCenter) StderrLine: {'line': b'\x1b[01m\x1b[K/home/albusgive/rlfw/rlfw_deploy/src/CommunicationCenter/motor_driver/STWMotor.h:94:47:\x1b[m\x1b[K \x1b[01;35m\x1b[Kwarning: \x1b[m\x1b[Kunused parameter \xe2\x80\x98\x1b[01m\x1b[Kki\x1b[m\x1b[K\xe2\x80\x99 [\x1b[01;35m\x1b[K\x1b]8;;https://gcc.gnu.org/onlinedocs/gcc/Warning-Options.html#index-Wunused-parameter\x07-Wunused-parameter\x1b]8;;\x07\x1b[m\x1b[K]\n'}
[1.254667] (CommunicationCenter) StderrLine: {'line': b'   94 |   STWCANMsg *setVelKI(uint8_t motor_id, \x1b[01;35m\x1b[Kfloat ki\x1b[m\x1b[K) override { return nullptr; };\n'}
[1.254720] (CommunicationCenter) StderrLine: {'line': b'      |                                         \x1b[01;35m\x1b[K~~~~~~^~\x1b[m\x1b[K\n'}
[1.254774] (CommunicationCenter) StderrLine: {'line': b'\x1b[01m\x1b[K/home/albusgive/rlfw/rlfw_deploy/src/CommunicationCenter/motor_driver/STWMotor.h:\x1b[m\x1b[K In member function \xe2\x80\x98\x1b[01m\x1b[Kvirtual STWCANMsg* STWMotor::\x1b[01;32m\x1b[KsetTorqueKP\x1b[m\x1b[K(uint8_t, float)\x1b[m\x1b[K\xe2\x80\x99:\n'}
[1.254826] (CommunicationCenter) StderrLine: {'line': b'\x1b[01m\x1b[K/home/albusgive/rlfw/rlfw_deploy/src/CommunicationCenter/motor_driver/STWMotor.h:96:34:\x1b[m\x1b[K \x1b[01;35m\x1b[Kwarning: \x1b[m\x1b[Kunused parameter \xe2\x80\x98\x1b[01m\x1b[Kmotor_id\x1b[m\x1b[K\xe2\x80\x99 [\x1b[01;35m\x1b[K\x1b]8;;https://gcc.gnu.org/onlinedocs/gcc/Warning-Options.html#index-Wunused-parameter\x07-Wunused-parameter\x1b]8;;\x07\x1b[m\x1b[K]\n'}
[1.254879] (CommunicationCenter) StderrLine: {'line': b'   96 |   STWCANMsg *setTorqueKP(\x1b[01;35m\x1b[Kuint8_t motor_id\x1b[m\x1b[K, float kp) override {\n'}
[1.254932] (CommunicationCenter) StderrLine: {'line': b'      |                          \x1b[01;35m\x1b[K~~~~~~~~^~~~~~~~\x1b[m\x1b[K\n'}
[1.254982] (CommunicationCenter) StderrLine: {'line': b'\x1b[01m\x1b[K/home/albusgive/rlfw/rlfw_deploy/src/CommunicationCenter/motor_driver/STWMotor.h:96:50:\x1b[m\x1b[K \x1b[01;35m\x1b[Kwarning: \x1b[m\x1b[Kunused parameter \xe2\x80\x98\x1b[01m\x1b[Kkp\x1b[m\x1b[K\xe2\x80\x99 [\x1b[01;35m\x1b[K\x1b]8;;https://gcc.gnu.org/onlinedocs/gcc/Warning-Options.html#index-Wunused-parameter\x07-Wunused-parameter\x1b]8;;\x07\x1b[m\x1b[K]\n'}
[1.255036] (CommunicationCenter) StderrLine: {'line': b'   96 |   STWCANMsg *setTorqueKP(uint8_t motor_id, \x1b[01;35m\x1b[Kfloat kp\x1b[m\x1b[K) override {\n'}
[1.255090] (CommunicationCenter) StderrLine: {'line': b'      |                                            \x1b[01;35m\x1b[K~~~~~~^~\x1b[m\x1b[K\n'}
[1.255145] (CommunicationCenter) StderrLine: {'line': b'\x1b[01m\x1b[K/home/albusgive/rlfw/rlfw_deploy/src/CommunicationCenter/motor_driver/STWMotor.h:\x1b[m\x1b[K In member function \xe2\x80\x98\x1b[01m\x1b[Kvirtual STWCANMsg* STWMotor::\x1b[01;32m\x1b[KsetTorqueKI\x1b[m\x1b[K(uint8_t, float)\x1b[m\x1b[K\xe2\x80\x99:\n'}
[1.255201] (CommunicationCenter) StderrLine: {'line': b'\x1b[01m\x1b[K/home/albusgive/rlfw/rlfw_deploy/src/CommunicationCenter/motor_driver/STWMotor.h:99:34:\x1b[m\x1b[K \x1b[01;35m\x1b[Kwarning: \x1b[m\x1b[Kunused parameter \xe2\x80\x98\x1b[01m\x1b[Kmotor_id\x1b[m\x1b[K\xe2\x80\x99 [\x1b[01;35m\x1b[K\x1b]8;;https://gcc.gnu.org/onlinedocs/gcc/Warning-Options.html#index-Wunused-parameter\x07-Wunused-parameter\x1b]8;;\x07\x1b[m\x1b[K]\n'}
[1.255260] (CommunicationCenter) StderrLine: {'line': b'   99 |   STWCANMsg *setTorqueKI(\x1b[01;35m\x1b[Kuint8_t motor_id\x1b[m\x1b[K, float ki) override {\n'}
[1.255312] (CommunicationCenter) StderrLine: {'line': b'      |                          \x1b[01;35m\x1b[K~~~~~~~~^~~~~~~~\x1b[m\x1b[K\n'}
[1.255362] (CommunicationCenter) StderrLine: {'line': b'\x1b[01m\x1b[K/home/albusgive/rlfw/rlfw_deploy/src/CommunicationCenter/motor_driver/STWMotor.h:99:50:\x1b[m\x1b[K \x1b[01;35m\x1b[Kwarning: \x1b[m\x1b[Kunused parameter \xe2\x80\x98\x1b[01m\x1b[Kki\x1b[m\x1b[K\xe2\x80\x99 [\x1b[01;35m\x1b[K\x1b]8;;https://gcc.gnu.org/onlinedocs/gcc/Warning-Options.html#index-Wunused-parameter\x07-Wunused-parameter\x1b]8;;\x07\x1b[m\x1b[K]\n'}
[1.255415] (CommunicationCenter) StderrLine: {'line': b'   99 |   STWCANMsg *setTorqueKI(uint8_t motor_id, \x1b[01;35m\x1b[Kfloat ki\x1b[m\x1b[K) override {\n'}
[1.255465] (CommunicationCenter) StderrLine: {'line': b'      |                                            \x1b[01;35m\x1b[K~~~~~~^~\x1b[m\x1b[K\n'}
[1.255517] (CommunicationCenter) StderrLine: {'line': b'\x1b[01m\x1b[K/home/albusgive/rlfw/rlfw_deploy/src/CommunicationCenter/motor_driver/STWMotor.h:\x1b[m\x1b[K In member function \xe2\x80\x98\x1b[01m\x1b[Kvirtual STWCANMsg* STWMotor::\x1b[01;32m\x1b[KsetSafeTorque\x1b[m\x1b[K(uint8_t, float)\x1b[m\x1b[K\xe2\x80\x99:\n'}
[1.255571] (CommunicationCenter) StderrLine: {'line': b'\x1b[01m\x1b[K/home/albusgive/rlfw/rlfw_deploy/src/CommunicationCenter/motor_driver/STWMotor.h:103:36:\x1b[m\x1b[K \x1b[01;35m\x1b[Kwarning: \x1b[m\x1b[Kunused parameter \xe2\x80\x98\x1b[01m\x1b[Kmotor_id\x1b[m\x1b[K\xe2\x80\x99 [\x1b[01;35m\x1b[K\x1b]8;;https://gcc.gnu.org/onlinedocs/gcc/Warning-Options.html#index-Wunused-parameter\x07-Wunused-parameter\x1b]8;;\x07\x1b[m\x1b[K]\n'}
[1.255645] (CommunicationCenter) StderrLine: {'line': b'  103 |   STWCANMsg *setSafeTorque(\x1b[01;35m\x1b[Kuint8_t motor_id\x1b[m\x1b[K, float torque) override {\n'}
[1.255699] (CommunicationCenter) StderrLine: {'line': b'      |                            \x1b[01;35m\x1b[K~~~~~~~~^~~~~~~~\x1b[m\x1b[K\n'}
[1.255750] (CommunicationCenter) StderrLine: {'line': b'\x1b[01m\x1b[K/home/albusgive/rlfw/rlfw_deploy/src/CommunicationCenter/motor_driver/STWMotor.h:103:52:\x1b[m\x1b[K \x1b[01;35m\x1b[Kwarning: \x1b[m\x1b[Kunused parameter \xe2\x80\x98\x1b[01m\x1b[Ktorque\x1b[m\x1b[K\xe2\x80\x99 [\x1b[01;35m\x1b[K\x1b]8;;https://gcc.gnu.org/onlinedocs/gcc/Warning-Options.html#index-Wunused-parameter\x07-Wunused-parameter\x1b]8;;\x07\x1b[m\x1b[K]\n'}
[1.255805] (CommunicationCenter) StderrLine: {'line': b'  103 |   STWCANMsg *setSafeTorque(uint8_t motor_id, \x1b[01;35m\x1b[Kfloat torque\x1b[m\x1b[K) override {\n'}
[1.255856] (CommunicationCenter) StderrLine: {'line': b'      |                                              \x1b[01;35m\x1b[K~~~~~~^~~~~~\x1b[m\x1b[K\n'}
[1.255907] (CommunicationCenter) StderrLine: {'line': b'\x1b[01m\x1b[K/home/albusgive/rlfw/rlfw_deploy/src/CommunicationCenter/motor_driver/STWMotor.h:\x1b[m\x1b[K In member function \xe2\x80\x98\x1b[01m\x1b[Kvirtual STWCANMsg* STWMotor::\x1b[01;32m\x1b[KsetSafePos\x1b[m\x1b[K(uint8_t, float)\x1b[m\x1b[K\xe2\x80\x99:\n'}
[1.255958] (CommunicationCenter) StderrLine: {'line': b'\x1b[01m\x1b[K/home/albusgive/rlfw/rlfw_deploy/src/CommunicationCenter/motor_driver/STWMotor.h:106:33:\x1b[m\x1b[K \x1b[01;35m\x1b[Kwarning: \x1b[m\x1b[Kunused parameter \xe2\x80\x98\x1b[01m\x1b[Kmotor_id\x1b[m\x1b[K\xe2\x80\x99 [\x1b[01;35m\x1b[K\x1b]8;;https://gcc.gnu.org/onlinedocs/gcc/Warning-Options.html#index-Wunused-parameter\x07-Wunused-parameter\x1b]8;;\x07\x1b[m\x1b[K]\n'}
[1.256012] (CommunicationCenter) StderrLine: {'line': b'  106 |   STWCANMsg *setSafePos(\x1b[01;35m\x1b[Kuint8_t motor_id\x1b[m\x1b[K, float pos) override {\n'}
[1.256065] (CommunicationCenter) StderrLine: {'line': b'      |                         \x1b[01;35m\x1b[K~~~~~~~~^~~~~~~~\x1b[m\x1b[K\n'}
[1.256121] (CommunicationCenter) StderrLine: {'line': b'\x1b[01m\x1b[K/home/albusgive/rlfw/rlfw_deploy/src/CommunicationCenter/motor_driver/STWMotor.h:106:49:\x1b[m\x1b[K \x1b[01;35m\x1b[Kwarning: \x1b[m\x1b[Kunused parameter \xe2\x80\x98\x1b[01m\x1b[Kpos\x1b[m\x1b[K\xe2\x80\x99 [\x1b[01;35m\x1b[K\x1b]8;;https://gcc.gnu.org/onlinedocs/gcc/Warning-Options.html#index-Wunused-parameter\x07-Wunused-parameter\x1b]8;;\x07\x1b[m\x1b[K]\n'}
[1.256179] (CommunicationCenter) StderrLine: {'line': b'  106 |   STWCANMsg *setSafePos(uint8_t motor_id, \x1b[01;35m\x1b[Kfloat pos\x1b[m\x1b[K) override {\n'}
[1.256233] (CommunicationCenter) StderrLine: {'line': b'      |                                           \x1b[01;35m\x1b[K~~~~~~^~~\x1b[m\x1b[K\n'}
[1.256285] (CommunicationCenter) StderrLine: {'line': b'\x1b[01m\x1b[K/home/albusgive/rlfw/rlfw_deploy/src/CommunicationCenter/motor_driver/STWMotor.h:\x1b[m\x1b[K In member function \xe2\x80\x98\x1b[01m\x1b[Kvirtual STWCANMsg* STWMotor::\x1b[01;32m\x1b[KsetSafeVel\x1b[m\x1b[K(uint8_t, float)\x1b[m\x1b[K\xe2\x80\x99:\n'}
[1.256337] (CommunicationCenter) StderrLine: {'line': b'\x1b[01m\x1b[K/home/albusgive/rlfw/rlfw_deploy/src/CommunicationCenter/motor_driver/STWMotor.h:109:33:\x1b[m\x1b[K \x1b[01;35m\x1b[Kwarning: \x1b[m\x1b[Kunused parameter \xe2\x80\x98\x1b[01m\x1b[Kmotor_id\x1b[m\x1b[K\xe2\x80\x99 [\x1b[01;35m\x1b[K\x1b]8;;https://gcc.gnu.org/onlinedocs/gcc/Warning-Options.html#index-Wunused-parameter\x07-Wunused-parameter\x1b]8;;\x07\x1b[m\x1b[K]\n'}
[1.256391] (CommunicationCenter) StderrLine: {'line': b'  109 |   STWCANMsg *setSafeVel(\x1b[01;35m\x1b[Kuint8_t motor_id\x1b[m\x1b[K, float vel) override {\n'}
[1.256449] (CommunicationCenter) StderrLine: {'line': b'      |                         \x1b[01;35m\x1b[K~~~~~~~~^~~~~~~~\x1b[m\x1b[K\n'}
[1.256499] (CommunicationCenter) StderrLine: {'line': b'\x1b[01m\x1b[K/home/albusgive/rlfw/rlfw_deploy/src/CommunicationCenter/motor_driver/STWMotor.h:109:49:\x1b[m\x1b[K \x1b[01;35m\x1b[Kwarning: \x1b[m\x1b[Kunused parameter \xe2\x80\x98\x1b[01m\x1b[Kvel\x1b[m\x1b[K\xe2\x80\x99 [\x1b[01;35m\x1b[K\x1b]8;;https://gcc.gnu.org/onlinedocs/gcc/Warning-Options.html#index-Wunused-parameter\x07-Wunused-parameter\x1b]8;;\x07\x1b[m\x1b[K]\n'}
[1.256552] (CommunicationCenter) StderrLine: {'line': b'  109 |   STWCANMsg *setSafeVel(uint8_t motor_id, \x1b[01;35m\x1b[Kfloat vel\x1b[m\x1b[K) override {\n'}
[1.256608] (CommunicationCenter) StderrLine: {'line': b'      |                                           \x1b[01;35m\x1b[K~~~~~~^~~\x1b[m\x1b[K\n'}
[1.301503] (-) TimerEvent: {}
[1.315216] (CommunicationCenter) StderrLine: {'line': b'In file included from \x1b[01m\x1b[K/home/albusgive/rlfw/rlfw_deploy/src/CommunicationCenter/motor_driver/DMMotor.h:3\x1b[m\x1b[K,\n'}
[1.315685] (CommunicationCenter) StderrLine: {'line': b'                 from \x1b[01m\x1b[K/home/albusgive/rlfw/rlfw_deploy/src/CommunicationCenter/include/CommunicationCenter.hpp:4\x1b[m\x1b[K,\n'}
[1.315764] (CommunicationCenter) StderrLine: {'line': b'                 from \x1b[01m\x1b[K/home/albusgive/rlfw/rlfw_deploy/src/CommunicationCenter/src/CommunicationCenter.cpp:1\x1b[m\x1b[K:\n'}
[1.315825] (CommunicationCenter) StderrLine: {'line': b'\x1b[01m\x1b[K/home/albusgive/rlfw/rlfw_deploy/src/CommunicationCenter/motor_driver/Motor.hpp:273:13:\x1b[m\x1b[K \x1b[01;35m\x1b[Kwarning: \x1b[m\x1b[K\xe2\x80\x98\x1b[01m\x1b[Kvirtual MotorBack CANMotor::\x1b[01;32m\x1b[Kdecode\x1b[m\x1b[K()\x1b[m\x1b[K\xe2\x80\x99 was hidden [\x1b[01;35m\x1b[K\x1b]8;;https://gcc.gnu.org/onlinedocs/gcc/Warning-Options.html#index-Woverloaded-virtual=\x07-Woverloaded-virtual=\x1b]8;;\x07\x1b[m\x1b[K]\n'}
[1.315939] (CommunicationCenter) StderrLine: {'line': b'  273 |   MotorBack \x1b[01;35m\x1b[Kdecode\x1b[m\x1b[K() override { return MotorBack(); };\n'}
[1.316000] (CommunicationCenter) StderrLine: {'line': b'      |             \x1b[01;35m\x1b[K^~~~~~\x1b[m\x1b[K\n'}
[1.316055] (CommunicationCenter) StderrLine: {'line': b'\x1b[01m\x1b[K/home/albusgive/rlfw/rlfw_deploy/src/CommunicationCenter/motor_driver/DMMotor.h:50:13:\x1b[m\x1b[K \x1b[01;36m\x1b[Knote: \x1b[m\x1b[K  by \xe2\x80\x98\x1b[01m\x1b[Kvirtual MotorBack DMMotor::\x1b[01;32m\x1b[Kdecode\x1b[m\x1b[K(CANMSG)\x1b[m\x1b[K\xe2\x80\x99\n'}
[1.316115] (CommunicationCenter) StderrLine: {'line': b'   50 |   MotorBack \x1b[01;36m\x1b[Kdecode\x1b[m\x1b[K(CANMSG msg) override;\n'}
[1.316168] (CommunicationCenter) StderrLine: {'line': b'      |             \x1b[01;36m\x1b[K^~~~~~\x1b[m\x1b[K\n'}
[1.316221] (CommunicationCenter) StderrLine: {'line': b'\x1b[01m\x1b[K/home/albusgive/rlfw/rlfw_deploy/src/CommunicationCenter/motor_driver/Motor.hpp:272:13:\x1b[m\x1b[K \x1b[01;35m\x1b[Kwarning: \x1b[m\x1b[K\xe2\x80\x98\x1b[01m\x1b[Kvirtual MotorBack CANMotor::\x1b[01;32m\x1b[Kdecode\x1b[m\x1b[K(UnitreeMsg)\x1b[m\x1b[K\xe2\x80\x99 was hidden [\x1b[01;35m\x1b[K\x1b]8;;https://gcc.gnu.org/onlinedocs/gcc/Warning-Options.html#index-Woverloaded-virtual=\x07-Woverloaded-virtual=\x1b]8;;\x07\x1b[m\x1b[K]\n'}
[1.316279] (CommunicationCenter) StderrLine: {'line': b'  272 |   MotorBack \x1b[01;35m\x1b[Kdecode\x1b[m\x1b[K(UnitreeMsg /*msg*/) override { return MotorBack(); };\n'}
[1.316340] (CommunicationCenter) StderrLine: {'line': b'      |             \x1b[01;35m\x1b[K^~~~~~\x1b[m\x1b[K\n'}
[1.316395] (CommunicationCenter) StderrLine: {'line': b'\x1b[01m\x1b[K/home/albusgive/rlfw/rlfw_deploy/src/CommunicationCenter/motor_driver/DMMotor.h:50:13:\x1b[m\x1b[K \x1b[01;36m\x1b[Knote: \x1b[m\x1b[K  by \xe2\x80\x98\x1b[01m\x1b[Kvirtual MotorBack DMMotor::\x1b[01;32m\x1b[Kdecode\x1b[m\x1b[K(CANMSG)\x1b[m\x1b[K\xe2\x80\x99\n'}
[1.316448] (CommunicationCenter) StderrLine: {'line': b'   50 |   MotorBack \x1b[01;36m\x1b[Kdecode\x1b[m\x1b[K(CANMSG msg) override;\n'}
[1.316504] (CommunicationCenter) StderrLine: {'line': b'      |             \x1b[01;36m\x1b[K^~~~~~\x1b[m\x1b[K\n'}
[1.316557] (CommunicationCenter) StderrLine: {'line': b'\x1b[01m\x1b[K/home/albusgive/rlfw/rlfw_deploy/src/CommunicationCenter/motor_driver/DMMotor.h:\x1b[m\x1b[K In member function \xe2\x80\x98\x1b[01m\x1b[Kvirtual DMCANMsg* DMMotor::\x1b[01;32m\x1b[KsetCtrlType\x1b[m\x1b[K(uint8_t)\x1b[m\x1b[K\xe2\x80\x99:\n'}
[1.316624] (CommunicationCenter) StderrLine: {'line': b'\x1b[01m\x1b[K/home/albusgive/rlfw/rlfw_deploy/src/CommunicationCenter/motor_driver/DMMotor.h:55:33:\x1b[m\x1b[K \x1b[01;35m\x1b[Kwarning: \x1b[m\x1b[Kunused parameter \xe2\x80\x98\x1b[01m\x1b[Kmotor_id\x1b[m\x1b[K\xe2\x80\x99 [\x1b[01;35m\x1b[K\x1b]8;;https://gcc.gnu.org/onlinedocs/gcc/Warning-Options.html#index-Wunused-parameter\x07-Wunused-parameter\x1b]8;;\x07\x1b[m\x1b[K]\n'}
[1.316682] (CommunicationCenter) StderrLine: {'line': b'   55 |   DMCANMsg *setCtrlType(\x1b[01;35m\x1b[Kuint8_t motor_id\x1b[m\x1b[K) override { return nullptr; };\n'}
[1.316737] (CommunicationCenter) StderrLine: {'line': b'      |                         \x1b[01;35m\x1b[K~~~~~~~~^~~~~~~~\x1b[m\x1b[K\n'}
[1.316790] (CommunicationCenter) StderrLine: {'line': b'\x1b[01m\x1b[K/home/albusgive/rlfw/rlfw_deploy/src/CommunicationCenter/motor_driver/DMMotor.h:\x1b[m\x1b[K In member function \xe2\x80\x98\x1b[01m\x1b[Kvirtual DMCANMsg* DMMotor::\x1b[01;32m\x1b[Kctrl_pos\x1b[m\x1b[K(uint8_t, float)\x1b[m\x1b[K\xe2\x80\x99:\n'}
[1.316845] (CommunicationCenter) StderrLine: {'line': b'\x1b[01m\x1b[K/home/albusgive/rlfw/rlfw_deploy/src/CommunicationCenter/motor_driver/DMMotor.h:57:30:\x1b[m\x1b[K \x1b[01;35m\x1b[Kwarning: \x1b[m\x1b[Kunused parameter \xe2\x80\x98\x1b[01m\x1b[Kmotor_id\x1b[m\x1b[K\xe2\x80\x99 [\x1b[01;35m\x1b[K\x1b]8;;https://gcc.gnu.org/onlinedocs/gcc/Warning-Options.html#index-Wunused-parameter\x07-Wunused-parameter\x1b]8;;\x07\x1b[m\x1b[K]\n'}
[1.316899] (CommunicationCenter) StderrLine: {'line': b'   57 |   DMCANMsg *ctrl_pos(\x1b[01;35m\x1b[Kuint8_t motor_id\x1b[m\x1b[K, float pos) override { return nullptr; };\n'}
[1.316950] (CommunicationCenter) StderrLine: {'line': b'      |                      \x1b[01;35m\x1b[K~~~~~~~~^~~~~~~~\x1b[m\x1b[K\n'}
[1.317002] (CommunicationCenter) StderrLine: {'line': b'\x1b[01m\x1b[K/home/albusgive/rlfw/rlfw_deploy/src/CommunicationCenter/motor_driver/DMMotor.h:57:46:\x1b[m\x1b[K \x1b[01;35m\x1b[Kwarning: \x1b[m\x1b[Kunused parameter \xe2\x80\x98\x1b[01m\x1b[Kpos\x1b[m\x1b[K\xe2\x80\x99 [\x1b[01;35m\x1b[K\x1b]8;;https://gcc.gnu.org/onlinedocs/gcc/Warning-Options.html#index-Wunused-parameter\x07-Wunused-parameter\x1b]8;;\x07\x1b[m\x1b[K]\n'}
[1.317055] (CommunicationCenter) StderrLine: {'line': b'   57 |   DMCANMsg *ctrl_pos(uint8_t motor_id, \x1b[01;35m\x1b[Kfloat pos\x1b[m\x1b[K) override { return nullptr; };\n'}
[1.317108] (CommunicationCenter) StderrLine: {'line': b'      |                                        \x1b[01;35m\x1b[K~~~~~~^~~\x1b[m\x1b[K\n'}
[1.317161] (CommunicationCenter) StderrLine: {'line': b'\x1b[01m\x1b[K/home/albusgive/rlfw/rlfw_deploy/src/CommunicationCenter/motor_driver/DMMotor.h:\x1b[m\x1b[K In member function \xe2\x80\x98\x1b[01m\x1b[Kvirtual DMCANMsg* DMMotor::\x1b[01;32m\x1b[Kctrl_vel\x1b[m\x1b[K(uint8_t, float)\x1b[m\x1b[K\xe2\x80\x99:\n'}
[1.317216] (CommunicationCenter) StderrLine: {'line': b'\x1b[01m\x1b[K/home/albusgive/rlfw/rlfw_deploy/src/CommunicationCenter/motor_driver/DMMotor.h:59:30:\x1b[m\x1b[K \x1b[01;35m\x1b[Kwarning: \x1b[m\x1b[Kunused parameter \xe2\x80\x98\x1b[01m\x1b[Kmotor_id\x1b[m\x1b[K\xe2\x80\x99 [\x1b[01;35m\x1b[K\x1b]8;;https://gcc.gnu.org/onlinedocs/gcc/Warning-Options.html#index-Wunused-parameter\x07-Wunused-parameter\x1b]8;;\x07\x1b[m\x1b[K]\n'}
[1.317270] (CommunicationCenter) StderrLine: {'line': b'   59 |   DMCANMsg *ctrl_vel(\x1b[01;35m\x1b[Kuint8_t motor_id\x1b[m\x1b[K, float vel) override { return nullptr; };\n'}
[1.317321] (CommunicationCenter) StderrLine: {'line': b'      |                      \x1b[01;35m\x1b[K~~~~~~~~^~~~~~~~\x1b[m\x1b[K\n'}
[1.317379] (CommunicationCenter) StderrLine: {'line': b'\x1b[01m\x1b[K/home/albusgive/rlfw/rlfw_deploy/src/CommunicationCenter/motor_driver/DMMotor.h:59:46:\x1b[m\x1b[K \x1b[01;35m\x1b[Kwarning: \x1b[m\x1b[Kunused parameter \xe2\x80\x98\x1b[01m\x1b[Kvel\x1b[m\x1b[K\xe2\x80\x99 [\x1b[01;35m\x1b[K\x1b]8;;https://gcc.gnu.org/onlinedocs/gcc/Warning-Options.html#index-Wunused-parameter\x07-Wunused-parameter\x1b]8;;\x07\x1b[m\x1b[K]\n'}
[1.317435] (CommunicationCenter) StderrLine: {'line': b'   59 |   DMCANMsg *ctrl_vel(uint8_t motor_id, \x1b[01;35m\x1b[Kfloat vel\x1b[m\x1b[K) override { return nullptr; };\n'}
[1.317488] (CommunicationCenter) StderrLine: {'line': b'      |                                        \x1b[01;35m\x1b[K~~~~~~^~~\x1b[m\x1b[K\n'}
[1.317540] (CommunicationCenter) StderrLine: {'line': b'\x1b[01m\x1b[K/home/albusgive/rlfw/rlfw_deploy/src/CommunicationCenter/motor_driver/DMMotor.h:\x1b[m\x1b[K In member function \xe2\x80\x98\x1b[01m\x1b[Kvirtual DMCANMsg* DMMotor::\x1b[01;32m\x1b[Kctrl_pos_vel\x1b[m\x1b[K(uint8_t, float, float)\x1b[m\x1b[K\xe2\x80\x99:\n'}
[1.317602] (CommunicationCenter) StderrLine: {'line': b'\x1b[01m\x1b[K/home/albusgive/rlfw/rlfw_deploy/src/CommunicationCenter/motor_driver/DMMotor.h:61:34:\x1b[m\x1b[K \x1b[01;35m\x1b[Kwarning: \x1b[m\x1b[Kunused parameter \xe2\x80\x98\x1b[01m\x1b[Kmotor_id\x1b[m\x1b[K\xe2\x80\x99 [\x1b[01;35m\x1b[K\x1b]8;;https://gcc.gnu.org/onlinedocs/gcc/Warning-Options.html#index-Wunused-parameter\x07-Wunused-parameter\x1b]8;;\x07\x1b[m\x1b[K]\n'}
[1.317661] (CommunicationCenter) StderrLine: {'line': b'   61 |   DMCANMsg *ctrl_pos_vel(\x1b[01;35m\x1b[Kuint8_t motor_id\x1b[m\x1b[K, float pos, float vel) override {\n'}
[1.317715] (CommunicationCenter) StderrLine: {'line': b'      |                          \x1b[01;35m\x1b[K~~~~~~~~^~~~~~~~\x1b[m\x1b[K\n'}
[1.317771] (CommunicationCenter) StderrLine: {'line': b'\x1b[01m\x1b[K/home/albusgive/rlfw/rlfw_deploy/src/CommunicationCenter/motor_driver/DMMotor.h:61:50:\x1b[m\x1b[K \x1b[01;35m\x1b[Kwarning: \x1b[m\x1b[Kunused parameter \xe2\x80\x98\x1b[01m\x1b[Kpos\x1b[m\x1b[K\xe2\x80\x99 [\x1b[01;35m\x1b[K\x1b]8;;https://gcc.gnu.org/onlinedocs/gcc/Warning-Options.html#index-Wunused-parameter\x07-Wunused-parameter\x1b]8;;\x07\x1b[m\x1b[K]\n'}
[1.317826] (CommunicationCenter) StderrLine: {'line': b'   61 |   DMCANMsg *ctrl_pos_vel(uint8_t motor_id, \x1b[01;35m\x1b[Kfloat pos\x1b[m\x1b[K, float vel) override {\n'}
[1.317880] (CommunicationCenter) StderrLine: {'line': b'      |                                            \x1b[01;35m\x1b[K~~~~~~^~~\x1b[m\x1b[K\n'}
[1.317935] (CommunicationCenter) StderrLine: {'line': b'\x1b[01m\x1b[K/home/albusgive/rlfw/rlfw_deploy/src/CommunicationCenter/motor_driver/DMMotor.h:61:61:\x1b[m\x1b[K \x1b[01;35m\x1b[Kwarning: \x1b[m\x1b[Kunused parameter \xe2\x80\x98\x1b[01m\x1b[Kvel\x1b[m\x1b[K\xe2\x80\x99 [\x1b[01;35m\x1b[K\x1b]8;;https://gcc.gnu.org/onlinedocs/gcc/Warning-Options.html#index-Wunused-parameter\x07-Wunused-parameter\x1b]8;;\x07\x1b[m\x1b[K]\n'}
[1.317991] (CommunicationCenter) StderrLine: {'line': b'   61 |   DMCANMsg *ctrl_pos_vel(uint8_t motor_id, float pos, \x1b[01;35m\x1b[Kfloat vel\x1b[m\x1b[K) override {\n'}
[1.318045] (CommunicationCenter) StderrLine: {'line': b'      |                                                       \x1b[01;35m\x1b[K~~~~~~^~~\x1b[m\x1b[K\n'}
[1.318101] (CommunicationCenter) StderrLine: {'line': b'\x1b[01m\x1b[K/home/albusgive/rlfw/rlfw_deploy/src/CommunicationCenter/motor_driver/DMMotor.h:\x1b[m\x1b[K In member function \xe2\x80\x98\x1b[01m\x1b[Kvirtual DMCANMsg* DMMotor::\x1b[01;32m\x1b[Kctrl_torque\x1b[m\x1b[K(uint8_t, float)\x1b[m\x1b[K\xe2\x80\x99:\n'}
[1.318160] (CommunicationCenter) StderrLine: {'line': b'\x1b[01m\x1b[K/home/albusgive/rlfw/rlfw_deploy/src/CommunicationCenter/motor_driver/DMMotor.h:65:33:\x1b[m\x1b[K \x1b[01;35m\x1b[Kwarning: \x1b[m\x1b[Kunused parameter \xe2\x80\x98\x1b[01m\x1b[Kmotor_id\x1b[m\x1b[K\xe2\x80\x99 [\x1b[01;35m\x1b[K\x1b]8;;https://gcc.gnu.org/onlinedocs/gcc/Warning-Options.html#index-Wunused-parameter\x07-Wunused-parameter\x1b]8;;\x07\x1b[m\x1b[K]\n'}
[1.318291] (CommunicationCenter) StderrLine: {'line': b'   65 |   DMCANMsg *ctrl_torque(\x1b[01;35m\x1b[Kuint8_t motor_id\x1b[m\x1b[K, float torque) override {\n'}
[1.318346] (CommunicationCenter) StderrLine: {'line': b'      |                         \x1b[01;35m\x1b[K~~~~~~~~^~~~~~~~\x1b[m\x1b[K\n'}
[1.318401] (CommunicationCenter) StderrLine: {'line': b'\x1b[01m\x1b[K/home/albusgive/rlfw/rlfw_deploy/src/CommunicationCenter/motor_driver/DMMotor.h:65:49:\x1b[m\x1b[K \x1b[01;35m\x1b[Kwarning: \x1b[m\x1b[Kunused parameter \xe2\x80\x98\x1b[01m\x1b[Ktorque\x1b[m\x1b[K\xe2\x80\x99 [\x1b[01;35m\x1b[K\x1b]8;;https://gcc.gnu.org/onlinedocs/gcc/Warning-Options.html#index-Wunused-parameter\x07-Wunused-parameter\x1b]8;;\x07\x1b[m\x1b[K]\n'}
[1.318458] (CommunicationCenter) StderrLine: {'line': b'   65 |   DMCANMsg *ctrl_torque(uint8_t motor_id, \x1b[01;35m\x1b[Kfloat torque\x1b[m\x1b[K) override {\n'}
[1.318513] (CommunicationCenter) StderrLine: {'line': b'      |                                           \x1b[01;35m\x1b[K~~~~~~^~~~~~\x1b[m\x1b[K\n'}
[1.318568] (CommunicationCenter) StderrLine: {'line': b'\x1b[01m\x1b[K/home/albusgive/rlfw/rlfw_deploy/src/CommunicationCenter/motor_driver/DMMotor.h:\x1b[m\x1b[K In member function \xe2\x80\x98\x1b[01m\x1b[Kvirtual DMCANMsg* DMMotor::\x1b[01;32m\x1b[KsetPosKP\x1b[m\x1b[K(uint8_t, float)\x1b[m\x1b[K\xe2\x80\x99:\n'}
[1.318698] (CommunicationCenter) StderrLine: {'line': b'\x1b[01m\x1b[K/home/albusgive/rlfw/rlfw_deploy/src/CommunicationCenter/motor_driver/DMMotor.h:70:30:\x1b[m\x1b[K \x1b[01;35m\x1b[Kwarning: \x1b[m\x1b[Kunused parameter \xe2\x80\x98\x1b[01m\x1b[Kmotor_id\x1b[m\x1b[K\xe2\x80\x99 [\x1b[01;35m\x1b[K\x1b]8;;https://gcc.gnu.org/onlinedocs/gcc/Warning-Options.html#index-Wunused-parameter\x07-Wunused-parameter\x1b]8;;\x07\x1b[m\x1b[K]\n'}
[1.318757] (CommunicationCenter) StderrLine: {'line': b'   70 |   DMCANMsg *setPosKP(\x1b[01;35m\x1b[Kuint8_t motor_id\x1b[m\x1b[K, float kp) override { return nullptr; };\n'}
[1.318813] (CommunicationCenter) StderrLine: {'line': b'      |                      \x1b[01;35m\x1b[K~~~~~~~~^~~~~~~~\x1b[m\x1b[K\n'}
[1.318867] (CommunicationCenter) StderrLine: {'line': b'\x1b[01m\x1b[K/home/albusgive/rlfw/rlfw_deploy/src/CommunicationCenter/motor_driver/DMMotor.h:70:46:\x1b[m\x1b[K \x1b[01;35m\x1b[Kwarning: \x1b[m\x1b[Kunused parameter \xe2\x80\x98\x1b[01m\x1b[Kkp\x1b[m\x1b[K\xe2\x80\x99 [\x1b[01;35m\x1b[K\x1b]8;;https://gcc.gnu.org/onlinedocs/gcc/Warning-Options.html#index-Wunused-parameter\x07-Wunused-parameter\x1b]8;;\x07\x1b[m\x1b[K]\n'}
[1.319002] (CommunicationCenter) StderrLine: {'line': b'   70 |   DMCANMsg *setPosKP(uint8_t motor_id, \x1b[01;35m\x1b[Kfloat kp\x1b[m\x1b[K) override { return nullptr; };\n'}
[1.319058] (CommunicationCenter) StderrLine: {'line': b'      |                                        \x1b[01;35m\x1b[K~~~~~~^~\x1b[m\x1b[K\n'}
[1.319113] (CommunicationCenter) StderrLine: {'line': b'\x1b[01m\x1b[K/home/albusgive/rlfw/rlfw_deploy/src/CommunicationCenter/motor_driver/DMMotor.h:\x1b[m\x1b[K In member function \xe2\x80\x98\x1b[01m\x1b[Kvirtual DMCANMsg* DMMotor::\x1b[01;32m\x1b[KsetPosKD\x1b[m\x1b[K(uint8_t, float)\x1b[m\x1b[K\xe2\x80\x99:\n'}
[1.319168] (CommunicationCenter) StderrLine: {'line': b'\x1b[01m\x1b[K/home/albusgive/rlfw/rlfw_deploy/src/CommunicationCenter/motor_driver/DMMotor.h:71:30:\x1b[m\x1b[K \x1b[01;35m\x1b[Kwarning: \x1b[m\x1b[Kunused parameter \xe2\x80\x98\x1b[01m\x1b[Kmotor_id\x1b[m\x1b[K\xe2\x80\x99 [\x1b[01;35m\x1b[K\x1b]8;;https://gcc.gnu.org/onlinedocs/gcc/Warning-Options.html#index-Wunused-parameter\x07-Wunused-parameter\x1b]8;;\x07\x1b[m\x1b[K]\n'}
[1.319294] (CommunicationCenter) StderrLine: {'line': b'   71 |   DMCANMsg *setPosKD(\x1b[01;35m\x1b[Kuint8_t motor_id\x1b[m\x1b[K, float kd) override { return nullptr; };\n'}
[1.319350] (CommunicationCenter) StderrLine: {'line': b'      |                      \x1b[01;35m\x1b[K~~~~~~~~^~~~~~~~\x1b[m\x1b[K\n'}
[1.319405] (CommunicationCenter) StderrLine: {'line': b'\x1b[01m\x1b[K/home/albusgive/rlfw/rlfw_deploy/src/CommunicationCenter/motor_driver/DMMotor.h:71:46:\x1b[m\x1b[K \x1b[01;35m\x1b[Kwarning: \x1b[m\x1b[Kunused parameter \xe2\x80\x98\x1b[01m\x1b[Kkd\x1b[m\x1b[K\xe2\x80\x99 [\x1b[01;35m\x1b[K\x1b]8;;https://gcc.gnu.org/onlinedocs/gcc/Warning-Options.html#index-Wunused-parameter\x07-Wunused-parameter\x1b]8;;\x07\x1b[m\x1b[K]\n'}
[1.319556] (CommunicationCenter) StderrLine: {'line': b'   71 |   DMCANMsg *setPosKD(uint8_t motor_id, \x1b[01;35m\x1b[Kfloat kd\x1b[m\x1b[K) override { return nullptr; };\n'}
[1.319625] (CommunicationCenter) StderrLine: {'line': b'      |                                        \x1b[01;35m\x1b[K~~~~~~^~\x1b[m\x1b[K\n'}
[1.319681] (CommunicationCenter) StderrLine: {'line': b'\x1b[01m\x1b[K/home/albusgive/rlfw/rlfw_deploy/src/CommunicationCenter/motor_driver/DMMotor.h:\x1b[m\x1b[K In member function \xe2\x80\x98\x1b[01m\x1b[Kvirtual DMCANMsg* DMMotor::\x1b[01;32m\x1b[KsetVelKP\x1b[m\x1b[K(uint8_t, float)\x1b[m\x1b[K\xe2\x80\x99:\n'}
[1.319733] (CommunicationCenter) StderrLine: {'line': b'\x1b[01m\x1b[K/home/albusgive/rlfw/rlfw_deploy/src/CommunicationCenter/motor_driver/DMMotor.h:73:30:\x1b[m\x1b[K \x1b[01;35m\x1b[Kwarning: \x1b[m\x1b[Kunused parameter \xe2\x80\x98\x1b[01m\x1b[Kmotor_id\x1b[m\x1b[K\xe2\x80\x99 [\x1b[01;35m\x1b[K\x1b]8;;https://gcc.gnu.org/onlinedocs/gcc/Warning-Options.html#index-Wunused-parameter\x07-Wunused-parameter\x1b]8;;\x07\x1b[m\x1b[K]\n'}
[1.319787] (CommunicationCenter) StderrLine: {'line': b'   73 |   DMCANMsg *setVelKP(\x1b[01;35m\x1b[Kuint8_t motor_id\x1b[m\x1b[K, float kp) override { return nullptr; };\n'}
[1.319838] (CommunicationCenter) StderrLine: {'line': b'      |                      \x1b[01;35m\x1b[K~~~~~~~~^~~~~~~~\x1b[m\x1b[K\n'}
[1.319889] (CommunicationCenter) StderrLine: {'line': b'\x1b[01m\x1b[K/home/albusgive/rlfw/rlfw_deploy/src/CommunicationCenter/motor_driver/DMMotor.h:73:46:\x1b[m\x1b[K \x1b[01;35m\x1b[Kwarning: \x1b[m\x1b[Kunused parameter \xe2\x80\x98\x1b[01m\x1b[Kkp\x1b[m\x1b[K\xe2\x80\x99 [\x1b[01;35m\x1b[K\x1b]8;;https://gcc.gnu.org/onlinedocs/gcc/Warning-Options.html#index-Wunused-parameter\x07-Wunused-parameter\x1b]8;;\x07\x1b[m\x1b[K]\n'}
[1.319941] (CommunicationCenter) StderrLine: {'line': b'   73 |   DMCANMsg *setVelKP(uint8_t motor_id, \x1b[01;35m\x1b[Kfloat kp\x1b[m\x1b[K) override { return nullptr; };\n'}
[1.319992] (CommunicationCenter) StderrLine: {'line': b'      |                                        \x1b[01;35m\x1b[K~~~~~~^~\x1b[m\x1b[K\n'}
[1.320043] (CommunicationCenter) StderrLine: {'line': b'\x1b[01m\x1b[K/home/albusgive/rlfw/rlfw_deploy/src/CommunicationCenter/motor_driver/DMMotor.h:\x1b[m\x1b[K In member function \xe2\x80\x98\x1b[01m\x1b[Kvirtual DMCANMsg* DMMotor::\x1b[01;32m\x1b[KsetVelKI\x1b[m\x1b[K(uint8_t, float)\x1b[m\x1b[K\xe2\x80\x99:\n'}
[1.320094] (CommunicationCenter) StderrLine: {'line': b'\x1b[01m\x1b[K/home/albusgive/rlfw/rlfw_deploy/src/CommunicationCenter/motor_driver/DMMotor.h:74:30:\x1b[m\x1b[K \x1b[01;35m\x1b[Kwarning: \x1b[m\x1b[Kunused parameter \xe2\x80\x98\x1b[01m\x1b[Kmotor_id\x1b[m\x1b[K\xe2\x80\x99 [\x1b[01;35m\x1b[K\x1b]8;;https://gcc.gnu.org/onlinedocs/gcc/Warning-Options.html#index-Wunused-parameter\x07-Wunused-parameter\x1b]8;;\x07\x1b[m\x1b[K]\n'}
[1.320147] (CommunicationCenter) StderrLine: {'line': b'   74 |   DMCANMsg *setVelKI(\x1b[01;35m\x1b[Kuint8_t motor_id\x1b[m\x1b[K, float ki) override { return nullptr; };\n'}
[1.320197] (CommunicationCenter) StderrLine: {'line': b'      |                      \x1b[01;35m\x1b[K~~~~~~~~^~~~~~~~\x1b[m\x1b[K\n'}
[1.320248] (CommunicationCenter) StderrLine: {'line': b'\x1b[01m\x1b[K/home/albusgive/rlfw/rlfw_deploy/src/CommunicationCenter/motor_driver/DMMotor.h:74:46:\x1b[m\x1b[K \x1b[01;35m\x1b[Kwarning: \x1b[m\x1b[Kunused parameter \xe2\x80\x98\x1b[01m\x1b[Kki\x1b[m\x1b[K\xe2\x80\x99 [\x1b[01;35m\x1b[K\x1b]8;;https://gcc.gnu.org/onlinedocs/gcc/Warning-Options.html#index-Wunused-parameter\x07-Wunused-parameter\x1b]8;;\x07\x1b[m\x1b[K]\n'}
[1.320300] (CommunicationCenter) StderrLine: {'line': b'   74 |   DMCANMsg *setVelKI(uint8_t motor_id, \x1b[01;35m\x1b[Kfloat ki\x1b[m\x1b[K) override { return nullptr; };\n'}
[1.320354] (CommunicationCenter) StderrLine: {'line': b'      |                                        \x1b[01;35m\x1b[K~~~~~~^~\x1b[m\x1b[K\n'}
[1.320407] (CommunicationCenter) StderrLine: {'line': b'\x1b[01m\x1b[K/home/albusgive/rlfw/rlfw_deploy/src/CommunicationCenter/motor_driver/DMMotor.h:\x1b[m\x1b[K In member function \xe2\x80\x98\x1b[01m\x1b[Kvirtual DMCANMsg* DMMotor::\x1b[01;32m\x1b[KsetTorqueKP\x1b[m\x1b[K(uint8_t, float)\x1b[m\x1b[K\xe2\x80\x99:\n'}
[1.320459] (CommunicationCenter) StderrLine: {'line': b'\x1b[01m\x1b[K/home/albusgive/rlfw/rlfw_deploy/src/CommunicationCenter/motor_driver/DMMotor.h:76:33:\x1b[m\x1b[K \x1b[01;35m\x1b[Kwarning: \x1b[m\x1b[Kunused parameter \xe2\x80\x98\x1b[01m\x1b[Kmotor_id\x1b[m\x1b[K\xe2\x80\x99 [\x1b[01;35m\x1b[K\x1b]8;;https://gcc.gnu.org/onlinedocs/gcc/Warning-Options.html#index-Wunused-parameter\x07-Wunused-parameter\x1b]8;;\x07\x1b[m\x1b[K]\n'}
[1.320511] (CommunicationCenter) StderrLine: {'line': b'   76 |   DMCANMsg *setTorqueKP(\x1b[01;35m\x1b[Kuint8_t motor_id\x1b[m\x1b[K, float kp) override {\n'}
[1.320561] (CommunicationCenter) StderrLine: {'line': b'      |                         \x1b[01;35m\x1b[K~~~~~~~~^~~~~~~~\x1b[m\x1b[K\n'}
[1.320617] (CommunicationCenter) StderrLine: {'line': b'\x1b[01m\x1b[K/home/albusgive/rlfw/rlfw_deploy/src/CommunicationCenter/motor_driver/DMMotor.h:76:49:\x1b[m\x1b[K \x1b[01;35m\x1b[Kwarning: \x1b[m\x1b[Kunused parameter \xe2\x80\x98\x1b[01m\x1b[Kkp\x1b[m\x1b[K\xe2\x80\x99 [\x1b[01;35m\x1b[K\x1b]8;;https://gcc.gnu.org/onlinedocs/gcc/Warning-Options.html#index-Wunused-parameter\x07-Wunused-parameter\x1b]8;;\x07\x1b[m\x1b[K]\n'}
[1.320675] (CommunicationCenter) StderrLine: {'line': b'   76 |   DMCANMsg *setTorqueKP(uint8_t motor_id, \x1b[01;35m\x1b[Kfloat kp\x1b[m\x1b[K) override {\n'}
[1.320726] (CommunicationCenter) StderrLine: {'line': b'      |                                           \x1b[01;35m\x1b[K~~~~~~^~\x1b[m\x1b[K\n'}
[1.320778] (CommunicationCenter) StderrLine: {'line': b'\x1b[01m\x1b[K/home/albusgive/rlfw/rlfw_deploy/src/CommunicationCenter/motor_driver/DMMotor.h:\x1b[m\x1b[K In member function \xe2\x80\x98\x1b[01m\x1b[Kvirtual DMCANMsg* DMMotor::\x1b[01;32m\x1b[KsetTorqueKI\x1b[m\x1b[K(uint8_t, float)\x1b[m\x1b[K\xe2\x80\x99:\n'}
[1.320830] (CommunicationCenter) StderrLine: {'line': b'\x1b[01m\x1b[K/home/albusgive/rlfw/rlfw_deploy/src/CommunicationCenter/motor_driver/DMMotor.h:79:33:\x1b[m\x1b[K \x1b[01;35m\x1b[Kwarning: \x1b[m\x1b[Kunused parameter \xe2\x80\x98\x1b[01m\x1b[Kmotor_id\x1b[m\x1b[K\xe2\x80\x99 [\x1b[01;35m\x1b[K\x1b]8;;https://gcc.gnu.org/onlinedocs/gcc/Warning-Options.html#index-Wunused-parameter\x07-Wunused-parameter\x1b]8;;\x07\x1b[m\x1b[K]\n'}
[1.320886] (CommunicationCenter) StderrLine: {'line': b'   79 |   DMCANMsg *setTorqueKI(\x1b[01;35m\x1b[Kuint8_t motor_id\x1b[m\x1b[K, float ki) override {\n'}
[1.320937] (CommunicationCenter) StderrLine: {'line': b'      |                         \x1b[01;35m\x1b[K~~~~~~~~^~~~~~~~\x1b[m\x1b[K\n'}
[1.320988] (CommunicationCenter) StderrLine: {'line': b'\x1b[01m\x1b[K/home/albusgive/rlfw/rlfw_deploy/src/CommunicationCenter/motor_driver/DMMotor.h:79:49:\x1b[m\x1b[K \x1b[01;35m\x1b[Kwarning: \x1b[m\x1b[Kunused parameter \xe2\x80\x98\x1b[01m\x1b[Kki\x1b[m\x1b[K\xe2\x80\x99 [\x1b[01;35m\x1b[K\x1b]8;;https://gcc.gnu.org/onlinedocs/gcc/Warning-Options.html#index-Wunused-parameter\x07-Wunused-parameter\x1b]8;;\x07\x1b[m\x1b[K]\n'}
[1.321041] (CommunicationCenter) StderrLine: {'line': b'   79 |   DMCANMsg *setTorqueKI(uint8_t motor_id, \x1b[01;35m\x1b[Kfloat ki\x1b[m\x1b[K) override {\n'}
[1.321092] (CommunicationCenter) StderrLine: {'line': b'      |                                           \x1b[01;35m\x1b[K~~~~~~^~\x1b[m\x1b[K\n'}
[1.321143] (CommunicationCenter) StderrLine: {'line': b'\x1b[01m\x1b[K/home/albusgive/rlfw/rlfw_deploy/src/CommunicationCenter/motor_driver/DMMotor.h:\x1b[m\x1b[K In member function \xe2\x80\x98\x1b[01m\x1b[Kvirtual DMCANMsg* DMMotor::\x1b[01;32m\x1b[KsetSafeTorque\x1b[m\x1b[K(uint8_t, float)\x1b[m\x1b[K\xe2\x80\x99:\n'}
[1.321198] (CommunicationCenter) StderrLine: {'line': b'\x1b[01m\x1b[K/home/albusgive/rlfw/rlfw_deploy/src/CommunicationCenter/motor_driver/DMMotor.h:83:35:\x1b[m\x1b[K \x1b[01;35m\x1b[Kwarning: \x1b[m\x1b[Kunused parameter \xe2\x80\x98\x1b[01m\x1b[Kmotor_id\x1b[m\x1b[K\xe2\x80\x99 [\x1b[01;35m\x1b[K\x1b]8;;https://gcc.gnu.org/onlinedocs/gcc/Warning-Options.html#index-Wunused-parameter\x07-Wunused-parameter\x1b]8;;\x07\x1b[m\x1b[K]\n'}
[1.321252] (CommunicationCenter) StderrLine: {'line': b'   83 |   DMCANMsg *setSafeTorque(\x1b[01;35m\x1b[Kuint8_t motor_id\x1b[m\x1b[K, float torque) override {\n'}
[1.321304] (CommunicationCenter) StderrLine: {'line': b'      |                           \x1b[01;35m\x1b[K~~~~~~~~^~~~~~~~\x1b[m\x1b[K\n'}
[1.321354] (CommunicationCenter) StderrLine: {'line': b'\x1b[01m\x1b[K/home/albusgive/rlfw/rlfw_deploy/src/CommunicationCenter/motor_driver/DMMotor.h:83:51:\x1b[m\x1b[K \x1b[01;35m\x1b[Kwarning: \x1b[m\x1b[Kunused parameter \xe2\x80\x98\x1b[01m\x1b[Ktorque\x1b[m\x1b[K\xe2\x80\x99 [\x1b[01;35m\x1b[K\x1b]8;;https://gcc.gnu.org/onlinedocs/gcc/Warning-Options.html#index-Wunused-parameter\x07-Wunused-parameter\x1b]8;;\x07\x1b[m\x1b[K]\n'}
[1.321407] (CommunicationCenter) StderrLine: {'line': b'   83 |   DMCANMsg *setSafeTorque(uint8_t motor_id, \x1b[01;35m\x1b[Kfloat torque\x1b[m\x1b[K) override {\n'}
[1.321459] (CommunicationCenter) StderrLine: {'line': b'      |                                             \x1b[01;35m\x1b[K~~~~~~^~~~~~\x1b[m\x1b[K\n'}
[1.321512] (CommunicationCenter) StderrLine: {'line': b'\x1b[01m\x1b[K/home/albusgive/rlfw/rlfw_deploy/src/CommunicationCenter/motor_driver/DMMotor.h:\x1b[m\x1b[K In member function \xe2\x80\x98\x1b[01m\x1b[Kvirtual DMCANMsg* DMMotor::\x1b[01;32m\x1b[KsetSafePos\x1b[m\x1b[K(uint8_t, float)\x1b[m\x1b[K\xe2\x80\x99:\n'}
[1.321566] (CommunicationCenter) StderrLine: {'line': b'\x1b[01m\x1b[K/home/albusgive/rlfw/rlfw_deploy/src/CommunicationCenter/motor_driver/DMMotor.h:86:32:\x1b[m\x1b[K \x1b[01;35m\x1b[Kwarning: \x1b[m\x1b[Kunused parameter \xe2\x80\x98\x1b[01m\x1b[Kmotor_id\x1b[m\x1b[K\xe2\x80\x99 [\x1b[01;35m\x1b[K\x1b]8;;https://gcc.gnu.org/onlinedocs/gcc/Warning-Options.html#index-Wunused-parameter\x07-Wunused-parameter\x1b]8;;\x07\x1b[m\x1b[K]\n'}
[1.321637] (CommunicationCenter) StderrLine: {'line': b'   86 |   DMCANMsg *setSafePos(\x1b[01;35m\x1b[Kuint8_t motor_id\x1b[m\x1b[K, float pos) override {\n'}
[1.321691] (CommunicationCenter) StderrLine: {'line': b'      |                        \x1b[01;35m\x1b[K~~~~~~~~^~~~~~~~\x1b[m\x1b[K\n'}
[1.321742] (CommunicationCenter) StderrLine: {'line': b'\x1b[01m\x1b[K/home/albusgive/rlfw/rlfw_deploy/src/CommunicationCenter/motor_driver/DMMotor.h:86:48:\x1b[m\x1b[K \x1b[01;35m\x1b[Kwarning: \x1b[m\x1b[Kunused parameter \xe2\x80\x98\x1b[01m\x1b[Kpos\x1b[m\x1b[K\xe2\x80\x99 [\x1b[01;35m\x1b[K\x1b]8;;https://gcc.gnu.org/onlinedocs/gcc/Warning-Options.html#index-Wunused-parameter\x07-Wunused-parameter\x1b]8;;\x07\x1b[m\x1b[K]\n'}
[1.321794] (CommunicationCenter) StderrLine: {'line': b'   86 |   DMCANMsg *setSafePos(uint8_t motor_id, \x1b[01;35m\x1b[Kfloat pos\x1b[m\x1b[K) override {\n'}
[1.321844] (CommunicationCenter) StderrLine: {'line': b'      |                                          \x1b[01;35m\x1b[K~~~~~~^~~\x1b[m\x1b[K\n'}
[1.321894] (CommunicationCenter) StderrLine: {'line': b'\x1b[01m\x1b[K/home/albusgive/rlfw/rlfw_deploy/src/CommunicationCenter/motor_driver/DMMotor.h:\x1b[m\x1b[K In member function \xe2\x80\x98\x1b[01m\x1b[Kvirtual DMCANMsg* DMMotor::\x1b[01;32m\x1b[KsetSafeVel\x1b[m\x1b[K(uint8_t, float)\x1b[m\x1b[K\xe2\x80\x99:\n'}
[1.321945] (CommunicationCenter) StderrLine: {'line': b'\x1b[01m\x1b[K/home/albusgive/rlfw/rlfw_deploy/src/CommunicationCenter/motor_driver/DMMotor.h:89:32:\x1b[m\x1b[K \x1b[01;35m\x1b[Kwarning: \x1b[m\x1b[Kunused parameter \xe2\x80\x98\x1b[01m\x1b[Kmotor_id\x1b[m\x1b[K\xe2\x80\x99 [\x1b[01;35m\x1b[K\x1b]8;;https://gcc.gnu.org/onlinedocs/gcc/Warning-Options.html#index-Wunused-parameter\x07-Wunused-parameter\x1b]8;;\x07\x1b[m\x1b[K]\n'}
[1.322003] (CommunicationCenter) StderrLine: {'line': b'   89 |   DMCANMsg *setSafeVel(\x1b[01;35m\x1b[Kuint8_t motor_id\x1b[m\x1b[K, float vel) override {\n'}
[1.322054] (CommunicationCenter) StderrLine: {'line': b'      |                        \x1b[01;35m\x1b[K~~~~~~~~^~~~~~~~\x1b[m\x1b[K\n'}
[1.322104] (CommunicationCenter) StderrLine: {'line': b'\x1b[01m\x1b[K/home/albusgive/rlfw/rlfw_deploy/src/CommunicationCenter/motor_driver/DMMotor.h:89:48:\x1b[m\x1b[K \x1b[01;35m\x1b[Kwarning: \x1b[m\x1b[Kunused parameter \xe2\x80\x98\x1b[01m\x1b[Kvel\x1b[m\x1b[K\xe2\x80\x99 [\x1b[01;35m\x1b[K\x1b]8;;https://gcc.gnu.org/onlinedocs/gcc/Warning-Options.html#index-Wunused-parameter\x07-Wunused-parameter\x1b]8;;\x07\x1b[m\x1b[K]\n'}
[1.322155] (CommunicationCenter) StderrLine: {'line': b'   89 |   DMCANMsg *setSafeVel(uint8_t motor_id, \x1b[01;35m\x1b[Kfloat vel\x1b[m\x1b[K) override {\n'}
[1.322206] (CommunicationCenter) StderrLine: {'line': b'      |                                          \x1b[01;35m\x1b[K~~~~~~^~~\x1b[m\x1b[K\n'}
[1.322260] (CommunicationCenter) StderrLine: {'line': b'\x1b[01m\x1b[K/home/albusgive/rlfw/rlfw_deploy/src/CommunicationCenter/motor_driver/Motor.hpp:\x1b[m\x1b[K At global scope:\n'}
[1.322311] (CommunicationCenter) StderrLine: {'line': b'\x1b[01m\x1b[K/home/albusgive/rlfw/rlfw_deploy/src/CommunicationCenter/motor_driver/Motor.hpp:273:13:\x1b[m\x1b[K \x1b[01;35m\x1b[Kwarning: \x1b[m\x1b[K\xe2\x80\x98\x1b[01m\x1b[Kvirtual MotorBack CANMotor::\x1b[01;32m\x1b[Kdecode\x1b[m\x1b[K()\x1b[m\x1b[K\xe2\x80\x99 was hidden [\x1b[01;35m\x1b[K\x1b]8;;https://gcc.gnu.org/onlinedocs/gcc/Warning-Options.html#index-Woverloaded-virtual=\x07-Woverloaded-virtual=\x1b]8;;\x07\x1b[m\x1b[K]\n'}
[1.322366] (CommunicationCenter) StderrLine: {'line': b'  273 |   MotorBack \x1b[01;35m\x1b[Kdecode\x1b[m\x1b[K() override { return MotorBack(); };\n'}
[1.322417] (CommunicationCenter) StderrLine: {'line': b'      |             \x1b[01;35m\x1b[K^~~~~~\x1b[m\x1b[K\n'}
[1.322473] (CommunicationCenter) StderrLine: {'line': b'In file included from \x1b[01m\x1b[K/home/albusgive/rlfw/rlfw_deploy/src/CommunicationCenter/include/CommunicationCenter.hpp:6\x1b[m\x1b[K:\n'}
[1.322525] (CommunicationCenter) StderrLine: {'line': b'\x1b[01m\x1b[K/home/albusgive/rlfw/rlfw_deploy/src/CommunicationCenter/motor_driver/STWMotor.h:69:13:\x1b[m\x1b[K \x1b[01;36m\x1b[Knote: \x1b[m\x1b[K  by \xe2\x80\x98\x1b[01m\x1b[Kvirtual MotorBack STWMotor::\x1b[01;32m\x1b[Kdecode\x1b[m\x1b[K(CANMSG)\x1b[m\x1b[K\xe2\x80\x99\n'}
[1.322580] (CommunicationCenter) StderrLine: {'line': b'   69 |   MotorBack \x1b[01;36m\x1b[Kdecode\x1b[m\x1b[K(CANMSG msg) override;\n'}
[1.322643] (CommunicationCenter) StderrLine: {'line': b'      |             \x1b[01;36m\x1b[K^~~~~~\x1b[m\x1b[K\n'}
[1.322695] (CommunicationCenter) StderrLine: {'line': b'\x1b[01m\x1b[K/home/albusgive/rlfw/rlfw_deploy/src/CommunicationCenter/motor_driver/Motor.hpp:272:13:\x1b[m\x1b[K \x1b[01;35m\x1b[Kwarning: \x1b[m\x1b[K\xe2\x80\x98\x1b[01m\x1b[Kvirtual MotorBack CANMotor::\x1b[01;32m\x1b[Kdecode\x1b[m\x1b[K(UnitreeMsg)\x1b[m\x1b[K\xe2\x80\x99 was hidden [\x1b[01;35m\x1b[K\x1b]8;;https://gcc.gnu.org/onlinedocs/gcc/Warning-Options.html#index-Woverloaded-virtual=\x07-Woverloaded-virtual=\x1b]8;;\x07\x1b[m\x1b[K]\n'}
[1.322748] (CommunicationCenter) StderrLine: {'line': b'  272 |   MotorBack \x1b[01;35m\x1b[Kdecode\x1b[m\x1b[K(UnitreeMsg /*msg*/) override { return MotorBack(); };\n'}
[1.322799] (CommunicationCenter) StderrLine: {'line': b'      |             \x1b[01;35m\x1b[K^~~~~~\x1b[m\x1b[K\n'}
[1.322849] (CommunicationCenter) StderrLine: {'line': b'\x1b[01m\x1b[K/home/albusgive/rlfw/rlfw_deploy/src/CommunicationCenter/motor_driver/STWMotor.h:69:13:\x1b[m\x1b[K \x1b[01;36m\x1b[Knote: \x1b[m\x1b[K  by \xe2\x80\x98\x1b[01m\x1b[Kvirtual MotorBack STWMotor::\x1b[01;32m\x1b[Kdecode\x1b[m\x1b[K(CANMSG)\x1b[m\x1b[K\xe2\x80\x99\n'}
[1.322900] (CommunicationCenter) StderrLine: {'line': b'   69 |   MotorBack \x1b[01;36m\x1b[Kdecode\x1b[m\x1b[K(CANMSG msg) override;\n'}
[1.322956] (CommunicationCenter) StderrLine: {'line': b'      |             \x1b[01;36m\x1b[K^~~~~~\x1b[m\x1b[K\n'}
[1.323007] (CommunicationCenter) StderrLine: {'line': b'\x1b[01m\x1b[K/home/albusgive/rlfw/rlfw_deploy/src/CommunicationCenter/motor_driver/STWMotor.h:\x1b[m\x1b[K In member function \xe2\x80\x98\x1b[01m\x1b[Kvirtual STWCANMsg* STWMotor::\x1b[01;32m\x1b[Kctrl_pos\x1b[m\x1b[K(uint8_t, float)\x1b[m\x1b[K\xe2\x80\x99:\n'}
[1.323058] (CommunicationCenter) StderrLine: {'line': b'\x1b[01m\x1b[K/home/albusgive/rlfw/rlfw_deploy/src/CommunicationCenter/motor_driver/STWMotor.h:76:31:\x1b[m\x1b[K \x1b[01;35m\x1b[Kwarning: \x1b[m\x1b[Kunused parameter \xe2\x80\x98\x1b[01m\x1b[Kmotor_id\x1b[m\x1b[K\xe2\x80\x99 [\x1b[01;35m\x1b[K\x1b]8;;https://gcc.gnu.org/onlinedocs/gcc/Warning-Options.html#index-Wunused-parameter\x07-Wunused-parameter\x1b]8;;\x07\x1b[m\x1b[K]\n'}
[1.323114] (CommunicationCenter) StderrLine: {'line': b'   76 |   STWCANMsg *ctrl_pos(\x1b[01;35m\x1b[Kuint8_t motor_id\x1b[m\x1b[K, float pos) override { return nullptr; };\n'}
[1.323167] (CommunicationCenter) StderrLine: {'line': b'      |                       \x1b[01;35m\x1b[K~~~~~~~~^~~~~~~~\x1b[m\x1b[K\n'}
[1.323218] (CommunicationCenter) StderrLine: {'line': b'\x1b[01m\x1b[K/home/albusgive/rlfw/rlfw_deploy/src/CommunicationCenter/motor_driver/STWMotor.h:76:47:\x1b[m\x1b[K \x1b[01;35m\x1b[Kwarning: \x1b[m\x1b[Kunused parameter \xe2\x80\x98\x1b[01m\x1b[Kpos\x1b[m\x1b[K\xe2\x80\x99 [\x1b[01;35m\x1b[K\x1b]8;;https://gcc.gnu.org/onlinedocs/gcc/Warning-Options.html#index-Wunused-parameter\x07-Wunused-parameter\x1b]8;;\x07\x1b[m\x1b[K]\n'}
[1.323271] (CommunicationCenter) StderrLine: {'line': b'   76 |   STWCANMsg *ctrl_pos(uint8_t motor_id, \x1b[01;35m\x1b[Kfloat pos\x1b[m\x1b[K) override { return nullptr; };\n'}
[1.323323] (CommunicationCenter) StderrLine: {'line': b'      |                                         \x1b[01;35m\x1b[K~~~~~~^~~\x1b[m\x1b[K\n'}
[1.323373] (CommunicationCenter) StderrLine: {'line': b'\x1b[01m\x1b[K/home/albusgive/rlfw/rlfw_deploy/src/CommunicationCenter/motor_driver/STWMotor.h:\x1b[m\x1b[K In member function \xe2\x80\x98\x1b[01m\x1b[Kvirtual STWCANMsg* STWMotor::\x1b[01;32m\x1b[Kctrl_vel\x1b[m\x1b[K(uint8_t, float)\x1b[m\x1b[K\xe2\x80\x99:\n'}
[1.323424] (CommunicationCenter) StderrLine: {'line': b'\x1b[01m\x1b[K/home/albusgive/rlfw/rlfw_deploy/src/CommunicationCenter/motor_driver/STWMotor.h:78:31:\x1b[m\x1b[K \x1b[01;35m\x1b[Kwarning: \x1b[m\x1b[Kunused parameter \xe2\x80\x98\x1b[01m\x1b[Kmotor_id\x1b[m\x1b[K\xe2\x80\x99 [\x1b[01;35m\x1b[K\x1b]8;;https://gcc.gnu.org/onlinedocs/gcc/Warning-Options.html#index-Wunused-parameter\x07-Wunused-parameter\x1b]8;;\x07\x1b[m\x1b[K]\n'}
[1.323481] (CommunicationCenter) StderrLine: {'line': b'   78 |   STWCANMsg *ctrl_vel(\x1b[01;35m\x1b[Kuint8_t motor_id\x1b[m\x1b[K, float vel) override { return nullptr; };\n'}
[1.323532] (CommunicationCenter) StderrLine: {'line': b'      |                       \x1b[01;35m\x1b[K~~~~~~~~^~~~~~~~\x1b[m\x1b[K\n'}
[1.323582] (CommunicationCenter) StderrLine: {'line': b'\x1b[01m\x1b[K/home/albusgive/rlfw/rlfw_deploy/src/CommunicationCenter/motor_driver/STWMotor.h:78:47:\x1b[m\x1b[K \x1b[01;35m\x1b[Kwarning: \x1b[m\x1b[Kunused parameter \xe2\x80\x98\x1b[01m\x1b[Kvel\x1b[m\x1b[K\xe2\x80\x99 [\x1b[01;35m\x1b[K\x1b]8;;https://gcc.gnu.org/onlinedocs/gcc/Warning-Options.html#index-Wunused-parameter\x07-Wunused-parameter\x1b]8;;\x07\x1b[m\x1b[K]\n'}
[1.323644] (CommunicationCenter) StderrLine: {'line': b'   78 |   STWCANMsg *ctrl_vel(uint8_t motor_id, \x1b[01;35m\x1b[Kfloat vel\x1b[m\x1b[K) override { return nullptr; };\n'}
[1.323701] (CommunicationCenter) StderrLine: {'line': b'      |                                         \x1b[01;35m\x1b[K~~~~~~^~~\x1b[m\x1b[K\n'}
[1.323753] (CommunicationCenter) StderrLine: {'line': b'\x1b[01m\x1b[K/home/albusgive/rlfw/rlfw_deploy/src/CommunicationCenter/motor_driver/STWMotor.h:\x1b[m\x1b[K In member function \xe2\x80\x98\x1b[01m\x1b[Kvirtual STWCANMsg* STWMotor::\x1b[01;32m\x1b[Kctrl_pos_vel\x1b[m\x1b[K(uint8_t, float, float)\x1b[m\x1b[K\xe2\x80\x99:\n'}
[1.323813] (CommunicationCenter) StderrLine: {'line': b'\x1b[01m\x1b[K/home/albusgive/rlfw/rlfw_deploy/src/CommunicationCenter/motor_driver/STWMotor.h:80:35:\x1b[m\x1b[K \x1b[01;35m\x1b[Kwarning: \x1b[m\x1b[Kunused parameter \xe2\x80\x98\x1b[01m\x1b[Kmotor_id\x1b[m\x1b[K\xe2\x80\x99 [\x1b[01;35m\x1b[K\x1b]8;;https://gcc.gnu.org/onlinedocs/gcc/Warning-Options.html#index-Wunused-parameter\x07-Wunused-parameter\x1b]8;;\x07\x1b[m\x1b[K]\n'}
[1.323865] (CommunicationCenter) StderrLine: {'line': b'   80 |   STWCANMsg *ctrl_pos_vel(\x1b[01;35m\x1b[Kuint8_t motor_id\x1b[m\x1b[K, float pos, float vel) override {\n'}
[1.323916] (CommunicationCenter) StderrLine: {'line': b'      |                           \x1b[01;35m\x1b[K~~~~~~~~^~~~~~~~\x1b[m\x1b[K\n'}
[1.323967] (CommunicationCenter) StderrLine: {'line': b'\x1b[01m\x1b[K/home/albusgive/rlfw/rlfw_deploy/src/CommunicationCenter/motor_driver/STWMotor.h:80:51:\x1b[m\x1b[K \x1b[01;35m\x1b[Kwarning: \x1b[m\x1b[Kunused parameter \xe2\x80\x98\x1b[01m\x1b[Kpos\x1b[m\x1b[K\xe2\x80\x99 [\x1b[01;35m\x1b[K\x1b]8;;https://gcc.gnu.org/onlinedocs/gcc/Warning-Options.html#index-Wunused-parameter\x07-Wunused-parameter\x1b]8;;\x07\x1b[m\x1b[K]\n'}
[1.324019] (CommunicationCenter) StderrLine: {'line': b'   80 |   STWCANMsg *ctrl_pos_vel(uint8_t motor_id, \x1b[01;35m\x1b[Kfloat pos\x1b[m\x1b[K, float vel) override {\n'}
[1.324070] (CommunicationCenter) StderrLine: {'line': b'      |                                             \x1b[01;35m\x1b[K~~~~~~^~~\x1b[m\x1b[K\n'}
[1.324120] (CommunicationCenter) StderrLine: {'line': b'\x1b[01m\x1b[K/home/albusgive/rlfw/rlfw_deploy/src/CommunicationCenter/motor_driver/STWMotor.h:80:62:\x1b[m\x1b[K \x1b[01;35m\x1b[Kwarning: \x1b[m\x1b[Kunused parameter \xe2\x80\x98\x1b[01m\x1b[Kvel\x1b[m\x1b[K\xe2\x80\x99 [\x1b[01;35m\x1b[K\x1b]8;;https://gcc.gnu.org/onlinedocs/gcc/Warning-Options.html#index-Wunused-parameter\x07-Wunused-parameter\x1b]8;;\x07\x1b[m\x1b[K]\n'}
[1.324173] (CommunicationCenter) StderrLine: {'line': b'   80 |   STWCANMsg *ctrl_pos_vel(uint8_t motor_id, float pos, \x1b[01;35m\x1b[Kfloat vel\x1b[m\x1b[K) override {\n'}
[1.324224] (CommunicationCenter) StderrLine: {'line': b'      |                                                        \x1b[01;35m\x1b[K~~~~~~^~~\x1b[m\x1b[K\n'}
[1.324275] (CommunicationCenter) StderrLine: {'line': b'\x1b[01m\x1b[K/home/albusgive/rlfw/rlfw_deploy/src/CommunicationCenter/motor_driver/STWMotor.h:\x1b[m\x1b[K In member function \xe2\x80\x98\x1b[01m\x1b[Kvirtual STWCANMsg* STWMotor::\x1b[01;32m\x1b[Kctrl_torque\x1b[m\x1b[K(uint8_t, float)\x1b[m\x1b[K\xe2\x80\x99:\n'}
[1.324329] (CommunicationCenter) StderrLine: {'line': b'\x1b[01m\x1b[K/home/albusgive/rlfw/rlfw_deploy/src/CommunicationCenter/motor_driver/STWMotor.h:84:34:\x1b[m\x1b[K \x1b[01;35m\x1b[Kwarning: \x1b[m\x1b[Kunused parameter \xe2\x80\x98\x1b[01m\x1b[Kmotor_id\x1b[m\x1b[K\xe2\x80\x99 [\x1b[01;35m\x1b[K\x1b]8;;https://gcc.gnu.org/onlinedocs/gcc/Warning-Options.html#index-Wunused-parameter\x07-Wunused-parameter\x1b]8;;\x07\x1b[m\x1b[K]\n'}
[1.324382] (CommunicationCenter) StderrLine: {'line': b'   84 |   STWCANMsg *ctrl_torque(\x1b[01;35m\x1b[Kuint8_t motor_id\x1b[m\x1b[K, float torque) override {\n'}
[1.324434] (CommunicationCenter) StderrLine: {'line': b'      |                          \x1b[01;35m\x1b[K~~~~~~~~^~~~~~~~\x1b[m\x1b[K\n'}
[1.324486] (CommunicationCenter) StderrLine: {'line': b'\x1b[01m\x1b[K/home/albusgive/rlfw/rlfw_deploy/src/CommunicationCenter/motor_driver/STWMotor.h:84:50:\x1b[m\x1b[K \x1b[01;35m\x1b[Kwarning: \x1b[m\x1b[Kunused parameter \xe2\x80\x98\x1b[01m\x1b[Ktorque\x1b[m\x1b[K\xe2\x80\x99 [\x1b[01;35m\x1b[K\x1b]8;;https://gcc.gnu.org/onlinedocs/gcc/Warning-Options.html#index-Wunused-parameter\x07-Wunused-parameter\x1b]8;;\x07\x1b[m\x1b[K]\n'}
[1.324539] (CommunicationCenter) StderrLine: {'line': b'   84 |   STWCANMsg *ctrl_torque(uint8_t motor_id, \x1b[01;35m\x1b[Kfloat torque\x1b[m\x1b[K) override {\n'}
[1.324590] (CommunicationCenter) StderrLine: {'line': b'      |                                            \x1b[01;35m\x1b[K~~~~~~^~~~~~\x1b[m\x1b[K\n'}
[1.324655] (CommunicationCenter) StderrLine: {'line': b'\x1b[01m\x1b[K/home/albusgive/rlfw/rlfw_deploy/src/CommunicationCenter/motor_driver/STWMotor.h:\x1b[m\x1b[K In member function \xe2\x80\x98\x1b[01m\x1b[Kvirtual STWCANMsg* STWMotor::\x1b[01;32m\x1b[KsetPosKP\x1b[m\x1b[K(uint8_t, float)\x1b[m\x1b[K\xe2\x80\x99:\n'}
[1.324708] (CommunicationCenter) StderrLine: {'line': b'\x1b[01m\x1b[K/home/albusgive/rlfw/rlfw_deploy/src/CommunicationCenter/motor_driver/STWMotor.h:90:31:\x1b[m\x1b[K \x1b[01;35m\x1b[Kwarning: \x1b[m\x1b[Kunused parameter \xe2\x80\x98\x1b[01m\x1b[Kmotor_id\x1b[m\x1b[K\xe2\x80\x99 [\x1b[01;35m\x1b[K\x1b]8;;https://gcc.gnu.org/onlinedocs/gcc/Warning-Options.html#index-Wunused-parameter\x07-Wunused-parameter\x1b]8;;\x07\x1b[m\x1b[K]\n'}
[1.324760] (CommunicationCenter) StderrLine: {'line': b'   90 |   STWCANMsg *setPosKP(\x1b[01;35m\x1b[Kuint8_t motor_id\x1b[m\x1b[K, float kp) override { return nullptr; };\n'}
[1.324813] (CommunicationCenter) StderrLine: {'line': b'      |                       \x1b[01;35m\x1b[K~~~~~~~~^~~~~~~~\x1b[m\x1b[K\n'}
[1.324865] (CommunicationCenter) StderrLine: {'line': b'\x1b[01m\x1b[K/home/albusgive/rlfw/rlfw_deploy/src/CommunicationCenter/motor_driver/STWMotor.h:90:47:\x1b[m\x1b[K \x1b[01;35m\x1b[Kwarning: \x1b[m\x1b[Kunused parameter \xe2\x80\x98\x1b[01m\x1b[Kkp\x1b[m\x1b[K\xe2\x80\x99 [\x1b[01;35m\x1b[K\x1b]8;;https://gcc.gnu.org/onlinedocs/gcc/Warning-Options.html#index-Wunused-parameter\x07-Wunused-parameter\x1b]8;;\x07\x1b[m\x1b[K]\n'}
[1.324916] (CommunicationCenter) StderrLine: {'line': b'   90 |   STWCANMsg *setPosKP(uint8_t motor_id, \x1b[01;35m\x1b[Kfloat kp\x1b[m\x1b[K) override { return nullptr; };\n'}
[1.324967] (CommunicationCenter) StderrLine: {'line': b'      |                                         \x1b[01;35m\x1b[K~~~~~~^~\x1b[m\x1b[K\n'}
[1.325018] (CommunicationCenter) StderrLine: {'line': b'\x1b[01m\x1b[K/home/albusgive/rlfw/rlfw_deploy/src/CommunicationCenter/motor_driver/STWMotor.h:\x1b[m\x1b[K In member function \xe2\x80\x98\x1b[01m\x1b[Kvirtual STWCANMsg* STWMotor::\x1b[01;32m\x1b[KsetPosKD\x1b[m\x1b[K(uint8_t, float)\x1b[m\x1b[K\xe2\x80\x99:\n'}
[1.325072] (CommunicationCenter) StderrLine: {'line': b'\x1b[01m\x1b[K/home/albusgive/rlfw/rlfw_deploy/src/CommunicationCenter/motor_driver/STWMotor.h:91:31:\x1b[m\x1b[K \x1b[01;35m\x1b[Kwarning: \x1b[m\x1b[Kunused parameter \xe2\x80\x98\x1b[01m\x1b[Kmotor_id\x1b[m\x1b[K\xe2\x80\x99 [\x1b[01;35m\x1b[K\x1b]8;;https://gcc.gnu.org/onlinedocs/gcc/Warning-Options.html#index-Wunused-parameter\x07-Wunused-parameter\x1b]8;;\x07\x1b[m\x1b[K]\n'}
[1.325125] (CommunicationCenter) StderrLine: {'line': b'   91 |   STWCANMsg *setPosKD(\x1b[01;35m\x1b[Kuint8_t motor_id\x1b[m\x1b[K, float kd) override { return nullptr; };\n'}
[1.325176] (CommunicationCenter) StderrLine: {'line': b'      |                       \x1b[01;35m\x1b[K~~~~~~~~^~~~~~~~\x1b[m\x1b[K\n'}
[1.325227] (CommunicationCenter) StderrLine: {'line': b'\x1b[01m\x1b[K/home/albusgive/rlfw/rlfw_deploy/src/CommunicationCenter/motor_driver/STWMotor.h:91:47:\x1b[m\x1b[K \x1b[01;35m\x1b[Kwarning: \x1b[m\x1b[Kunused parameter \xe2\x80\x98\x1b[01m\x1b[Kkd\x1b[m\x1b[K\xe2\x80\x99 [\x1b[01;35m\x1b[K\x1b]8;;https://gcc.gnu.org/onlinedocs/gcc/Warning-Options.html#index-Wunused-parameter\x07-Wunused-parameter\x1b]8;;\x07\x1b[m\x1b[K]\n'}
[1.325280] (CommunicationCenter) StderrLine: {'line': b'   91 |   STWCANMsg *setPosKD(uint8_t motor_id, \x1b[01;35m\x1b[Kfloat kd\x1b[m\x1b[K) override { return nullptr; };\n'}
[1.325331] (CommunicationCenter) StderrLine: {'line': b'      |                                         \x1b[01;35m\x1b[K~~~~~~^~\x1b[m\x1b[K\n'}
[1.325383] (CommunicationCenter) StderrLine: {'line': b'\x1b[01m\x1b[K/home/albusgive/rlfw/rlfw_deploy/src/CommunicationCenter/motor_driver/STWMotor.h:\x1b[m\x1b[K In member function \xe2\x80\x98\x1b[01m\x1b[Kvirtual STWCANMsg* STWMotor::\x1b[01;32m\x1b[KsetVelKP\x1b[m\x1b[K(uint8_t, float)\x1b[m\x1b[K\xe2\x80\x99:\n'}
[1.325436] (CommunicationCenter) StderrLine: {'line': b'\x1b[01m\x1b[K/home/albusgive/rlfw/rlfw_deploy/src/CommunicationCenter/motor_driver/STWMotor.h:93:31:\x1b[m\x1b[K \x1b[01;35m\x1b[Kwarning: \x1b[m\x1b[Kunused parameter \xe2\x80\x98\x1b[01m\x1b[Kmotor_id\x1b[m\x1b[K\xe2\x80\x99 [\x1b[01;35m\x1b[K\x1b]8;;https://gcc.gnu.org/onlinedocs/gcc/Warning-Options.html#index-Wunused-parameter\x07-Wunused-parameter\x1b]8;;\x07\x1b[m\x1b[K]\n'}
[1.325494] (CommunicationCenter) StderrLine: {'line': b'   93 |   STWCANMsg *setVelKP(\x1b[01;35m\x1b[Kuint8_t motor_id\x1b[m\x1b[K, float kp) override { return nullptr; };\n'}
[1.325548] (CommunicationCenter) StderrLine: {'line': b'      |                       \x1b[01;35m\x1b[K~~~~~~~~^~~~~~~~\x1b[m\x1b[K\n'}
[1.325605] (CommunicationCenter) StderrLine: {'line': b'\x1b[01m\x1b[K/home/albusgive/rlfw/rlfw_deploy/src/CommunicationCenter/motor_driver/STWMotor.h:93:47:\x1b[m\x1b[K \x1b[01;35m\x1b[Kwarning: \x1b[m\x1b[Kunused parameter \xe2\x80\x98\x1b[01m\x1b[Kkp\x1b[m\x1b[K\xe2\x80\x99 [\x1b[01;35m\x1b[K\x1b]8;;https://gcc.gnu.org/onlinedocs/gcc/Warning-Options.html#index-Wunused-parameter\x07-Wunused-parameter\x1b]8;;\x07\x1b[m\x1b[K]\n'}
[1.325664] (CommunicationCenter) StderrLine: {'line': b'   93 |   STWCANMsg *setVelKP(uint8_t motor_id, \x1b[01;35m\x1b[Kfloat kp\x1b[m\x1b[K) override { return nullptr; };\n'}
[1.325716] (CommunicationCenter) StderrLine: {'line': b'      |                                         \x1b[01;35m\x1b[K~~~~~~^~\x1b[m\x1b[K\n'}
[1.325766] (CommunicationCenter) StderrLine: {'line': b'\x1b[01m\x1b[K/home/albusgive/rlfw/rlfw_deploy/src/CommunicationCenter/motor_driver/STWMotor.h:\x1b[m\x1b[K In member function \xe2\x80\x98\x1b[01m\x1b[Kvirtual STWCANMsg* STWMotor::\x1b[01;32m\x1b[KsetVelKI\x1b[m\x1b[K(uint8_t, float)\x1b[m\x1b[K\xe2\x80\x99:\n'}
[1.325817] (CommunicationCenter) StderrLine: {'line': b'\x1b[01m\x1b[K/home/albusgive/rlfw/rlfw_deploy/src/CommunicationCenter/motor_driver/STWMotor.h:94:31:\x1b[m\x1b[K \x1b[01;35m\x1b[Kwarning: \x1b[m\x1b[Kunused parameter \xe2\x80\x98\x1b[01m\x1b[Kmotor_id\x1b[m\x1b[K\xe2\x80\x99 [\x1b[01;35m\x1b[K\x1b]8;;https://gcc.gnu.org/onlinedocs/gcc/Warning-Options.html#index-Wunused-parameter\x07-Wunused-parameter\x1b]8;;\x07\x1b[m\x1b[K]\n'}
[1.325868] (CommunicationCenter) StderrLine: {'line': b'   94 |   STWCANMsg *setVelKI(\x1b[01;35m\x1b[Kuint8_t motor_id\x1b[m\x1b[K, float ki) override { return nullptr; };\n'}
[1.325919] (CommunicationCenter) StderrLine: {'line': b'      |                       \x1b[01;35m\x1b[K~~~~~~~~^~~~~~~~\x1b[m\x1b[K\n'}
[1.325968] (CommunicationCenter) StderrLine: {'line': b'\x1b[01m\x1b[K/home/albusgive/rlfw/rlfw_deploy/src/CommunicationCenter/motor_driver/STWMotor.h:94:47:\x1b[m\x1b[K \x1b[01;35m\x1b[Kwarning: \x1b[m\x1b[Kunused parameter \xe2\x80\x98\x1b[01m\x1b[Kki\x1b[m\x1b[K\xe2\x80\x99 [\x1b[01;35m\x1b[K\x1b]8;;https://gcc.gnu.org/onlinedocs/gcc/Warning-Options.html#index-Wunused-parameter\x07-Wunused-parameter\x1b]8;;\x07\x1b[m\x1b[K]\n'}
[1.326019] (CommunicationCenter) StderrLine: {'line': b'   94 |   STWCANMsg *setVelKI(uint8_t motor_id, \x1b[01;35m\x1b[Kfloat ki\x1b[m\x1b[K) override { return nullptr; };\n'}
[1.326069] (CommunicationCenter) StderrLine: {'line': b'      |                                         \x1b[01;35m\x1b[K~~~~~~^~\x1b[m\x1b[K\n'}
[1.326119] (CommunicationCenter) StderrLine: {'line': b'\x1b[01m\x1b[K/home/albusgive/rlfw/rlfw_deploy/src/CommunicationCenter/motor_driver/STWMotor.h:\x1b[m\x1b[K In member function \xe2\x80\x98\x1b[01m\x1b[Kvirtual STWCANMsg* STWMotor::\x1b[01;32m\x1b[KsetTorqueKP\x1b[m\x1b[K(uint8_t, float)\x1b[m\x1b[K\xe2\x80\x99:\n'}
[1.326172] (CommunicationCenter) StderrLine: {'line': b'\x1b[01m\x1b[K/home/albusgive/rlfw/rlfw_deploy/src/CommunicationCenter/motor_driver/STWMotor.h:96:34:\x1b[m\x1b[K \x1b[01;35m\x1b[Kwarning: \x1b[m\x1b[Kunused parameter \xe2\x80\x98\x1b[01m\x1b[Kmotor_id\x1b[m\x1b[K\xe2\x80\x99 [\x1b[01;35m\x1b[K\x1b]8;;https://gcc.gnu.org/onlinedocs/gcc/Warning-Options.html#index-Wunused-parameter\x07-Wunused-parameter\x1b]8;;\x07\x1b[m\x1b[K]\n'}
[1.326224] (CommunicationCenter) StderrLine: {'line': b'   96 |   STWCANMsg *setTorqueKP(\x1b[01;35m\x1b[Kuint8_t motor_id\x1b[m\x1b[K, float kp) override {\n'}
[1.326277] (CommunicationCenter) StderrLine: {'line': b'      |                          \x1b[01;35m\x1b[K~~~~~~~~^~~~~~~~\x1b[m\x1b[K\n'}
[1.326332] (CommunicationCenter) StderrLine: {'line': b'\x1b[01m\x1b[K/home/albusgive/rlfw/rlfw_deploy/src/CommunicationCenter/motor_driver/STWMotor.h:96:50:\x1b[m\x1b[K \x1b[01;35m\x1b[Kwarning: \x1b[m\x1b[Kunused parameter \xe2\x80\x98\x1b[01m\x1b[Kkp\x1b[m\x1b[K\xe2\x80\x99 [\x1b[01;35m\x1b[K\x1b]8;;https://gcc.gnu.org/onlinedocs/gcc/Warning-Options.html#index-Wunused-parameter\x07-Wunused-parameter\x1b]8;;\x07\x1b[m\x1b[K]\n'}
[1.326384] (CommunicationCenter) StderrLine: {'line': b'   96 |   STWCANMsg *setTorqueKP(uint8_t motor_id, \x1b[01;35m\x1b[Kfloat kp\x1b[m\x1b[K) override {\n'}
[1.326434] (CommunicationCenter) StderrLine: {'line': b'      |                                            \x1b[01;35m\x1b[K~~~~~~^~\x1b[m\x1b[K\n'}
[1.326485] (CommunicationCenter) StderrLine: {'line': b'\x1b[01m\x1b[K/home/albusgive/rlfw/rlfw_deploy/src/CommunicationCenter/motor_driver/STWMotor.h:\x1b[m\x1b[K In member function \xe2\x80\x98\x1b[01m\x1b[Kvirtual STWCANMsg* STWMotor::\x1b[01;32m\x1b[KsetTorqueKI\x1b[m\x1b[K(uint8_t, float)\x1b[m\x1b[K\xe2\x80\x99:\n'}
[1.326536] (CommunicationCenter) StderrLine: {'line': b'\x1b[01m\x1b[K/home/albusgive/rlfw/rlfw_deploy/src/CommunicationCenter/motor_driver/STWMotor.h:99:34:\x1b[m\x1b[K \x1b[01;35m\x1b[Kwarning: \x1b[m\x1b[Kunused parameter \xe2\x80\x98\x1b[01m\x1b[Kmotor_id\x1b[m\x1b[K\xe2\x80\x99 [\x1b[01;35m\x1b[K\x1b]8;;https://gcc.gnu.org/onlinedocs/gcc/Warning-Options.html#index-Wunused-parameter\x07-Wunused-parameter\x1b]8;;\x07\x1b[m\x1b[K]\n'}
[1.326589] (CommunicationCenter) StderrLine: {'line': b'   99 |   STWCANMsg *setTorqueKI(\x1b[01;35m\x1b[Kuint8_t motor_id\x1b[m\x1b[K, float ki) override {\n'}
[1.326648] (CommunicationCenter) StderrLine: {'line': b'      |                          \x1b[01;35m\x1b[K~~~~~~~~^~~~~~~~\x1b[m\x1b[K\n'}
[1.326708] (CommunicationCenter) StderrLine: {'line': b'\x1b[01m\x1b[K/home/albusgive/rlfw/rlfw_deploy/src/CommunicationCenter/motor_driver/STWMotor.h:99:50:\x1b[m\x1b[K \x1b[01;35m\x1b[Kwarning: \x1b[m\x1b[Kunused parameter \xe2\x80\x98\x1b[01m\x1b[Kki\x1b[m\x1b[K\xe2\x80\x99 [\x1b[01;35m\x1b[K\x1b]8;;https://gcc.gnu.org/onlinedocs/gcc/Warning-Options.html#index-Wunused-parameter\x07-Wunused-parameter\x1b]8;;\x07\x1b[m\x1b[K]\n'}
[1.326761] (CommunicationCenter) StderrLine: {'line': b'   99 |   STWCANMsg *setTorqueKI(uint8_t motor_id, \x1b[01;35m\x1b[Kfloat ki\x1b[m\x1b[K) override {\n'}
[1.326814] (CommunicationCenter) StderrLine: {'line': b'      |                                            \x1b[01;35m\x1b[K~~~~~~^~\x1b[m\x1b[K\n'}
[1.326865] (CommunicationCenter) StderrLine: {'line': b'\x1b[01m\x1b[K/home/albusgive/rlfw/rlfw_deploy/src/CommunicationCenter/motor_driver/STWMotor.h:\x1b[m\x1b[K In member function \xe2\x80\x98\x1b[01m\x1b[Kvirtual STWCANMsg* STWMotor::\x1b[01;32m\x1b[KsetSafeTorque\x1b[m\x1b[K(uint8_t, float)\x1b[m\x1b[K\xe2\x80\x99:\n'}
[1.326916] (CommunicationCenter) StderrLine: {'line': b'\x1b[01m\x1b[K/home/albusgive/rlfw/rlfw_deploy/src/CommunicationCenter/motor_driver/STWMotor.h:103:36:\x1b[m\x1b[K \x1b[01;35m\x1b[Kwarning: \x1b[m\x1b[Kunused parameter \xe2\x80\x98\x1b[01m\x1b[Kmotor_id\x1b[m\x1b[K\xe2\x80\x99 [\x1b[01;35m\x1b[K\x1b]8;;https://gcc.gnu.org/onlinedocs/gcc/Warning-Options.html#index-Wunused-parameter\x07-Wunused-parameter\x1b]8;;\x07\x1b[m\x1b[K]\n'}
[1.326968] (CommunicationCenter) StderrLine: {'line': b'  103 |   STWCANMsg *setSafeTorque(\x1b[01;35m\x1b[Kuint8_t motor_id\x1b[m\x1b[K, float torque) override {\n'}
[1.327018] (CommunicationCenter) StderrLine: {'line': b'      |                            \x1b[01;35m\x1b[K~~~~~~~~^~~~~~~~\x1b[m\x1b[K\n'}
[1.327069] (CommunicationCenter) StderrLine: {'line': b'\x1b[01m\x1b[K/home/albusgive/rlfw/rlfw_deploy/src/CommunicationCenter/motor_driver/STWMotor.h:103:52:\x1b[m\x1b[K \x1b[01;35m\x1b[Kwarning: \x1b[m\x1b[Kunused parameter \xe2\x80\x98\x1b[01m\x1b[Ktorque\x1b[m\x1b[K\xe2\x80\x99 [\x1b[01;35m\x1b[K\x1b]8;;https://gcc.gnu.org/onlinedocs/gcc/Warning-Options.html#index-Wunused-parameter\x07-Wunused-parameter\x1b]8;;\x07\x1b[m\x1b[K]\n'}
[1.327124] (CommunicationCenter) StderrLine: {'line': b'  103 |   STWCANMsg *setSafeTorque(uint8_t motor_id, \x1b[01;35m\x1b[Kfloat torque\x1b[m\x1b[K) override {\n'}
[1.327174] (CommunicationCenter) StderrLine: {'line': b'      |                                              \x1b[01;35m\x1b[K~~~~~~^~~~~~\x1b[m\x1b[K\n'}
[1.327224] (CommunicationCenter) StderrLine: {'line': b'\x1b[01m\x1b[K/home/albusgive/rlfw/rlfw_deploy/src/CommunicationCenter/motor_driver/STWMotor.h:\x1b[m\x1b[K In member function \xe2\x80\x98\x1b[01m\x1b[Kvirtual STWCANMsg* STWMotor::\x1b[01;32m\x1b[KsetSafePos\x1b[m\x1b[K(uint8_t, float)\x1b[m\x1b[K\xe2\x80\x99:\n'}
[1.327276] (CommunicationCenter) StderrLine: {'line': b'\x1b[01m\x1b[K/home/albusgive/rlfw/rlfw_deploy/src/CommunicationCenter/motor_driver/STWMotor.h:106:33:\x1b[m\x1b[K \x1b[01;35m\x1b[Kwarning: \x1b[m\x1b[Kunused parameter \xe2\x80\x98\x1b[01m\x1b[Kmotor_id\x1b[m\x1b[K\xe2\x80\x99 [\x1b[01;35m\x1b[K\x1b]8;;https://gcc.gnu.org/onlinedocs/gcc/Warning-Options.html#index-Wunused-parameter\x07-Wunused-parameter\x1b]8;;\x07\x1b[m\x1b[K]\n'}
[1.327328] (CommunicationCenter) StderrLine: {'line': b'  106 |   STWCANMsg *setSafePos(\x1b[01;35m\x1b[Kuint8_t motor_id\x1b[m\x1b[K, float pos) override {\n'}
[1.327378] (CommunicationCenter) StderrLine: {'line': b'      |                         \x1b[01;35m\x1b[K~~~~~~~~^~~~~~~~\x1b[m\x1b[K\n'}
[1.327428] (CommunicationCenter) StderrLine: {'line': b'\x1b[01m\x1b[K/home/albusgive/rlfw/rlfw_deploy/src/CommunicationCenter/motor_driver/STWMotor.h:106:49:\x1b[m\x1b[K \x1b[01;35m\x1b[Kwarning: \x1b[m\x1b[Kunused parameter \xe2\x80\x98\x1b[01m\x1b[Kpos\x1b[m\x1b[K\xe2\x80\x99 [\x1b[01;35m\x1b[K\x1b]8;;https://gcc.gnu.org/onlinedocs/gcc/Warning-Options.html#index-Wunused-parameter\x07-Wunused-parameter\x1b]8;;\x07\x1b[m\x1b[K]\n'}
[1.327483] (CommunicationCenter) StderrLine: {'line': b'  106 |   STWCANMsg *setSafePos(uint8_t motor_id, \x1b[01;35m\x1b[Kfloat pos\x1b[m\x1b[K) override {\n'}
[1.327533] (CommunicationCenter) StderrLine: {'line': b'      |                                           \x1b[01;35m\x1b[K~~~~~~^~~\x1b[m\x1b[K\n'}
[1.327584] (CommunicationCenter) StderrLine: {'line': b'\x1b[01m\x1b[K/home/albusgive/rlfw/rlfw_deploy/src/CommunicationCenter/motor_driver/STWMotor.h:\x1b[m\x1b[K In member function \xe2\x80\x98\x1b[01m\x1b[Kvirtual STWCANMsg* STWMotor::\x1b[01;32m\x1b[KsetSafeVel\x1b[m\x1b[K(uint8_t, float)\x1b[m\x1b[K\xe2\x80\x99:\n'}
[1.327645] (CommunicationCenter) StderrLine: {'line': b'\x1b[01m\x1b[K/home/albusgive/rlfw/rlfw_deploy/src/CommunicationCenter/motor_driver/STWMotor.h:109:33:\x1b[m\x1b[K \x1b[01;35m\x1b[Kwarning: \x1b[m\x1b[Kunused parameter \xe2\x80\x98\x1b[01m\x1b[Kmotor_id\x1b[m\x1b[K\xe2\x80\x99 [\x1b[01;35m\x1b[K\x1b]8;;https://gcc.gnu.org/onlinedocs/gcc/Warning-Options.html#index-Wunused-parameter\x07-Wunused-parameter\x1b]8;;\x07\x1b[m\x1b[K]\n'}
[1.327699] (CommunicationCenter) StderrLine: {'line': b'  109 |   STWCANMsg *setSafeVel(\x1b[01;35m\x1b[Kuint8_t motor_id\x1b[m\x1b[K, float vel) override {\n'}
[1.327749] (CommunicationCenter) StderrLine: {'line': b'      |                         \x1b[01;35m\x1b[K~~~~~~~~^~~~~~~~\x1b[m\x1b[K\n'}
[1.327799] (CommunicationCenter) StderrLine: {'line': b'\x1b[01m\x1b[K/home/albusgive/rlfw/rlfw_deploy/src/CommunicationCenter/motor_driver/STWMotor.h:109:49:\x1b[m\x1b[K \x1b[01;35m\x1b[Kwarning: \x1b[m\x1b[Kunused parameter \xe2\x80\x98\x1b[01m\x1b[Kvel\x1b[m\x1b[K\xe2\x80\x99 [\x1b[01;35m\x1b[K\x1b]8;;https://gcc.gnu.org/onlinedocs/gcc/Warning-Options.html#index-Wunused-parameter\x07-Wunused-parameter\x1b]8;;\x07\x1b[m\x1b[K]\n'}
[1.327851] (CommunicationCenter) StderrLine: {'line': b'  109 |   STWCANMsg *setSafeVel(uint8_t motor_id, \x1b[01;35m\x1b[Kfloat vel\x1b[m\x1b[K) override {\n'}
[1.327901] (CommunicationCenter) StderrLine: {'line': b'      |                                           \x1b[01;35m\x1b[K~~~~~~^~~\x1b[m\x1b[K\n'}
[1.401648] (-) TimerEvent: {}
[1.501874] (-) TimerEvent: {}
[1.602135] (-) TimerEvent: {}
[1.702377] (-) TimerEvent: {}
[1.802632] (-) TimerEvent: {}
[1.902883] (-) TimerEvent: {}
[2.003157] (-) TimerEvent: {}
[2.103424] (-) TimerEvent: {}
[2.203676] (-) TimerEvent: {}
[2.303896] (-) TimerEvent: {}
[2.404142] (-) TimerEvent: {}
[2.504369] (-) TimerEvent: {}
[2.604606] (-) TimerEvent: {}
[2.704816] (-) TimerEvent: {}
[2.805044] (-) TimerEvent: {}
[2.905277] (-) TimerEvent: {}
[3.005527] (-) TimerEvent: {}
[3.105768] (-) TimerEvent: {}
[3.206019] (-) TimerEvent: {}
[3.306260] (-) TimerEvent: {}
[3.406469] (-) TimerEvent: {}
[3.506667] (-) TimerEvent: {}
[3.606901] (-) TimerEvent: {}
[3.707138] (-) TimerEvent: {}
[3.807380] (-) TimerEvent: {}
[3.907616] (-) TimerEvent: {}
[4.007829] (-) TimerEvent: {}
[4.108062] (-) TimerEvent: {}
[4.208295] (-) TimerEvent: {}
[4.308524] (-) TimerEvent: {}
[4.408737] (-) TimerEvent: {}
[4.508974] (-) TimerEvent: {}
[4.609191] (-) TimerEvent: {}
[4.709435] (-) TimerEvent: {}
[4.809674] (-) TimerEvent: {}
[4.909894] (-) TimerEvent: {}
[5.010139] (-) TimerEvent: {}
[5.110375] (-) TimerEvent: {}
[5.210667] (-) TimerEvent: {}
[5.310982] (-) TimerEvent: {}
[5.411224] (-) TimerEvent: {}
[5.511514] (-) TimerEvent: {}
[5.611734] (-) TimerEvent: {}
[5.711978] (-) TimerEvent: {}
[5.812253] (-) TimerEvent: {}
[5.912462] (-) TimerEvent: {}
[6.012642] (-) TimerEvent: {}
[6.112846] (-) TimerEvent: {}
[6.213145] (-) TimerEvent: {}
[6.313618] (-) TimerEvent: {}
[6.413838] (-) TimerEvent: {}
[6.514060] (-) TimerEvent: {}
[6.614302] (-) TimerEvent: {}
[6.714507] (-) TimerEvent: {}
[6.814730] (-) TimerEvent: {}
[6.914929] (-) TimerEvent: {}
[7.015157] (-) TimerEvent: {}
[7.115387] (-) TimerEvent: {}
[7.215614] (-) TimerEvent: {}
[7.315821] (-) TimerEvent: {}
[7.416025] (-) TimerEvent: {}
[7.516255] (-) TimerEvent: {}
[7.616482] (-) TimerEvent: {}
[7.716670] (-) TimerEvent: {}
[7.816877] (-) TimerEvent: {}
[7.917091] (-) TimerEvent: {}
[8.017357] (-) TimerEvent: {}
[8.117582] (-) TimerEvent: {}
[8.217803] (-) TimerEvent: {}
[8.318022] (-) TimerEvent: {}
[8.418257] (-) TimerEvent: {}
[8.518507] (-) TimerEvent: {}
[8.618761] (-) TimerEvent: {}
[8.718976] (-) TimerEvent: {}
[8.819194] (-) TimerEvent: {}
[8.919415] (-) TimerEvent: {}
[9.019650] (-) TimerEvent: {}
[9.119878] (-) TimerEvent: {}
[9.220175] (-) TimerEvent: {}
[9.320388] (-) TimerEvent: {}
[9.420628] (-) TimerEvent: {}
[9.520861] (-) TimerEvent: {}
[9.621131] (-) TimerEvent: {}
[9.721388] (-) TimerEvent: {}
[9.821650] (-) TimerEvent: {}
[9.823315] (CommunicationCenter) StdoutLine: {'line': b'[ 72%] \x1b[32m\x1b[1mLinking CXX executable CommunicationCenter\x1b[0m\n'}
[9.921743] (-) TimerEvent: {}
[10.022060] (-) TimerEvent: {}
[10.122556] (-) TimerEvent: {}
[10.223056] (-) TimerEvent: {}
[10.323294] (-) TimerEvent: {}
[10.423584] (-) TimerEvent: {}
[10.523800] (-) TimerEvent: {}
[10.624045] (-) TimerEvent: {}
[10.640094] (CommunicationCenter) StdoutLine: {'line': b'[100%] Built target CommunicationCenter\n'}
[10.646970] (CommunicationCenter) CommandEnded: {'returncode': 0}
[10.647404] (CommunicationCenter) JobProgress: {'identifier': 'CommunicationCenter', 'progress': 'install'}
[10.652632] (CommunicationCenter) Command: {'cmd': ['/usr/bin/cmake', '--install', '/home/albusgive/rlfw/rlfw_deploy/build/CommunicationCenter'], 'cwd': '/home/albusgive/rlfw/rlfw_deploy/build/CommunicationCenter', 'env': OrderedDict([('LESSOPEN', '| /usr/bin/lesspipe %s'), ('HTTPS_PROXY', 'http://127.0.0.1:7897/'), ('no_proxy', 'localhost,127.0.0.1,192.168.0.0/16,10.0.0.0/8,172.16.0.0/12,172.29.0.0/16,::1'), ('LANGUAGE', 'zh_CN:zh'), ('USER', 'albusgive'), ('all_proxy', 'socks://127.0.0.1:7897/'), ('XDG_SESSION_TYPE', 'wayland'), ('GIT_ASKPASS', '/usr/share/code/resources/app/extensions/git/dist/askpass.sh'), ('SHLVL', '2'), ('LD_LIBRARY_PATH', '/home/albusgive/Qt/6.9.0/gcc_64/lib:/opt/rocm/lib:/home/albusgive/Qt/6.9.0/gcc_64/lib:/home/albusgive/rlfw/rlfw_interface/install/rlfw_msgs/lib:/opt/rocm/lib:/opt/ros/humble/opt/rviz_ogre_vendor/lib:/opt/ros/humble/lib/x86_64-linux-gnu:/opt/ros/humble/lib'), ('HOME', '/home/albusgive'), ('CHROME_DESKTOP', 'code.desktop'), ('CONDA_SHLVL', '0'), ('OLDPWD', '/home/albusgive/rlfw/rlfw_deploy/src'), ('TERM_PROGRAM_VERSION', '1.97.0'), ('DESKTOP_SESSION', 'ubuntu'), ('NO_PROXY', 'localhost,127.0.0.1,192.168.0.0/16,10.0.0.0/8,172.16.0.0/12,172.29.0.0/16,::1'), ('ROS_PYTHON_VERSION', '3'), ('GNOME_SHELL_SESSION_MODE', 'ubuntu'), ('GTK_MODULES', 'gail:atk-bridge'), ('VSCODE_GIT_ASKPASS_MAIN', '/usr/share/code/resources/app/extensions/git/dist/askpass-main.js'), ('VSCODE_GIT_ASKPASS_NODE', '/usr/share/code/code'), ('DBUS_STARTER_BUS_TYPE', 'session'), ('SYSTEMD_EXEC_PID', '2058'), ('DBUS_SESSION_BUS_ADDRESS', 'unix:path=/run/user/1000/bus,guid=563c7c6506e02edb2c3350396845239d'), ('COLORTERM', 'truecolor'), ('_CE_M', ''), ('IM_CONFIG_PHASE', '1'), ('WAYLAND_DISPLAY', 'wayland-0'), ('https_proxy', 'http://127.0.0.1:7897'), ('COLCON_PREFIX_PATH', '/home/albusgive/rlfw/rlfw_interface/install'), ('ROS_DISTRO', 'humble'), ('LOGNAME', 'albusgive'), ('ALL_PROXY', 'socks://127.0.0.1:7897/'), ('http_proxy', 'http://127.0.0.1:7897'), ('_', '/usr/bin/colcon'), ('ROS_VERSION', '2'), ('XDG_SESSION_CLASS', 'user'), ('USERNAME', 'albusgive'), ('TERM', 'xterm-256color'), ('GNOME_DESKTOP_SESSION_ID', 'this-is-deprecated'), ('_CE_CONDA', ''), ('ROS_LOCALHOST_ONLY', '0'), ('PATH', '/home/albusgive/Qt/6.9.0/gcc_64/bin:/home/albusgive/Qt/6.9.0/gcc_64/bin:/opt/ros/humble/bin:/home/albusgive/anaconda3/condabin:/usr/local/sbin:/usr/local/bin:/usr/sbin:/usr/bin:/sbin:/bin:/usr/games:/usr/local/games:/snap/bin:/snap/bin'), ('SESSION_MANAGER', 'local/albusgive:@/tmp/.ICE-unix/2058,unix/albusgive:/tmp/.ICE-unix/2058'), ('XDG_MENU_PREFIX', 'gnome-'), ('GNOME_TERMINAL_SCREEN', '/org/gnome/Terminal/screen/020b2ae5_c27d_4627_bba9_5610026bbd55'), ('GNOME_SETUP_DISPLAY', ':1'), ('XDG_RUNTIME_DIR', '/run/user/1000'), ('GDK_BACKEND', 'x11'), ('DISPLAY', ':0'), ('LANG', 'zh_CN.UTF-8'), ('XDG_CURRENT_DESKTOP', 'Unity'), ('ROCM_PATH', '/opt/rocm'), ('XMODIFIERS', '@im=ibus'), ('XDG_SESSION_DESKTOP', 'ubuntu'), ('XAUTHORITY', '/run/user/1000/.mutter-Xwaylandauth.KBKO72'), ('LS_COLORS', 'rs=0:di=01;34:ln=01;36:mh=00:pi=40;33:so=01;35:do=01;35:bd=40;33;01:cd=40;33;01:or=40;31;01:mi=00:su=37;41:sg=30;43:ca=30;41:tw=30;42:ow=34;42:st=37;44:ex=01;32:*.tar=01;31:*.tgz=01;31:*.arc=01;31:*.arj=01;31:*.taz=01;31:*.lha=01;31:*.lz4=01;31:*.lzh=01;31:*.lzma=01;31:*.tlz=01;31:*.txz=01;31:*.tzo=01;31:*.t7z=01;31:*.zip=01;31:*.z=01;31:*.dz=01;31:*.gz=01;31:*.lrz=01;31:*.lz=01;31:*.lzo=01;31:*.xz=01;31:*.zst=01;31:*.tzst=01;31:*.bz2=01;31:*.bz=01;31:*.tbz=01;31:*.tbz2=01;31:*.tz=01;31:*.deb=01;31:*.rpm=01;31:*.jar=01;31:*.war=01;31:*.ear=01;31:*.sar=01;31:*.rar=01;31:*.alz=01;31:*.ace=01;31:*.zoo=01;31:*.cpio=01;31:*.7z=01;31:*.rz=01;31:*.cab=01;31:*.wim=01;31:*.swm=01;31:*.dwm=01;31:*.esd=01;31:*.jpg=01;35:*.jpeg=01;35:*.mjpg=01;35:*.mjpeg=01;35:*.gif=01;35:*.bmp=01;35:*.pbm=01;35:*.pgm=01;35:*.ppm=01;35:*.tga=01;35:*.xbm=01;35:*.xpm=01;35:*.tif=01;35:*.tiff=01;35:*.png=01;35:*.svg=01;35:*.svgz=01;35:*.mng=01;35:*.pcx=01;35:*.mov=01;35:*.mpg=01;35:*.mpeg=01;35:*.m2v=01;35:*.mkv=01;35:*.webm=01;35:*.webp=01;35:*.ogm=01;35:*.mp4=01;35:*.m4v=01;35:*.mp4v=01;35:*.vob=01;35:*.qt=01;35:*.nuv=01;35:*.wmv=01;35:*.asf=01;35:*.rm=01;35:*.rmvb=01;35:*.flc=01;35:*.avi=01;35:*.fli=01;35:*.flv=01;35:*.gl=01;35:*.dl=01;35:*.xcf=01;35:*.xwd=01;35:*.yuv=01;35:*.cgm=01;35:*.emf=01;35:*.ogv=01;35:*.ogx=01;35:*.aac=00;36:*.au=00;36:*.flac=00;36:*.m4a=00;36:*.mid=00;36:*.midi=00;36:*.mka=00;36:*.mp3=00;36:*.mpc=00;36:*.ogg=00;36:*.ra=00;36:*.wav=00;36:*.oga=00;36:*.opus=00;36:*.spx=00;36:*.xspf=00;36:'), ('VSCODE_GIT_IPC_HANDLE', '/run/user/1000/vscode-git-a3b7cadb31.sock'), ('GNOME_TERMINAL_SERVICE', ':1.185'), ('TERM_PROGRAM', 'vscode'), ('SSH_AGENT_LAUNCHER', 'gnome-keyring'), ('SSH_AUTH_SOCK', '/run/user/1000/keyring/ssh'), ('AMENT_PREFIX_PATH', '/home/albusgive/rlfw/rlfw_interface/install/rlfw_msgs:/opt/ros/humble'), ('CONDA_PYTHON_EXE', '/home/albusgive/anaconda3/bin/python'), ('ORIGINAL_XDG_CURRENT_DESKTOP', 'ubuntu:GNOME'), ('SHELL', '/bin/bash'), ('QT_ACCESSIBILITY', '1'), ('GDMSESSION', 'ubuntu'), ('LESSCLOSE', '/usr/bin/lesspipe %s %s'), ('VSCODE_GIT_ASKPASS_EXTRA_ARGS', ''), ('QT_IM_MODULE', 'ibus'), ('PWD', '/home/albusgive/rlfw/rlfw_deploy/build/CommunicationCenter'), ('XDG_CONFIG_DIRS', '/etc/xdg/xdg-ubuntu:/etc/xdg'), ('CONDA_EXE', '/home/albusgive/anaconda3/bin/conda'), ('DBUS_STARTER_ADDRESS', 'unix:path=/run/user/1000/bus,guid=563c7c6506e02edb2c3350396845239d'), ('XDG_DATA_DIRS', '/usr/share/ubuntu:/usr/local/share/:/usr/share/:/var/lib/snapd/desktop'), ('PYTHONPATH', '/home/albusgive/rlfw/rlfw_interface/install/rlfw_msgs/local/lib/python3.10/dist-packages:/opt/ros/humble/lib/python3.10/site-packages:/opt/ros/humble/local/lib/python3.10/dist-packages'), ('HTTP_PROXY', 'http://127.0.0.1:7897/'), ('COLCON', '1'), ('VTE_VERSION', '6800'), ('CMAKE_PREFIX_PATH', '/home/albusgive/rlfw/rlfw_interface/install/rlfw_msgs:/opt/ros/humble')]), 'shell': False}
[10.657182] (CommunicationCenter) StdoutLine: {'line': b'-- Install configuration: ""\n'}
[10.683313] (CommunicationCenter) StdoutLine: {'line': b'-- Installing: /home/albusgive/rlfw/rlfw_deploy/install/CommunicationCenter/lib/CommunicationCenter/CommunicationCenter\n'}
[10.687352] (CommunicationCenter) StdoutLine: {'line': b'-- Set runtime path of "/home/albusgive/rlfw/rlfw_deploy/install/CommunicationCenter/lib/CommunicationCenter/CommunicationCenter" to ""\n'}
[10.687430] (CommunicationCenter) StdoutLine: {'line': b'-- Up-to-date: /home/albusgive/rlfw/rlfw_deploy/install/CommunicationCenter/share/robot_cfg.xml\n'}
[10.687492] (CommunicationCenter) StdoutLine: {'line': b'-- Up-to-date: /home/albusgive/rlfw/rlfw_deploy/install/CommunicationCenter/share/ament_index/resource_index/package_run_dependencies/CommunicationCenter\n'}
[10.687985] (CommunicationCenter) StdoutLine: {'line': b'-- Installing: /home/albusgive/rlfw/rlfw_deploy/install/CommunicationCenter/share/ament_index/resource_index/parent_prefix_path/CommunicationCenter\n'}
[10.688723] (CommunicationCenter) StdoutLine: {'line': b'-- Up-to-date: /home/albusgive/rlfw/rlfw_deploy/install/CommunicationCenter/share/CommunicationCenter/environment/ament_prefix_path.sh\n'}
[10.688787] (CommunicationCenter) StdoutLine: {'line': b'-- Installing: /home/albusgive/rlfw/rlfw_deploy/install/CommunicationCenter/share/CommunicationCenter/environment/ament_prefix_path.dsv\n'}
[10.688846] (CommunicationCenter) StdoutLine: {'line': b'-- Up-to-date: /home/albusgive/rlfw/rlfw_deploy/install/CommunicationCenter/share/CommunicationCenter/environment/path.sh\n'}
[10.688903] (CommunicationCenter) StdoutLine: {'line': b'-- Installing: /home/albusgive/rlfw/rlfw_deploy/install/CommunicationCenter/share/CommunicationCenter/environment/path.dsv\n'}
[10.688957] (CommunicationCenter) StdoutLine: {'line': b'-- Up-to-date: /home/albusgive/rlfw/rlfw_deploy/install/CommunicationCenter/share/CommunicationCenter/local_setup.bash\n'}
[10.689020] (CommunicationCenter) StdoutLine: {'line': b'-- Up-to-date: /home/albusgive/rlfw/rlfw_deploy/install/CommunicationCenter/share/CommunicationCenter/local_setup.sh\n'}
[10.689063] (CommunicationCenter) StdoutLine: {'line': b'-- Up-to-date: /home/albusgive/rlfw/rlfw_deploy/install/CommunicationCenter/share/CommunicationCenter/local_setup.zsh\n'}
[10.689124] (CommunicationCenter) StdoutLine: {'line': b'-- Installing: /home/albusgive/rlfw/rlfw_deploy/install/CommunicationCenter/share/CommunicationCenter/local_setup.dsv\n'}
[10.689164] (CommunicationCenter) StdoutLine: {'line': b'-- Installing: /home/albusgive/rlfw/rlfw_deploy/install/CommunicationCenter/share/CommunicationCenter/package.dsv\n'}
[10.689477] (CommunicationCenter) StdoutLine: {'line': b'-- Up-to-date: /home/albusgive/rlfw/rlfw_deploy/install/CommunicationCenter/share/ament_index/resource_index/packages/CommunicationCenter\n'}
[10.689821] (CommunicationCenter) StdoutLine: {'line': b'-- Up-to-date: /home/albusgive/rlfw/rlfw_deploy/install/CommunicationCenter/share/CommunicationCenter/cmake/CommunicationCenterConfig.cmake\n'}
[10.689877] (CommunicationCenter) StdoutLine: {'line': b'-- Up-to-date: /home/albusgive/rlfw/rlfw_deploy/install/CommunicationCenter/share/CommunicationCenter/cmake/CommunicationCenterConfig-version.cmake\n'}
[10.689930] (CommunicationCenter) StdoutLine: {'line': b'-- Up-to-date: /home/albusgive/rlfw/rlfw_deploy/install/CommunicationCenter/share/CommunicationCenter/package.xml\n'}
[10.690111] (CommunicationCenter) StdoutLine: {'line': b'-- Up-to-date: /home/albusgive/rlfw/rlfw_deploy/install/CommunicationCenter/lib/libtinyxml2.a\n'}
[10.690179] (CommunicationCenter) StdoutLine: {'line': b'-- Up-to-date: /home/albusgive/rlfw/rlfw_deploy/install/CommunicationCenter/lib/cmake/tinyxml2/tinyxml2-static-targets.cmake\n'}
[10.690239] (CommunicationCenter) StdoutLine: {'line': b'-- Up-to-date: /home/albusgive/rlfw/rlfw_deploy/install/CommunicationCenter/lib/cmake/tinyxml2/tinyxml2-static-targets-noconfig.cmake\n'}
[10.690279] (CommunicationCenter) StdoutLine: {'line': b'-- Up-to-date: /home/albusgive/rlfw/rlfw_deploy/install/CommunicationCenter/lib/cmake/tinyxml2/tinyxml2-config.cmake\n'}
[10.690344] (CommunicationCenter) StdoutLine: {'line': b'-- Up-to-date: /home/albusgive/rlfw/rlfw_deploy/install/CommunicationCenter/lib/cmake/tinyxml2/tinyxml2-config-version.cmake\n'}
[10.690381] (CommunicationCenter) StdoutLine: {'line': b'-- Up-to-date: /home/albusgive/rlfw/rlfw_deploy/install/CommunicationCenter/include/tinyxml2.h\n'}
[10.690619] (CommunicationCenter) StdoutLine: {'line': b'-- Installing: /home/albusgive/rlfw/rlfw_deploy/install/CommunicationCenter/lib/pkgconfig/tinyxml2.pc\n'}
[10.692123] (CommunicationCenter) CommandEnded: {'returncode': 0}
[10.716001] (CommunicationCenter) JobEnded: {'identifier': 'CommunicationCenter', 'rc': 0}
[10.717107] (-) EventReactorShutdown: {}
