[0.000000] (-) TimerEvent: {}
[0.000462] (CommunicationCenter) JobQueued: {'identifier': 'CommunicationCenter', 'dependencies': OrderedDict()}
[0.000506] (agent) JobQueued: {'identifier': 'agent', 'dependencies': OrderedDict()}
[0.000519] (mujoco_mapping) JobQueued: {'identifier': 'mujoco_mapping', 'dependencies': OrderedDict()}
[0.000529] (nz-imu) JobQueued: {'identifier': 'nz-imu', 'dependencies': OrderedDict()}
[0.000537] (CommunicationCenter) JobStarted: {'identifier': 'CommunicationCenter'}
[0.003807] (agent) JobStarted: {'identifier': 'agent'}
[0.005422] (mujoco_mapping) JobStarted: {'identifier': 'mujoco_mapping'}
[0.007666] (nz-imu) JobStarted: {'identifier': 'nz-imu'}
[0.010335] (CommunicationCenter) JobProgress: {'identifier': 'CommunicationCenter', 'progress': 'cmake'}
[0.010667] (CommunicationCenter) Command: {'cmd': ['/usr/bin/cmake', '/home/albusgive2/rlfw/rlfw_deploy/src/CommunicationCenter', '-DCMAKE_INSTALL_PREFIX=/home/albusgive2/rlfw/rlfw_deploy/install/CommunicationCenter'], 'cwd': '/home/albusgive2/rlfw/rlfw_deploy/build/CommunicationCenter', 'env': OrderedDict([('GJS_DEBUG_TOPICS', 'JS ERROR;JS LOG'), ('LESSOPEN', '| /usr/bin/lesspipe %s'), ('LANGUAGE', 'zh_CN:zh'), ('USER', 'albusgive2'), ('XDG_SESSION_TYPE', 'x11'), ('GIT_ASKPASS', '/usr/share/code/resources/app/extensions/git/dist/askpass.sh'), ('SHLVL', '1'), ('LD_LIBRARY_PATH', '/home/albusgive2/rlfw/rlfw_interface/install/rlfw_msgs/lib:/opt/mujoco/lib:/opt/ros/humble/opt/rviz_ogre_vendor/lib:/opt/ros/humble/lib/x86_64-linux-gnu:/opt/ros/humble/lib:/usr/local/cuda/lib64::/usr/local/cuda-12.4/lib64:/home/albusgive2/libtorch-cxx11-abi-shared-with-deps-2.6.0+cu124/libtorch/lib'), ('HOME', '/home/albusgive2'), ('CHROME_DESKTOP', 'code.desktop'), ('CONDA_SHLVL', '0'), ('TERM_PROGRAM_VERSION', '1.97.0'), ('DESKTOP_SESSION', 'ubuntu'), ('GIO_LAUNCHED_DESKTOP_FILE', '/usr/share/applications/code.desktop'), ('ROS_PYTHON_VERSION', '3'), ('GNOME_SHELL_SESSION_MODE', 'ubuntu'), ('GTK_MODULES', 'gail:atk-bridge'), ('VSCODE_GIT_ASKPASS_MAIN', '/usr/share/code/resources/app/extensions/git/dist/askpass-main.js'), ('VSCODE_GIT_ASKPASS_NODE', '/usr/share/code/code'), ('MANAGERPID', '1654'), ('SYSTEMD_EXEC_PID', '1908'), ('DBUS_SESSION_BUS_ADDRESS', 'unix:path=/run/user/1000/bus'), ('COLORTERM', 'truecolor'), ('_CE_M', ''), ('GIO_LAUNCHED_DESKTOP_FILE_PID', '3039'), ('https_proxy', 'http://127.0.0.1:7897'), ('COLCON_PREFIX_PATH', '/home/albusgive2/rlfw/rlfw_deploy/install:/home/albusgive2/rlfw/rlfw_interface/install'), ('ROS_DISTRO', 'humble'), ('GTK_IM_MODULE', 'ibus'), ('LOGNAME', 'albusgive2'), ('http_proxy', 'http://127.0.0.1:7897'), ('JOURNAL_STREAM', '8:18706'), ('_', '/usr/bin/colcon'), ('ROS_VERSION', '2'), ('XDG_SESSION_CLASS', 'user'), ('USERNAME', 'albusgive2'), ('TERM', 'xterm-256color'), ('GNOME_DESKTOP_SESSION_ID', 'this-is-deprecated'), ('_CE_CONDA', ''), ('ROS_LOCALHOST_ONLY', '0'), ('WINDOWPATH', '2'), ('PATH', '/home/albusgive2/Qt/6.8.2/gcc_64/bin:/opt/ros/humble/bin:/usr/local/cuda/bin:/home/albusgive2/anaconda3/condabin:/home/albusgive2/.local/bin:/usr/local/sbin:/usr/local/bin:/usr/sbin:/usr/bin:/sbin:/bin:/usr/games:/usr/local/games:/snap/bin:/snap/bin:/home/albusgive2/.config/Code/User/globalStorage/github.copilot-chat/debugCommand:/usr/local/cuda-12.4/bin'), ('SESSION_MANAGER', 'local/albusgive2:@/tmp/.ICE-unix/1881,unix/albusgive2:/tmp/.ICE-unix/1881'), ('INVOCATION_ID', '20c30074f4284fdba3c48df0b7a81a2d'), ('XDG_MENU_PREFIX', 'gnome-'), ('XDG_RUNTIME_DIR', '/run/user/1000'), ('GDK_BACKEND', 'x11'), ('DISPLAY', ':1'), ('LANG', 'zh_CN.UTF-8'), ('XDG_CURRENT_DESKTOP', 'Unity'), ('XMODIFIERS', '@im=ibus'), ('XDG_SESSION_DESKTOP', 'ubuntu'), ('XAUTHORITY', '/run/user/1000/gdm/Xauthority'), ('LS_COLORS', 'rs=0:di=01;34:ln=01;36:mh=00:pi=40;33:so=01;35:do=01;35:bd=40;33;01:cd=40;33;01:or=40;31;01:mi=00:su=37;41:sg=30;43:ca=30;41:tw=30;42:ow=34;42:st=37;44:ex=01;32:*.tar=01;31:*.tgz=01;31:*.arc=01;31:*.arj=01;31:*.taz=01;31:*.lha=01;31:*.lz4=01;31:*.lzh=01;31:*.lzma=01;31:*.tlz=01;31:*.txz=01;31:*.tzo=01;31:*.t7z=01;31:*.zip=01;31:*.z=01;31:*.dz=01;31:*.gz=01;31:*.lrz=01;31:*.lz=01;31:*.lzo=01;31:*.xz=01;31:*.zst=01;31:*.tzst=01;31:*.bz2=01;31:*.bz=01;31:*.tbz=01;31:*.tbz2=01;31:*.tz=01;31:*.deb=01;31:*.rpm=01;31:*.jar=01;31:*.war=01;31:*.ear=01;31:*.sar=01;31:*.rar=01;31:*.alz=01;31:*.ace=01;31:*.zoo=01;31:*.cpio=01;31:*.7z=01;31:*.rz=01;31:*.cab=01;31:*.wim=01;31:*.swm=01;31:*.dwm=01;31:*.esd=01;31:*.jpg=01;35:*.jpeg=01;35:*.mjpg=01;35:*.mjpeg=01;35:*.gif=01;35:*.bmp=01;35:*.pbm=01;35:*.pgm=01;35:*.ppm=01;35:*.tga=01;35:*.xbm=01;35:*.xpm=01;35:*.tif=01;35:*.tiff=01;35:*.png=01;35:*.svg=01;35:*.svgz=01;35:*.mng=01;35:*.pcx=01;35:*.mov=01;35:*.mpg=01;35:*.mpeg=01;35:*.m2v=01;35:*.mkv=01;35:*.webm=01;35:*.webp=01;35:*.ogm=01;35:*.mp4=01;35:*.m4v=01;35:*.mp4v=01;35:*.vob=01;35:*.qt=01;35:*.nuv=01;35:*.wmv=01;35:*.asf=01;35:*.rm=01;35:*.rmvb=01;35:*.flc=01;35:*.avi=01;35:*.fli=01;35:*.flv=01;35:*.gl=01;35:*.dl=01;35:*.xcf=01;35:*.xwd=01;35:*.yuv=01;35:*.cgm=01;35:*.emf=01;35:*.ogv=01;35:*.ogx=01;35:*.aac=00;36:*.au=00;36:*.flac=00;36:*.m4a=00;36:*.mid=00;36:*.midi=00;36:*.mka=00;36:*.mp3=00;36:*.mpc=00;36:*.ogg=00;36:*.ra=00;36:*.wav=00;36:*.oga=00;36:*.opus=00;36:*.spx=00;36:*.xspf=00;36:'), ('VSCODE_GIT_IPC_HANDLE', '/run/user/1000/vscode-git-3d487d3973.sock'), ('TERM_PROGRAM', 'vscode'), ('SSH_AGENT_LAUNCHER', 'gnome-keyring'), ('SSH_AUTH_SOCK', '/run/user/1000/keyring/ssh'), ('AMENT_PREFIX_PATH', '/home/albusgive2/rlfw/rlfw_deploy/install/nz-imu:/home/albusgive2/rlfw/rlfw_deploy/install/mujoco_mapping:/home/albusgive2/rlfw/rlfw_deploy/install/agent:/home/albusgive2/rlfw/rlfw_deploy/install/CommunicationCenter:/home/albusgive2/rlfw/rlfw_interface/install/rlfw_msgs:/opt/ros/humble'), ('CONDA_PYTHON_EXE', '/home/albusgive2/anaconda3/bin/python'), ('ORIGINAL_XDG_CURRENT_DESKTOP', 'ubuntu:GNOME'), ('SHELL', '/bin/bash'), ('QT_ACCESSIBILITY', '1'), ('GDMSESSION', 'ubuntu'), ('LESSCLOSE', '/usr/bin/lesspipe %s %s'), ('GPG_AGENT_INFO', '/run/user/1000/gnupg/S.gpg-agent:0:1'), ('GJS_DEBUG_OUTPUT', 'stderr'), ('VSCODE_GIT_ASKPASS_EXTRA_ARGS', ''), ('QT_IM_MODULE', 'ibus'), ('PWD', '/home/albusgive2/rlfw/rlfw_deploy/build/CommunicationCenter'), ('XDG_CONFIG_DIRS', '/etc/xdg/xdg-ubuntu:/etc/xdg'), ('CONDA_EXE', '/home/albusgive2/anaconda3/bin/conda'), ('XDG_DATA_DIRS', '/usr/share/ubuntu:/usr/share/gnome:/usr/local/share/:/usr/share/:/var/lib/snapd/desktop'), ('PYTHONPATH', '/home/albusgive2/rlfw/rlfw_interface/install/rlfw_msgs/local/lib/python3.10/dist-packages:/opt/ros/humble/lib/python3.10/site-packages:/opt/ros/humble/local/lib/python3.10/dist-packages'), ('COLCON', '1'), ('CMAKE_PREFIX_PATH', '/home/albusgive2/rlfw/rlfw_deploy/install/nz-imu:/home/albusgive2/rlfw/rlfw_deploy/install/mujoco_mapping:/home/albusgive2/rlfw/rlfw_deploy/install/agent:/home/albusgive2/rlfw/rlfw_deploy/install/CommunicationCenter:/home/albusgive2/rlfw/rlfw_interface/install/rlfw_msgs:/opt/ros/humble')]), 'shell': False}
[0.012414] (agent) JobProgress: {'identifier': 'agent', 'progress': 'cmake'}
[0.012635] (agent) Command: {'cmd': ['/usr/bin/cmake', '/home/albusgive2/rlfw/rlfw_deploy/src/agent', '-DCMAKE_INSTALL_PREFIX=/home/albusgive2/rlfw/rlfw_deploy/install/agent'], 'cwd': '/home/albusgive2/rlfw/rlfw_deploy/build/agent', 'env': OrderedDict([('GJS_DEBUG_TOPICS', 'JS ERROR;JS LOG'), ('LESSOPEN', '| /usr/bin/lesspipe %s'), ('LANGUAGE', 'zh_CN:zh'), ('USER', 'albusgive2'), ('XDG_SESSION_TYPE', 'x11'), ('GIT_ASKPASS', '/usr/share/code/resources/app/extensions/git/dist/askpass.sh'), ('SHLVL', '1'), ('LD_LIBRARY_PATH', '/home/albusgive2/rlfw/rlfw_interface/install/rlfw_msgs/lib:/opt/mujoco/lib:/opt/ros/humble/opt/rviz_ogre_vendor/lib:/opt/ros/humble/lib/x86_64-linux-gnu:/opt/ros/humble/lib:/usr/local/cuda/lib64::/usr/local/cuda-12.4/lib64:/home/albusgive2/libtorch-cxx11-abi-shared-with-deps-2.6.0+cu124/libtorch/lib'), ('HOME', '/home/albusgive2'), ('CHROME_DESKTOP', 'code.desktop'), ('CONDA_SHLVL', '0'), ('TERM_PROGRAM_VERSION', '1.97.0'), ('DESKTOP_SESSION', 'ubuntu'), ('GIO_LAUNCHED_DESKTOP_FILE', '/usr/share/applications/code.desktop'), ('ROS_PYTHON_VERSION', '3'), ('GNOME_SHELL_SESSION_MODE', 'ubuntu'), ('GTK_MODULES', 'gail:atk-bridge'), ('VSCODE_GIT_ASKPASS_MAIN', '/usr/share/code/resources/app/extensions/git/dist/askpass-main.js'), ('VSCODE_GIT_ASKPASS_NODE', '/usr/share/code/code'), ('MANAGERPID', '1654'), ('SYSTEMD_EXEC_PID', '1908'), ('DBUS_SESSION_BUS_ADDRESS', 'unix:path=/run/user/1000/bus'), ('COLORTERM', 'truecolor'), ('_CE_M', ''), ('GIO_LAUNCHED_DESKTOP_FILE_PID', '3039'), ('https_proxy', 'http://127.0.0.1:7897'), ('COLCON_PREFIX_PATH', '/home/albusgive2/rlfw/rlfw_deploy/install:/home/albusgive2/rlfw/rlfw_interface/install'), ('ROS_DISTRO', 'humble'), ('GTK_IM_MODULE', 'ibus'), ('LOGNAME', 'albusgive2'), ('http_proxy', 'http://127.0.0.1:7897'), ('JOURNAL_STREAM', '8:18706'), ('_', '/usr/bin/colcon'), ('ROS_VERSION', '2'), ('XDG_SESSION_CLASS', 'user'), ('USERNAME', 'albusgive2'), ('TERM', 'xterm-256color'), ('GNOME_DESKTOP_SESSION_ID', 'this-is-deprecated'), ('_CE_CONDA', ''), ('ROS_LOCALHOST_ONLY', '0'), ('WINDOWPATH', '2'), ('PATH', '/home/albusgive2/Qt/6.8.2/gcc_64/bin:/opt/ros/humble/bin:/usr/local/cuda/bin:/home/albusgive2/anaconda3/condabin:/home/albusgive2/.local/bin:/usr/local/sbin:/usr/local/bin:/usr/sbin:/usr/bin:/sbin:/bin:/usr/games:/usr/local/games:/snap/bin:/snap/bin:/home/albusgive2/.config/Code/User/globalStorage/github.copilot-chat/debugCommand:/usr/local/cuda-12.4/bin'), ('SESSION_MANAGER', 'local/albusgive2:@/tmp/.ICE-unix/1881,unix/albusgive2:/tmp/.ICE-unix/1881'), ('INVOCATION_ID', '20c30074f4284fdba3c48df0b7a81a2d'), ('XDG_MENU_PREFIX', 'gnome-'), ('XDG_RUNTIME_DIR', '/run/user/1000'), ('GDK_BACKEND', 'x11'), ('DISPLAY', ':1'), ('LANG', 'zh_CN.UTF-8'), ('XDG_CURRENT_DESKTOP', 'Unity'), ('XMODIFIERS', '@im=ibus'), ('XDG_SESSION_DESKTOP', 'ubuntu'), ('XAUTHORITY', '/run/user/1000/gdm/Xauthority'), ('LS_COLORS', 'rs=0:di=01;34:ln=01;36:mh=00:pi=40;33:so=01;35:do=01;35:bd=40;33;01:cd=40;33;01:or=40;31;01:mi=00:su=37;41:sg=30;43:ca=30;41:tw=30;42:ow=34;42:st=37;44:ex=01;32:*.tar=01;31:*.tgz=01;31:*.arc=01;31:*.arj=01;31:*.taz=01;31:*.lha=01;31:*.lz4=01;31:*.lzh=01;31:*.lzma=01;31:*.tlz=01;31:*.txz=01;31:*.tzo=01;31:*.t7z=01;31:*.zip=01;31:*.z=01;31:*.dz=01;31:*.gz=01;31:*.lrz=01;31:*.lz=01;31:*.lzo=01;31:*.xz=01;31:*.zst=01;31:*.tzst=01;31:*.bz2=01;31:*.bz=01;31:*.tbz=01;31:*.tbz2=01;31:*.tz=01;31:*.deb=01;31:*.rpm=01;31:*.jar=01;31:*.war=01;31:*.ear=01;31:*.sar=01;31:*.rar=01;31:*.alz=01;31:*.ace=01;31:*.zoo=01;31:*.cpio=01;31:*.7z=01;31:*.rz=01;31:*.cab=01;31:*.wim=01;31:*.swm=01;31:*.dwm=01;31:*.esd=01;31:*.jpg=01;35:*.jpeg=01;35:*.mjpg=01;35:*.mjpeg=01;35:*.gif=01;35:*.bmp=01;35:*.pbm=01;35:*.pgm=01;35:*.ppm=01;35:*.tga=01;35:*.xbm=01;35:*.xpm=01;35:*.tif=01;35:*.tiff=01;35:*.png=01;35:*.svg=01;35:*.svgz=01;35:*.mng=01;35:*.pcx=01;35:*.mov=01;35:*.mpg=01;35:*.mpeg=01;35:*.m2v=01;35:*.mkv=01;35:*.webm=01;35:*.webp=01;35:*.ogm=01;35:*.mp4=01;35:*.m4v=01;35:*.mp4v=01;35:*.vob=01;35:*.qt=01;35:*.nuv=01;35:*.wmv=01;35:*.asf=01;35:*.rm=01;35:*.rmvb=01;35:*.flc=01;35:*.avi=01;35:*.fli=01;35:*.flv=01;35:*.gl=01;35:*.dl=01;35:*.xcf=01;35:*.xwd=01;35:*.yuv=01;35:*.cgm=01;35:*.emf=01;35:*.ogv=01;35:*.ogx=01;35:*.aac=00;36:*.au=00;36:*.flac=00;36:*.m4a=00;36:*.mid=00;36:*.midi=00;36:*.mka=00;36:*.mp3=00;36:*.mpc=00;36:*.ogg=00;36:*.ra=00;36:*.wav=00;36:*.oga=00;36:*.opus=00;36:*.spx=00;36:*.xspf=00;36:'), ('VSCODE_GIT_IPC_HANDLE', '/run/user/1000/vscode-git-3d487d3973.sock'), ('TERM_PROGRAM', 'vscode'), ('SSH_AGENT_LAUNCHER', 'gnome-keyring'), ('SSH_AUTH_SOCK', '/run/user/1000/keyring/ssh'), ('AMENT_PREFIX_PATH', '/home/albusgive2/rlfw/rlfw_deploy/install/nz-imu:/home/albusgive2/rlfw/rlfw_deploy/install/mujoco_mapping:/home/albusgive2/rlfw/rlfw_deploy/install/agent:/home/albusgive2/rlfw/rlfw_deploy/install/CommunicationCenter:/home/albusgive2/rlfw/rlfw_interface/install/rlfw_msgs:/opt/ros/humble'), ('CONDA_PYTHON_EXE', '/home/albusgive2/anaconda3/bin/python'), ('ORIGINAL_XDG_CURRENT_DESKTOP', 'ubuntu:GNOME'), ('SHELL', '/bin/bash'), ('QT_ACCESSIBILITY', '1'), ('GDMSESSION', 'ubuntu'), ('LESSCLOSE', '/usr/bin/lesspipe %s %s'), ('GPG_AGENT_INFO', '/run/user/1000/gnupg/S.gpg-agent:0:1'), ('GJS_DEBUG_OUTPUT', 'stderr'), ('VSCODE_GIT_ASKPASS_EXTRA_ARGS', ''), ('QT_IM_MODULE', 'ibus'), ('PWD', '/home/albusgive2/rlfw/rlfw_deploy/build/agent'), ('XDG_CONFIG_DIRS', '/etc/xdg/xdg-ubuntu:/etc/xdg'), ('CONDA_EXE', '/home/albusgive2/anaconda3/bin/conda'), ('XDG_DATA_DIRS', '/usr/share/ubuntu:/usr/share/gnome:/usr/local/share/:/usr/share/:/var/lib/snapd/desktop'), ('PYTHONPATH', '/home/albusgive2/rlfw/rlfw_interface/install/rlfw_msgs/local/lib/python3.10/dist-packages:/opt/ros/humble/lib/python3.10/site-packages:/opt/ros/humble/local/lib/python3.10/dist-packages'), ('COLCON', '1'), ('CMAKE_PREFIX_PATH', '/home/albusgive2/rlfw/rlfw_deploy/install/nz-imu:/home/albusgive2/rlfw/rlfw_deploy/install/mujoco_mapping:/home/albusgive2/rlfw/rlfw_deploy/install/agent:/home/albusgive2/rlfw/rlfw_deploy/install/CommunicationCenter:/home/albusgive2/rlfw/rlfw_interface/install/rlfw_msgs:/opt/ros/humble')]), 'shell': False}
[0.013953] (mujoco_mapping) JobProgress: {'identifier': 'mujoco_mapping', 'progress': 'cmake'}
[0.014100] (mujoco_mapping) Command: {'cmd': ['/usr/bin/cmake', '/home/albusgive2/rlfw/rlfw_deploy/src/mujoco_mapping', '-DCMAKE_INSTALL_PREFIX=/home/albusgive2/rlfw/rlfw_deploy/install/mujoco_mapping'], 'cwd': '/home/albusgive2/rlfw/rlfw_deploy/build/mujoco_mapping', 'env': OrderedDict([('GJS_DEBUG_TOPICS', 'JS ERROR;JS LOG'), ('LESSOPEN', '| /usr/bin/lesspipe %s'), ('LANGUAGE', 'zh_CN:zh'), ('USER', 'albusgive2'), ('XDG_SESSION_TYPE', 'x11'), ('GIT_ASKPASS', '/usr/share/code/resources/app/extensions/git/dist/askpass.sh'), ('SHLVL', '1'), ('LD_LIBRARY_PATH', '/home/albusgive2/rlfw/rlfw_interface/install/rlfw_msgs/lib:/opt/mujoco/lib:/opt/ros/humble/opt/rviz_ogre_vendor/lib:/opt/ros/humble/lib/x86_64-linux-gnu:/opt/ros/humble/lib:/usr/local/cuda/lib64::/usr/local/cuda-12.4/lib64:/home/albusgive2/libtorch-cxx11-abi-shared-with-deps-2.6.0+cu124/libtorch/lib'), ('HOME', '/home/albusgive2'), ('CHROME_DESKTOP', 'code.desktop'), ('CONDA_SHLVL', '0'), ('TERM_PROGRAM_VERSION', '1.97.0'), ('DESKTOP_SESSION', 'ubuntu'), ('GIO_LAUNCHED_DESKTOP_FILE', '/usr/share/applications/code.desktop'), ('ROS_PYTHON_VERSION', '3'), ('GNOME_SHELL_SESSION_MODE', 'ubuntu'), ('GTK_MODULES', 'gail:atk-bridge'), ('VSCODE_GIT_ASKPASS_MAIN', '/usr/share/code/resources/app/extensions/git/dist/askpass-main.js'), ('VSCODE_GIT_ASKPASS_NODE', '/usr/share/code/code'), ('MANAGERPID', '1654'), ('SYSTEMD_EXEC_PID', '1908'), ('DBUS_SESSION_BUS_ADDRESS', 'unix:path=/run/user/1000/bus'), ('COLORTERM', 'truecolor'), ('_CE_M', ''), ('GIO_LAUNCHED_DESKTOP_FILE_PID', '3039'), ('https_proxy', 'http://127.0.0.1:7897'), ('COLCON_PREFIX_PATH', '/home/albusgive2/rlfw/rlfw_deploy/install:/home/albusgive2/rlfw/rlfw_interface/install'), ('ROS_DISTRO', 'humble'), ('GTK_IM_MODULE', 'ibus'), ('LOGNAME', 'albusgive2'), ('http_proxy', 'http://127.0.0.1:7897'), ('JOURNAL_STREAM', '8:18706'), ('_', '/usr/bin/colcon'), ('ROS_VERSION', '2'), ('XDG_SESSION_CLASS', 'user'), ('USERNAME', 'albusgive2'), ('TERM', 'xterm-256color'), ('GNOME_DESKTOP_SESSION_ID', 'this-is-deprecated'), ('_CE_CONDA', ''), ('ROS_LOCALHOST_ONLY', '0'), ('WINDOWPATH', '2'), ('PATH', '/home/albusgive2/Qt/6.8.2/gcc_64/bin:/opt/ros/humble/bin:/usr/local/cuda/bin:/home/albusgive2/anaconda3/condabin:/home/albusgive2/.local/bin:/usr/local/sbin:/usr/local/bin:/usr/sbin:/usr/bin:/sbin:/bin:/usr/games:/usr/local/games:/snap/bin:/snap/bin:/home/albusgive2/.config/Code/User/globalStorage/github.copilot-chat/debugCommand:/usr/local/cuda-12.4/bin'), ('SESSION_MANAGER', 'local/albusgive2:@/tmp/.ICE-unix/1881,unix/albusgive2:/tmp/.ICE-unix/1881'), ('INVOCATION_ID', '20c30074f4284fdba3c48df0b7a81a2d'), ('XDG_MENU_PREFIX', 'gnome-'), ('XDG_RUNTIME_DIR', '/run/user/1000'), ('GDK_BACKEND', 'x11'), ('DISPLAY', ':1'), ('LANG', 'zh_CN.UTF-8'), ('XDG_CURRENT_DESKTOP', 'Unity'), ('XMODIFIERS', '@im=ibus'), ('XDG_SESSION_DESKTOP', 'ubuntu'), ('XAUTHORITY', '/run/user/1000/gdm/Xauthority'), ('LS_COLORS', 'rs=0:di=01;34:ln=01;36:mh=00:pi=40;33:so=01;35:do=01;35:bd=40;33;01:cd=40;33;01:or=40;31;01:mi=00:su=37;41:sg=30;43:ca=30;41:tw=30;42:ow=34;42:st=37;44:ex=01;32:*.tar=01;31:*.tgz=01;31:*.arc=01;31:*.arj=01;31:*.taz=01;31:*.lha=01;31:*.lz4=01;31:*.lzh=01;31:*.lzma=01;31:*.tlz=01;31:*.txz=01;31:*.tzo=01;31:*.t7z=01;31:*.zip=01;31:*.z=01;31:*.dz=01;31:*.gz=01;31:*.lrz=01;31:*.lz=01;31:*.lzo=01;31:*.xz=01;31:*.zst=01;31:*.tzst=01;31:*.bz2=01;31:*.bz=01;31:*.tbz=01;31:*.tbz2=01;31:*.tz=01;31:*.deb=01;31:*.rpm=01;31:*.jar=01;31:*.war=01;31:*.ear=01;31:*.sar=01;31:*.rar=01;31:*.alz=01;31:*.ace=01;31:*.zoo=01;31:*.cpio=01;31:*.7z=01;31:*.rz=01;31:*.cab=01;31:*.wim=01;31:*.swm=01;31:*.dwm=01;31:*.esd=01;31:*.jpg=01;35:*.jpeg=01;35:*.mjpg=01;35:*.mjpeg=01;35:*.gif=01;35:*.bmp=01;35:*.pbm=01;35:*.pgm=01;35:*.ppm=01;35:*.tga=01;35:*.xbm=01;35:*.xpm=01;35:*.tif=01;35:*.tiff=01;35:*.png=01;35:*.svg=01;35:*.svgz=01;35:*.mng=01;35:*.pcx=01;35:*.mov=01;35:*.mpg=01;35:*.mpeg=01;35:*.m2v=01;35:*.mkv=01;35:*.webm=01;35:*.webp=01;35:*.ogm=01;35:*.mp4=01;35:*.m4v=01;35:*.mp4v=01;35:*.vob=01;35:*.qt=01;35:*.nuv=01;35:*.wmv=01;35:*.asf=01;35:*.rm=01;35:*.rmvb=01;35:*.flc=01;35:*.avi=01;35:*.fli=01;35:*.flv=01;35:*.gl=01;35:*.dl=01;35:*.xcf=01;35:*.xwd=01;35:*.yuv=01;35:*.cgm=01;35:*.emf=01;35:*.ogv=01;35:*.ogx=01;35:*.aac=00;36:*.au=00;36:*.flac=00;36:*.m4a=00;36:*.mid=00;36:*.midi=00;36:*.mka=00;36:*.mp3=00;36:*.mpc=00;36:*.ogg=00;36:*.ra=00;36:*.wav=00;36:*.oga=00;36:*.opus=00;36:*.spx=00;36:*.xspf=00;36:'), ('VSCODE_GIT_IPC_HANDLE', '/run/user/1000/vscode-git-3d487d3973.sock'), ('TERM_PROGRAM', 'vscode'), ('SSH_AGENT_LAUNCHER', 'gnome-keyring'), ('SSH_AUTH_SOCK', '/run/user/1000/keyring/ssh'), ('AMENT_PREFIX_PATH', '/home/albusgive2/rlfw/rlfw_deploy/install/nz-imu:/home/albusgive2/rlfw/rlfw_deploy/install/mujoco_mapping:/home/albusgive2/rlfw/rlfw_deploy/install/agent:/home/albusgive2/rlfw/rlfw_deploy/install/CommunicationCenter:/home/albusgive2/rlfw/rlfw_interface/install/rlfw_msgs:/opt/ros/humble'), ('CONDA_PYTHON_EXE', '/home/albusgive2/anaconda3/bin/python'), ('ORIGINAL_XDG_CURRENT_DESKTOP', 'ubuntu:GNOME'), ('SHELL', '/bin/bash'), ('QT_ACCESSIBILITY', '1'), ('GDMSESSION', 'ubuntu'), ('LESSCLOSE', '/usr/bin/lesspipe %s %s'), ('GPG_AGENT_INFO', '/run/user/1000/gnupg/S.gpg-agent:0:1'), ('GJS_DEBUG_OUTPUT', 'stderr'), ('VSCODE_GIT_ASKPASS_EXTRA_ARGS', ''), ('QT_IM_MODULE', 'ibus'), ('PWD', '/home/albusgive2/rlfw/rlfw_deploy/build/mujoco_mapping'), ('XDG_CONFIG_DIRS', '/etc/xdg/xdg-ubuntu:/etc/xdg'), ('CONDA_EXE', '/home/albusgive2/anaconda3/bin/conda'), ('XDG_DATA_DIRS', '/usr/share/ubuntu:/usr/share/gnome:/usr/local/share/:/usr/share/:/var/lib/snapd/desktop'), ('PYTHONPATH', '/home/albusgive2/rlfw/rlfw_interface/install/rlfw_msgs/local/lib/python3.10/dist-packages:/opt/ros/humble/lib/python3.10/site-packages:/opt/ros/humble/local/lib/python3.10/dist-packages'), ('COLCON', '1'), ('CMAKE_PREFIX_PATH', '/home/albusgive2/rlfw/rlfw_deploy/install/nz-imu:/home/albusgive2/rlfw/rlfw_deploy/install/mujoco_mapping:/home/albusgive2/rlfw/rlfw_deploy/install/agent:/home/albusgive2/rlfw/rlfw_deploy/install/CommunicationCenter:/home/albusgive2/rlfw/rlfw_interface/install/rlfw_msgs:/opt/ros/humble')]), 'shell': False}
[0.016801] (nz-imu) JobProgress: {'identifier': 'nz-imu', 'progress': 'cmake'}
[0.017114] (nz-imu) Command: {'cmd': ['/usr/bin/cmake', '/home/albusgive2/rlfw/rlfw_deploy/src/nz-imu', '-DCMAKE_INSTALL_PREFIX=/home/albusgive2/rlfw/rlfw_deploy/install/nz-imu'], 'cwd': '/home/albusgive2/rlfw/rlfw_deploy/build/nz-imu', 'env': OrderedDict([('GJS_DEBUG_TOPICS', 'JS ERROR;JS LOG'), ('LESSOPEN', '| /usr/bin/lesspipe %s'), ('LANGUAGE', 'zh_CN:zh'), ('USER', 'albusgive2'), ('XDG_SESSION_TYPE', 'x11'), ('GIT_ASKPASS', '/usr/share/code/resources/app/extensions/git/dist/askpass.sh'), ('SHLVL', '1'), ('LD_LIBRARY_PATH', '/home/albusgive2/rlfw/rlfw_interface/install/rlfw_msgs/lib:/opt/mujoco/lib:/opt/ros/humble/opt/rviz_ogre_vendor/lib:/opt/ros/humble/lib/x86_64-linux-gnu:/opt/ros/humble/lib:/usr/local/cuda/lib64::/usr/local/cuda-12.4/lib64:/home/albusgive2/libtorch-cxx11-abi-shared-with-deps-2.6.0+cu124/libtorch/lib'), ('HOME', '/home/albusgive2'), ('CHROME_DESKTOP', 'code.desktop'), ('CONDA_SHLVL', '0'), ('TERM_PROGRAM_VERSION', '1.97.0'), ('DESKTOP_SESSION', 'ubuntu'), ('GIO_LAUNCHED_DESKTOP_FILE', '/usr/share/applications/code.desktop'), ('ROS_PYTHON_VERSION', '3'), ('GNOME_SHELL_SESSION_MODE', 'ubuntu'), ('GTK_MODULES', 'gail:atk-bridge'), ('VSCODE_GIT_ASKPASS_MAIN', '/usr/share/code/resources/app/extensions/git/dist/askpass-main.js'), ('VSCODE_GIT_ASKPASS_NODE', '/usr/share/code/code'), ('MANAGERPID', '1654'), ('SYSTEMD_EXEC_PID', '1908'), ('DBUS_SESSION_BUS_ADDRESS', 'unix:path=/run/user/1000/bus'), ('COLORTERM', 'truecolor'), ('_CE_M', ''), ('GIO_LAUNCHED_DESKTOP_FILE_PID', '3039'), ('https_proxy', 'http://127.0.0.1:7897'), ('COLCON_PREFIX_PATH', '/home/albusgive2/rlfw/rlfw_deploy/install:/home/albusgive2/rlfw/rlfw_interface/install'), ('ROS_DISTRO', 'humble'), ('GTK_IM_MODULE', 'ibus'), ('LOGNAME', 'albusgive2'), ('http_proxy', 'http://127.0.0.1:7897'), ('JOURNAL_STREAM', '8:18706'), ('_', '/usr/bin/colcon'), ('ROS_VERSION', '2'), ('XDG_SESSION_CLASS', 'user'), ('USERNAME', 'albusgive2'), ('TERM', 'xterm-256color'), ('GNOME_DESKTOP_SESSION_ID', 'this-is-deprecated'), ('_CE_CONDA', ''), ('ROS_LOCALHOST_ONLY', '0'), ('WINDOWPATH', '2'), ('PATH', '/home/albusgive2/Qt/6.8.2/gcc_64/bin:/opt/ros/humble/bin:/usr/local/cuda/bin:/home/albusgive2/anaconda3/condabin:/home/albusgive2/.local/bin:/usr/local/sbin:/usr/local/bin:/usr/sbin:/usr/bin:/sbin:/bin:/usr/games:/usr/local/games:/snap/bin:/snap/bin:/home/albusgive2/.config/Code/User/globalStorage/github.copilot-chat/debugCommand:/usr/local/cuda-12.4/bin'), ('SESSION_MANAGER', 'local/albusgive2:@/tmp/.ICE-unix/1881,unix/albusgive2:/tmp/.ICE-unix/1881'), ('INVOCATION_ID', '20c30074f4284fdba3c48df0b7a81a2d'), ('XDG_MENU_PREFIX', 'gnome-'), ('XDG_RUNTIME_DIR', '/run/user/1000'), ('GDK_BACKEND', 'x11'), ('DISPLAY', ':1'), ('LANG', 'zh_CN.UTF-8'), ('XDG_CURRENT_DESKTOP', 'Unity'), ('XMODIFIERS', '@im=ibus'), ('XDG_SESSION_DESKTOP', 'ubuntu'), ('XAUTHORITY', '/run/user/1000/gdm/Xauthority'), ('LS_COLORS', 'rs=0:di=01;34:ln=01;36:mh=00:pi=40;33:so=01;35:do=01;35:bd=40;33;01:cd=40;33;01:or=40;31;01:mi=00:su=37;41:sg=30;43:ca=30;41:tw=30;42:ow=34;42:st=37;44:ex=01;32:*.tar=01;31:*.tgz=01;31:*.arc=01;31:*.arj=01;31:*.taz=01;31:*.lha=01;31:*.lz4=01;31:*.lzh=01;31:*.lzma=01;31:*.tlz=01;31:*.txz=01;31:*.tzo=01;31:*.t7z=01;31:*.zip=01;31:*.z=01;31:*.dz=01;31:*.gz=01;31:*.lrz=01;31:*.lz=01;31:*.lzo=01;31:*.xz=01;31:*.zst=01;31:*.tzst=01;31:*.bz2=01;31:*.bz=01;31:*.tbz=01;31:*.tbz2=01;31:*.tz=01;31:*.deb=01;31:*.rpm=01;31:*.jar=01;31:*.war=01;31:*.ear=01;31:*.sar=01;31:*.rar=01;31:*.alz=01;31:*.ace=01;31:*.zoo=01;31:*.cpio=01;31:*.7z=01;31:*.rz=01;31:*.cab=01;31:*.wim=01;31:*.swm=01;31:*.dwm=01;31:*.esd=01;31:*.jpg=01;35:*.jpeg=01;35:*.mjpg=01;35:*.mjpeg=01;35:*.gif=01;35:*.bmp=01;35:*.pbm=01;35:*.pgm=01;35:*.ppm=01;35:*.tga=01;35:*.xbm=01;35:*.xpm=01;35:*.tif=01;35:*.tiff=01;35:*.png=01;35:*.svg=01;35:*.svgz=01;35:*.mng=01;35:*.pcx=01;35:*.mov=01;35:*.mpg=01;35:*.mpeg=01;35:*.m2v=01;35:*.mkv=01;35:*.webm=01;35:*.webp=01;35:*.ogm=01;35:*.mp4=01;35:*.m4v=01;35:*.mp4v=01;35:*.vob=01;35:*.qt=01;35:*.nuv=01;35:*.wmv=01;35:*.asf=01;35:*.rm=01;35:*.rmvb=01;35:*.flc=01;35:*.avi=01;35:*.fli=01;35:*.flv=01;35:*.gl=01;35:*.dl=01;35:*.xcf=01;35:*.xwd=01;35:*.yuv=01;35:*.cgm=01;35:*.emf=01;35:*.ogv=01;35:*.ogx=01;35:*.aac=00;36:*.au=00;36:*.flac=00;36:*.m4a=00;36:*.mid=00;36:*.midi=00;36:*.mka=00;36:*.mp3=00;36:*.mpc=00;36:*.ogg=00;36:*.ra=00;36:*.wav=00;36:*.oga=00;36:*.opus=00;36:*.spx=00;36:*.xspf=00;36:'), ('VSCODE_GIT_IPC_HANDLE', '/run/user/1000/vscode-git-3d487d3973.sock'), ('TERM_PROGRAM', 'vscode'), ('SSH_AGENT_LAUNCHER', 'gnome-keyring'), ('SSH_AUTH_SOCK', '/run/user/1000/keyring/ssh'), ('AMENT_PREFIX_PATH', '/home/albusgive2/rlfw/rlfw_deploy/install/nz-imu:/home/albusgive2/rlfw/rlfw_deploy/install/mujoco_mapping:/home/albusgive2/rlfw/rlfw_deploy/install/agent:/home/albusgive2/rlfw/rlfw_deploy/install/CommunicationCenter:/home/albusgive2/rlfw/rlfw_interface/install/rlfw_msgs:/opt/ros/humble'), ('CONDA_PYTHON_EXE', '/home/albusgive2/anaconda3/bin/python'), ('ORIGINAL_XDG_CURRENT_DESKTOP', 'ubuntu:GNOME'), ('SHELL', '/bin/bash'), ('QT_ACCESSIBILITY', '1'), ('GDMSESSION', 'ubuntu'), ('LESSCLOSE', '/usr/bin/lesspipe %s %s'), ('GPG_AGENT_INFO', '/run/user/1000/gnupg/S.gpg-agent:0:1'), ('GJS_DEBUG_OUTPUT', 'stderr'), ('VSCODE_GIT_ASKPASS_EXTRA_ARGS', ''), ('QT_IM_MODULE', 'ibus'), ('PWD', '/home/albusgive2/rlfw/rlfw_deploy/build/nz-imu'), ('XDG_CONFIG_DIRS', '/etc/xdg/xdg-ubuntu:/etc/xdg'), ('CONDA_EXE', '/home/albusgive2/anaconda3/bin/conda'), ('XDG_DATA_DIRS', '/usr/share/ubuntu:/usr/share/gnome:/usr/local/share/:/usr/share/:/var/lib/snapd/desktop'), ('PYTHONPATH', '/home/albusgive2/rlfw/rlfw_interface/install/rlfw_msgs/local/lib/python3.10/dist-packages:/opt/ros/humble/lib/python3.10/site-packages:/opt/ros/humble/local/lib/python3.10/dist-packages'), ('COLCON', '1'), ('CMAKE_PREFIX_PATH', '/home/albusgive2/rlfw/rlfw_deploy/install/nz-imu:/home/albusgive2/rlfw/rlfw_deploy/install/mujoco_mapping:/home/albusgive2/rlfw/rlfw_deploy/install/agent:/home/albusgive2/rlfw/rlfw_deploy/install/CommunicationCenter:/home/albusgive2/rlfw/rlfw_interface/install/rlfw_msgs:/opt/ros/humble')]), 'shell': False}
[0.054796] (nz-imu) StdoutLine: {'line': b'-- The C compiler identification is GNU 12.3.0\n'}
[0.055154] (CommunicationCenter) StdoutLine: {'line': b'-- The C compiler identification is GNU 12.3.0\n'}
[0.055445] (agent) StdoutLine: {'line': b'-- The C compiler identification is GNU 12.3.0\n'}
[0.055855] (mujoco_mapping) StdoutLine: {'line': b'-- The C compiler identification is GNU 12.3.0\n'}
[0.094514] (CommunicationCenter) StdoutLine: {'line': b'-- The CXX compiler identification is GNU 12.3.0\n'}
[0.094684] (nz-imu) StdoutLine: {'line': b'-- The CXX compiler identification is GNU 12.3.0\n'}
[0.094754] (mujoco_mapping) StdoutLine: {'line': b'-- The CXX compiler identification is GNU 12.3.0\n'}
[0.097154] (agent) StdoutLine: {'line': b'-- The CXX compiler identification is GNU 12.3.0\n'}
[0.099860] (-) TimerEvent: {}
[0.100080] (CommunicationCenter) StdoutLine: {'line': b'-- Detecting C compiler ABI info\n'}
[0.100639] (mujoco_mapping) StdoutLine: {'line': b'-- Detecting C compiler ABI info\n'}
[0.100708] (nz-imu) StdoutLine: {'line': b'-- Detecting C compiler ABI info\n'}
[0.102149] (agent) StdoutLine: {'line': b'-- Detecting C compiler ABI info\n'}
[0.147560] (nz-imu) StdoutLine: {'line': b'-- Detecting C compiler ABI info - done\n'}
[0.147711] (mujoco_mapping) StdoutLine: {'line': b'-- Detecting C compiler ABI info - done\n'}
[0.147865] (CommunicationCenter) StdoutLine: {'line': b'-- Detecting C compiler ABI info - done\n'}
[0.147950] (agent) StdoutLine: {'line': b'-- Detecting C compiler ABI info - done\n'}
[0.152175] (nz-imu) StdoutLine: {'line': b'-- Check for working C compiler: /usr/bin/cc - skipped\n'}
[0.152383] (mujoco_mapping) StdoutLine: {'line': b'-- Check for working C compiler: /usr/bin/cc - skipped\n'}
[0.152447] (nz-imu) StdoutLine: {'line': b'-- Detecting C compile features\n'}
[0.152550] (mujoco_mapping) StdoutLine: {'line': b'-- Detecting C compile features\n'}
[0.152816] (nz-imu) StdoutLine: {'line': b'-- Detecting C compile features - done\n'}
[0.152850] (mujoco_mapping) StdoutLine: {'line': b'-- Detecting C compile features - done\n'}
[0.155171] (nz-imu) StdoutLine: {'line': b'-- Detecting CXX compiler ABI info\n'}
[0.155224] (mujoco_mapping) StdoutLine: {'line': b'-- Detecting CXX compiler ABI info\n'}
[0.156009] (CommunicationCenter) StdoutLine: {'line': b'-- Check for working C compiler: /usr/bin/cc - skipped\n'}
[0.156229] (agent) StdoutLine: {'line': b'-- Check for working C compiler: /usr/bin/cc - skipped\n'}
[0.156292] (CommunicationCenter) StdoutLine: {'line': b'-- Detecting C compile features\n'}
[0.156458] (agent) StdoutLine: {'line': b'-- Detecting C compile features\n'}
[0.156624] (CommunicationCenter) StdoutLine: {'line': b'-- Detecting C compile features - done\n'}
[0.156894] (agent) StdoutLine: {'line': b'-- Detecting C compile features - done\n'}
[0.159480] (CommunicationCenter) StdoutLine: {'line': b'-- Detecting CXX compiler ABI info\n'}
[0.159745] (agent) StdoutLine: {'line': b'-- Detecting CXX compiler ABI info\n'}
[0.199958] (-) TimerEvent: {}
[0.209416] (mujoco_mapping) StdoutLine: {'line': b'-- Detecting CXX compiler ABI info - done\n'}
[0.210547] (nz-imu) StdoutLine: {'line': b'-- Detecting CXX compiler ABI info - done\n'}
[0.215210] (agent) StdoutLine: {'line': b'-- Detecting CXX compiler ABI info - done\n'}
[0.215327] (CommunicationCenter) StdoutLine: {'line': b'-- Detecting CXX compiler ABI info - done\n'}
[0.215742] (mujoco_mapping) StdoutLine: {'line': b'-- Check for working CXX compiler: /usr/bin/c++ - skipped\n'}
[0.215848] (nz-imu) StdoutLine: {'line': b'-- Check for working CXX compiler: /usr/bin/c++ - skipped\n'}
[0.215924] (mujoco_mapping) StdoutLine: {'line': b'-- Detecting CXX compile features\n'}
[0.215983] (nz-imu) StdoutLine: {'line': b'-- Detecting CXX compile features\n'}
[0.216235] (mujoco_mapping) StdoutLine: {'line': b'-- Detecting CXX compile features - done\n'}
[0.216291] (nz-imu) StdoutLine: {'line': b'-- Detecting CXX compile features - done\n'}
[0.223157] (nz-imu) StdoutLine: {'line': b'-- Found ament_cmake: 1.3.11 (/opt/ros/humble/share/ament_cmake/cmake)\n'}
[0.223235] (mujoco_mapping) StdoutLine: {'line': b'-- Found ament_cmake: 1.3.11 (/opt/ros/humble/share/ament_cmake/cmake)\n'}
[0.223550] (agent) StdoutLine: {'line': b'-- Check for working CXX compiler: /usr/bin/c++ - skipped\n'}
[0.223615] (CommunicationCenter) StdoutLine: {'line': b'-- Check for working CXX compiler: /usr/bin/c++ - skipped\n'}
[0.223788] (agent) StdoutLine: {'line': b'-- Detecting CXX compile features\n'}
[0.223841] (CommunicationCenter) StdoutLine: {'line': b'-- Detecting CXX compile features\n'}
[0.224321] (agent) StdoutLine: {'line': b'-- Detecting CXX compile features - done\n'}
[0.224414] (CommunicationCenter) StdoutLine: {'line': b'-- Detecting CXX compile features - done\n'}
[0.226028] (CommunicationCenter) StdoutLine: {'line': b'-- Found ament_cmake: 1.3.11 (/opt/ros/humble/share/ament_cmake/cmake)\n'}
[0.239847] (agent) StdoutLine: {'line': b'-- Found PythonInterp: /usr/bin/python3.10 (found version "3.10.12") \n'}
[0.241349] (agent) StdoutLine: {'line': b'-- Found ament_cmake: 1.3.11 (/opt/ros/humble/share/ament_cmake/cmake)\n'}
[0.300039] (-) TimerEvent: {}
[0.332726] (nz-imu) StdoutLine: {'line': b'-- Found Python3: /usr/bin/python3 (found version "3.10.12") found components: Interpreter \n'}
[0.333152] (CommunicationCenter) StdoutLine: {'line': b'-- Found Python3: /usr/bin/python3 (found version "3.10.12") found components: Interpreter \n'}
[0.336750] (mujoco_mapping) StdoutLine: {'line': b'-- Found Python3: /usr/bin/python3 (found version "3.10.12") found components: Interpreter \n'}
[0.351764] (agent) StdoutLine: {'line': b'-- Found Python3: /usr/bin/python3 (found version "3.10.12") found components: Interpreter \n'}
[0.400128] (-) TimerEvent: {}
[0.406646] (mujoco_mapping) StdoutLine: {'line': b'-- Found rclcpp: 16.0.11 (/opt/ros/humble/share/rclcpp/cmake)\n'}
[0.407050] (CommunicationCenter) StdoutLine: {'line': b'-- Found rclcpp: 16.0.11 (/opt/ros/humble/share/rclcpp/cmake)\n'}
[0.408352] (nz-imu) StdoutLine: {'line': b'-- Found rclcpp: 16.0.11 (/opt/ros/humble/share/rclcpp/cmake)\n'}
[0.413317] (agent) StdoutLine: {'line': b'-- Found rclcpp: 16.0.11 (/opt/ros/humble/share/rclcpp/cmake)\n'}
[0.440840] (mujoco_mapping) StdoutLine: {'line': b'-- Found rosidl_generator_c: 3.1.6 (/opt/ros/humble/share/rosidl_generator_c/cmake)\n'}
[0.440960] (nz-imu) StdoutLine: {'line': b'-- Found rosidl_generator_c: 3.1.6 (/opt/ros/humble/share/rosidl_generator_c/cmake)\n'}
[0.442893] (CommunicationCenter) StdoutLine: {'line': b'-- Found rosidl_generator_c: 3.1.6 (/opt/ros/humble/share/rosidl_generator_c/cmake)\n'}
[0.444387] (mujoco_mapping) StdoutLine: {'line': b'-- Found rosidl_adapter: 3.1.6 (/opt/ros/humble/share/rosidl_adapter/cmake)\n'}
[0.444496] (nz-imu) StdoutLine: {'line': b'-- Found rosidl_adapter: 3.1.6 (/opt/ros/humble/share/rosidl_adapter/cmake)\n'}
[0.447084] (CommunicationCenter) StdoutLine: {'line': b'-- Found rosidl_adapter: 3.1.6 (/opt/ros/humble/share/rosidl_adapter/cmake)\n'}
[0.448420] (agent) StdoutLine: {'line': b'-- Found rosidl_generator_c: 3.1.6 (/opt/ros/humble/share/rosidl_generator_c/cmake)\n'}
[0.451324] (mujoco_mapping) StdoutLine: {'line': b'-- Found rosidl_generator_cpp: 3.1.6 (/opt/ros/humble/share/rosidl_generator_cpp/cmake)\n'}
[0.451451] (nz-imu) StdoutLine: {'line': b'-- Found rosidl_generator_cpp: 3.1.6 (/opt/ros/humble/share/rosidl_generator_cpp/cmake)\n'}
[0.452557] (agent) StdoutLine: {'line': b'-- Found rosidl_adapter: 3.1.6 (/opt/ros/humble/share/rosidl_adapter/cmake)\n'}
[0.454394] (CommunicationCenter) StdoutLine: {'line': b'-- Found rosidl_generator_cpp: 3.1.6 (/opt/ros/humble/share/rosidl_generator_cpp/cmake)\n'}
[0.459928] (agent) StdoutLine: {'line': b'-- Found rosidl_generator_cpp: 3.1.6 (/opt/ros/humble/share/rosidl_generator_cpp/cmake)\n'}
[0.462471] (mujoco_mapping) StdoutLine: {'line': b'-- Using all available rosidl_typesupport_c: rosidl_typesupport_fastrtps_c;rosidl_typesupport_introspection_c\n'}
[0.462597] (nz-imu) StdoutLine: {'line': b'-- Using all available rosidl_typesupport_c: rosidl_typesupport_fastrtps_c;rosidl_typesupport_introspection_c\n'}
[0.465743] (CommunicationCenter) StdoutLine: {'line': b'-- Using all available rosidl_typesupport_c: rosidl_typesupport_fastrtps_c;rosidl_typesupport_introspection_c\n'}
[0.471199] (agent) StdoutLine: {'line': b'-- Using all available rosidl_typesupport_c: rosidl_typesupport_fastrtps_c;rosidl_typesupport_introspection_c\n'}
[0.475058] (mujoco_mapping) StdoutLine: {'line': b'-- Using all available rosidl_typesupport_cpp: rosidl_typesupport_fastrtps_cpp;rosidl_typesupport_introspection_cpp\n'}
[0.475175] (nz-imu) StdoutLine: {'line': b'-- Using all available rosidl_typesupport_cpp: rosidl_typesupport_fastrtps_cpp;rosidl_typesupport_introspection_cpp\n'}
[0.480923] (CommunicationCenter) StdoutLine: {'line': b'-- Using all available rosidl_typesupport_cpp: rosidl_typesupport_fastrtps_cpp;rosidl_typesupport_introspection_cpp\n'}
[0.486171] (agent) StdoutLine: {'line': b'-- Using all available rosidl_typesupport_cpp: rosidl_typesupport_fastrtps_cpp;rosidl_typesupport_introspection_cpp\n'}
[0.500222] (-) TimerEvent: {}
[0.510029] (nz-imu) StdoutLine: {'line': b'-- Found rmw_implementation_cmake: 6.1.2 (/opt/ros/humble/share/rmw_implementation_cmake/cmake)\n'}
[0.510164] (mujoco_mapping) StdoutLine: {'line': b'-- Found rmw_implementation_cmake: 6.1.2 (/opt/ros/humble/share/rmw_implementation_cmake/cmake)\n'}
[0.512388] (nz-imu) StdoutLine: {'line': b'-- Found rmw_fastrtps_cpp: 6.2.7 (/opt/ros/humble/share/rmw_fastrtps_cpp/cmake)\n'}
[0.512511] (mujoco_mapping) StdoutLine: {'line': b'-- Found rmw_fastrtps_cpp: 6.2.7 (/opt/ros/humble/share/rmw_fastrtps_cpp/cmake)\n'}
[0.521411] (CommunicationCenter) StdoutLine: {'line': b'-- Found rmw_implementation_cmake: 6.1.2 (/opt/ros/humble/share/rmw_implementation_cmake/cmake)\n'}
[0.523621] (CommunicationCenter) StdoutLine: {'line': b'-- Found rmw_fastrtps_cpp: 6.2.7 (/opt/ros/humble/share/rmw_fastrtps_cpp/cmake)\n'}
[0.526023] (agent) StdoutLine: {'line': b'-- Found rmw_implementation_cmake: 6.1.2 (/opt/ros/humble/share/rmw_implementation_cmake/cmake)\n'}
[0.528242] (agent) StdoutLine: {'line': b'-- Found rmw_fastrtps_cpp: 6.2.7 (/opt/ros/humble/share/rmw_fastrtps_cpp/cmake)\n'}
[0.573947] (mujoco_mapping) StdoutLine: {'line': b'-- Found OpenSSL: /usr/lib/x86_64-linux-gnu/libcrypto.so (found version "3.0.2")  \n'}
[0.574100] (nz-imu) StdoutLine: {'line': b'-- Found OpenSSL: /usr/lib/x86_64-linux-gnu/libcrypto.so (found version "3.0.2")  \n'}
[0.591191] (CommunicationCenter) StdoutLine: {'line': b'-- Found OpenSSL: /usr/lib/x86_64-linux-gnu/libcrypto.so (found version "3.0.2")  \n'}
[0.592819] (mujoco_mapping) StdoutLine: {'line': b'-- Found FastRTPS: /opt/ros/humble/include  \n'}
[0.592950] (nz-imu) StdoutLine: {'line': b'-- Found FastRTPS: /opt/ros/humble/include  \n'}
[0.593604] (agent) StdoutLine: {'line': b'-- Found OpenSSL: /usr/lib/x86_64-linux-gnu/libcrypto.so (found version "3.0.2")  \n'}
[0.600321] (-) TimerEvent: {}
[0.609154] (CommunicationCenter) StdoutLine: {'line': b'-- Found FastRTPS: /opt/ros/humble/include  \n'}
[0.617622] (agent) StdoutLine: {'line': b'-- Found FastRTPS: /opt/ros/humble/include  \n'}
[0.624485] (mujoco_mapping) StdoutLine: {'line': b"-- Using RMW implementation 'rmw_fastrtps_cpp' as default\n"}
[0.625684] (nz-imu) StdoutLine: {'line': b"-- Using RMW implementation 'rmw_fastrtps_cpp' as default\n"}
[0.632033] (mujoco_mapping) StdoutLine: {'line': b'-- Looking for pthread.h\n'}
[0.632597] (nz-imu) StdoutLine: {'line': b'-- Looking for pthread.h\n'}
[0.641815] (CommunicationCenter) StdoutLine: {'line': b"-- Using RMW implementation 'rmw_fastrtps_cpp' as default\n"}
[0.646961] (CommunicationCenter) StdoutLine: {'line': b'-- Looking for pthread.h\n'}
[0.654694] (agent) StdoutLine: {'line': b"-- Using RMW implementation 'rmw_fastrtps_cpp' as default\n"}
[0.662456] (agent) StdoutLine: {'line': b'-- Looking for pthread.h\n'}
[0.683160] (mujoco_mapping) StdoutLine: {'line': b'-- Looking for pthread.h - found\n'}
[0.683514] (nz-imu) StdoutLine: {'line': b'-- Looking for pthread.h - found\n'}
[0.683576] (mujoco_mapping) StdoutLine: {'line': b'-- Performing Test CMAKE_HAVE_LIBC_PTHREAD\n'}
[0.683821] (nz-imu) StdoutLine: {'line': b'-- Performing Test CMAKE_HAVE_LIBC_PTHREAD\n'}
[0.700424] (-) TimerEvent: {}
[0.701014] (CommunicationCenter) StdoutLine: {'line': b'-- Looking for pthread.h - found\n'}
[0.701403] (CommunicationCenter) StdoutLine: {'line': b'-- Performing Test CMAKE_HAVE_LIBC_PTHREAD\n'}
[0.717368] (agent) StdoutLine: {'line': b'-- Looking for pthread.h - found\n'}
[0.717624] (agent) StdoutLine: {'line': b'-- Performing Test CMAKE_HAVE_LIBC_PTHREAD\n'}
[0.736366] (nz-imu) StdoutLine: {'line': b'-- Performing Test CMAKE_HAVE_LIBC_PTHREAD - Success\n'}
[0.736507] (mujoco_mapping) StdoutLine: {'line': b'-- Performing Test CMAKE_HAVE_LIBC_PTHREAD - Success\n'}
[0.737504] (nz-imu) StdoutLine: {'line': b'-- Found Threads: TRUE  \n'}
[0.737609] (mujoco_mapping) StdoutLine: {'line': b'-- Found Threads: TRUE  \n'}
[0.754183] (CommunicationCenter) StdoutLine: {'line': b'-- Performing Test CMAKE_HAVE_LIBC_PTHREAD - Success\n'}
[0.755178] (CommunicationCenter) StdoutLine: {'line': b'-- Found Threads: TRUE  \n'}
[0.773493] (agent) StdoutLine: {'line': b'-- Performing Test CMAKE_HAVE_LIBC_PTHREAD - Success\n'}
[0.774252] (agent) StdoutLine: {'line': b'-- Found Threads: TRUE  \n'}
[0.788173] (mujoco_mapping) StdoutLine: {'line': b'-- Found sensor_msgs: 4.2.4 (/opt/ros/humble/share/sensor_msgs/cmake)\n'}
[0.788304] (nz-imu) StdoutLine: {'line': b'-- Found sensor_msgs: 4.2.4 (/opt/ros/humble/share/sensor_msgs/cmake)\n'}
[0.790502] (CommunicationCenter) StdoutLine: {'line': b'-- Found example_interfaces: 0.9.3 (/opt/ros/humble/share/example_interfaces/cmake)\n'}
[0.800504] (-) TimerEvent: {}
[0.817270] (mujoco_mapping) StdoutLine: {'line': b'-- Found rlfw_msgs: 0.0.0 (/home/albusgive2/rlfw/rlfw_interface/install/rlfw_msgs/share/rlfw_msgs/cmake)\n'}
[0.818199] (agent) StdoutLine: {'line': b'-- Found example_interfaces: 0.9.3 (/opt/ros/humble/share/example_interfaces/cmake)\n'}
[0.820234] (nz-imu) StdoutLine: {'line': b'-- Found ament_lint_auto: 0.12.11 (/opt/ros/humble/share/ament_lint_auto/cmake)\n'}
[0.843752] (CommunicationCenter) StdoutLine: {'line': b'-- Found rlfw_msgs: 0.0.0 (/home/albusgive2/rlfw/rlfw_interface/install/rlfw_msgs/share/rlfw_msgs/cmake)\n'}
[0.848762] (mujoco_mapping) StderrLine: {'line': b'\x1b[33mCMake Warning (dev) at /usr/share/cmake-3.22/Modules/FindOpenGL.cmake:315 (message):\n'}
[0.848950] (mujoco_mapping) StderrLine: {'line': b'  Policy CMP0072 is not set: FindOpenGL prefers GLVND by default when\n'}
[0.849020] (mujoco_mapping) StderrLine: {'line': b'  available.  Run "cmake --help-policy CMP0072" for policy details.  Use the\n'}
[0.849069] (mujoco_mapping) StderrLine: {'line': b'  cmake_policy command to set the policy and suppress this warning.\n'}
[0.849112] (mujoco_mapping) StderrLine: {'line': b'\n'}
[0.849154] (mujoco_mapping) StderrLine: {'line': b'  FindOpenGL found both a legacy GL library:\n'}
[0.849198] (mujoco_mapping) StderrLine: {'line': b'\n'}
[0.849242] (mujoco_mapping) StderrLine: {'line': b'    OPENGL_gl_LIBRARY: /usr/lib/x86_64-linux-gnu/libGL.so\n'}
[0.849283] (mujoco_mapping) StderrLine: {'line': b'\n'}
[0.849320] (mujoco_mapping) StderrLine: {'line': b'  and GLVND libraries for OpenGL and GLX:\n'}
[0.849360] (mujoco_mapping) StderrLine: {'line': b'\n'}
[0.849400] (mujoco_mapping) StderrLine: {'line': b'    OPENGL_opengl_LIBRARY: /usr/lib/x86_64-linux-gnu/libOpenGL.so\n'}
[0.849441] (mujoco_mapping) StderrLine: {'line': b'    OPENGL_glx_LIBRARY: /usr/lib/x86_64-linux-gnu/libGLX.so\n'}
[0.849480] (mujoco_mapping) StderrLine: {'line': b'\n'}
[0.849592] (mujoco_mapping) StderrLine: {'line': b'  OpenGL_GL_PREFERENCE has not been set to "GLVND" or "LEGACY", so for\n'}
[0.849710] (mujoco_mapping) StderrLine: {'line': b'  compatibility with CMake 3.10 and below the legacy GL library will be used.\n'}
[0.849774] (mujoco_mapping) StderrLine: {'line': b'Call Stack (most recent call first):\n'}
[0.849824] (mujoco_mapping) StderrLine: {'line': b'  /usr/share/cmake-3.22/Modules/CMakeFindDependencyMacro.cmake:47 (find_package)\n'}
[0.849871] (mujoco_mapping) StderrLine: {'line': b'  /opt/mujoco/lib/cmake/mujoco/mujocoConfig.cmake:42 (find_dependency)\n'}
[0.849916] (mujoco_mapping) StderrLine: {'line': b'  CMakeLists.txt:14 (find_package)\n'}
[0.849960] (mujoco_mapping) StderrLine: {'line': b'This warning is for project developers.  Use -Wno-dev to suppress it.\n'}
[0.850002] (mujoco_mapping) StderrLine: {'line': b'\x1b[0m\n'}
[0.850044] (mujoco_mapping) StdoutLine: {'line': b'-- Found OpenGL: /usr/lib/x86_64-linux-gnu/libOpenGL.so   \n'}
[0.850097] (mujoco_mapping) StdoutLine: {'line': b'-- Find mujoco:  , \n'}
[0.852777] (mujoco_mapping) StdoutLine: {'line': b'-- Found ament_lint_auto: 0.12.11 (/opt/ros/humble/share/ament_lint_auto/cmake)\n'}
[0.854660] (agent) StdoutLine: {'line': b'-- Found rlfw_msgs: 0.0.0 (/home/albusgive2/rlfw/rlfw_interface/install/rlfw_msgs/share/rlfw_msgs/cmake)\n'}
[0.859559] (CommunicationCenter) StdoutLine: {'line': b'-- Found tf2_geometry_msgs: 0.25.12 (/opt/ros/humble/share/tf2_geometry_msgs/cmake)\n'}
[0.865328] (agent) StdoutLine: {'line': b'-- Found tf2_geometry_msgs: 0.25.12 (/opt/ros/humble/share/tf2_geometry_msgs/cmake)\n'}
[0.884969] (agent) StdoutLine: {'line': b'-- Found eigen3_cmake_module: 0.1.1 (/opt/ros/humble/share/eigen3_cmake_module/cmake)\n'}
[0.885388] (CommunicationCenter) StdoutLine: {'line': b'-- Found eigen3_cmake_module: 0.1.1 (/opt/ros/humble/share/eigen3_cmake_module/cmake)\n'}
[0.886492] (agent) StdoutLine: {'line': b'-- Found Eigen3: TRUE (found version "3.4.0") \n'}
[0.886641] (agent) StdoutLine: {'line': b'-- Ensuring Eigen3 include directory is part of orocos-kdl CMake target\n'}
[0.886768] (CommunicationCenter) StdoutLine: {'line': b'-- Found Eigen3: TRUE (found version "3.4.0") \n'}
[0.886893] (CommunicationCenter) StdoutLine: {'line': b'-- Ensuring Eigen3 include directory is part of orocos-kdl CMake target\n'}
[0.897096] (nz-imu) StdoutLine: {'line': b"-- Added test 'cppcheck' to perform static code analysis on C / C++ code\n"}
[0.897266] (nz-imu) StdoutLine: {'line': b'-- Configured cppcheck include dirs: $<BUILD_INTERFACE:/home/albusgive2/rlfw/rlfw_deploy/src/nz-imu/include>\n'}
[0.897307] (nz-imu) StdoutLine: {'line': b'-- Configured cppcheck exclude dirs and/or files: \n'}
[0.897877] (nz-imu) StdoutLine: {'line': b"-- Added test 'lint_cmake' to check CMake code style\n"}
[0.898751] (nz-imu) StdoutLine: {'line': b"-- Added test 'uncrustify' to check C / C++ code style\n"}
[0.898866] (nz-imu) StdoutLine: {'line': b'-- Configured uncrustify additional arguments: \n'}
[0.899348] (nz-imu) StdoutLine: {'line': b"-- Added test 'xmllint' to check XML markup files\n"}
[0.900259] (nz-imu) StdoutLine: {'line': b'-- Configuring done\n'}
[0.900567] (-) TimerEvent: {}
[0.906597] (nz-imu) StdoutLine: {'line': b'-- Generating done\n'}
[0.909162] (nz-imu) StdoutLine: {'line': b'-- Build files have been written to: /home/albusgive2/rlfw/rlfw_deploy/build/nz-imu\n'}
[0.915872] (nz-imu) CommandEnded: {'returncode': 0}
[0.916291] (mujoco_mapping) StdoutLine: {'line': b"-- Added test 'cppcheck' to perform static code analysis on C / C++ code\n"}
[0.916407] (mujoco_mapping) StdoutLine: {'line': b'-- Configured cppcheck include dirs: /home/albusgive2/rlfw/rlfw_deploy/src/mujoco_mapping/include\n'}
[0.916571] (mujoco_mapping) StdoutLine: {'line': b'-- Configured cppcheck exclude dirs and/or files: \n'}
[0.916637] (nz-imu) JobProgress: {'identifier': 'nz-imu', 'progress': 'build'}
[0.917159] (nz-imu) Command: {'cmd': ['/usr/bin/cmake', '--build', '/home/albusgive2/rlfw/rlfw_deploy/build/nz-imu', '--', '-j12', '-l12'], 'cwd': '/home/albusgive2/rlfw/rlfw_deploy/build/nz-imu', 'env': OrderedDict([('GJS_DEBUG_TOPICS', 'JS ERROR;JS LOG'), ('LESSOPEN', '| /usr/bin/lesspipe %s'), ('LANGUAGE', 'zh_CN:zh'), ('USER', 'albusgive2'), ('XDG_SESSION_TYPE', 'x11'), ('GIT_ASKPASS', '/usr/share/code/resources/app/extensions/git/dist/askpass.sh'), ('SHLVL', '1'), ('LD_LIBRARY_PATH', '/home/albusgive2/rlfw/rlfw_interface/install/rlfw_msgs/lib:/opt/mujoco/lib:/opt/ros/humble/opt/rviz_ogre_vendor/lib:/opt/ros/humble/lib/x86_64-linux-gnu:/opt/ros/humble/lib:/usr/local/cuda/lib64::/usr/local/cuda-12.4/lib64:/home/albusgive2/libtorch-cxx11-abi-shared-with-deps-2.6.0+cu124/libtorch/lib'), ('HOME', '/home/albusgive2'), ('CHROME_DESKTOP', 'code.desktop'), ('CONDA_SHLVL', '0'), ('TERM_PROGRAM_VERSION', '1.97.0'), ('DESKTOP_SESSION', 'ubuntu'), ('GIO_LAUNCHED_DESKTOP_FILE', '/usr/share/applications/code.desktop'), ('ROS_PYTHON_VERSION', '3'), ('GNOME_SHELL_SESSION_MODE', 'ubuntu'), ('GTK_MODULES', 'gail:atk-bridge'), ('VSCODE_GIT_ASKPASS_MAIN', '/usr/share/code/resources/app/extensions/git/dist/askpass-main.js'), ('VSCODE_GIT_ASKPASS_NODE', '/usr/share/code/code'), ('MANAGERPID', '1654'), ('SYSTEMD_EXEC_PID', '1908'), ('DBUS_SESSION_BUS_ADDRESS', 'unix:path=/run/user/1000/bus'), ('COLORTERM', 'truecolor'), ('_CE_M', ''), ('GIO_LAUNCHED_DESKTOP_FILE_PID', '3039'), ('https_proxy', 'http://127.0.0.1:7897'), ('COLCON_PREFIX_PATH', '/home/albusgive2/rlfw/rlfw_deploy/install:/home/albusgive2/rlfw/rlfw_interface/install'), ('ROS_DISTRO', 'humble'), ('GTK_IM_MODULE', 'ibus'), ('LOGNAME', 'albusgive2'), ('http_proxy', 'http://127.0.0.1:7897'), ('JOURNAL_STREAM', '8:18706'), ('_', '/usr/bin/colcon'), ('ROS_VERSION', '2'), ('XDG_SESSION_CLASS', 'user'), ('USERNAME', 'albusgive2'), ('TERM', 'xterm-256color'), ('GNOME_DESKTOP_SESSION_ID', 'this-is-deprecated'), ('_CE_CONDA', ''), ('ROS_LOCALHOST_ONLY', '0'), ('WINDOWPATH', '2'), ('PATH', '/home/albusgive2/Qt/6.8.2/gcc_64/bin:/opt/ros/humble/bin:/usr/local/cuda/bin:/home/albusgive2/anaconda3/condabin:/home/albusgive2/.local/bin:/usr/local/sbin:/usr/local/bin:/usr/sbin:/usr/bin:/sbin:/bin:/usr/games:/usr/local/games:/snap/bin:/snap/bin:/home/albusgive2/.config/Code/User/globalStorage/github.copilot-chat/debugCommand:/usr/local/cuda-12.4/bin'), ('SESSION_MANAGER', 'local/albusgive2:@/tmp/.ICE-unix/1881,unix/albusgive2:/tmp/.ICE-unix/1881'), ('INVOCATION_ID', '20c30074f4284fdba3c48df0b7a81a2d'), ('XDG_MENU_PREFIX', 'gnome-'), ('XDG_RUNTIME_DIR', '/run/user/1000'), ('GDK_BACKEND', 'x11'), ('DISPLAY', ':1'), ('LANG', 'zh_CN.UTF-8'), ('XDG_CURRENT_DESKTOP', 'Unity'), ('XMODIFIERS', '@im=ibus'), ('XDG_SESSION_DESKTOP', 'ubuntu'), ('XAUTHORITY', '/run/user/1000/gdm/Xauthority'), ('LS_COLORS', 'rs=0:di=01;34:ln=01;36:mh=00:pi=40;33:so=01;35:do=01;35:bd=40;33;01:cd=40;33;01:or=40;31;01:mi=00:su=37;41:sg=30;43:ca=30;41:tw=30;42:ow=34;42:st=37;44:ex=01;32:*.tar=01;31:*.tgz=01;31:*.arc=01;31:*.arj=01;31:*.taz=01;31:*.lha=01;31:*.lz4=01;31:*.lzh=01;31:*.lzma=01;31:*.tlz=01;31:*.txz=01;31:*.tzo=01;31:*.t7z=01;31:*.zip=01;31:*.z=01;31:*.dz=01;31:*.gz=01;31:*.lrz=01;31:*.lz=01;31:*.lzo=01;31:*.xz=01;31:*.zst=01;31:*.tzst=01;31:*.bz2=01;31:*.bz=01;31:*.tbz=01;31:*.tbz2=01;31:*.tz=01;31:*.deb=01;31:*.rpm=01;31:*.jar=01;31:*.war=01;31:*.ear=01;31:*.sar=01;31:*.rar=01;31:*.alz=01;31:*.ace=01;31:*.zoo=01;31:*.cpio=01;31:*.7z=01;31:*.rz=01;31:*.cab=01;31:*.wim=01;31:*.swm=01;31:*.dwm=01;31:*.esd=01;31:*.jpg=01;35:*.jpeg=01;35:*.mjpg=01;35:*.mjpeg=01;35:*.gif=01;35:*.bmp=01;35:*.pbm=01;35:*.pgm=01;35:*.ppm=01;35:*.tga=01;35:*.xbm=01;35:*.xpm=01;35:*.tif=01;35:*.tiff=01;35:*.png=01;35:*.svg=01;35:*.svgz=01;35:*.mng=01;35:*.pcx=01;35:*.mov=01;35:*.mpg=01;35:*.mpeg=01;35:*.m2v=01;35:*.mkv=01;35:*.webm=01;35:*.webp=01;35:*.ogm=01;35:*.mp4=01;35:*.m4v=01;35:*.mp4v=01;35:*.vob=01;35:*.qt=01;35:*.nuv=01;35:*.wmv=01;35:*.asf=01;35:*.rm=01;35:*.rmvb=01;35:*.flc=01;35:*.avi=01;35:*.fli=01;35:*.flv=01;35:*.gl=01;35:*.dl=01;35:*.xcf=01;35:*.xwd=01;35:*.yuv=01;35:*.cgm=01;35:*.emf=01;35:*.ogv=01;35:*.ogx=01;35:*.aac=00;36:*.au=00;36:*.flac=00;36:*.m4a=00;36:*.mid=00;36:*.midi=00;36:*.mka=00;36:*.mp3=00;36:*.mpc=00;36:*.ogg=00;36:*.ra=00;36:*.wav=00;36:*.oga=00;36:*.opus=00;36:*.spx=00;36:*.xspf=00;36:'), ('VSCODE_GIT_IPC_HANDLE', '/run/user/1000/vscode-git-3d487d3973.sock'), ('TERM_PROGRAM', 'vscode'), ('SSH_AGENT_LAUNCHER', 'gnome-keyring'), ('SSH_AUTH_SOCK', '/run/user/1000/keyring/ssh'), ('AMENT_PREFIX_PATH', '/home/albusgive2/rlfw/rlfw_deploy/install/nz-imu:/home/albusgive2/rlfw/rlfw_deploy/install/mujoco_mapping:/home/albusgive2/rlfw/rlfw_deploy/install/agent:/home/albusgive2/rlfw/rlfw_deploy/install/CommunicationCenter:/home/albusgive2/rlfw/rlfw_interface/install/rlfw_msgs:/opt/ros/humble'), ('CONDA_PYTHON_EXE', '/home/albusgive2/anaconda3/bin/python'), ('ORIGINAL_XDG_CURRENT_DESKTOP', 'ubuntu:GNOME'), ('SHELL', '/bin/bash'), ('QT_ACCESSIBILITY', '1'), ('GDMSESSION', 'ubuntu'), ('LESSCLOSE', '/usr/bin/lesspipe %s %s'), ('GPG_AGENT_INFO', '/run/user/1000/gnupg/S.gpg-agent:0:1'), ('GJS_DEBUG_OUTPUT', 'stderr'), ('VSCODE_GIT_ASKPASS_EXTRA_ARGS', ''), ('QT_IM_MODULE', 'ibus'), ('PWD', '/home/albusgive2/rlfw/rlfw_deploy/build/nz-imu'), ('XDG_CONFIG_DIRS', '/etc/xdg/xdg-ubuntu:/etc/xdg'), ('CONDA_EXE', '/home/albusgive2/anaconda3/bin/conda'), ('XDG_DATA_DIRS', '/usr/share/ubuntu:/usr/share/gnome:/usr/local/share/:/usr/share/:/var/lib/snapd/desktop'), ('PYTHONPATH', '/home/albusgive2/rlfw/rlfw_interface/install/rlfw_msgs/local/lib/python3.10/dist-packages:/opt/ros/humble/lib/python3.10/site-packages:/opt/ros/humble/local/lib/python3.10/dist-packages'), ('COLCON', '1'), ('CMAKE_PREFIX_PATH', '/home/albusgive2/rlfw/rlfw_deploy/install/nz-imu:/home/albusgive2/rlfw/rlfw_deploy/install/mujoco_mapping:/home/albusgive2/rlfw/rlfw_deploy/install/agent:/home/albusgive2/rlfw/rlfw_deploy/install/CommunicationCenter:/home/albusgive2/rlfw/rlfw_interface/install/rlfw_msgs:/opt/ros/humble')]), 'shell': False}
[0.918282] (mujoco_mapping) StdoutLine: {'line': b"-- Added test 'lint_cmake' to check CMake code style\n"}
[0.922473] (mujoco_mapping) StdoutLine: {'line': b"-- Added test 'uncrustify' to check C / C++ code style\n"}
[0.922567] (mujoco_mapping) StdoutLine: {'line': b'-- Configured uncrustify additional arguments: \n'}
[0.923353] (mujoco_mapping) StdoutLine: {'line': b"-- Added test 'xmllint' to check XML markup files\n"}
[0.924120] (mujoco_mapping) StdoutLine: {'line': b'-- Configuring done\n'}
[0.930349] (mujoco_mapping) StdoutLine: {'line': b'-- Generating done\n'}
[0.932754] (mujoco_mapping) StdoutLine: {'line': b'-- Build files have been written to: /home/albusgive2/rlfw/rlfw_deploy/build/mujoco_mapping\n'}
[0.938469] (mujoco_mapping) CommandEnded: {'returncode': 0}
[0.939027] (mujoco_mapping) JobProgress: {'identifier': 'mujoco_mapping', 'progress': 'build'}
[0.939389] (mujoco_mapping) Command: {'cmd': ['/usr/bin/cmake', '--build', '/home/albusgive2/rlfw/rlfw_deploy/build/mujoco_mapping', '--', '-j12', '-l12'], 'cwd': '/home/albusgive2/rlfw/rlfw_deploy/build/mujoco_mapping', 'env': OrderedDict([('GJS_DEBUG_TOPICS', 'JS ERROR;JS LOG'), ('LESSOPEN', '| /usr/bin/lesspipe %s'), ('LANGUAGE', 'zh_CN:zh'), ('USER', 'albusgive2'), ('XDG_SESSION_TYPE', 'x11'), ('GIT_ASKPASS', '/usr/share/code/resources/app/extensions/git/dist/askpass.sh'), ('SHLVL', '1'), ('LD_LIBRARY_PATH', '/home/albusgive2/rlfw/rlfw_interface/install/rlfw_msgs/lib:/opt/mujoco/lib:/opt/ros/humble/opt/rviz_ogre_vendor/lib:/opt/ros/humble/lib/x86_64-linux-gnu:/opt/ros/humble/lib:/usr/local/cuda/lib64::/usr/local/cuda-12.4/lib64:/home/albusgive2/libtorch-cxx11-abi-shared-with-deps-2.6.0+cu124/libtorch/lib'), ('HOME', '/home/albusgive2'), ('CHROME_DESKTOP', 'code.desktop'), ('CONDA_SHLVL', '0'), ('TERM_PROGRAM_VERSION', '1.97.0'), ('DESKTOP_SESSION', 'ubuntu'), ('GIO_LAUNCHED_DESKTOP_FILE', '/usr/share/applications/code.desktop'), ('ROS_PYTHON_VERSION', '3'), ('GNOME_SHELL_SESSION_MODE', 'ubuntu'), ('GTK_MODULES', 'gail:atk-bridge'), ('VSCODE_GIT_ASKPASS_MAIN', '/usr/share/code/resources/app/extensions/git/dist/askpass-main.js'), ('VSCODE_GIT_ASKPASS_NODE', '/usr/share/code/code'), ('MANAGERPID', '1654'), ('SYSTEMD_EXEC_PID', '1908'), ('DBUS_SESSION_BUS_ADDRESS', 'unix:path=/run/user/1000/bus'), ('COLORTERM', 'truecolor'), ('_CE_M', ''), ('GIO_LAUNCHED_DESKTOP_FILE_PID', '3039'), ('https_proxy', 'http://127.0.0.1:7897'), ('COLCON_PREFIX_PATH', '/home/albusgive2/rlfw/rlfw_deploy/install:/home/albusgive2/rlfw/rlfw_interface/install'), ('ROS_DISTRO', 'humble'), ('GTK_IM_MODULE', 'ibus'), ('LOGNAME', 'albusgive2'), ('http_proxy', 'http://127.0.0.1:7897'), ('JOURNAL_STREAM', '8:18706'), ('_', '/usr/bin/colcon'), ('ROS_VERSION', '2'), ('XDG_SESSION_CLASS', 'user'), ('USERNAME', 'albusgive2'), ('TERM', 'xterm-256color'), ('GNOME_DESKTOP_SESSION_ID', 'this-is-deprecated'), ('_CE_CONDA', ''), ('ROS_LOCALHOST_ONLY', '0'), ('WINDOWPATH', '2'), ('PATH', '/home/albusgive2/Qt/6.8.2/gcc_64/bin:/opt/ros/humble/bin:/usr/local/cuda/bin:/home/albusgive2/anaconda3/condabin:/home/albusgive2/.local/bin:/usr/local/sbin:/usr/local/bin:/usr/sbin:/usr/bin:/sbin:/bin:/usr/games:/usr/local/games:/snap/bin:/snap/bin:/home/albusgive2/.config/Code/User/globalStorage/github.copilot-chat/debugCommand:/usr/local/cuda-12.4/bin'), ('SESSION_MANAGER', 'local/albusgive2:@/tmp/.ICE-unix/1881,unix/albusgive2:/tmp/.ICE-unix/1881'), ('INVOCATION_ID', '20c30074f4284fdba3c48df0b7a81a2d'), ('XDG_MENU_PREFIX', 'gnome-'), ('XDG_RUNTIME_DIR', '/run/user/1000'), ('GDK_BACKEND', 'x11'), ('DISPLAY', ':1'), ('LANG', 'zh_CN.UTF-8'), ('XDG_CURRENT_DESKTOP', 'Unity'), ('XMODIFIERS', '@im=ibus'), ('XDG_SESSION_DESKTOP', 'ubuntu'), ('XAUTHORITY', '/run/user/1000/gdm/Xauthority'), ('LS_COLORS', 'rs=0:di=01;34:ln=01;36:mh=00:pi=40;33:so=01;35:do=01;35:bd=40;33;01:cd=40;33;01:or=40;31;01:mi=00:su=37;41:sg=30;43:ca=30;41:tw=30;42:ow=34;42:st=37;44:ex=01;32:*.tar=01;31:*.tgz=01;31:*.arc=01;31:*.arj=01;31:*.taz=01;31:*.lha=01;31:*.lz4=01;31:*.lzh=01;31:*.lzma=01;31:*.tlz=01;31:*.txz=01;31:*.tzo=01;31:*.t7z=01;31:*.zip=01;31:*.z=01;31:*.dz=01;31:*.gz=01;31:*.lrz=01;31:*.lz=01;31:*.lzo=01;31:*.xz=01;31:*.zst=01;31:*.tzst=01;31:*.bz2=01;31:*.bz=01;31:*.tbz=01;31:*.tbz2=01;31:*.tz=01;31:*.deb=01;31:*.rpm=01;31:*.jar=01;31:*.war=01;31:*.ear=01;31:*.sar=01;31:*.rar=01;31:*.alz=01;31:*.ace=01;31:*.zoo=01;31:*.cpio=01;31:*.7z=01;31:*.rz=01;31:*.cab=01;31:*.wim=01;31:*.swm=01;31:*.dwm=01;31:*.esd=01;31:*.jpg=01;35:*.jpeg=01;35:*.mjpg=01;35:*.mjpeg=01;35:*.gif=01;35:*.bmp=01;35:*.pbm=01;35:*.pgm=01;35:*.ppm=01;35:*.tga=01;35:*.xbm=01;35:*.xpm=01;35:*.tif=01;35:*.tiff=01;35:*.png=01;35:*.svg=01;35:*.svgz=01;35:*.mng=01;35:*.pcx=01;35:*.mov=01;35:*.mpg=01;35:*.mpeg=01;35:*.m2v=01;35:*.mkv=01;35:*.webm=01;35:*.webp=01;35:*.ogm=01;35:*.mp4=01;35:*.m4v=01;35:*.mp4v=01;35:*.vob=01;35:*.qt=01;35:*.nuv=01;35:*.wmv=01;35:*.asf=01;35:*.rm=01;35:*.rmvb=01;35:*.flc=01;35:*.avi=01;35:*.fli=01;35:*.flv=01;35:*.gl=01;35:*.dl=01;35:*.xcf=01;35:*.xwd=01;35:*.yuv=01;35:*.cgm=01;35:*.emf=01;35:*.ogv=01;35:*.ogx=01;35:*.aac=00;36:*.au=00;36:*.flac=00;36:*.m4a=00;36:*.mid=00;36:*.midi=00;36:*.mka=00;36:*.mp3=00;36:*.mpc=00;36:*.ogg=00;36:*.ra=00;36:*.wav=00;36:*.oga=00;36:*.opus=00;36:*.spx=00;36:*.xspf=00;36:'), ('VSCODE_GIT_IPC_HANDLE', '/run/user/1000/vscode-git-3d487d3973.sock'), ('TERM_PROGRAM', 'vscode'), ('SSH_AGENT_LAUNCHER', 'gnome-keyring'), ('SSH_AUTH_SOCK', '/run/user/1000/keyring/ssh'), ('AMENT_PREFIX_PATH', '/home/albusgive2/rlfw/rlfw_deploy/install/nz-imu:/home/albusgive2/rlfw/rlfw_deploy/install/mujoco_mapping:/home/albusgive2/rlfw/rlfw_deploy/install/agent:/home/albusgive2/rlfw/rlfw_deploy/install/CommunicationCenter:/home/albusgive2/rlfw/rlfw_interface/install/rlfw_msgs:/opt/ros/humble'), ('CONDA_PYTHON_EXE', '/home/albusgive2/anaconda3/bin/python'), ('ORIGINAL_XDG_CURRENT_DESKTOP', 'ubuntu:GNOME'), ('SHELL', '/bin/bash'), ('QT_ACCESSIBILITY', '1'), ('GDMSESSION', 'ubuntu'), ('LESSCLOSE', '/usr/bin/lesspipe %s %s'), ('GPG_AGENT_INFO', '/run/user/1000/gnupg/S.gpg-agent:0:1'), ('GJS_DEBUG_OUTPUT', 'stderr'), ('VSCODE_GIT_ASKPASS_EXTRA_ARGS', ''), ('QT_IM_MODULE', 'ibus'), ('PWD', '/home/albusgive2/rlfw/rlfw_deploy/build/mujoco_mapping'), ('XDG_CONFIG_DIRS', '/etc/xdg/xdg-ubuntu:/etc/xdg'), ('CONDA_EXE', '/home/albusgive2/anaconda3/bin/conda'), ('XDG_DATA_DIRS', '/usr/share/ubuntu:/usr/share/gnome:/usr/local/share/:/usr/share/:/var/lib/snapd/desktop'), ('PYTHONPATH', '/home/albusgive2/rlfw/rlfw_interface/install/rlfw_msgs/local/lib/python3.10/dist-packages:/opt/ros/humble/lib/python3.10/site-packages:/opt/ros/humble/local/lib/python3.10/dist-packages'), ('COLCON', '1'), ('CMAKE_PREFIX_PATH', '/home/albusgive2/rlfw/rlfw_deploy/install/nz-imu:/home/albusgive2/rlfw/rlfw_deploy/install/mujoco_mapping:/home/albusgive2/rlfw/rlfw_deploy/install/agent:/home/albusgive2/rlfw/rlfw_deploy/install/CommunicationCenter:/home/albusgive2/rlfw/rlfw_interface/install/rlfw_msgs:/opt/ros/humble')]), 'shell': False}
[0.950945] (nz-imu) StdoutLine: {'line': b'[ 25%] \x1b[32mBuilding CXX object CMakeFiles/hwt906.dir/hwt906/main.cpp.o\x1b[0m\n'}
[0.951576] (nz-imu) StdoutLine: {'line': b'[ 50%] \x1b[32mBuilding CXX object CMakeFiles/hwt906.dir/hwt906/serial.cpp.o\x1b[0m\n'}
[0.952503] (nz-imu) StdoutLine: {'line': b'[ 75%] \x1b[32mBuilding CXX object CMakeFiles/hwt906.dir/hwt906/wit_c_sdk.cpp.o\x1b[0m\n'}
[0.955866] (CommunicationCenter) StdoutLine: {'line': b'-- Found sensor_msgs: 4.2.4 (/opt/ros/humble/share/sensor_msgs/cmake)\n'}
[0.956539] (agent) StdoutLine: {'line': b'-- Found sensor_msgs: 4.2.4 (/opt/ros/humble/share/sensor_msgs/cmake)\n'}
[0.974843] (nz-imu) StderrLine: {'line': b'\x1b[01m\x1b[K/home/albusgive2/rlfw/rlfw_deploy/src/nz-imu/hwt906/wit_c_sdk.cpp:\x1b[m\x1b[K In function \xe2\x80\x98\x1b[01m\x1b[Kvoid WitSerialDataIn(uint8_t)\x1b[m\x1b[K\xe2\x80\x99:\n'}
[0.975008] (nz-imu) StderrLine: {'line': b'\x1b[01m\x1b[K/home/albusgive2/rlfw/rlfw_deploy/src/nz-imu/hwt906/wit_c_sdk.cpp:181:35:\x1b[m\x1b[K \x1b[01;35m\x1b[Kwarning: \x1b[m\x1b[Kcomparison of integer expressions of different signedness: \xe2\x80\x98\x1b[01m\x1b[Kuint32_t\x1b[m\x1b[K\xe2\x80\x99 {aka \xe2\x80\x98\x1b[01m\x1b[Kunsigned int\x1b[m\x1b[K\xe2\x80\x99} and \xe2\x80\x98\x1b[01m\x1b[Kint\x1b[m\x1b[K\xe2\x80\x99 [\x1b[01;35m\x1b[K\x1b]8;;https://gcc.gnu.org/onlinedocs/gcc/Warning-Options.html#index-Wsign-compare\x07-Wsign-compare\x1b]8;;\x07\x1b[m\x1b[K]\n'}
[0.975083] (nz-imu) StderrLine: {'line': b'  181 |                 if(\x1b[01;35m\x1b[Ks_uiWitDataCnt < (s_ucWitDataBuff[2] + 5)\x1b[m\x1b[K)return ;\n'}
[0.975136] (nz-imu) StderrLine: {'line': b'      |                    \x1b[01;35m\x1b[K~~~~~~~~~~~~~~~^~~~~~~~~~~~~~~~~~~~~~~~~~\x1b[m\x1b[K\n'}
[0.978509] (mujoco_mapping) StdoutLine: {'line': b'[ 25%] \x1b[32mBuilding CXX object CMakeFiles/mujoco_mapping.dir/src/main.cpp.o\x1b[0m\n'}
[0.978672] (mujoco_mapping) StdoutLine: {'line': b'[ 50%] \x1b[32mBuilding CXX object CMakeFiles/mujoco_mapping.dir/src/mujoco_base.cpp.o\x1b[0m\n'}
[0.978759] (mujoco_mapping) StdoutLine: {'line': b'[ 75%] \x1b[32mBuilding CXX object CMakeFiles/mujoco_mapping.dir/src/mappingnode.cpp.o\x1b[0m\n'}
[0.979839] (nz-imu) StderrLine: {'line': b'\x1b[01m\x1b[K/home/albusgive2/rlfw/rlfw_deploy/src/nz-imu/hwt906/wit_c_sdk.cpp:\x1b[m\x1b[K In function \xe2\x80\x98\x1b[01m\x1b[Kvoid WitCanDataIn(uint8_t*, uint8_t)\x1b[m\x1b[K\xe2\x80\x99:\n'}
[0.979956] (nz-imu) StderrLine: {'line': b'\x1b[01m\x1b[K/home/albusgive2/rlfw/rlfw_deploy/src/nz-imu/hwt906/wit_c_sdk.cpp:238:25:\x1b[m\x1b[K \x1b[01;35m\x1b[Kwarning: \x1b[m\x1b[Kthis statement may fall through [\x1b[01;35m\x1b[K\x1b]8;;https://gcc.gnu.org/onlinedocs/gcc/Warning-Options.html#index-Wimplicit-fallthrough=\x07-Wimplicit-fallthrough=\x1b]8;;\x07\x1b[m\x1b[K]\n'}
[0.980011] (nz-imu) StderrLine: {'line': b'  238 |                         \x1b[01;35m\x1b[Kif\x1b[m\x1b[K(ucData[1] == 0x53)\n'}
[0.980051] (nz-imu) StderrLine: {'line': b'      |                         \x1b[01;35m\x1b[K^~\x1b[m\x1b[K\n'}
[0.980088] (nz-imu) StderrLine: {'line': b'\x1b[01m\x1b[K/home/albusgive2/rlfw/rlfw_deploy/src/nz-imu/hwt906/wit_c_sdk.cpp:251:19:\x1b[m\x1b[K \x1b[01;36m\x1b[Knote: \x1b[m\x1b[Khere\n'}
[0.980125] (nz-imu) StderrLine: {'line': b'  251 |                   \x1b[01;36m\x1b[Kcase\x1b[m\x1b[K WIT_PROTOCOL_CAN:\n'}
[0.980166] (nz-imu) StderrLine: {'line': b'      |                   \x1b[01;36m\x1b[K^~~~\x1b[m\x1b[K\n'}
[0.983340] (CommunicationCenter) StdoutLine: {'line': b'-- Found ament_lint_auto: 0.12.11 (/opt/ros/humble/share/ament_lint_auto/cmake)\n'}
[1.000654] (-) TimerEvent: {}
[1.002014] (agent) StdoutLine: {'line': b'-- Found CUDA: /usr/local/cuda (found version "12.4") \n'}
[1.035175] (CommunicationCenter) StderrLine: {'line': b'WARNING: Package name "CommunicationCenter" does not follow the naming conventions. It should start with a lower case letter and only contain lower case letters, digits, underscores, and dashes.\n'}
[1.092683] (CommunicationCenter) StdoutLine: {'line': b"-- Added test 'cppcheck' to perform static code analysis on C / C++ code\n"}
[1.093035] (CommunicationCenter) StdoutLine: {'line': b'-- Configured cppcheck include dirs: /home/albusgive2/rlfw/rlfw_deploy/src/CommunicationCenter/include;/home/albusgive2/rlfw/rlfw_deploy/src/CommunicationCenter/motor_driver;/home/albusgive2/rlfw/rlfw_deploy/src/CommunicationCenter/remote_driver\n'}
[1.093098] (CommunicationCenter) StdoutLine: {'line': b'-- Configured cppcheck exclude dirs and/or files: \n'}
[1.096689] (CommunicationCenter) StdoutLine: {'line': b"-- Added test 'flake8' to check Python code syntax and style conventions\n"}
[1.100730] (-) TimerEvent: {}
[1.101504] (CommunicationCenter) StdoutLine: {'line': b"-- Added test 'lint_cmake' to check CMake code style\n"}
[1.104067] (CommunicationCenter) StdoutLine: {'line': b"-- Added test 'pep257' to check Python code against some of the docstring style conventions in PEP 257\n"}
[1.122013] (CommunicationCenter) StdoutLine: {'line': b"-- Added test 'uncrustify' to check C / C++ code style\n"}
[1.122162] (CommunicationCenter) StdoutLine: {'line': b'-- Configured uncrustify additional arguments: \n'}
[1.124739] (CommunicationCenter) StdoutLine: {'line': b"-- Added test 'xmllint' to check XML markup files\n"}
[1.125645] (CommunicationCenter) StdoutLine: {'line': b'-- Configuring done\n'}
[1.142506] (CommunicationCenter) StdoutLine: {'line': b'-- Generating done\n'}
[1.149567] (CommunicationCenter) StdoutLine: {'line': b'-- Build files have been written to: /home/albusgive2/rlfw/rlfw_deploy/build/CommunicationCenter\n'}
[1.158188] (CommunicationCenter) CommandEnded: {'returncode': 0}
[1.158657] (CommunicationCenter) JobProgress: {'identifier': 'CommunicationCenter', 'progress': 'build'}
[1.159003] (CommunicationCenter) Command: {'cmd': ['/usr/bin/cmake', '--build', '/home/albusgive2/rlfw/rlfw_deploy/build/CommunicationCenter', '--', '-j12', '-l12'], 'cwd': '/home/albusgive2/rlfw/rlfw_deploy/build/CommunicationCenter', 'env': OrderedDict([('GJS_DEBUG_TOPICS', 'JS ERROR;JS LOG'), ('LESSOPEN', '| /usr/bin/lesspipe %s'), ('LANGUAGE', 'zh_CN:zh'), ('USER', 'albusgive2'), ('XDG_SESSION_TYPE', 'x11'), ('GIT_ASKPASS', '/usr/share/code/resources/app/extensions/git/dist/askpass.sh'), ('SHLVL', '1'), ('LD_LIBRARY_PATH', '/home/albusgive2/rlfw/rlfw_interface/install/rlfw_msgs/lib:/opt/mujoco/lib:/opt/ros/humble/opt/rviz_ogre_vendor/lib:/opt/ros/humble/lib/x86_64-linux-gnu:/opt/ros/humble/lib:/usr/local/cuda/lib64::/usr/local/cuda-12.4/lib64:/home/albusgive2/libtorch-cxx11-abi-shared-with-deps-2.6.0+cu124/libtorch/lib'), ('HOME', '/home/albusgive2'), ('CHROME_DESKTOP', 'code.desktop'), ('CONDA_SHLVL', '0'), ('TERM_PROGRAM_VERSION', '1.97.0'), ('DESKTOP_SESSION', 'ubuntu'), ('GIO_LAUNCHED_DESKTOP_FILE', '/usr/share/applications/code.desktop'), ('ROS_PYTHON_VERSION', '3'), ('GNOME_SHELL_SESSION_MODE', 'ubuntu'), ('GTK_MODULES', 'gail:atk-bridge'), ('VSCODE_GIT_ASKPASS_MAIN', '/usr/share/code/resources/app/extensions/git/dist/askpass-main.js'), ('VSCODE_GIT_ASKPASS_NODE', '/usr/share/code/code'), ('MANAGERPID', '1654'), ('SYSTEMD_EXEC_PID', '1908'), ('DBUS_SESSION_BUS_ADDRESS', 'unix:path=/run/user/1000/bus'), ('COLORTERM', 'truecolor'), ('_CE_M', ''), ('GIO_LAUNCHED_DESKTOP_FILE_PID', '3039'), ('https_proxy', 'http://127.0.0.1:7897'), ('COLCON_PREFIX_PATH', '/home/albusgive2/rlfw/rlfw_deploy/install:/home/albusgive2/rlfw/rlfw_interface/install'), ('ROS_DISTRO', 'humble'), ('GTK_IM_MODULE', 'ibus'), ('LOGNAME', 'albusgive2'), ('http_proxy', 'http://127.0.0.1:7897'), ('JOURNAL_STREAM', '8:18706'), ('_', '/usr/bin/colcon'), ('ROS_VERSION', '2'), ('XDG_SESSION_CLASS', 'user'), ('USERNAME', 'albusgive2'), ('TERM', 'xterm-256color'), ('GNOME_DESKTOP_SESSION_ID', 'this-is-deprecated'), ('_CE_CONDA', ''), ('ROS_LOCALHOST_ONLY', '0'), ('WINDOWPATH', '2'), ('PATH', '/home/albusgive2/Qt/6.8.2/gcc_64/bin:/opt/ros/humble/bin:/usr/local/cuda/bin:/home/albusgive2/anaconda3/condabin:/home/albusgive2/.local/bin:/usr/local/sbin:/usr/local/bin:/usr/sbin:/usr/bin:/sbin:/bin:/usr/games:/usr/local/games:/snap/bin:/snap/bin:/home/albusgive2/.config/Code/User/globalStorage/github.copilot-chat/debugCommand:/usr/local/cuda-12.4/bin'), ('SESSION_MANAGER', 'local/albusgive2:@/tmp/.ICE-unix/1881,unix/albusgive2:/tmp/.ICE-unix/1881'), ('INVOCATION_ID', '20c30074f4284fdba3c48df0b7a81a2d'), ('XDG_MENU_PREFIX', 'gnome-'), ('XDG_RUNTIME_DIR', '/run/user/1000'), ('GDK_BACKEND', 'x11'), ('DISPLAY', ':1'), ('LANG', 'zh_CN.UTF-8'), ('XDG_CURRENT_DESKTOP', 'Unity'), ('XMODIFIERS', '@im=ibus'), ('XDG_SESSION_DESKTOP', 'ubuntu'), ('XAUTHORITY', '/run/user/1000/gdm/Xauthority'), ('LS_COLORS', 'rs=0:di=01;34:ln=01;36:mh=00:pi=40;33:so=01;35:do=01;35:bd=40;33;01:cd=40;33;01:or=40;31;01:mi=00:su=37;41:sg=30;43:ca=30;41:tw=30;42:ow=34;42:st=37;44:ex=01;32:*.tar=01;31:*.tgz=01;31:*.arc=01;31:*.arj=01;31:*.taz=01;31:*.lha=01;31:*.lz4=01;31:*.lzh=01;31:*.lzma=01;31:*.tlz=01;31:*.txz=01;31:*.tzo=01;31:*.t7z=01;31:*.zip=01;31:*.z=01;31:*.dz=01;31:*.gz=01;31:*.lrz=01;31:*.lz=01;31:*.lzo=01;31:*.xz=01;31:*.zst=01;31:*.tzst=01;31:*.bz2=01;31:*.bz=01;31:*.tbz=01;31:*.tbz2=01;31:*.tz=01;31:*.deb=01;31:*.rpm=01;31:*.jar=01;31:*.war=01;31:*.ear=01;31:*.sar=01;31:*.rar=01;31:*.alz=01;31:*.ace=01;31:*.zoo=01;31:*.cpio=01;31:*.7z=01;31:*.rz=01;31:*.cab=01;31:*.wim=01;31:*.swm=01;31:*.dwm=01;31:*.esd=01;31:*.jpg=01;35:*.jpeg=01;35:*.mjpg=01;35:*.mjpeg=01;35:*.gif=01;35:*.bmp=01;35:*.pbm=01;35:*.pgm=01;35:*.ppm=01;35:*.tga=01;35:*.xbm=01;35:*.xpm=01;35:*.tif=01;35:*.tiff=01;35:*.png=01;35:*.svg=01;35:*.svgz=01;35:*.mng=01;35:*.pcx=01;35:*.mov=01;35:*.mpg=01;35:*.mpeg=01;35:*.m2v=01;35:*.mkv=01;35:*.webm=01;35:*.webp=01;35:*.ogm=01;35:*.mp4=01;35:*.m4v=01;35:*.mp4v=01;35:*.vob=01;35:*.qt=01;35:*.nuv=01;35:*.wmv=01;35:*.asf=01;35:*.rm=01;35:*.rmvb=01;35:*.flc=01;35:*.avi=01;35:*.fli=01;35:*.flv=01;35:*.gl=01;35:*.dl=01;35:*.xcf=01;35:*.xwd=01;35:*.yuv=01;35:*.cgm=01;35:*.emf=01;35:*.ogv=01;35:*.ogx=01;35:*.aac=00;36:*.au=00;36:*.flac=00;36:*.m4a=00;36:*.mid=00;36:*.midi=00;36:*.mka=00;36:*.mp3=00;36:*.mpc=00;36:*.ogg=00;36:*.ra=00;36:*.wav=00;36:*.oga=00;36:*.opus=00;36:*.spx=00;36:*.xspf=00;36:'), ('VSCODE_GIT_IPC_HANDLE', '/run/user/1000/vscode-git-3d487d3973.sock'), ('TERM_PROGRAM', 'vscode'), ('SSH_AGENT_LAUNCHER', 'gnome-keyring'), ('SSH_AUTH_SOCK', '/run/user/1000/keyring/ssh'), ('AMENT_PREFIX_PATH', '/home/albusgive2/rlfw/rlfw_deploy/install/nz-imu:/home/albusgive2/rlfw/rlfw_deploy/install/mujoco_mapping:/home/albusgive2/rlfw/rlfw_deploy/install/agent:/home/albusgive2/rlfw/rlfw_deploy/install/CommunicationCenter:/home/albusgive2/rlfw/rlfw_interface/install/rlfw_msgs:/opt/ros/humble'), ('CONDA_PYTHON_EXE', '/home/albusgive2/anaconda3/bin/python'), ('ORIGINAL_XDG_CURRENT_DESKTOP', 'ubuntu:GNOME'), ('SHELL', '/bin/bash'), ('QT_ACCESSIBILITY', '1'), ('GDMSESSION', 'ubuntu'), ('LESSCLOSE', '/usr/bin/lesspipe %s %s'), ('GPG_AGENT_INFO', '/run/user/1000/gnupg/S.gpg-agent:0:1'), ('GJS_DEBUG_OUTPUT', 'stderr'), ('VSCODE_GIT_ASKPASS_EXTRA_ARGS', ''), ('QT_IM_MODULE', 'ibus'), ('PWD', '/home/albusgive2/rlfw/rlfw_deploy/build/CommunicationCenter'), ('XDG_CONFIG_DIRS', '/etc/xdg/xdg-ubuntu:/etc/xdg'), ('CONDA_EXE', '/home/albusgive2/anaconda3/bin/conda'), ('XDG_DATA_DIRS', '/usr/share/ubuntu:/usr/share/gnome:/usr/local/share/:/usr/share/:/var/lib/snapd/desktop'), ('PYTHONPATH', '/home/albusgive2/rlfw/rlfw_interface/install/rlfw_msgs/local/lib/python3.10/dist-packages:/opt/ros/humble/lib/python3.10/site-packages:/opt/ros/humble/local/lib/python3.10/dist-packages'), ('COLCON', '1'), ('CMAKE_PREFIX_PATH', '/home/albusgive2/rlfw/rlfw_deploy/install/nz-imu:/home/albusgive2/rlfw/rlfw_deploy/install/mujoco_mapping:/home/albusgive2/rlfw/rlfw_deploy/install/agent:/home/albusgive2/rlfw/rlfw_deploy/install/CommunicationCenter:/home/albusgive2/rlfw/rlfw_interface/install/rlfw_msgs:/opt/ros/humble')]), 'shell': False}
[1.197162] (CommunicationCenter) StdoutLine: {'line': b'[  6%] \x1b[32mBuilding CXX object tinyxml2/CMakeFiles/tinyxml2.dir/tinyxml2.cpp.o\x1b[0m\n'}
[1.200821] (-) TimerEvent: {}
[1.301078] (-) TimerEvent: {}
[1.401308] (-) TimerEvent: {}
[1.449339] (CommunicationCenter) StdoutLine: {'line': b'[ 12%] \x1b[32m\x1b[1mLinking CXX static library libtinyxml2.a\x1b[0m\n'}
[1.501410] (-) TimerEvent: {}
[1.515759] (CommunicationCenter) StdoutLine: {'line': b'[ 12%] Built target tinyxml2\n'}
[1.534459] (CommunicationCenter) StdoutLine: {'line': b'[ 18%] \x1b[32mBuilding CXX object CMakeFiles/CommunicationCenter.dir/src/XMLDecoder.cpp.o\x1b[0m\n'}
[1.534655] (CommunicationCenter) StdoutLine: {'line': b'[ 25%] \x1b[32mBuilding CXX object CMakeFiles/CommunicationCenter.dir/src/CommunicationCenter.cpp.o\x1b[0m\n'}
[1.534760] (CommunicationCenter) StdoutLine: {'line': b'[ 31%] \x1b[32mBuilding CXX object CMakeFiles/CommunicationCenter.dir/src/SocketCan.cpp.o\x1b[0m\n'}
[1.536374] (CommunicationCenter) StdoutLine: {'line': b'[ 43%] \x1b[32mBuilding CXX object CMakeFiles/CommunicationCenter.dir/src/PCAN.cpp.o\x1b[0m\n'}
[1.536529] (CommunicationCenter) StdoutLine: {'line': b'[ 50%] \x1b[32mBuilding CXX object CMakeFiles/CommunicationCenter.dir/src/ParallelMechanism..cpp.o\x1b[0m\n'}
[1.536594] (CommunicationCenter) StdoutLine: {'line': b'[ 50%] \x1b[32mBuilding CXX object CMakeFiles/CommunicationCenter.dir/src/main.cpp.o\x1b[0m\n'}
[1.541338] (CommunicationCenter) StdoutLine: {'line': b'[ 56%] \x1b[32mBuilding CXX object CMakeFiles/CommunicationCenter.dir/src/serial.cpp.o\x1b[0m\n'}
[1.541580] (CommunicationCenter) StdoutLine: {'line': b'[ 62%] \x1b[32mBuilding CXX object CMakeFiles/CommunicationCenter.dir/motor_driver/MiMotor.cpp.o\x1b[0m\n'}
[1.543730] (CommunicationCenter) StdoutLine: {'line': b'[ 68%] \x1b[32mBuilding CXX object CMakeFiles/CommunicationCenter.dir/motor_driver/RMMotor.cpp.o\x1b[0m\n'}
[1.543896] (CommunicationCenter) StdoutLine: {'line': b'[ 75%] \x1b[32mBuilding CXX object CMakeFiles/CommunicationCenter.dir/remote_driver/gamepad.cpp.o\x1b[0m\n'}
[1.545933] (CommunicationCenter) StdoutLine: {'line': b'[ 81%] \x1b[32mBuilding CXX object CMakeFiles/CommunicationCenter.dir/motor_driver/DMMotor.cpp.o\x1b[0m\n'}
[1.546121] (CommunicationCenter) StdoutLine: {'line': b'[ 87%] \x1b[32mBuilding CXX object tinyxml2/CMakeFiles/xmltest.dir/xmltest.cpp.o\x1b[0m\n'}
[1.603750] (-) TimerEvent: {}
[1.704040] (-) TimerEvent: {}
[1.725845] (mujoco_mapping) StderrLine: {'line': b'\x1b[01m\x1b[K/home/albusgive2/rlfw/rlfw_deploy/src/mujoco_mapping/src/mujoco_base.cpp:\x1b[m\x1b[K In member function \xe2\x80\x98\x1b[01m\x1b[Kvoid mujoco_base::keyboard(int, int, int, int)\x1b[m\x1b[K\xe2\x80\x99:\n'}
[1.726032] (mujoco_mapping) StderrLine: {'line': b'\x1b[01m\x1b[K/home/albusgive2/rlfw/rlfw_deploy/src/mujoco_mapping/src/mujoco_base.cpp:250:41:\x1b[m\x1b[K \x1b[01;35m\x1b[Kwarning: \x1b[m\x1b[Kunused parameter \xe2\x80\x98\x1b[01m\x1b[Kscancode\x1b[m\x1b[K\xe2\x80\x99 [\x1b[01;35m\x1b[K\x1b]8;;https://gcc.gnu.org/onlinedocs/gcc/Warning-Options.html#index-Wunused-parameter\x07-Wunused-parameter\x1b]8;;\x07\x1b[m\x1b[K]\n'}
[1.726112] (mujoco_mapping) StderrLine: {'line': b'  250 | void mujoco_base::keyboard(int key, \x1b[01;35m\x1b[Kint scancode\x1b[m\x1b[K, int act, int mods) {\n'}
[1.726159] (mujoco_mapping) StderrLine: {'line': b'      |                                     \x1b[01;35m\x1b[K~~~~^~~~~~~~\x1b[m\x1b[K\n'}
[1.726261] (mujoco_mapping) StderrLine: {'line': b'\x1b[01m\x1b[K/home/albusgive2/rlfw/rlfw_deploy/src/mujoco_mapping/src/mujoco_base.cpp:250:64:\x1b[m\x1b[K \x1b[01;35m\x1b[Kwarning: \x1b[m\x1b[Kunused parameter \xe2\x80\x98\x1b[01m\x1b[Kmods\x1b[m\x1b[K\xe2\x80\x99 [\x1b[01;35m\x1b[K\x1b]8;;https://gcc.gnu.org/onlinedocs/gcc/Warning-Options.html#index-Wunused-parameter\x07-Wunused-parameter\x1b]8;;\x07\x1b[m\x1b[K]\n'}
[1.726326] (mujoco_mapping) StderrLine: {'line': b'  250 | void mujoco_base::keyboard(int key, int scancode, int act, \x1b[01;35m\x1b[Kint mods\x1b[m\x1b[K) {\n'}
[1.726372] (mujoco_mapping) StderrLine: {'line': b'      |                                                            \x1b[01;35m\x1b[K~~~~^~~~\x1b[m\x1b[K\n'}
[1.726414] (mujoco_mapping) StderrLine: {'line': b'\x1b[01m\x1b[K/home/albusgive2/rlfw/rlfw_deploy/src/mujoco_mapping/src/mujoco_base.cpp:\x1b[m\x1b[K In member function \xe2\x80\x98\x1b[01m\x1b[Kvoid mujoco_base::mouse_button(int, int, int)\x1b[m\x1b[K\xe2\x80\x99:\n'}
[1.726458] (mujoco_mapping) StderrLine: {'line': b'\x1b[01m\x1b[K/home/albusgive2/rlfw/rlfw_deploy/src/mujoco_mapping/src/mujoco_base.cpp:264:57:\x1b[m\x1b[K \x1b[01;35m\x1b[Kwarning: \x1b[m\x1b[Kunused parameter \xe2\x80\x98\x1b[01m\x1b[Kmods\x1b[m\x1b[K\xe2\x80\x99 [\x1b[01;35m\x1b[K\x1b]8;;https://gcc.gnu.org/onlinedocs/gcc/Warning-Options.html#index-Wunused-parameter\x07-Wunused-parameter\x1b]8;;\x07\x1b[m\x1b[K]\n'}
[1.726502] (mujoco_mapping) StderrLine: {'line': b'  264 | void mujoco_base::mouse_button(int button, int act, \x1b[01;35m\x1b[Kint mods\x1b[m\x1b[K) {\n'}
[1.726544] (mujoco_mapping) StderrLine: {'line': b'      |                                                     \x1b[01;35m\x1b[K~~~~^~~~\x1b[m\x1b[K\n'}
[1.733669] (mujoco_mapping) StderrLine: {'line': b'\x1b[01m\x1b[K/home/albusgive2/rlfw/rlfw_deploy/src/mujoco_mapping/src/mujoco_base.cpp:\x1b[m\x1b[K In member function \xe2\x80\x98\x1b[01m\x1b[Kvoid mujoco_base::scroll(double, double)\x1b[m\x1b[K\xe2\x80\x99:\n'}
[1.733848] (mujoco_mapping) StderrLine: {'line': b'\x1b[01m\x1b[K/home/albusgive2/rlfw/rlfw_deploy/src/mujoco_mapping/src/mujoco_base.cpp:357:33:\x1b[m\x1b[K \x1b[01;35m\x1b[Kwarning: \x1b[m\x1b[Kunused parameter \xe2\x80\x98\x1b[01m\x1b[Kxoffset\x1b[m\x1b[K\xe2\x80\x99 [\x1b[01;35m\x1b[K\x1b]8;;https://gcc.gnu.org/onlinedocs/gcc/Warning-Options.html#index-Wunused-parameter\x07-Wunused-parameter\x1b]8;;\x07\x1b[m\x1b[K]\n'}
[1.733912] (mujoco_mapping) StderrLine: {'line': b'  357 | void mujoco_base::scroll(\x1b[01;35m\x1b[Kdouble xoffset\x1b[m\x1b[K, double yoffset) {\n'}
[1.733976] (mujoco_mapping) StderrLine: {'line': b'      |                          \x1b[01;35m\x1b[K~~~~~~~^~~~~~~\x1b[m\x1b[K\n'}
[1.736744] (mujoco_mapping) StderrLine: {'line': b'\x1b[01m\x1b[K/home/albusgive2/rlfw/rlfw_deploy/src/mujoco_mapping/src/mujoco_base.cpp:\x1b[m\x1b[K In member function \xe2\x80\x98\x1b[01m\x1b[Kstd::vector<double> mujoco_base::get_sensor_data(const mjModel*, const mjData*, const std::string&)\x1b[m\x1b[K\xe2\x80\x99:\n'}
[1.736892] (mujoco_mapping) StderrLine: {'line': b'\x1b[01m\x1b[K/home/albusgive2/rlfw/rlfw_deploy/src/mujoco_mapping/src/mujoco_base.cpp:429:21:\x1b[m\x1b[K \x1b[01;35m\x1b[Kwarning: \x1b[m\x1b[Kcomparison of integer expressions of different signedness: \xe2\x80\x98\x1b[01m\x1b[Kint\x1b[m\x1b[K\xe2\x80\x99 and \xe2\x80\x98\x1b[01m\x1b[Kstd::vector<double>::size_type\x1b[m\x1b[K\xe2\x80\x99 {aka \xe2\x80\x98\x1b[01m\x1b[Klong unsigned int\x1b[m\x1b[K\xe2\x80\x99} [\x1b[01;35m\x1b[K\x1b]8;;https://gcc.gnu.org/onlinedocs/gcc/Warning-Options.html#index-Wsign-compare\x07-Wsign-compare\x1b]8;;\x07\x1b[m\x1b[K]\n'}
[1.736959] (mujoco_mapping) StderrLine: {'line': b'  429 |   for (int i = 0; \x1b[01;35m\x1b[Ki < sensor_data.size()\x1b[m\x1b[K; i++) {\n'}
[1.737017] (mujoco_mapping) StderrLine: {'line': b'      |                   \x1b[01;35m\x1b[K~~^~~~~~~~~~~~~~~~~~~~\x1b[m\x1b[K\n'}
[1.804136] (-) TimerEvent: {}
[1.904521] (-) TimerEvent: {}
[2.005089] (-) TimerEvent: {}
[2.105420] (-) TimerEvent: {}
[2.208120] (-) TimerEvent: {}
[2.308424] (-) TimerEvent: {}
[2.408747] (-) TimerEvent: {}
[2.410373] (CommunicationCenter) StdoutLine: {'line': b'[ 93%] \x1b[32m\x1b[1mLinking CXX executable xmltest\x1b[0m\n'}
[2.508849] (-) TimerEvent: {}
[2.515813] (agent) StdoutLine: {'line': b'-- The CUDA compiler identification is NVIDIA 12.4.99\n'}
[2.519675] (CommunicationCenter) StderrLine: {'line': b'In file included from \x1b[01m\x1b[K/home/albusgive2/rlfw/rlfw_deploy/src/CommunicationCenter/include/CommunicationCenter.hpp:4\x1b[m\x1b[K,\n'}
[2.520139] (CommunicationCenter) StderrLine: {'line': b'                 from \x1b[01m\x1b[K/home/albusgive2/rlfw/rlfw_deploy/src/CommunicationCenter/src/CommunicationCenter.cpp:1\x1b[m\x1b[K:\n'}
[2.520217] (CommunicationCenter) StderrLine: {'line': b'\x1b[01m\x1b[K/home/albusgive2/rlfw/rlfw_deploy/src/CommunicationCenter/motor_driver/DMMotor.h:\x1b[m\x1b[K In member function \xe2\x80\x98\x1b[01m\x1b[Kvirtual DMCANMsg* DMMotor::setCtrlType(uint8_t)\x1b[m\x1b[K\xe2\x80\x99:\n'}
[2.520273] (CommunicationCenter) StderrLine: {'line': b'\x1b[01m\x1b[K/home/albusgive2/rlfw/rlfw_deploy/src/CommunicationCenter/motor_driver/DMMotor.h:54:33:\x1b[m\x1b[K \x1b[01;35m\x1b[Kwarning: \x1b[m\x1b[Kunused parameter \xe2\x80\x98\x1b[01m\x1b[Kmotor_id\x1b[m\x1b[K\xe2\x80\x99 [\x1b[01;35m\x1b[K\x1b]8;;https://gcc.gnu.org/onlinedocs/gcc/Warning-Options.html#index-Wunused-parameter\x07-Wunused-parameter\x1b]8;;\x07\x1b[m\x1b[K]\n'}
[2.520328] (CommunicationCenter) StderrLine: {'line': b'   54 |   DMCANMsg *setCtrlType(\x1b[01;35m\x1b[Kuint8_t motor_id\x1b[m\x1b[K) override { return nullptr; };\n'}
[2.520381] (CommunicationCenter) StderrLine: {'line': b'      |                         \x1b[01;35m\x1b[K~~~~~~~~^~~~~~~~\x1b[m\x1b[K\n'}
[2.520430] (CommunicationCenter) StderrLine: {'line': b'\x1b[01m\x1b[K/home/albusgive2/rlfw/rlfw_deploy/src/CommunicationCenter/motor_driver/DMMotor.h:\x1b[m\x1b[K In member function \xe2\x80\x98\x1b[01m\x1b[Kvirtual DMCANMsg* DMMotor::ctrl_pos(uint8_t, float)\x1b[m\x1b[K\xe2\x80\x99:\n'}
[2.520479] (CommunicationCenter) StderrLine: {'line': b'\x1b[01m\x1b[K/home/albusgive2/rlfw/rlfw_deploy/src/CommunicationCenter/motor_driver/DMMotor.h:56:30:\x1b[m\x1b[K \x1b[01;35m\x1b[Kwarning: \x1b[m\x1b[Kunused parameter \xe2\x80\x98\x1b[01m\x1b[Kmotor_id\x1b[m\x1b[K\xe2\x80\x99 [\x1b[01;35m\x1b[K\x1b]8;;https://gcc.gnu.org/onlinedocs/gcc/Warning-Options.html#index-Wunused-parameter\x07-Wunused-parameter\x1b]8;;\x07\x1b[m\x1b[K]\n'}
[2.520529] (CommunicationCenter) StderrLine: {'line': b'   56 |   DMCANMsg *ctrl_pos(\x1b[01;35m\x1b[Kuint8_t motor_id\x1b[m\x1b[K, float pos) override { return nullptr; };\n'}
[2.520576] (CommunicationCenter) StderrLine: {'line': b'      |                      \x1b[01;35m\x1b[K~~~~~~~~^~~~~~~~\x1b[m\x1b[K\n'}
[2.520621] (CommunicationCenter) StderrLine: {'line': b'\x1b[01m\x1b[K/home/albusgive2/rlfw/rlfw_deploy/src/CommunicationCenter/motor_driver/DMMotor.h:56:46:\x1b[m\x1b[K \x1b[01;35m\x1b[Kwarning: \x1b[m\x1b[Kunused parameter \xe2\x80\x98\x1b[01m\x1b[Kpos\x1b[m\x1b[K\xe2\x80\x99 [\x1b[01;35m\x1b[K\x1b]8;;https://gcc.gnu.org/onlinedocs/gcc/Warning-Options.html#index-Wunused-parameter\x07-Wunused-parameter\x1b]8;;\x07\x1b[m\x1b[K]\n'}
[2.520681] (CommunicationCenter) StderrLine: {'line': b'   56 |   DMCANMsg *ctrl_pos(uint8_t motor_id, \x1b[01;35m\x1b[Kfloat pos\x1b[m\x1b[K) override { return nullptr; };\n'}
[2.520742] (CommunicationCenter) StderrLine: {'line': b'      |                                        \x1b[01;35m\x1b[K~~~~~~^~~\x1b[m\x1b[K\n'}
[2.520789] (CommunicationCenter) StderrLine: {'line': b'\x1b[01m\x1b[K/home/albusgive2/rlfw/rlfw_deploy/src/CommunicationCenter/motor_driver/DMMotor.h:\x1b[m\x1b[K In member function \xe2\x80\x98\x1b[01m\x1b[Kvirtual DMCANMsg* DMMotor::ctrl_vel(uint8_t, float)\x1b[m\x1b[K\xe2\x80\x99:\n'}
[2.520834] (CommunicationCenter) StderrLine: {'line': b'\x1b[01m\x1b[K/home/albusgive2/rlfw/rlfw_deploy/src/CommunicationCenter/motor_driver/DMMotor.h:58:30:\x1b[m\x1b[K \x1b[01;35m\x1b[Kwarning: \x1b[m\x1b[Kunused parameter \xe2\x80\x98\x1b[01m\x1b[Kmotor_id\x1b[m\x1b[K\xe2\x80\x99 [\x1b[01;35m\x1b[K\x1b]8;;https://gcc.gnu.org/onlinedocs/gcc/Warning-Options.html#index-Wunused-parameter\x07-Wunused-parameter\x1b]8;;\x07\x1b[m\x1b[K]\n'}
[2.520885] (CommunicationCenter) StderrLine: {'line': b'   58 |   DMCANMsg *ctrl_vel(\x1b[01;35m\x1b[Kuint8_t motor_id\x1b[m\x1b[K, float vel) override { return nullptr; };\n'}
[2.520934] (CommunicationCenter) StderrLine: {'line': b'      |                      \x1b[01;35m\x1b[K~~~~~~~~^~~~~~~~\x1b[m\x1b[K\n'}
[2.520980] (CommunicationCenter) StderrLine: {'line': b'\x1b[01m\x1b[K/home/albusgive2/rlfw/rlfw_deploy/src/CommunicationCenter/motor_driver/DMMotor.h:58:46:\x1b[m\x1b[K \x1b[01;35m\x1b[Kwarning: \x1b[m\x1b[Kunused parameter \xe2\x80\x98\x1b[01m\x1b[Kvel\x1b[m\x1b[K\xe2\x80\x99 [\x1b[01;35m\x1b[K\x1b]8;;https://gcc.gnu.org/onlinedocs/gcc/Warning-Options.html#index-Wunused-parameter\x07-Wunused-parameter\x1b]8;;\x07\x1b[m\x1b[K]\n'}
[2.521024] (CommunicationCenter) StderrLine: {'line': b'   58 |   DMCANMsg *ctrl_vel(uint8_t motor_id, \x1b[01;35m\x1b[Kfloat vel\x1b[m\x1b[K) override { return nullptr; };\n'}
[2.521069] (CommunicationCenter) StderrLine: {'line': b'      |                                        \x1b[01;35m\x1b[K~~~~~~^~~\x1b[m\x1b[K\n'}
[2.521119] (CommunicationCenter) StderrLine: {'line': b'\x1b[01m\x1b[K/home/albusgive2/rlfw/rlfw_deploy/src/CommunicationCenter/motor_driver/DMMotor.h:\x1b[m\x1b[K In member function \xe2\x80\x98\x1b[01m\x1b[Kvirtual DMCANMsg* DMMotor::ctrl_pos_vel(uint8_t, float, float)\x1b[m\x1b[K\xe2\x80\x99:\n'}
[2.521168] (CommunicationCenter) StderrLine: {'line': b'\x1b[01m\x1b[K/home/albusgive2/rlfw/rlfw_deploy/src/CommunicationCenter/motor_driver/DMMotor.h:60:34:\x1b[m\x1b[K \x1b[01;35m\x1b[Kwarning: \x1b[m\x1b[Kunused parameter \xe2\x80\x98\x1b[01m\x1b[Kmotor_id\x1b[m\x1b[K\xe2\x80\x99 [\x1b[01;35m\x1b[K\x1b]8;;https://gcc.gnu.org/onlinedocs/gcc/Warning-Options.html#index-Wunused-parameter\x07-Wunused-parameter\x1b]8;;\x07\x1b[m\x1b[K]\n'}
[2.521220] (CommunicationCenter) StderrLine: {'line': b'   60 |   DMCANMsg *ctrl_pos_vel(\x1b[01;35m\x1b[Kuint8_t motor_id\x1b[m\x1b[K, float pos, float vel) override {\n'}
[2.521263] (CommunicationCenter) StderrLine: {'line': b'      |                          \x1b[01;35m\x1b[K~~~~~~~~^~~~~~~~\x1b[m\x1b[K\n'}
[2.521305] (CommunicationCenter) StderrLine: {'line': b'\x1b[01m\x1b[K/home/albusgive2/rlfw/rlfw_deploy/src/CommunicationCenter/motor_driver/DMMotor.h:60:50:\x1b[m\x1b[K \x1b[01;35m\x1b[Kwarning: \x1b[m\x1b[Kunused parameter \xe2\x80\x98\x1b[01m\x1b[Kpos\x1b[m\x1b[K\xe2\x80\x99 [\x1b[01;35m\x1b[K\x1b]8;;https://gcc.gnu.org/onlinedocs/gcc/Warning-Options.html#index-Wunused-parameter\x07-Wunused-parameter\x1b]8;;\x07\x1b[m\x1b[K]\n'}
[2.521356] (CommunicationCenter) StderrLine: {'line': b'   60 |   DMCANMsg *ctrl_pos_vel(uint8_t motor_id, \x1b[01;35m\x1b[Kfloat pos\x1b[m\x1b[K, float vel) override {\n'}
[2.521400] (CommunicationCenter) StderrLine: {'line': b'      |                                            \x1b[01;35m\x1b[K~~~~~~^~~\x1b[m\x1b[K\n'}
[2.521441] (CommunicationCenter) StderrLine: {'line': b'\x1b[01m\x1b[K/home/albusgive2/rlfw/rlfw_deploy/src/CommunicationCenter/motor_driver/DMMotor.h:60:61:\x1b[m\x1b[K \x1b[01;35m\x1b[Kwarning: \x1b[m\x1b[Kunused parameter \xe2\x80\x98\x1b[01m\x1b[Kvel\x1b[m\x1b[K\xe2\x80\x99 [\x1b[01;35m\x1b[K\x1b]8;;https://gcc.gnu.org/onlinedocs/gcc/Warning-Options.html#index-Wunused-parameter\x07-Wunused-parameter\x1b]8;;\x07\x1b[m\x1b[K]\n'}
[2.521490] (CommunicationCenter) StderrLine: {'line': b'   60 |   DMCANMsg *ctrl_pos_vel(uint8_t motor_id, float pos, \x1b[01;35m\x1b[Kfloat vel\x1b[m\x1b[K) override {\n'}
[2.521532] (CommunicationCenter) StderrLine: {'line': b'      |                                                       \x1b[01;35m\x1b[K~~~~~~^~~\x1b[m\x1b[K\n'}
[2.521577] (CommunicationCenter) StderrLine: {'line': b'\x1b[01m\x1b[K/home/albusgive2/rlfw/rlfw_deploy/src/CommunicationCenter/motor_driver/DMMotor.h:\x1b[m\x1b[K In member function \xe2\x80\x98\x1b[01m\x1b[Kvirtual DMCANMsg* DMMotor::ctrl_torque(uint8_t, float)\x1b[m\x1b[K\xe2\x80\x99:\n'}
[2.521620] (CommunicationCenter) StderrLine: {'line': b'\x1b[01m\x1b[K/home/albusgive2/rlfw/rlfw_deploy/src/CommunicationCenter/motor_driver/DMMotor.h:64:33:\x1b[m\x1b[K \x1b[01;35m\x1b[Kwarning: \x1b[m\x1b[Kunused parameter \xe2\x80\x98\x1b[01m\x1b[Kmotor_id\x1b[m\x1b[K\xe2\x80\x99 [\x1b[01;35m\x1b[K\x1b]8;;https://gcc.gnu.org/onlinedocs/gcc/Warning-Options.html#index-Wunused-parameter\x07-Wunused-parameter\x1b]8;;\x07\x1b[m\x1b[K]\n'}
[2.521663] (CommunicationCenter) StderrLine: {'line': b'   64 |   DMCANMsg *ctrl_torque(\x1b[01;35m\x1b[Kuint8_t motor_id\x1b[m\x1b[K, float torque) override {\n'}
[2.521712] (CommunicationCenter) StderrLine: {'line': b'      |                         \x1b[01;35m\x1b[K~~~~~~~~^~~~~~~~\x1b[m\x1b[K\n'}
[2.521754] (CommunicationCenter) StderrLine: {'line': b'\x1b[01m\x1b[K/home/albusgive2/rlfw/rlfw_deploy/src/CommunicationCenter/motor_driver/DMMotor.h:64:49:\x1b[m\x1b[K \x1b[01;35m\x1b[Kwarning: \x1b[m\x1b[Kunused parameter \xe2\x80\x98\x1b[01m\x1b[Ktorque\x1b[m\x1b[K\xe2\x80\x99 [\x1b[01;35m\x1b[K\x1b]8;;https://gcc.gnu.org/onlinedocs/gcc/Warning-Options.html#index-Wunused-parameter\x07-Wunused-parameter\x1b]8;;\x07\x1b[m\x1b[K]\n'}
[2.521800] (CommunicationCenter) StderrLine: {'line': b'   64 |   DMCANMsg *ctrl_torque(uint8_t motor_id, \x1b[01;35m\x1b[Kfloat torque\x1b[m\x1b[K) override {\n'}
[2.521840] (CommunicationCenter) StderrLine: {'line': b'      |                                           \x1b[01;35m\x1b[K~~~~~~^~~~~~\x1b[m\x1b[K\n'}
[2.521882] (CommunicationCenter) StderrLine: {'line': b'\x1b[01m\x1b[K/home/albusgive2/rlfw/rlfw_deploy/src/CommunicationCenter/motor_driver/DMMotor.h:\x1b[m\x1b[K In member function \xe2\x80\x98\x1b[01m\x1b[Kvirtual DMCANMsg* DMMotor::setPosKP(uint8_t, float)\x1b[m\x1b[K\xe2\x80\x99:\n'}
[2.521926] (CommunicationCenter) StderrLine: {'line': b'\x1b[01m\x1b[K/home/albusgive2/rlfw/rlfw_deploy/src/CommunicationCenter/motor_driver/DMMotor.h:68:30:\x1b[m\x1b[K \x1b[01;35m\x1b[Kwarning: \x1b[m\x1b[Kunused parameter \xe2\x80\x98\x1b[01m\x1b[Kmotor_id\x1b[m\x1b[K\xe2\x80\x99 [\x1b[01;35m\x1b[K\x1b]8;;https://gcc.gnu.org/onlinedocs/gcc/Warning-Options.html#index-Wunused-parameter\x07-Wunused-parameter\x1b]8;;\x07\x1b[m\x1b[K]\n'}
[2.521973] (CommunicationCenter) StderrLine: {'line': b'   68 |   DMCANMsg *setPosKP(\x1b[01;35m\x1b[Kuint8_t motor_id\x1b[m\x1b[K, float kp) override { return nullptr; };\n'}
[2.522013] (CommunicationCenter) StderrLine: {'line': b'      |                      \x1b[01;35m\x1b[K~~~~~~~~^~~~~~~~\x1b[m\x1b[K\n'}
[2.522057] (CommunicationCenter) StderrLine: {'line': b'\x1b[01m\x1b[K/home/albusgive2/rlfw/rlfw_deploy/src/CommunicationCenter/motor_driver/DMMotor.h:68:46:\x1b[m\x1b[K \x1b[01;35m\x1b[Kwarning: \x1b[m\x1b[Kunused parameter \xe2\x80\x98\x1b[01m\x1b[Kkp\x1b[m\x1b[K\xe2\x80\x99 [\x1b[01;35m\x1b[K\x1b]8;;https://gcc.gnu.org/onlinedocs/gcc/Warning-Options.html#index-Wunused-parameter\x07-Wunused-parameter\x1b]8;;\x07\x1b[m\x1b[K]\n'}
[2.522100] (CommunicationCenter) StderrLine: {'line': b'   68 |   DMCANMsg *setPosKP(uint8_t motor_id, \x1b[01;35m\x1b[Kfloat kp\x1b[m\x1b[K) override { return nullptr; };\n'}
[2.522140] (CommunicationCenter) StderrLine: {'line': b'      |                                        \x1b[01;35m\x1b[K~~~~~~^~\x1b[m\x1b[K\n'}
[2.522177] (CommunicationCenter) StderrLine: {'line': b'\x1b[01m\x1b[K/home/albusgive2/rlfw/rlfw_deploy/src/CommunicationCenter/motor_driver/DMMotor.h:\x1b[m\x1b[K In member function \xe2\x80\x98\x1b[01m\x1b[Kvirtual DMCANMsg* DMMotor::setPosKD(uint8_t, float)\x1b[m\x1b[K\xe2\x80\x99:\n'}
[2.522220] (CommunicationCenter) StderrLine: {'line': b'\x1b[01m\x1b[K/home/albusgive2/rlfw/rlfw_deploy/src/CommunicationCenter/motor_driver/DMMotor.h:69:30:\x1b[m\x1b[K \x1b[01;35m\x1b[Kwarning: \x1b[m\x1b[Kunused parameter \xe2\x80\x98\x1b[01m\x1b[Kmotor_id\x1b[m\x1b[K\xe2\x80\x99 [\x1b[01;35m\x1b[K\x1b]8;;https://gcc.gnu.org/onlinedocs/gcc/Warning-Options.html#index-Wunused-parameter\x07-Wunused-parameter\x1b]8;;\x07\x1b[m\x1b[K]\n'}
[2.522273] (CommunicationCenter) StderrLine: {'line': b'   69 |   DMCANMsg *setPosKD(\x1b[01;35m\x1b[Kuint8_t motor_id\x1b[m\x1b[K, float kd) override { return nullptr; };\n'}
[2.522317] (CommunicationCenter) StderrLine: {'line': b'      |                      \x1b[01;35m\x1b[K~~~~~~~~^~~~~~~~\x1b[m\x1b[K\n'}
[2.522360] (CommunicationCenter) StderrLine: {'line': b'\x1b[01m\x1b[K/home/albusgive2/rlfw/rlfw_deploy/src/CommunicationCenter/motor_driver/DMMotor.h:69:46:\x1b[m\x1b[K \x1b[01;35m\x1b[Kwarning: \x1b[m\x1b[Kunused parameter \xe2\x80\x98\x1b[01m\x1b[Kkd\x1b[m\x1b[K\xe2\x80\x99 [\x1b[01;35m\x1b[K\x1b]8;;https://gcc.gnu.org/onlinedocs/gcc/Warning-Options.html#index-Wunused-parameter\x07-Wunused-parameter\x1b]8;;\x07\x1b[m\x1b[K]\n'}
[2.522404] (CommunicationCenter) StderrLine: {'line': b'   69 |   DMCANMsg *setPosKD(uint8_t motor_id, \x1b[01;35m\x1b[Kfloat kd\x1b[m\x1b[K) override { return nullptr; };\n'}
[2.522443] (CommunicationCenter) StderrLine: {'line': b'      |                                        \x1b[01;35m\x1b[K~~~~~~^~\x1b[m\x1b[K\n'}
[2.522480] (CommunicationCenter) StderrLine: {'line': b'\x1b[01m\x1b[K/home/albusgive2/rlfw/rlfw_deploy/src/CommunicationCenter/motor_driver/DMMotor.h:\x1b[m\x1b[K In member function \xe2\x80\x98\x1b[01m\x1b[Kvirtual DMCANMsg* DMMotor::setVelKP(uint8_t, float)\x1b[m\x1b[K\xe2\x80\x99:\n'}
[2.522519] (CommunicationCenter) StderrLine: {'line': b'\x1b[01m\x1b[K/home/albusgive2/rlfw/rlfw_deploy/src/CommunicationCenter/motor_driver/DMMotor.h:71:30:\x1b[m\x1b[K \x1b[01;35m\x1b[Kwarning: \x1b[m\x1b[Kunused parameter \xe2\x80\x98\x1b[01m\x1b[Kmotor_id\x1b[m\x1b[K\xe2\x80\x99 [\x1b[01;35m\x1b[K\x1b]8;;https://gcc.gnu.org/onlinedocs/gcc/Warning-Options.html#index-Wunused-parameter\x07-Wunused-parameter\x1b]8;;\x07\x1b[m\x1b[K]\n'}
[2.522560] (CommunicationCenter) StderrLine: {'line': b'   71 |   DMCANMsg *setVelKP(\x1b[01;35m\x1b[Kuint8_t motor_id\x1b[m\x1b[K, float kp) override { return nullptr; };\n'}
[2.522601] (CommunicationCenter) StderrLine: {'line': b'      |                      \x1b[01;35m\x1b[K~~~~~~~~^~~~~~~~\x1b[m\x1b[K\n'}
[2.522643] (CommunicationCenter) StderrLine: {'line': b'\x1b[01m\x1b[K/home/albusgive2/rlfw/rlfw_deploy/src/CommunicationCenter/motor_driver/DMMotor.h:71:46:\x1b[m\x1b[K \x1b[01;35m\x1b[Kwarning: \x1b[m\x1b[Kunused parameter \xe2\x80\x98\x1b[01m\x1b[Kkp\x1b[m\x1b[K\xe2\x80\x99 [\x1b[01;35m\x1b[K\x1b]8;;https://gcc.gnu.org/onlinedocs/gcc/Warning-Options.html#index-Wunused-parameter\x07-Wunused-parameter\x1b]8;;\x07\x1b[m\x1b[K]\n'}
[2.522688] (CommunicationCenter) StderrLine: {'line': b'   71 |   DMCANMsg *setVelKP(uint8_t motor_id, \x1b[01;35m\x1b[Kfloat kp\x1b[m\x1b[K) override { return nullptr; };\n'}
[2.522752] (CommunicationCenter) StderrLine: {'line': b'      |                                        \x1b[01;35m\x1b[K~~~~~~^~\x1b[m\x1b[K\n'}
[2.522797] (CommunicationCenter) StderrLine: {'line': b'\x1b[01m\x1b[K/home/albusgive2/rlfw/rlfw_deploy/src/CommunicationCenter/motor_driver/DMMotor.h:\x1b[m\x1b[K In member function \xe2\x80\x98\x1b[01m\x1b[Kvirtual DMCANMsg* DMMotor::setVelKI(uint8_t, float)\x1b[m\x1b[K\xe2\x80\x99:\n'}
[2.522840] (CommunicationCenter) StderrLine: {'line': b'\x1b[01m\x1b[K/home/albusgive2/rlfw/rlfw_deploy/src/CommunicationCenter/motor_driver/DMMotor.h:72:30:\x1b[m\x1b[K \x1b[01;35m\x1b[Kwarning: \x1b[m\x1b[Kunused parameter \xe2\x80\x98\x1b[01m\x1b[Kmotor_id\x1b[m\x1b[K\xe2\x80\x99 [\x1b[01;35m\x1b[K\x1b]8;;https://gcc.gnu.org/onlinedocs/gcc/Warning-Options.html#index-Wunused-parameter\x07-Wunused-parameter\x1b]8;;\x07\x1b[m\x1b[K]\n'}
[2.522889] (CommunicationCenter) StderrLine: {'line': b'   72 |   DMCANMsg *setVelKI(\x1b[01;35m\x1b[Kuint8_t motor_id\x1b[m\x1b[K, float ki) override { return nullptr; };\n'}
[2.522931] (CommunicationCenter) StderrLine: {'line': b'      |                      \x1b[01;35m\x1b[K~~~~~~~~^~~~~~~~\x1b[m\x1b[K\n'}
[2.522972] (CommunicationCenter) StderrLine: {'line': b'\x1b[01m\x1b[K/home/albusgive2/rlfw/rlfw_deploy/src/CommunicationCenter/motor_driver/DMMotor.h:72:46:\x1b[m\x1b[K \x1b[01;35m\x1b[Kwarning: \x1b[m\x1b[Kunused parameter \xe2\x80\x98\x1b[01m\x1b[Kki\x1b[m\x1b[K\xe2\x80\x99 [\x1b[01;35m\x1b[K\x1b]8;;https://gcc.gnu.org/onlinedocs/gcc/Warning-Options.html#index-Wunused-parameter\x07-Wunused-parameter\x1b]8;;\x07\x1b[m\x1b[K]\n'}
[2.523015] (CommunicationCenter) StderrLine: {'line': b'   72 |   DMCANMsg *setVelKI(uint8_t motor_id, \x1b[01;35m\x1b[Kfloat ki\x1b[m\x1b[K) override { return nullptr; };\n'}
[2.523069] (CommunicationCenter) StderrLine: {'line': b'      |                                        \x1b[01;35m\x1b[K~~~~~~^~\x1b[m\x1b[K\n'}
[2.523112] (CommunicationCenter) StderrLine: {'line': b'\x1b[01m\x1b[K/home/albusgive2/rlfw/rlfw_deploy/src/CommunicationCenter/motor_driver/DMMotor.h:\x1b[m\x1b[K In member function \xe2\x80\x98\x1b[01m\x1b[Kvirtual DMCANMsg* DMMotor::setTorqueKP(uint8_t, float)\x1b[m\x1b[K\xe2\x80\x99:\n'}
[2.523156] (CommunicationCenter) StderrLine: {'line': b'\x1b[01m\x1b[K/home/albusgive2/rlfw/rlfw_deploy/src/CommunicationCenter/motor_driver/DMMotor.h:74:33:\x1b[m\x1b[K \x1b[01;35m\x1b[Kwarning: \x1b[m\x1b[Kunused parameter \xe2\x80\x98\x1b[01m\x1b[Kmotor_id\x1b[m\x1b[K\xe2\x80\x99 [\x1b[01;35m\x1b[K\x1b]8;;https://gcc.gnu.org/onlinedocs/gcc/Warning-Options.html#index-Wunused-parameter\x07-Wunused-parameter\x1b]8;;\x07\x1b[m\x1b[K]\n'}
[2.523199] (CommunicationCenter) StderrLine: {'line': b'   74 |   DMCANMsg *setTorqueKP(\x1b[01;35m\x1b[Kuint8_t motor_id\x1b[m\x1b[K, float kp) override {\n'}
[2.523241] (CommunicationCenter) StderrLine: {'line': b'      |                         \x1b[01;35m\x1b[K~~~~~~~~^~~~~~~~\x1b[m\x1b[K\n'}
[2.523279] (CommunicationCenter) StderrLine: {'line': b'\x1b[01m\x1b[K/home/albusgive2/rlfw/rlfw_deploy/src/CommunicationCenter/motor_driver/DMMotor.h:74:49:\x1b[m\x1b[K \x1b[01;35m\x1b[Kwarning: \x1b[m\x1b[Kunused parameter \xe2\x80\x98\x1b[01m\x1b[Kkp\x1b[m\x1b[K\xe2\x80\x99 [\x1b[01;35m\x1b[K\x1b]8;;https://gcc.gnu.org/onlinedocs/gcc/Warning-Options.html#index-Wunused-parameter\x07-Wunused-parameter\x1b]8;;\x07\x1b[m\x1b[K]\n'}
[2.523320] (CommunicationCenter) StderrLine: {'line': b'   74 |   DMCANMsg *setTorqueKP(uint8_t motor_id, \x1b[01;35m\x1b[Kfloat kp\x1b[m\x1b[K) override {\n'}
[2.523361] (CommunicationCenter) StderrLine: {'line': b'      |                                           \x1b[01;35m\x1b[K~~~~~~^~\x1b[m\x1b[K\n'}
[2.523400] (CommunicationCenter) StderrLine: {'line': b'\x1b[01m\x1b[K/home/albusgive2/rlfw/rlfw_deploy/src/CommunicationCenter/motor_driver/DMMotor.h:\x1b[m\x1b[K In member function \xe2\x80\x98\x1b[01m\x1b[Kvirtual DMCANMsg* DMMotor::setTorqueKI(uint8_t, float)\x1b[m\x1b[K\xe2\x80\x99:\n'}
[2.523449] (CommunicationCenter) StderrLine: {'line': b'\x1b[01m\x1b[K/home/albusgive2/rlfw/rlfw_deploy/src/CommunicationCenter/motor_driver/DMMotor.h:77:33:\x1b[m\x1b[K \x1b[01;35m\x1b[Kwarning: \x1b[m\x1b[Kunused parameter \xe2\x80\x98\x1b[01m\x1b[Kmotor_id\x1b[m\x1b[K\xe2\x80\x99 [\x1b[01;35m\x1b[K\x1b]8;;https://gcc.gnu.org/onlinedocs/gcc/Warning-Options.html#index-Wunused-parameter\x07-Wunused-parameter\x1b]8;;\x07\x1b[m\x1b[K]\n'}
[2.523493] (CommunicationCenter) StderrLine: {'line': b'   77 |   DMCANMsg *setTorqueKI(\x1b[01;35m\x1b[Kuint8_t motor_id\x1b[m\x1b[K, float ki) override {\n'}
[2.523539] (CommunicationCenter) StderrLine: {'line': b'      |                         \x1b[01;35m\x1b[K~~~~~~~~^~~~~~~~\x1b[m\x1b[K\n'}
[2.523584] (CommunicationCenter) StderrLine: {'line': b'\x1b[01m\x1b[K/home/albusgive2/rlfw/rlfw_deploy/src/CommunicationCenter/motor_driver/DMMotor.h:77:49:\x1b[m\x1b[K \x1b[01;35m\x1b[Kwarning: \x1b[m\x1b[Kunused parameter \xe2\x80\x98\x1b[01m\x1b[Kki\x1b[m\x1b[K\xe2\x80\x99 [\x1b[01;35m\x1b[K\x1b]8;;https://gcc.gnu.org/onlinedocs/gcc/Warning-Options.html#index-Wunused-parameter\x07-Wunused-parameter\x1b]8;;\x07\x1b[m\x1b[K]\n'}
[2.523634] (CommunicationCenter) StderrLine: {'line': b'   77 |   DMCANMsg *setTorqueKI(uint8_t motor_id, \x1b[01;35m\x1b[Kfloat ki\x1b[m\x1b[K) override {\n'}
[2.523677] (CommunicationCenter) StderrLine: {'line': b'      |                                           \x1b[01;35m\x1b[K~~~~~~^~\x1b[m\x1b[K\n'}
[2.530881] (CommunicationCenter) StderrLine: {'line': b'\x1b[01m\x1b[K/home/albusgive2/rlfw/rlfw_deploy/src/CommunicationCenter/motor_driver/DMMotor.h:\x1b[m\x1b[K In member function \xe2\x80\x98\x1b[01m\x1b[Kvirtual DMCANMsg* DMMotor::setSafeTorque(uint8_t, float)\x1b[m\x1b[K\xe2\x80\x99:\n'}
[2.531008] (CommunicationCenter) StderrLine: {'line': b'\x1b[01m\x1b[K/home/albusgive2/rlfw/rlfw_deploy/src/CommunicationCenter/motor_driver/DMMotor.h:81:35:\x1b[m\x1b[K \x1b[01;35m\x1b[Kwarning: \x1b[m\x1b[Kunused parameter \xe2\x80\x98\x1b[01m\x1b[Kmotor_id\x1b[m\x1b[K\xe2\x80\x99 [\x1b[01;35m\x1b[K\x1b]8;;https://gcc.gnu.org/onlinedocs/gcc/Warning-Options.html#index-Wunused-parameter\x07-Wunused-parameter\x1b]8;;\x07\x1b[m\x1b[K]\n'}
[2.531083] (CommunicationCenter) StderrLine: {'line': b'   81 |   DMCANMsg *setSafeTorque(\x1b[01;35m\x1b[Kuint8_t motor_id\x1b[m\x1b[K, float torque) override {\n'}
[2.531131] (CommunicationCenter) StderrLine: {'line': b'      |                           \x1b[01;35m\x1b[K~~~~~~~~^~~~~~~~\x1b[m\x1b[K\n'}
[2.531179] (CommunicationCenter) StderrLine: {'line': b'\x1b[01m\x1b[K/home/albusgive2/rlfw/rlfw_deploy/src/CommunicationCenter/motor_driver/DMMotor.h:81:51:\x1b[m\x1b[K \x1b[01;35m\x1b[Kwarning: \x1b[m\x1b[Kunused parameter \xe2\x80\x98\x1b[01m\x1b[Ktorque\x1b[m\x1b[K\xe2\x80\x99 [\x1b[01;35m\x1b[K\x1b]8;;https://gcc.gnu.org/onlinedocs/gcc/Warning-Options.html#index-Wunused-parameter\x07-Wunused-parameter\x1b]8;;\x07\x1b[m\x1b[K]\n'}
[2.531237] (CommunicationCenter) StderrLine: {'line': b'   81 |   DMCANMsg *setSafeTorque(uint8_t motor_id, \x1b[01;35m\x1b[Kfloat torque\x1b[m\x1b[K) override {\n'}
[2.531283] (CommunicationCenter) StderrLine: {'line': b'      |                                             \x1b[01;35m\x1b[K~~~~~~^~~~~~\x1b[m\x1b[K\n'}
[2.531326] (CommunicationCenter) StderrLine: {'line': b'\x1b[01m\x1b[K/home/albusgive2/rlfw/rlfw_deploy/src/CommunicationCenter/motor_driver/DMMotor.h:\x1b[m\x1b[K In member function \xe2\x80\x98\x1b[01m\x1b[Kvirtual DMCANMsg* DMMotor::setSafePos(uint8_t, float)\x1b[m\x1b[K\xe2\x80\x99:\n'}
[2.531372] (CommunicationCenter) StderrLine: {'line': b'\x1b[01m\x1b[K/home/albusgive2/rlfw/rlfw_deploy/src/CommunicationCenter/motor_driver/DMMotor.h:84:32:\x1b[m\x1b[K \x1b[01;35m\x1b[Kwarning: \x1b[m\x1b[Kunused parameter \xe2\x80\x98\x1b[01m\x1b[Kmotor_id\x1b[m\x1b[K\xe2\x80\x99 [\x1b[01;35m\x1b[K\x1b]8;;https://gcc.gnu.org/onlinedocs/gcc/Warning-Options.html#index-Wunused-parameter\x07-Wunused-parameter\x1b]8;;\x07\x1b[m\x1b[K]\n'}
[2.531419] (CommunicationCenter) StderrLine: {'line': b'   84 |   DMCANMsg *setSafePos(\x1b[01;35m\x1b[Kuint8_t motor_id\x1b[m\x1b[K, float pos) override {\n'}
[2.531464] (CommunicationCenter) StderrLine: {'line': b'      |                        \x1b[01;35m\x1b[K~~~~~~~~^~~~~~~~\x1b[m\x1b[K\n'}
[2.531506] (CommunicationCenter) StderrLine: {'line': b'\x1b[01m\x1b[K/home/albusgive2/rlfw/rlfw_deploy/src/CommunicationCenter/motor_driver/DMMotor.h:84:48:\x1b[m\x1b[K \x1b[01;35m\x1b[Kwarning: \x1b[m\x1b[Kunused parameter \xe2\x80\x98\x1b[01m\x1b[Kpos\x1b[m\x1b[K\xe2\x80\x99 [\x1b[01;35m\x1b[K\x1b]8;;https://gcc.gnu.org/onlinedocs/gcc/Warning-Options.html#index-Wunused-parameter\x07-Wunused-parameter\x1b]8;;\x07\x1b[m\x1b[K]\n'}
[2.531547] (CommunicationCenter) StderrLine: {'line': b'   84 |   DMCANMsg *setSafePos(uint8_t motor_id, \x1b[01;35m\x1b[Kfloat pos\x1b[m\x1b[K) override {\n'}
[2.531588] (CommunicationCenter) StderrLine: {'line': b'      |                                          \x1b[01;35m\x1b[K~~~~~~^~~\x1b[m\x1b[K\n'}
[2.531627] (CommunicationCenter) StderrLine: {'line': b'\x1b[01m\x1b[K/home/albusgive2/rlfw/rlfw_deploy/src/CommunicationCenter/motor_driver/DMMotor.h:\x1b[m\x1b[K In member function \xe2\x80\x98\x1b[01m\x1b[Kvirtual DMCANMsg* DMMotor::setSafeVel(uint8_t, float)\x1b[m\x1b[K\xe2\x80\x99:\n'}
[2.531682] (CommunicationCenter) StderrLine: {'line': b'\x1b[01m\x1b[K/home/albusgive2/rlfw/rlfw_deploy/src/CommunicationCenter/motor_driver/DMMotor.h:87:32:\x1b[m\x1b[K \x1b[01;35m\x1b[Kwarning: \x1b[m\x1b[Kunused parameter \xe2\x80\x98\x1b[01m\x1b[Kmotor_id\x1b[m\x1b[K\xe2\x80\x99 [\x1b[01;35m\x1b[K\x1b]8;;https://gcc.gnu.org/onlinedocs/gcc/Warning-Options.html#index-Wunused-parameter\x07-Wunused-parameter\x1b]8;;\x07\x1b[m\x1b[K]\n'}
[2.531735] (CommunicationCenter) StderrLine: {'line': b'   87 |   DMCANMsg *setSafeVel(\x1b[01;35m\x1b[Kuint8_t motor_id\x1b[m\x1b[K, float vel) override {\n'}
[2.531772] (CommunicationCenter) StderrLine: {'line': b'      |                        \x1b[01;35m\x1b[K~~~~~~~~^~~~~~~~\x1b[m\x1b[K\n'}
[2.531808] (CommunicationCenter) StderrLine: {'line': b'\x1b[01m\x1b[K/home/albusgive2/rlfw/rlfw_deploy/src/CommunicationCenter/motor_driver/DMMotor.h:87:48:\x1b[m\x1b[K \x1b[01;35m\x1b[Kwarning: \x1b[m\x1b[Kunused parameter \xe2\x80\x98\x1b[01m\x1b[Kvel\x1b[m\x1b[K\xe2\x80\x99 [\x1b[01;35m\x1b[K\x1b]8;;https://gcc.gnu.org/onlinedocs/gcc/Warning-Options.html#index-Wunused-parameter\x07-Wunused-parameter\x1b]8;;\x07\x1b[m\x1b[K]\n'}
[2.531853] (CommunicationCenter) StderrLine: {'line': b'   87 |   DMCANMsg *setSafeVel(uint8_t motor_id, \x1b[01;35m\x1b[Kfloat vel\x1b[m\x1b[K) override {\n'}
[2.531893] (CommunicationCenter) StderrLine: {'line': b'      |                                          \x1b[01;35m\x1b[K~~~~~~^~~\x1b[m\x1b[K\n'}
[2.531980] (agent) StdoutLine: {'line': b'-- Detecting CUDA compiler ABI info\n'}
[2.548963] (CommunicationCenter) StdoutLine: {'line': b'[ 93%] Built target xmltest\n'}
[2.608971] (-) TimerEvent: {}
[2.708412] (CommunicationCenter) StderrLine: {'line': b'In file included from \x1b[01m\x1b[K/home/albusgive2/rlfw/rlfw_deploy/src/CommunicationCenter/motor_driver/DMMotor.cpp:1\x1b[m\x1b[K:\n'}
[2.708625] (CommunicationCenter) StderrLine: {'line': b'\x1b[01m\x1b[K/home/albusgive2/rlfw/rlfw_deploy/src/CommunicationCenter/motor_driver/DMMotor.h:\x1b[m\x1b[K In member function \xe2\x80\x98\x1b[01m\x1b[Kvirtual DMCANMsg* DMMotor::setCtrlType(uint8_t)\x1b[m\x1b[K\xe2\x80\x99:\n'}
[2.708744] (CommunicationCenter) StderrLine: {'line': b'\x1b[01m\x1b[K/home/albusgive2/rlfw/rlfw_deploy/src/CommunicationCenter/motor_driver/DMMotor.h:54:33:\x1b[m\x1b[K \x1b[01;35m\x1b[Kwarning: \x1b[m\x1b[Kunused parameter \xe2\x80\x98\x1b[01m\x1b[Kmotor_id\x1b[m\x1b[K\xe2\x80\x99 [\x1b[01;35m\x1b[K\x1b]8;;https://gcc.gnu.org/onlinedocs/gcc/Warning-Options.html#index-Wunused-parameter\x07-Wunused-parameter\x1b]8;;\x07\x1b[m\x1b[K]\n'}
[2.708809] (CommunicationCenter) StderrLine: {'line': b'   54 |   DMCANMsg *setCtrlType(\x1b[01;35m\x1b[Kuint8_t motor_id\x1b[m\x1b[K) override { return nullptr; };\n'}
[2.708858] (CommunicationCenter) StderrLine: {'line': b'      |                         \x1b[01;35m\x1b[K~~~~~~~~^~~~~~~~\x1b[m\x1b[K\n'}
[2.709296] (CommunicationCenter) StderrLine: {'line': b'\x1b[01m\x1b[K/home/albusgive2/rlfw/rlfw_deploy/src/CommunicationCenter/motor_driver/DMMotor.h:\x1b[m\x1b[K In member function \xe2\x80\x98\x1b[01m\x1b[Kvirtual DMCANMsg* DMMotor::ctrl_pos(uint8_t, float)\x1b[m\x1b[K\xe2\x80\x99:\n'}
[2.709384] (-) TimerEvent: {}
[2.709807] (CommunicationCenter) StderrLine: {'line': b'\x1b[01m\x1b[K/home/albusgive2/rlfw/rlfw_deploy/src/CommunicationCenter/motor_driver/DMMotor.h:56:30:\x1b[m\x1b[K \x1b[01;35m\x1b[Kwarning: \x1b[m\x1b[Kunused parameter \xe2\x80\x98\x1b[01m\x1b[Kmotor_id\x1b[m\x1b[K\xe2\x80\x99 [\x1b[01;35m\x1b[K\x1b]8;;https://gcc.gnu.org/onlinedocs/gcc/Warning-Options.html#index-Wunused-parameter\x07-Wunused-parameter\x1b]8;;\x07\x1b[m\x1b[K]\n'}
[2.709903] (CommunicationCenter) StderrLine: {'line': b'   56 |   DMCANMsg *ctrl_pos(\x1b[01;35m\x1b[Kuint8_t motor_id\x1b[m\x1b[K, float pos) override { return nullptr; };\n'}
[2.709964] (CommunicationCenter) StderrLine: {'line': b'      |                      \x1b[01;35m\x1b[K~~~~~~~~^~~~~~~~\x1b[m\x1b[K\n'}
[2.710016] (CommunicationCenter) StderrLine: {'line': b'\x1b[01m\x1b[K/home/albusgive2/rlfw/rlfw_deploy/src/CommunicationCenter/motor_driver/DMMotor.h:56:46:\x1b[m\x1b[K \x1b[01;35m\x1b[Kwarning: \x1b[m\x1b[Kunused parameter \xe2\x80\x98\x1b[01m\x1b[Kpos\x1b[m\x1b[K\xe2\x80\x99 [\x1b[01;35m\x1b[K\x1b]8;;https://gcc.gnu.org/onlinedocs/gcc/Warning-Options.html#index-Wunused-parameter\x07-Wunused-parameter\x1b]8;;\x07\x1b[m\x1b[K]\n'}
[2.710067] (CommunicationCenter) StderrLine: {'line': b'   56 |   DMCANMsg *ctrl_pos(uint8_t motor_id, \x1b[01;35m\x1b[Kfloat pos\x1b[m\x1b[K) override { return nullptr; };\n'}
[2.710111] (CommunicationCenter) StderrLine: {'line': b'      |                                        \x1b[01;35m\x1b[K~~~~~~^~~\x1b[m\x1b[K\n'}
[2.710154] (CommunicationCenter) StderrLine: {'line': b'\x1b[01m\x1b[K/home/albusgive2/rlfw/rlfw_deploy/src/CommunicationCenter/motor_driver/DMMotor.h:\x1b[m\x1b[K In member function \xe2\x80\x98\x1b[01m\x1b[Kvirtual DMCANMsg* DMMotor::ctrl_vel(uint8_t, float)\x1b[m\x1b[K\xe2\x80\x99:\n'}
[2.710198] (CommunicationCenter) StderrLine: {'line': b'\x1b[01m\x1b[K/home/albusgive2/rlfw/rlfw_deploy/src/CommunicationCenter/motor_driver/DMMotor.h:58:30:\x1b[m\x1b[K \x1b[01;35m\x1b[Kwarning: \x1b[m\x1b[Kunused parameter \xe2\x80\x98\x1b[01m\x1b[Kmotor_id\x1b[m\x1b[K\xe2\x80\x99 [\x1b[01;35m\x1b[K\x1b]8;;https://gcc.gnu.org/onlinedocs/gcc/Warning-Options.html#index-Wunused-parameter\x07-Wunused-parameter\x1b]8;;\x07\x1b[m\x1b[K]\n'}
[2.710243] (CommunicationCenter) StderrLine: {'line': b'   58 |   DMCANMsg *ctrl_vel(\x1b[01;35m\x1b[Kuint8_t motor_id\x1b[m\x1b[K, float vel) override { return nullptr; };\n'}
[2.710285] (CommunicationCenter) StderrLine: {'line': b'      |                      \x1b[01;35m\x1b[K~~~~~~~~^~~~~~~~\x1b[m\x1b[K\n'}
[2.710327] (CommunicationCenter) StderrLine: {'line': b'\x1b[01m\x1b[K/home/albusgive2/rlfw/rlfw_deploy/src/CommunicationCenter/motor_driver/DMMotor.h:58:46:\x1b[m\x1b[K \x1b[01;35m\x1b[Kwarning: \x1b[m\x1b[Kunused parameter \xe2\x80\x98\x1b[01m\x1b[Kvel\x1b[m\x1b[K\xe2\x80\x99 [\x1b[01;35m\x1b[K\x1b]8;;https://gcc.gnu.org/onlinedocs/gcc/Warning-Options.html#index-Wunused-parameter\x07-Wunused-parameter\x1b]8;;\x07\x1b[m\x1b[K]\n'}
[2.710373] (CommunicationCenter) StderrLine: {'line': b'   58 |   DMCANMsg *ctrl_vel(uint8_t motor_id, \x1b[01;35m\x1b[Kfloat vel\x1b[m\x1b[K) override { return nullptr; };\n'}
[2.710413] (CommunicationCenter) StderrLine: {'line': b'      |                                        \x1b[01;35m\x1b[K~~~~~~^~~\x1b[m\x1b[K\n'}
[2.710453] (CommunicationCenter) StderrLine: {'line': b'\x1b[01m\x1b[K/home/albusgive2/rlfw/rlfw_deploy/src/CommunicationCenter/motor_driver/DMMotor.h:\x1b[m\x1b[K In member function \xe2\x80\x98\x1b[01m\x1b[Kvirtual DMCANMsg* DMMotor::ctrl_pos_vel(uint8_t, float, float)\x1b[m\x1b[K\xe2\x80\x99:\n'}
[2.710494] (CommunicationCenter) StderrLine: {'line': b'\x1b[01m\x1b[K/home/albusgive2/rlfw/rlfw_deploy/src/CommunicationCenter/motor_driver/DMMotor.h:60:34:\x1b[m\x1b[K \x1b[01;35m\x1b[Kwarning: \x1b[m\x1b[Kunused parameter \xe2\x80\x98\x1b[01m\x1b[Kmotor_id\x1b[m\x1b[K\xe2\x80\x99 [\x1b[01;35m\x1b[K\x1b]8;;https://gcc.gnu.org/onlinedocs/gcc/Warning-Options.html#index-Wunused-parameter\x07-Wunused-parameter\x1b]8;;\x07\x1b[m\x1b[K]\n'}
[2.710533] (CommunicationCenter) StderrLine: {'line': b'   60 |   DMCANMsg *ctrl_pos_vel(\x1b[01;35m\x1b[Kuint8_t motor_id\x1b[m\x1b[K, float pos, float vel) override {\n'}
[2.710582] (CommunicationCenter) StderrLine: {'line': b'      |                          \x1b[01;35m\x1b[K~~~~~~~~^~~~~~~~\x1b[m\x1b[K\n'}
[2.710643] (CommunicationCenter) StderrLine: {'line': b'\x1b[01m\x1b[K/home/albusgive2/rlfw/rlfw_deploy/src/CommunicationCenter/motor_driver/DMMotor.h:60:50:\x1b[m\x1b[K \x1b[01;35m\x1b[Kwarning: \x1b[m\x1b[Kunused parameter \xe2\x80\x98\x1b[01m\x1b[Kpos\x1b[m\x1b[K\xe2\x80\x99 [\x1b[01;35m\x1b[K\x1b]8;;https://gcc.gnu.org/onlinedocs/gcc/Warning-Options.html#index-Wunused-parameter\x07-Wunused-parameter\x1b]8;;\x07\x1b[m\x1b[K]\n'}
[2.710933] (CommunicationCenter) StderrLine: {'line': b'   60 |   DMCANMsg *ctrl_pos_vel(uint8_t motor_id, \x1b[01;35m\x1b[Kfloat pos\x1b[m\x1b[K, float vel) override {\n'}
[2.710982] (CommunicationCenter) StderrLine: {'line': b'      |                                            \x1b[01;35m\x1b[K~~~~~~^~~\x1b[m\x1b[K\n'}
[2.711338] (CommunicationCenter) StderrLine: {'line': b'\x1b[01m\x1b[K/home/albusgive2/rlfw/rlfw_deploy/src/CommunicationCenter/motor_driver/DMMotor.h:60:61:\x1b[m\x1b[K \x1b[01;35m\x1b[Kwarning: \x1b[m\x1b[Kunused parameter \xe2\x80\x98\x1b[01m\x1b[Kvel\x1b[m\x1b[K\xe2\x80\x99 [\x1b[01;35m\x1b[K\x1b]8;;https://gcc.gnu.org/onlinedocs/gcc/Warning-Options.html#index-Wunused-parameter\x07-Wunused-parameter\x1b]8;;\x07\x1b[m\x1b[K]\n'}
[2.711405] (CommunicationCenter) StderrLine: {'line': b'   60 |   DMCANMsg *ctrl_pos_vel(uint8_t motor_id, float pos, \x1b[01;35m\x1b[Kfloat vel\x1b[m\x1b[K) override {\n'}
[2.711453] (CommunicationCenter) StderrLine: {'line': b'      |                                                       \x1b[01;35m\x1b[K~~~~~~^~~\x1b[m\x1b[K\n'}
[2.711496] (CommunicationCenter) StderrLine: {'line': b'\x1b[01m\x1b[K/home/albusgive2/rlfw/rlfw_deploy/src/CommunicationCenter/motor_driver/DMMotor.h:\x1b[m\x1b[K In member function \xe2\x80\x98\x1b[01m\x1b[Kvirtual DMCANMsg* DMMotor::ctrl_torque(uint8_t, float)\x1b[m\x1b[K\xe2\x80\x99:\n'}
[2.711539] (CommunicationCenter) StderrLine: {'line': b'\x1b[01m\x1b[K/home/albusgive2/rlfw/rlfw_deploy/src/CommunicationCenter/motor_driver/DMMotor.h:64:33:\x1b[m\x1b[K \x1b[01;35m\x1b[Kwarning: \x1b[m\x1b[Kunused parameter \xe2\x80\x98\x1b[01m\x1b[Kmotor_id\x1b[m\x1b[K\xe2\x80\x99 [\x1b[01;35m\x1b[K\x1b]8;;https://gcc.gnu.org/onlinedocs/gcc/Warning-Options.html#index-Wunused-parameter\x07-Wunused-parameter\x1b]8;;\x07\x1b[m\x1b[K]\n'}
[2.711586] (CommunicationCenter) StderrLine: {'line': b'   64 |   DMCANMsg *ctrl_torque(\x1b[01;35m\x1b[Kuint8_t motor_id\x1b[m\x1b[K, float torque) override {\n'}
[2.711628] (CommunicationCenter) StderrLine: {'line': b'      |                         \x1b[01;35m\x1b[K~~~~~~~~^~~~~~~~\x1b[m\x1b[K\n'}
[2.711669] (CommunicationCenter) StderrLine: {'line': b'\x1b[01m\x1b[K/home/albusgive2/rlfw/rlfw_deploy/src/CommunicationCenter/motor_driver/DMMotor.h:64:49:\x1b[m\x1b[K \x1b[01;35m\x1b[Kwarning: \x1b[m\x1b[Kunused parameter \xe2\x80\x98\x1b[01m\x1b[Ktorque\x1b[m\x1b[K\xe2\x80\x99 [\x1b[01;35m\x1b[K\x1b]8;;https://gcc.gnu.org/onlinedocs/gcc/Warning-Options.html#index-Wunused-parameter\x07-Wunused-parameter\x1b]8;;\x07\x1b[m\x1b[K]\n'}
[2.711721] (CommunicationCenter) StderrLine: {'line': b'   64 |   DMCANMsg *ctrl_torque(uint8_t motor_id, \x1b[01;35m\x1b[Kfloat torque\x1b[m\x1b[K) override {\n'}
[2.711763] (CommunicationCenter) StderrLine: {'line': b'      |                                           \x1b[01;35m\x1b[K~~~~~~^~~~~~\x1b[m\x1b[K\n'}
[2.711803] (CommunicationCenter) StderrLine: {'line': b'\x1b[01m\x1b[K/home/albusgive2/rlfw/rlfw_deploy/src/CommunicationCenter/motor_driver/DMMotor.h:\x1b[m\x1b[K In member function \xe2\x80\x98\x1b[01m\x1b[Kvirtual DMCANMsg* DMMotor::setPosKP(uint8_t, float)\x1b[m\x1b[K\xe2\x80\x99:\n'}
[2.711846] (CommunicationCenter) StderrLine: {'line': b'\x1b[01m\x1b[K/home/albusgive2/rlfw/rlfw_deploy/src/CommunicationCenter/motor_driver/DMMotor.h:68:30:\x1b[m\x1b[K \x1b[01;35m\x1b[Kwarning: \x1b[m\x1b[Kunused parameter \xe2\x80\x98\x1b[01m\x1b[Kmotor_id\x1b[m\x1b[K\xe2\x80\x99 [\x1b[01;35m\x1b[K\x1b]8;;https://gcc.gnu.org/onlinedocs/gcc/Warning-Options.html#index-Wunused-parameter\x07-Wunused-parameter\x1b]8;;\x07\x1b[m\x1b[K]\n'}
[2.711892] (CommunicationCenter) StderrLine: {'line': b'   68 |   DMCANMsg *setPosKP(\x1b[01;35m\x1b[Kuint8_t motor_id\x1b[m\x1b[K, float kp) override { return nullptr; };\n'}
[2.711938] (CommunicationCenter) StderrLine: {'line': b'      |                      \x1b[01;35m\x1b[K~~~~~~~~^~~~~~~~\x1b[m\x1b[K\n'}
[2.711980] (CommunicationCenter) StderrLine: {'line': b'\x1b[01m\x1b[K/home/albusgive2/rlfw/rlfw_deploy/src/CommunicationCenter/motor_driver/DMMotor.h:68:46:\x1b[m\x1b[K \x1b[01;35m\x1b[Kwarning: \x1b[m\x1b[Kunused parameter \xe2\x80\x98\x1b[01m\x1b[Kkp\x1b[m\x1b[K\xe2\x80\x99 [\x1b[01;35m\x1b[K\x1b]8;;https://gcc.gnu.org/onlinedocs/gcc/Warning-Options.html#index-Wunused-parameter\x07-Wunused-parameter\x1b]8;;\x07\x1b[m\x1b[K]\n'}
[2.712030] (CommunicationCenter) StderrLine: {'line': b'   68 |   DMCANMsg *setPosKP(uint8_t motor_id, \x1b[01;35m\x1b[Kfloat kp\x1b[m\x1b[K) override { return nullptr; };\n'}
[2.712075] (CommunicationCenter) StderrLine: {'line': b'      |                                        \x1b[01;35m\x1b[K~~~~~~^~\x1b[m\x1b[K\n'}
[2.712120] (CommunicationCenter) StderrLine: {'line': b'\x1b[01m\x1b[K/home/albusgive2/rlfw/rlfw_deploy/src/CommunicationCenter/motor_driver/DMMotor.h:\x1b[m\x1b[K In member function \xe2\x80\x98\x1b[01m\x1b[Kvirtual DMCANMsg* DMMotor::setPosKD(uint8_t, float)\x1b[m\x1b[K\xe2\x80\x99:\n'}
[2.712165] (CommunicationCenter) StderrLine: {'line': b'\x1b[01m\x1b[K/home/albusgive2/rlfw/rlfw_deploy/src/CommunicationCenter/motor_driver/DMMotor.h:69:30:\x1b[m\x1b[K \x1b[01;35m\x1b[Kwarning: \x1b[m\x1b[Kunused parameter \xe2\x80\x98\x1b[01m\x1b[Kmotor_id\x1b[m\x1b[K\xe2\x80\x99 [\x1b[01;35m\x1b[K\x1b]8;;https://gcc.gnu.org/onlinedocs/gcc/Warning-Options.html#index-Wunused-parameter\x07-Wunused-parameter\x1b]8;;\x07\x1b[m\x1b[K]\n'}
[2.712211] (CommunicationCenter) StderrLine: {'line': b'   69 |   DMCANMsg *setPosKD(\x1b[01;35m\x1b[Kuint8_t motor_id\x1b[m\x1b[K, float kd) override { return nullptr; };\n'}
[2.712254] (CommunicationCenter) StderrLine: {'line': b'      |                      \x1b[01;35m\x1b[K~~~~~~~~^~~~~~~~\x1b[m\x1b[K\n'}
[2.712297] (CommunicationCenter) StderrLine: {'line': b'\x1b[01m\x1b[K/home/albusgive2/rlfw/rlfw_deploy/src/CommunicationCenter/motor_driver/DMMotor.h:69:46:\x1b[m\x1b[K \x1b[01;35m\x1b[Kwarning: \x1b[m\x1b[Kunused parameter \xe2\x80\x98\x1b[01m\x1b[Kkd\x1b[m\x1b[K\xe2\x80\x99 [\x1b[01;35m\x1b[K\x1b]8;;https://gcc.gnu.org/onlinedocs/gcc/Warning-Options.html#index-Wunused-parameter\x07-Wunused-parameter\x1b]8;;\x07\x1b[m\x1b[K]\n'}
[2.712347] (CommunicationCenter) StderrLine: {'line': b'   69 |   DMCANMsg *setPosKD(uint8_t motor_id, \x1b[01;35m\x1b[Kfloat kd\x1b[m\x1b[K) override { return nullptr; };\n'}
[2.712391] (CommunicationCenter) StderrLine: {'line': b'      |                                        \x1b[01;35m\x1b[K~~~~~~^~\x1b[m\x1b[K\n'}
[2.712435] (CommunicationCenter) StderrLine: {'line': b'\x1b[01m\x1b[K/home/albusgive2/rlfw/rlfw_deploy/src/CommunicationCenter/motor_driver/DMMotor.h:\x1b[m\x1b[K In member function \xe2\x80\x98\x1b[01m\x1b[Kvirtual DMCANMsg* DMMotor::setVelKP(uint8_t, float)\x1b[m\x1b[K\xe2\x80\x99:\n'}
[2.712478] (CommunicationCenter) StderrLine: {'line': b'\x1b[01m\x1b[K/home/albusgive2/rlfw/rlfw_deploy/src/CommunicationCenter/motor_driver/DMMotor.h:71:30:\x1b[m\x1b[K \x1b[01;35m\x1b[Kwarning: \x1b[m\x1b[Kunused parameter \xe2\x80\x98\x1b[01m\x1b[Kmotor_id\x1b[m\x1b[K\xe2\x80\x99 [\x1b[01;35m\x1b[K\x1b]8;;https://gcc.gnu.org/onlinedocs/gcc/Warning-Options.html#index-Wunused-parameter\x07-Wunused-parameter\x1b]8;;\x07\x1b[m\x1b[K]\n'}
[2.712522] (CommunicationCenter) StderrLine: {'line': b'   71 |   DMCANMsg *setVelKP(\x1b[01;35m\x1b[Kuint8_t motor_id\x1b[m\x1b[K, float kp) override { return nullptr; };\n'}
[2.712562] (CommunicationCenter) StderrLine: {'line': b'      |                      \x1b[01;35m\x1b[K~~~~~~~~^~~~~~~~\x1b[m\x1b[K\n'}
[2.712604] (CommunicationCenter) StderrLine: {'line': b'\x1b[01m\x1b[K/home/albusgive2/rlfw/rlfw_deploy/src/CommunicationCenter/motor_driver/DMMotor.h:71:46:\x1b[m\x1b[K \x1b[01;35m\x1b[Kwarning: \x1b[m\x1b[Kunused parameter \xe2\x80\x98\x1b[01m\x1b[Kkp\x1b[m\x1b[K\xe2\x80\x99 [\x1b[01;35m\x1b[K\x1b]8;;https://gcc.gnu.org/onlinedocs/gcc/Warning-Options.html#index-Wunused-parameter\x07-Wunused-parameter\x1b]8;;\x07\x1b[m\x1b[K]\n'}
[2.712647] (CommunicationCenter) StderrLine: {'line': b'   71 |   DMCANMsg *setVelKP(uint8_t motor_id, \x1b[01;35m\x1b[Kfloat kp\x1b[m\x1b[K) override { return nullptr; };\n'}
[2.712697] (CommunicationCenter) StderrLine: {'line': b'      |                                        \x1b[01;35m\x1b[K~~~~~~^~\x1b[m\x1b[K\n'}
[2.712748] (CommunicationCenter) StderrLine: {'line': b'\x1b[01m\x1b[K/home/albusgive2/rlfw/rlfw_deploy/src/CommunicationCenter/motor_driver/DMMotor.h:\x1b[m\x1b[K In member function \xe2\x80\x98\x1b[01m\x1b[Kvirtual DMCANMsg* DMMotor::setVelKI(uint8_t, float)\x1b[m\x1b[K\xe2\x80\x99:\n'}
[2.712792] (CommunicationCenter) StderrLine: {'line': b'\x1b[01m\x1b[K/home/albusgive2/rlfw/rlfw_deploy/src/CommunicationCenter/motor_driver/DMMotor.h:72:30:\x1b[m\x1b[K \x1b[01;35m\x1b[Kwarning: \x1b[m\x1b[Kunused parameter \xe2\x80\x98\x1b[01m\x1b[Kmotor_id\x1b[m\x1b[K\xe2\x80\x99 [\x1b[01;35m\x1b[K\x1b]8;;https://gcc.gnu.org/onlinedocs/gcc/Warning-Options.html#index-Wunused-parameter\x07-Wunused-parameter\x1b]8;;\x07\x1b[m\x1b[K]\n'}
[2.712835] (CommunicationCenter) StderrLine: {'line': b'   72 |   DMCANMsg *setVelKI(\x1b[01;35m\x1b[Kuint8_t motor_id\x1b[m\x1b[K, float ki) override { return nullptr; };\n'}
[2.712877] (CommunicationCenter) StderrLine: {'line': b'      |                      \x1b[01;35m\x1b[K~~~~~~~~^~~~~~~~\x1b[m\x1b[K\n'}
[2.712921] (CommunicationCenter) StderrLine: {'line': b'\x1b[01m\x1b[K/home/albusgive2/rlfw/rlfw_deploy/src/CommunicationCenter/motor_driver/DMMotor.h:72:46:\x1b[m\x1b[K \x1b[01;35m\x1b[Kwarning: \x1b[m\x1b[Kunused parameter \xe2\x80\x98\x1b[01m\x1b[Kki\x1b[m\x1b[K\xe2\x80\x99 [\x1b[01;35m\x1b[K\x1b]8;;https://gcc.gnu.org/onlinedocs/gcc/Warning-Options.html#index-Wunused-parameter\x07-Wunused-parameter\x1b]8;;\x07\x1b[m\x1b[K]\n'}
[2.712968] (CommunicationCenter) StderrLine: {'line': b'   72 |   DMCANMsg *setVelKI(uint8_t motor_id, \x1b[01;35m\x1b[Kfloat ki\x1b[m\x1b[K) override { return nullptr; };\n'}
[2.713009] (CommunicationCenter) StderrLine: {'line': b'      |                                        \x1b[01;35m\x1b[K~~~~~~^~\x1b[m\x1b[K\n'}
[2.713049] (CommunicationCenter) StderrLine: {'line': b'\x1b[01m\x1b[K/home/albusgive2/rlfw/rlfw_deploy/src/CommunicationCenter/motor_driver/DMMotor.h:\x1b[m\x1b[K In member function \xe2\x80\x98\x1b[01m\x1b[Kvirtual DMCANMsg* DMMotor::setTorqueKP(uint8_t, float)\x1b[m\x1b[K\xe2\x80\x99:\n'}
[2.713092] (CommunicationCenter) StderrLine: {'line': b'\x1b[01m\x1b[K/home/albusgive2/rlfw/rlfw_deploy/src/CommunicationCenter/motor_driver/DMMotor.h:74:33:\x1b[m\x1b[K \x1b[01;35m\x1b[Kwarning: \x1b[m\x1b[Kunused parameter \xe2\x80\x98\x1b[01m\x1b[Kmotor_id\x1b[m\x1b[K\xe2\x80\x99 [\x1b[01;35m\x1b[K\x1b]8;;https://gcc.gnu.org/onlinedocs/gcc/Warning-Options.html#index-Wunused-parameter\x07-Wunused-parameter\x1b]8;;\x07\x1b[m\x1b[K]\n'}
[2.713136] (CommunicationCenter) StderrLine: {'line': b'   74 |   DMCANMsg *setTorqueKP(\x1b[01;35m\x1b[Kuint8_t motor_id\x1b[m\x1b[K, float kp) override {\n'}
[2.713179] (CommunicationCenter) StderrLine: {'line': b'      |                         \x1b[01;35m\x1b[K~~~~~~~~^~~~~~~~\x1b[m\x1b[K\n'}
[2.713220] (CommunicationCenter) StderrLine: {'line': b'\x1b[01m\x1b[K/home/albusgive2/rlfw/rlfw_deploy/src/CommunicationCenter/motor_driver/DMMotor.h:74:49:\x1b[m\x1b[K \x1b[01;35m\x1b[Kwarning: \x1b[m\x1b[Kunused parameter \xe2\x80\x98\x1b[01m\x1b[Kkp\x1b[m\x1b[K\xe2\x80\x99 [\x1b[01;35m\x1b[K\x1b]8;;https://gcc.gnu.org/onlinedocs/gcc/Warning-Options.html#index-Wunused-parameter\x07-Wunused-parameter\x1b]8;;\x07\x1b[m\x1b[K]\n'}
[2.713263] (CommunicationCenter) StderrLine: {'line': b'   74 |   DMCANMsg *setTorqueKP(uint8_t motor_id, \x1b[01;35m\x1b[Kfloat kp\x1b[m\x1b[K) override {\n'}
[2.713305] (CommunicationCenter) StderrLine: {'line': b'      |                                           \x1b[01;35m\x1b[K~~~~~~^~\x1b[m\x1b[K\n'}
[2.713345] (CommunicationCenter) StderrLine: {'line': b'\x1b[01m\x1b[K/home/albusgive2/rlfw/rlfw_deploy/src/CommunicationCenter/motor_driver/DMMotor.h:\x1b[m\x1b[K In member function \xe2\x80\x98\x1b[01m\x1b[Kvirtual DMCANMsg* DMMotor::setTorqueKI(uint8_t, float)\x1b[m\x1b[K\xe2\x80\x99:\n'}
[2.713392] (CommunicationCenter) StderrLine: {'line': b'\x1b[01m\x1b[K/home/albusgive2/rlfw/rlfw_deploy/src/CommunicationCenter/motor_driver/DMMotor.h:77:33:\x1b[m\x1b[K \x1b[01;35m\x1b[Kwarning: \x1b[m\x1b[Kunused parameter \xe2\x80\x98\x1b[01m\x1b[Kmotor_id\x1b[m\x1b[K\xe2\x80\x99 [\x1b[01;35m\x1b[K\x1b]8;;https://gcc.gnu.org/onlinedocs/gcc/Warning-Options.html#index-Wunused-parameter\x07-Wunused-parameter\x1b]8;;\x07\x1b[m\x1b[K]\n'}
[2.713445] (CommunicationCenter) StderrLine: {'line': b'   77 |   DMCANMsg *setTorqueKI(\x1b[01;35m\x1b[Kuint8_t motor_id\x1b[m\x1b[K, float ki) override {\n'}
[2.713480] (CommunicationCenter) StderrLine: {'line': b'      |                         \x1b[01;35m\x1b[K~~~~~~~~^~~~~~~~\x1b[m\x1b[K\n'}
[2.713515] (CommunicationCenter) StderrLine: {'line': b'\x1b[01m\x1b[K/home/albusgive2/rlfw/rlfw_deploy/src/CommunicationCenter/motor_driver/DMMotor.h:77:49:\x1b[m\x1b[K \x1b[01;35m\x1b[Kwarning: \x1b[m\x1b[Kunused parameter \xe2\x80\x98\x1b[01m\x1b[Kki\x1b[m\x1b[K\xe2\x80\x99 [\x1b[01;35m\x1b[K\x1b]8;;https://gcc.gnu.org/onlinedocs/gcc/Warning-Options.html#index-Wunused-parameter\x07-Wunused-parameter\x1b]8;;\x07\x1b[m\x1b[K]\n'}
[2.713551] (CommunicationCenter) StderrLine: {'line': b'   77 |   DMCANMsg *setTorqueKI(uint8_t motor_id, \x1b[01;35m\x1b[Kfloat ki\x1b[m\x1b[K) override {\n'}
[2.713586] (CommunicationCenter) StderrLine: {'line': b'      |                                           \x1b[01;35m\x1b[K~~~~~~^~\x1b[m\x1b[K\n'}
[2.713621] (CommunicationCenter) StderrLine: {'line': b'\x1b[01m\x1b[K/home/albusgive2/rlfw/rlfw_deploy/src/CommunicationCenter/motor_driver/DMMotor.h:\x1b[m\x1b[K In member function \xe2\x80\x98\x1b[01m\x1b[Kvirtual DMCANMsg* DMMotor::setSafeTorque(uint8_t, float)\x1b[m\x1b[K\xe2\x80\x99:\n'}
[2.713654] (CommunicationCenter) StderrLine: {'line': b'\x1b[01m\x1b[K/home/albusgive2/rlfw/rlfw_deploy/src/CommunicationCenter/motor_driver/DMMotor.h:81:35:\x1b[m\x1b[K \x1b[01;35m\x1b[Kwarning: \x1b[m\x1b[Kunused parameter \xe2\x80\x98\x1b[01m\x1b[Kmotor_id\x1b[m\x1b[K\xe2\x80\x99 [\x1b[01;35m\x1b[K\x1b]8;;https://gcc.gnu.org/onlinedocs/gcc/Warning-Options.html#index-Wunused-parameter\x07-Wunused-parameter\x1b]8;;\x07\x1b[m\x1b[K]\n'}
[2.720308] (CommunicationCenter) StderrLine: {'line': b'   81 |   DMCANMsg *setSafeTorque(\x1b[01;35m\x1b[Kuint8_t motor_id\x1b[m\x1b[K, float torque) override {\n'}
[2.720437] (CommunicationCenter) StderrLine: {'line': b'      |                           \x1b[01;35m\x1b[K~~~~~~~~^~~~~~~~\x1b[m\x1b[K\n'}
[2.720493] (CommunicationCenter) StderrLine: {'line': b'\x1b[01m\x1b[K/home/albusgive2/rlfw/rlfw_deploy/src/CommunicationCenter/motor_driver/DMMotor.h:81:51:\x1b[m\x1b[K \x1b[01;35m\x1b[Kwarning: \x1b[m\x1b[Kunused parameter \xe2\x80\x98\x1b[01m\x1b[Ktorque\x1b[m\x1b[K\xe2\x80\x99 [\x1b[01;35m\x1b[K\x1b]8;;https://gcc.gnu.org/onlinedocs/gcc/Warning-Options.html#index-Wunused-parameter\x07-Wunused-parameter\x1b]8;;\x07\x1b[m\x1b[K]\n'}
[2.720546] (CommunicationCenter) StderrLine: {'line': b'   81 |   DMCANMsg *setSafeTorque(uint8_t motor_id, \x1b[01;35m\x1b[Kfloat torque\x1b[m\x1b[K) override {\n'}
[2.720589] (CommunicationCenter) StderrLine: {'line': b'      |                                             \x1b[01;35m\x1b[K~~~~~~^~~~~~\x1b[m\x1b[K\n'}
[2.720633] (CommunicationCenter) StderrLine: {'line': b'\x1b[01m\x1b[K/home/albusgive2/rlfw/rlfw_deploy/src/CommunicationCenter/motor_driver/DMMotor.h:\x1b[m\x1b[K In member function \xe2\x80\x98\x1b[01m\x1b[Kvirtual DMCANMsg* DMMotor::setSafePos(uint8_t, float)\x1b[m\x1b[K\xe2\x80\x99:\n'}
[2.720681] (CommunicationCenter) StderrLine: {'line': b'\x1b[01m\x1b[K/home/albusgive2/rlfw/rlfw_deploy/src/CommunicationCenter/motor_driver/DMMotor.h:84:32:\x1b[m\x1b[K \x1b[01;35m\x1b[Kwarning: \x1b[m\x1b[Kunused parameter \xe2\x80\x98\x1b[01m\x1b[Kmotor_id\x1b[m\x1b[K\xe2\x80\x99 [\x1b[01;35m\x1b[K\x1b]8;;https://gcc.gnu.org/onlinedocs/gcc/Warning-Options.html#index-Wunused-parameter\x07-Wunused-parameter\x1b]8;;\x07\x1b[m\x1b[K]\n'}
[2.720740] (CommunicationCenter) StderrLine: {'line': b'   84 |   DMCANMsg *setSafePos(\x1b[01;35m\x1b[Kuint8_t motor_id\x1b[m\x1b[K, float pos) override {\n'}
[2.720788] (CommunicationCenter) StderrLine: {'line': b'      |                        \x1b[01;35m\x1b[K~~~~~~~~^~~~~~~~\x1b[m\x1b[K\n'}
[2.720840] (CommunicationCenter) StderrLine: {'line': b'\x1b[01m\x1b[K/home/albusgive2/rlfw/rlfw_deploy/src/CommunicationCenter/motor_driver/DMMotor.h:84:48:\x1b[m\x1b[K \x1b[01;35m\x1b[Kwarning: \x1b[m\x1b[Kunused parameter \xe2\x80\x98\x1b[01m\x1b[Kpos\x1b[m\x1b[K\xe2\x80\x99 [\x1b[01;35m\x1b[K\x1b]8;;https://gcc.gnu.org/onlinedocs/gcc/Warning-Options.html#index-Wunused-parameter\x07-Wunused-parameter\x1b]8;;\x07\x1b[m\x1b[K]\n'}
[2.720887] (CommunicationCenter) StderrLine: {'line': b'   84 |   DMCANMsg *setSafePos(uint8_t motor_id, \x1b[01;35m\x1b[Kfloat pos\x1b[m\x1b[K) override {\n'}
[2.720930] (CommunicationCenter) StderrLine: {'line': b'      |                                          \x1b[01;35m\x1b[K~~~~~~^~~\x1b[m\x1b[K\n'}
[2.720973] (CommunicationCenter) StderrLine: {'line': b'\x1b[01m\x1b[K/home/albusgive2/rlfw/rlfw_deploy/src/CommunicationCenter/motor_driver/DMMotor.h:\x1b[m\x1b[K In member function \xe2\x80\x98\x1b[01m\x1b[Kvirtual DMCANMsg* DMMotor::setSafeVel(uint8_t, float)\x1b[m\x1b[K\xe2\x80\x99:\n'}
[2.721020] (CommunicationCenter) StderrLine: {'line': b'\x1b[01m\x1b[K/home/albusgive2/rlfw/rlfw_deploy/src/CommunicationCenter/motor_driver/DMMotor.h:87:32:\x1b[m\x1b[K \x1b[01;35m\x1b[Kwarning: \x1b[m\x1b[Kunused parameter \xe2\x80\x98\x1b[01m\x1b[Kmotor_id\x1b[m\x1b[K\xe2\x80\x99 [\x1b[01;35m\x1b[K\x1b]8;;https://gcc.gnu.org/onlinedocs/gcc/Warning-Options.html#index-Wunused-parameter\x07-Wunused-parameter\x1b]8;;\x07\x1b[m\x1b[K]\n'}
[2.721066] (CommunicationCenter) StderrLine: {'line': b'   87 |   DMCANMsg *setSafeVel(\x1b[01;35m\x1b[Kuint8_t motor_id\x1b[m\x1b[K, float vel) override {\n'}
[2.721110] (CommunicationCenter) StderrLine: {'line': b'      |                        \x1b[01;35m\x1b[K~~~~~~~~^~~~~~~~\x1b[m\x1b[K\n'}
[2.721154] (CommunicationCenter) StderrLine: {'line': b'\x1b[01m\x1b[K/home/albusgive2/rlfw/rlfw_deploy/src/CommunicationCenter/motor_driver/DMMotor.h:87:48:\x1b[m\x1b[K \x1b[01;35m\x1b[Kwarning: \x1b[m\x1b[Kunused parameter \xe2\x80\x98\x1b[01m\x1b[Kvel\x1b[m\x1b[K\xe2\x80\x99 [\x1b[01;35m\x1b[K\x1b]8;;https://gcc.gnu.org/onlinedocs/gcc/Warning-Options.html#index-Wunused-parameter\x07-Wunused-parameter\x1b]8;;\x07\x1b[m\x1b[K]\n'}
[2.721198] (CommunicationCenter) StderrLine: {'line': b'   87 |   DMCANMsg *setSafeVel(uint8_t motor_id, \x1b[01;35m\x1b[Kfloat vel\x1b[m\x1b[K) override {\n'}
[2.721240] (CommunicationCenter) StderrLine: {'line': b'      |                                          \x1b[01;35m\x1b[K~~~~~~^~~\x1b[m\x1b[K\n'}
[2.721283] (CommunicationCenter) StderrLine: {'line': b'\x1b[01m\x1b[K/home/albusgive2/rlfw/rlfw_deploy/src/CommunicationCenter/src/serial.cpp:\x1b[m\x1b[K In lambda function:\n'}
[2.721330] (CommunicationCenter) StderrLine: {'line': b'\x1b[01m\x1b[K/home/albusgive2/rlfw/rlfw_deploy/src/CommunicationCenter/src/serial.cpp:394:21:\x1b[m\x1b[K \x1b[01;35m\x1b[Kwarning: \x1b[m\x1b[Kcomparison of integer expressions of different signedness: \xe2\x80\x98\x1b[01m\x1b[Kint\x1b[m\x1b[K\xe2\x80\x99 and \xe2\x80\x98\x1b[01m\x1b[Kstd::vector<unsigned char>::size_type\x1b[m\x1b[K\xe2\x80\x99 {aka \xe2\x80\x98\x1b[01m\x1b[Klong unsigned int\x1b[m\x1b[K\xe2\x80\x99} [\x1b[01;35m\x1b[K\x1b]8;;https://gcc.gnu.org/onlinedocs/gcc/Warning-Options.html#index-Wsign-compare\x07-Wsign-compare\x1b]8;;\x07\x1b[m\x1b[K]\n'}
[2.721377] (CommunicationCenter) StderrLine: {'line': b'  394 |       if (\x1b[01;35m\x1b[Klast_size == recv_queue.size()\x1b[m\x1b[K) {\n'}
[2.721422] (CommunicationCenter) StderrLine: {'line': b'      |           \x1b[01;35m\x1b[K~~~~~~~~~~^~~~~~~~~~~~~~~~~~~~\x1b[m\x1b[K\n'}
[2.721465] (CommunicationCenter) StderrLine: {'line': b'In file included from \x1b[01m\x1b[K/home/albusgive2/rlfw/rlfw_deploy/src/CommunicationCenter/include/CommunicationCenter.hpp:4\x1b[m\x1b[K,\n'}
[2.721503] (CommunicationCenter) StderrLine: {'line': b'                 from \x1b[01m\x1b[K/home/albusgive2/rlfw/rlfw_deploy/src/CommunicationCenter/src/main.cpp:1\x1b[m\x1b[K:\n'}
[2.721550] (CommunicationCenter) StderrLine: {'line': b'\x1b[01m\x1b[K/home/albusgive2/rlfw/rlfw_deploy/src/CommunicationCenter/motor_driver/DMMotor.h:\x1b[m\x1b[K In member function \xe2\x80\x98\x1b[01m\x1b[Kvirtual DMCANMsg* DMMotor::setCtrlType(uint8_t)\x1b[m\x1b[K\xe2\x80\x99:\n'}
[2.721599] (CommunicationCenter) StderrLine: {'line': b'\x1b[01m\x1b[K/home/albusgive2/rlfw/rlfw_deploy/src/CommunicationCenter/motor_driver/DMMotor.h:54:33:\x1b[m\x1b[K \x1b[01;35m\x1b[Kwarning: \x1b[m\x1b[Kunused parameter \xe2\x80\x98\x1b[01m\x1b[Kmotor_id\x1b[m\x1b[K\xe2\x80\x99 [\x1b[01;35m\x1b[K\x1b]8;;https://gcc.gnu.org/onlinedocs/gcc/Warning-Options.html#index-Wunused-parameter\x07-Wunused-parameter\x1b]8;;\x07\x1b[m\x1b[K]\n'}
[2.721642] (CommunicationCenter) StderrLine: {'line': b'   54 |   DMCANMsg *setCtrlType(\x1b[01;35m\x1b[Kuint8_t motor_id\x1b[m\x1b[K) override { return nullptr; };\n'}
[2.721686] (CommunicationCenter) StderrLine: {'line': b'      |                         \x1b[01;35m\x1b[K~~~~~~~~^~~~~~~~\x1b[m\x1b[K\n'}
[2.722838] (CommunicationCenter) StderrLine: {'line': b'\x1b[01m\x1b[K/home/albusgive2/rlfw/rlfw_deploy/src/CommunicationCenter/motor_driver/DMMotor.h:\x1b[m\x1b[K In member function \xe2\x80\x98\x1b[01m\x1b[Kvirtual DMCANMsg* DMMotor::ctrl_pos(uint8_t, float)\x1b[m\x1b[K\xe2\x80\x99:\n'}
[2.722912] (CommunicationCenter) StderrLine: {'line': b'\x1b[01m\x1b[K/home/albusgive2/rlfw/rlfw_deploy/src/CommunicationCenter/motor_driver/DMMotor.h:56:30:\x1b[m\x1b[K \x1b[01;35m\x1b[Kwarning: \x1b[m\x1b[Kunused parameter \xe2\x80\x98\x1b[01m\x1b[Kmotor_id\x1b[m\x1b[K\xe2\x80\x99 [\x1b[01;35m\x1b[K\x1b]8;;https://gcc.gnu.org/onlinedocs/gcc/Warning-Options.html#index-Wunused-parameter\x07-Wunused-parameter\x1b]8;;\x07\x1b[m\x1b[K]\n'}
[2.722968] (CommunicationCenter) StderrLine: {'line': b'   56 |   DMCANMsg *ctrl_pos(\x1b[01;35m\x1b[Kuint8_t motor_id\x1b[m\x1b[K, float pos) override { return nullptr; };\n'}
[2.723014] (CommunicationCenter) StderrLine: {'line': b'      |                      \x1b[01;35m\x1b[K~~~~~~~~^~~~~~~~\x1b[m\x1b[K\n'}
[2.723071] (CommunicationCenter) StderrLine: {'line': b'\x1b[01m\x1b[K/home/albusgive2/rlfw/rlfw_deploy/src/CommunicationCenter/motor_driver/DMMotor.h:56:46:\x1b[m\x1b[K \x1b[01;35m\x1b[Kwarning: \x1b[m\x1b[Kunused parameter \xe2\x80\x98\x1b[01m\x1b[Kpos\x1b[m\x1b[K\xe2\x80\x99 [\x1b[01;35m\x1b[K\x1b]8;;https://gcc.gnu.org/onlinedocs/gcc/Warning-Options.html#index-Wunused-parameter\x07-Wunused-parameter\x1b]8;;\x07\x1b[m\x1b[K]\n'}
[2.723122] (CommunicationCenter) StderrLine: {'line': b'   56 |   DMCANMsg *ctrl_pos(uint8_t motor_id, \x1b[01;35m\x1b[Kfloat pos\x1b[m\x1b[K) override { return nullptr; };\n'}
[2.723166] (CommunicationCenter) StderrLine: {'line': b'      |                                        \x1b[01;35m\x1b[K~~~~~~^~~\x1b[m\x1b[K\n'}
[2.723209] (CommunicationCenter) StderrLine: {'line': b'\x1b[01m\x1b[K/home/albusgive2/rlfw/rlfw_deploy/src/CommunicationCenter/motor_driver/DMMotor.h:\x1b[m\x1b[K In member function \xe2\x80\x98\x1b[01m\x1b[Kvirtual DMCANMsg* DMMotor::ctrl_vel(uint8_t, float)\x1b[m\x1b[K\xe2\x80\x99:\n'}
[2.723253] (CommunicationCenter) StderrLine: {'line': b'\x1b[01m\x1b[K/home/albusgive2/rlfw/rlfw_deploy/src/CommunicationCenter/motor_driver/DMMotor.h:58:30:\x1b[m\x1b[K \x1b[01;35m\x1b[Kwarning: \x1b[m\x1b[Kunused parameter \xe2\x80\x98\x1b[01m\x1b[Kmotor_id\x1b[m\x1b[K\xe2\x80\x99 [\x1b[01;35m\x1b[K\x1b]8;;https://gcc.gnu.org/onlinedocs/gcc/Warning-Options.html#index-Wunused-parameter\x07-Wunused-parameter\x1b]8;;\x07\x1b[m\x1b[K]\n'}
[2.723300] (CommunicationCenter) StderrLine: {'line': b'   58 |   DMCANMsg *ctrl_vel(\x1b[01;35m\x1b[Kuint8_t motor_id\x1b[m\x1b[K, float vel) override { return nullptr; };\n'}
[2.723343] (CommunicationCenter) StderrLine: {'line': b'      |                      \x1b[01;35m\x1b[K~~~~~~~~^~~~~~~~\x1b[m\x1b[K\n'}
[2.723386] (CommunicationCenter) StderrLine: {'line': b'\x1b[01m\x1b[K/home/albusgive2/rlfw/rlfw_deploy/src/CommunicationCenter/motor_driver/DMMotor.h:58:46:\x1b[m\x1b[K \x1b[01;35m\x1b[Kwarning: \x1b[m\x1b[Kunused parameter \xe2\x80\x98\x1b[01m\x1b[Kvel\x1b[m\x1b[K\xe2\x80\x99 [\x1b[01;35m\x1b[K\x1b]8;;https://gcc.gnu.org/onlinedocs/gcc/Warning-Options.html#index-Wunused-parameter\x07-Wunused-parameter\x1b]8;;\x07\x1b[m\x1b[K]\n'}
[2.723439] (CommunicationCenter) StderrLine: {'line': b'   58 |   DMCANMsg *ctrl_vel(uint8_t motor_id, \x1b[01;35m\x1b[Kfloat vel\x1b[m\x1b[K) override { return nullptr; };\n'}
[2.723491] (CommunicationCenter) StderrLine: {'line': b'      |                                        \x1b[01;35m\x1b[K~~~~~~^~~\x1b[m\x1b[K\n'}
[2.723546] (CommunicationCenter) StderrLine: {'line': b'\x1b[01m\x1b[K/home/albusgive2/rlfw/rlfw_deploy/src/CommunicationCenter/motor_driver/DMMotor.h:\x1b[m\x1b[K In member function \xe2\x80\x98\x1b[01m\x1b[Kvirtual DMCANMsg* DMMotor::ctrl_pos_vel(uint8_t, float, float)\x1b[m\x1b[K\xe2\x80\x99:\n'}
[2.723601] (CommunicationCenter) StderrLine: {'line': b'\x1b[01m\x1b[K/home/albusgive2/rlfw/rlfw_deploy/src/CommunicationCenter/motor_driver/DMMotor.h:60:34:\x1b[m\x1b[K \x1b[01;35m\x1b[Kwarning: \x1b[m\x1b[Kunused parameter \xe2\x80\x98\x1b[01m\x1b[Kmotor_id\x1b[m\x1b[K\xe2\x80\x99 [\x1b[01;35m\x1b[K\x1b]8;;https://gcc.gnu.org/onlinedocs/gcc/Warning-Options.html#index-Wunused-parameter\x07-Wunused-parameter\x1b]8;;\x07\x1b[m\x1b[K]\n'}
[2.723646] (CommunicationCenter) StderrLine: {'line': b'   60 |   DMCANMsg *ctrl_pos_vel(\x1b[01;35m\x1b[Kuint8_t motor_id\x1b[m\x1b[K, float pos, float vel) override {\n'}
[2.727674] (CommunicationCenter) StderrLine: {'line': b'      |                          \x1b[01;35m\x1b[K~~~~~~~~^~~~~~~~\x1b[m\x1b[K\n'}
[2.727902] (CommunicationCenter) StderrLine: {'line': b'\x1b[01m\x1b[K/home/albusgive2/rlfw/rlfw_deploy/src/CommunicationCenter/motor_driver/DMMotor.h:60:50:\x1b[m\x1b[K \x1b[01;35m\x1b[Kwarning: \x1b[m\x1b[Kunused parameter \xe2\x80\x98\x1b[01m\x1b[Kpos\x1b[m\x1b[K\xe2\x80\x99 [\x1b[01;35m\x1b[K\x1b]8;;https://gcc.gnu.org/onlinedocs/gcc/Warning-Options.html#index-Wunused-parameter\x07-Wunused-parameter\x1b]8;;\x07\x1b[m\x1b[K]\n'}
[2.728015] (CommunicationCenter) StderrLine: {'line': b'   60 |   DMCANMsg *ctrl_pos_vel(uint8_t motor_id, \x1b[01;35m\x1b[Kfloat pos\x1b[m\x1b[K, float vel) override {\n'}
[2.728090] (CommunicationCenter) StderrLine: {'line': b'      |                                            \x1b[01;35m\x1b[K~~~~~~^~~\x1b[m\x1b[K\n'}
[2.728141] (CommunicationCenter) StderrLine: {'line': b'\x1b[01m\x1b[K/home/albusgive2/rlfw/rlfw_deploy/src/CommunicationCenter/motor_driver/DMMotor.h:60:61:\x1b[m\x1b[K \x1b[01;35m\x1b[Kwarning: \x1b[m\x1b[Kunused parameter \xe2\x80\x98\x1b[01m\x1b[Kvel\x1b[m\x1b[K\xe2\x80\x99 [\x1b[01;35m\x1b[K\x1b]8;;https://gcc.gnu.org/onlinedocs/gcc/Warning-Options.html#index-Wunused-parameter\x07-Wunused-parameter\x1b]8;;\x07\x1b[m\x1b[K]\n'}
[2.728216] (CommunicationCenter) StderrLine: {'line': b'   60 |   DMCANMsg *ctrl_pos_vel(uint8_t motor_id, float pos, \x1b[01;35m\x1b[Kfloat vel\x1b[m\x1b[K) override {\n'}
[2.728270] (CommunicationCenter) StderrLine: {'line': b'      |                                                       \x1b[01;35m\x1b[K~~~~~~^~~\x1b[m\x1b[K\n'}
[2.728315] (CommunicationCenter) StderrLine: {'line': b'\x1b[01m\x1b[K/home/albusgive2/rlfw/rlfw_deploy/src/CommunicationCenter/motor_driver/DMMotor.h:\x1b[m\x1b[K In member function \xe2\x80\x98\x1b[01m\x1b[Kvirtual DMCANMsg* DMMotor::ctrl_torque(uint8_t, float)\x1b[m\x1b[K\xe2\x80\x99:\n'}
[2.728370] (CommunicationCenter) StderrLine: {'line': b'\x1b[01m\x1b[K/home/albusgive2/rlfw/rlfw_deploy/src/CommunicationCenter/motor_driver/DMMotor.h:64:33:\x1b[m\x1b[K \x1b[01;35m\x1b[Kwarning: \x1b[m\x1b[Kunused parameter \xe2\x80\x98\x1b[01m\x1b[Kmotor_id\x1b[m\x1b[K\xe2\x80\x99 [\x1b[01;35m\x1b[K\x1b]8;;https://gcc.gnu.org/onlinedocs/gcc/Warning-Options.html#index-Wunused-parameter\x07-Wunused-parameter\x1b]8;;\x07\x1b[m\x1b[K]\n'}
[2.728423] (CommunicationCenter) StderrLine: {'line': b'   64 |   DMCANMsg *ctrl_torque(\x1b[01;35m\x1b[Kuint8_t motor_id\x1b[m\x1b[K, float torque) override {\n'}
[2.728467] (CommunicationCenter) StderrLine: {'line': b'      |                         \x1b[01;35m\x1b[K~~~~~~~~^~~~~~~~\x1b[m\x1b[K\n'}
[2.728526] (CommunicationCenter) StderrLine: {'line': b'\x1b[01m\x1b[K/home/albusgive2/rlfw/rlfw_deploy/src/CommunicationCenter/motor_driver/DMMotor.h:64:49:\x1b[m\x1b[K \x1b[01;35m\x1b[Kwarning: \x1b[m\x1b[Kunused parameter \xe2\x80\x98\x1b[01m\x1b[Ktorque\x1b[m\x1b[K\xe2\x80\x99 [\x1b[01;35m\x1b[K\x1b]8;;https://gcc.gnu.org/onlinedocs/gcc/Warning-Options.html#index-Wunused-parameter\x07-Wunused-parameter\x1b]8;;\x07\x1b[m\x1b[K]\n'}
[2.728582] (CommunicationCenter) StderrLine: {'line': b'   64 |   DMCANMsg *ctrl_torque(uint8_t motor_id, \x1b[01;35m\x1b[Kfloat torque\x1b[m\x1b[K) override {\n'}
[2.728623] (CommunicationCenter) StderrLine: {'line': b'      |                                           \x1b[01;35m\x1b[K~~~~~~^~~~~~\x1b[m\x1b[K\n'}
[2.728764] (CommunicationCenter) StderrLine: {'line': b'\x1b[01m\x1b[K/home/albusgive2/rlfw/rlfw_deploy/src/CommunicationCenter/motor_driver/DMMotor.h:\x1b[m\x1b[K In member function \xe2\x80\x98\x1b[01m\x1b[Kvirtual DMCANMsg* DMMotor::setPosKP(uint8_t, float)\x1b[m\x1b[K\xe2\x80\x99:\n'}
[2.728832] (CommunicationCenter) StderrLine: {'line': b'\x1b[01m\x1b[K/home/albusgive2/rlfw/rlfw_deploy/src/CommunicationCenter/motor_driver/DMMotor.h:68:30:\x1b[m\x1b[K \x1b[01;35m\x1b[Kwarning: \x1b[m\x1b[Kunused parameter \xe2\x80\x98\x1b[01m\x1b[Kmotor_id\x1b[m\x1b[K\xe2\x80\x99 [\x1b[01;35m\x1b[K\x1b]8;;https://gcc.gnu.org/onlinedocs/gcc/Warning-Options.html#index-Wunused-parameter\x07-Wunused-parameter\x1b]8;;\x07\x1b[m\x1b[K]\n'}
[2.728882] (CommunicationCenter) StderrLine: {'line': b'   68 |   DMCANMsg *setPosKP(\x1b[01;35m\x1b[Kuint8_t motor_id\x1b[m\x1b[K, float kp) override { return nullptr; };\n'}
[2.728927] (CommunicationCenter) StderrLine: {'line': b'      |                      \x1b[01;35m\x1b[K~~~~~~~~^~~~~~~~\x1b[m\x1b[K\n'}
[2.728972] (CommunicationCenter) StderrLine: {'line': b'\x1b[01m\x1b[K/home/albusgive2/rlfw/rlfw_deploy/src/CommunicationCenter/motor_driver/DMMotor.h:68:46:\x1b[m\x1b[K \x1b[01;35m\x1b[Kwarning: \x1b[m\x1b[Kunused parameter \xe2\x80\x98\x1b[01m\x1b[Kkp\x1b[m\x1b[K\xe2\x80\x99 [\x1b[01;35m\x1b[K\x1b]8;;https://gcc.gnu.org/onlinedocs/gcc/Warning-Options.html#index-Wunused-parameter\x07-Wunused-parameter\x1b]8;;\x07\x1b[m\x1b[K]\n'}
[2.729015] (CommunicationCenter) StderrLine: {'line': b'   68 |   DMCANMsg *setPosKP(uint8_t motor_id, \x1b[01;35m\x1b[Kfloat kp\x1b[m\x1b[K) override { return nullptr; };\n'}
[2.729058] (CommunicationCenter) StderrLine: {'line': b'      |                                        \x1b[01;35m\x1b[K~~~~~~^~\x1b[m\x1b[K\n'}
[2.729104] (CommunicationCenter) StderrLine: {'line': b'\x1b[01m\x1b[K/home/albusgive2/rlfw/rlfw_deploy/src/CommunicationCenter/motor_driver/DMMotor.h:\x1b[m\x1b[K In member function \xe2\x80\x98\x1b[01m\x1b[Kvirtual DMCANMsg* DMMotor::setPosKD(uint8_t, float)\x1b[m\x1b[K\xe2\x80\x99:\n'}
[2.729149] (CommunicationCenter) StderrLine: {'line': b'\x1b[01m\x1b[K/home/albusgive2/rlfw/rlfw_deploy/src/CommunicationCenter/motor_driver/DMMotor.h:69:30:\x1b[m\x1b[K \x1b[01;35m\x1b[Kwarning: \x1b[m\x1b[Kunused parameter \xe2\x80\x98\x1b[01m\x1b[Kmotor_id\x1b[m\x1b[K\xe2\x80\x99 [\x1b[01;35m\x1b[K\x1b]8;;https://gcc.gnu.org/onlinedocs/gcc/Warning-Options.html#index-Wunused-parameter\x07-Wunused-parameter\x1b]8;;\x07\x1b[m\x1b[K]\n'}
[2.729195] (CommunicationCenter) StderrLine: {'line': b'   69 |   DMCANMsg *setPosKD(\x1b[01;35m\x1b[Kuint8_t motor_id\x1b[m\x1b[K, float kd) override { return nullptr; };\n'}
[2.729243] (CommunicationCenter) StderrLine: {'line': b'      |                      \x1b[01;35m\x1b[K~~~~~~~~^~~~~~~~\x1b[m\x1b[K\n'}
[2.729286] (CommunicationCenter) StderrLine: {'line': b'\x1b[01m\x1b[K/home/albusgive2/rlfw/rlfw_deploy/src/CommunicationCenter/motor_driver/DMMotor.h:69:46:\x1b[m\x1b[K \x1b[01;35m\x1b[Kwarning: \x1b[m\x1b[Kunused parameter \xe2\x80\x98\x1b[01m\x1b[Kkd\x1b[m\x1b[K\xe2\x80\x99 [\x1b[01;35m\x1b[K\x1b]8;;https://gcc.gnu.org/onlinedocs/gcc/Warning-Options.html#index-Wunused-parameter\x07-Wunused-parameter\x1b]8;;\x07\x1b[m\x1b[K]\n'}
[2.729333] (CommunicationCenter) StderrLine: {'line': b'   69 |   DMCANMsg *setPosKD(uint8_t motor_id, \x1b[01;35m\x1b[Kfloat kd\x1b[m\x1b[K) override { return nullptr; };\n'}
[2.729461] (CommunicationCenter) StderrLine: {'line': b'      |                                        \x1b[01;35m\x1b[K~~~~~~^~\x1b[m\x1b[K\n'}
[2.729517] (CommunicationCenter) StderrLine: {'line': b'\x1b[01m\x1b[K/home/albusgive2/rlfw/rlfw_deploy/src/CommunicationCenter/motor_driver/DMMotor.h:\x1b[m\x1b[K In member function \xe2\x80\x98\x1b[01m\x1b[Kvirtual DMCANMsg* DMMotor::setVelKP(uint8_t, float)\x1b[m\x1b[K\xe2\x80\x99:\n'}
[2.729570] (CommunicationCenter) StderrLine: {'line': b'\x1b[01m\x1b[K/home/albusgive2/rlfw/rlfw_deploy/src/CommunicationCenter/motor_driver/DMMotor.h:71:30:\x1b[m\x1b[K \x1b[01;35m\x1b[Kwarning: \x1b[m\x1b[Kunused parameter \xe2\x80\x98\x1b[01m\x1b[Kmotor_id\x1b[m\x1b[K\xe2\x80\x99 [\x1b[01;35m\x1b[K\x1b]8;;https://gcc.gnu.org/onlinedocs/gcc/Warning-Options.html#index-Wunused-parameter\x07-Wunused-parameter\x1b]8;;\x07\x1b[m\x1b[K]\n'}
[2.729634] (CommunicationCenter) StderrLine: {'line': b'   71 |   DMCANMsg *setVelKP(\x1b[01;35m\x1b[Kuint8_t motor_id\x1b[m\x1b[K, float kp) override { return nullptr; };\n'}
[2.729699] (CommunicationCenter) StderrLine: {'line': b'      |                      \x1b[01;35m\x1b[K~~~~~~~~^~~~~~~~\x1b[m\x1b[K\n'}
[2.729765] (CommunicationCenter) StderrLine: {'line': b'\x1b[01m\x1b[K/home/albusgive2/rlfw/rlfw_deploy/src/CommunicationCenter/motor_driver/DMMotor.h:71:46:\x1b[m\x1b[K \x1b[01;35m\x1b[Kwarning: \x1b[m\x1b[Kunused parameter \xe2\x80\x98\x1b[01m\x1b[Kkp\x1b[m\x1b[K\xe2\x80\x99 [\x1b[01;35m\x1b[K\x1b]8;;https://gcc.gnu.org/onlinedocs/gcc/Warning-Options.html#index-Wunused-parameter\x07-Wunused-parameter\x1b]8;;\x07\x1b[m\x1b[K]\n'}
[2.729812] (CommunicationCenter) StderrLine: {'line': b'   71 |   DMCANMsg *setVelKP(uint8_t motor_id, \x1b[01;35m\x1b[Kfloat kp\x1b[m\x1b[K) override { return nullptr; };\n'}
[2.729854] (CommunicationCenter) StderrLine: {'line': b'      |                                        \x1b[01;35m\x1b[K~~~~~~^~\x1b[m\x1b[K\n'}
[2.729897] (CommunicationCenter) StderrLine: {'line': b'\x1b[01m\x1b[K/home/albusgive2/rlfw/rlfw_deploy/src/CommunicationCenter/motor_driver/DMMotor.h:\x1b[m\x1b[K In member function \xe2\x80\x98\x1b[01m\x1b[Kvirtual DMCANMsg* DMMotor::setVelKI(uint8_t, float)\x1b[m\x1b[K\xe2\x80\x99:\n'}
[2.729941] (CommunicationCenter) StderrLine: {'line': b'\x1b[01m\x1b[K/home/albusgive2/rlfw/rlfw_deploy/src/CommunicationCenter/motor_driver/DMMotor.h:72:30:\x1b[m\x1b[K \x1b[01;35m\x1b[Kwarning: \x1b[m\x1b[Kunused parameter \xe2\x80\x98\x1b[01m\x1b[Kmotor_id\x1b[m\x1b[K\xe2\x80\x99 [\x1b[01;35m\x1b[K\x1b]8;;https://gcc.gnu.org/onlinedocs/gcc/Warning-Options.html#index-Wunused-parameter\x07-Wunused-parameter\x1b]8;;\x07\x1b[m\x1b[K]\n'}
[2.729986] (CommunicationCenter) StderrLine: {'line': b'   72 |   DMCANMsg *setVelKI(\x1b[01;35m\x1b[Kuint8_t motor_id\x1b[m\x1b[K, float ki) override { return nullptr; };\n'}
[2.730028] (CommunicationCenter) StderrLine: {'line': b'      |                      \x1b[01;35m\x1b[K~~~~~~~~^~~~~~~~\x1b[m\x1b[K\n'}
[2.730071] (CommunicationCenter) StderrLine: {'line': b'\x1b[01m\x1b[K/home/albusgive2/rlfw/rlfw_deploy/src/CommunicationCenter/motor_driver/DMMotor.h:72:46:\x1b[m\x1b[K \x1b[01;35m\x1b[Kwarning: \x1b[m\x1b[Kunused parameter \xe2\x80\x98\x1b[01m\x1b[Kki\x1b[m\x1b[K\xe2\x80\x99 [\x1b[01;35m\x1b[K\x1b]8;;https://gcc.gnu.org/onlinedocs/gcc/Warning-Options.html#index-Wunused-parameter\x07-Wunused-parameter\x1b]8;;\x07\x1b[m\x1b[K]\n'}
[2.730123] (CommunicationCenter) StderrLine: {'line': b'   72 |   DMCANMsg *setVelKI(uint8_t motor_id, \x1b[01;35m\x1b[Kfloat ki\x1b[m\x1b[K) override { return nullptr; };\n'}
[2.730165] (CommunicationCenter) StderrLine: {'line': b'      |                                        \x1b[01;35m\x1b[K~~~~~~^~\x1b[m\x1b[K\n'}
[2.730216] (CommunicationCenter) StderrLine: {'line': b'\x1b[01m\x1b[K/home/albusgive2/rlfw/rlfw_deploy/src/CommunicationCenter/motor_driver/DMMotor.h:\x1b[m\x1b[K In member function \xe2\x80\x98\x1b[01m\x1b[Kvirtual DMCANMsg* DMMotor::setTorqueKP(uint8_t, float)\x1b[m\x1b[K\xe2\x80\x99:\n'}
[2.730266] (CommunicationCenter) StderrLine: {'line': b'\x1b[01m\x1b[K/home/albusgive2/rlfw/rlfw_deploy/src/CommunicationCenter/motor_driver/DMMotor.h:74:33:\x1b[m\x1b[K \x1b[01;35m\x1b[Kwarning: \x1b[m\x1b[Kunused parameter \xe2\x80\x98\x1b[01m\x1b[Kmotor_id\x1b[m\x1b[K\xe2\x80\x99 [\x1b[01;35m\x1b[K\x1b]8;;https://gcc.gnu.org/onlinedocs/gcc/Warning-Options.html#index-Wunused-parameter\x07-Wunused-parameter\x1b]8;;\x07\x1b[m\x1b[K]\n'}
[2.730310] (CommunicationCenter) StderrLine: {'line': b'   74 |   DMCANMsg *setTorqueKP(\x1b[01;35m\x1b[Kuint8_t motor_id\x1b[m\x1b[K, float kp) override {\n'}
[2.730352] (CommunicationCenter) StderrLine: {'line': b'      |                         \x1b[01;35m\x1b[K~~~~~~~~^~~~~~~~\x1b[m\x1b[K\n'}
[2.730392] (CommunicationCenter) StderrLine: {'line': b'\x1b[01m\x1b[K/home/albusgive2/rlfw/rlfw_deploy/src/CommunicationCenter/motor_driver/DMMotor.h:74:49:\x1b[m\x1b[K \x1b[01;35m\x1b[Kwarning: \x1b[m\x1b[Kunused parameter \xe2\x80\x98\x1b[01m\x1b[Kkp\x1b[m\x1b[K\xe2\x80\x99 [\x1b[01;35m\x1b[K\x1b]8;;https://gcc.gnu.org/onlinedocs/gcc/Warning-Options.html#index-Wunused-parameter\x07-Wunused-parameter\x1b]8;;\x07\x1b[m\x1b[K]\n'}
[2.730434] (CommunicationCenter) StderrLine: {'line': b'   74 |   DMCANMsg *setTorqueKP(uint8_t motor_id, \x1b[01;35m\x1b[Kfloat kp\x1b[m\x1b[K) override {\n'}
[2.730474] (CommunicationCenter) StderrLine: {'line': b'      |                                           \x1b[01;35m\x1b[K~~~~~~^~\x1b[m\x1b[K\n'}
[2.730512] (CommunicationCenter) StderrLine: {'line': b'\x1b[01m\x1b[K/home/albusgive2/rlfw/rlfw_deploy/src/CommunicationCenter/motor_driver/DMMotor.h:\x1b[m\x1b[K In member function \xe2\x80\x98\x1b[01m\x1b[Kvirtual DMCANMsg* DMMotor::setTorqueKI(uint8_t, float)\x1b[m\x1b[K\xe2\x80\x99:\n'}
[2.730557] (CommunicationCenter) StderrLine: {'line': b'\x1b[01m\x1b[K/home/albusgive2/rlfw/rlfw_deploy/src/CommunicationCenter/motor_driver/DMMotor.h:77:33:\x1b[m\x1b[K \x1b[01;35m\x1b[Kwarning: \x1b[m\x1b[Kunused parameter \xe2\x80\x98\x1b[01m\x1b[Kmotor_id\x1b[m\x1b[K\xe2\x80\x99 [\x1b[01;35m\x1b[K\x1b]8;;https://gcc.gnu.org/onlinedocs/gcc/Warning-Options.html#index-Wunused-parameter\x07-Wunused-parameter\x1b]8;;\x07\x1b[m\x1b[K]\n'}
[2.730601] (CommunicationCenter) StderrLine: {'line': b'   77 |   DMCANMsg *setTorqueKI(\x1b[01;35m\x1b[Kuint8_t motor_id\x1b[m\x1b[K, float ki) override {\n'}
[2.730652] (CommunicationCenter) StderrLine: {'line': b'      |                         \x1b[01;35m\x1b[K~~~~~~~~^~~~~~~~\x1b[m\x1b[K\n'}
[2.730704] (CommunicationCenter) StderrLine: {'line': b'\x1b[01m\x1b[K/home/albusgive2/rlfw/rlfw_deploy/src/CommunicationCenter/motor_driver/DMMotor.h:77:49:\x1b[m\x1b[K \x1b[01;35m\x1b[Kwarning: \x1b[m\x1b[Kunused parameter \xe2\x80\x98\x1b[01m\x1b[Kki\x1b[m\x1b[K\xe2\x80\x99 [\x1b[01;35m\x1b[K\x1b]8;;https://gcc.gnu.org/onlinedocs/gcc/Warning-Options.html#index-Wunused-parameter\x07-Wunused-parameter\x1b]8;;\x07\x1b[m\x1b[K]\n'}
[2.730760] (CommunicationCenter) StderrLine: {'line': b'   77 |   DMCANMsg *setTorqueKI(uint8_t motor_id, \x1b[01;35m\x1b[Kfloat ki\x1b[m\x1b[K) override {\n'}
[2.730809] (CommunicationCenter) StderrLine: {'line': b'      |                                           \x1b[01;35m\x1b[K~~~~~~^~\x1b[m\x1b[K\n'}
[2.730858] (CommunicationCenter) StderrLine: {'line': b'\x1b[01m\x1b[K/home/albusgive2/rlfw/rlfw_deploy/src/CommunicationCenter/motor_driver/DMMotor.h:\x1b[m\x1b[K In member function \xe2\x80\x98\x1b[01m\x1b[Kvirtual DMCANMsg* DMMotor::setSafeTorque(uint8_t, float)\x1b[m\x1b[K\xe2\x80\x99:\n'}
[2.730900] (CommunicationCenter) StderrLine: {'line': b'\x1b[01m\x1b[K/home/albusgive2/rlfw/rlfw_deploy/src/CommunicationCenter/motor_driver/DMMotor.h:81:35:\x1b[m\x1b[K \x1b[01;35m\x1b[Kwarning: \x1b[m\x1b[Kunused parameter \xe2\x80\x98\x1b[01m\x1b[Kmotor_id\x1b[m\x1b[K\xe2\x80\x99 [\x1b[01;35m\x1b[K\x1b]8;;https://gcc.gnu.org/onlinedocs/gcc/Warning-Options.html#index-Wunused-parameter\x07-Wunused-parameter\x1b]8;;\x07\x1b[m\x1b[K]\n'}
[2.730947] (CommunicationCenter) StderrLine: {'line': b'   81 |   DMCANMsg *setSafeTorque(\x1b[01;35m\x1b[Kuint8_t motor_id\x1b[m\x1b[K, float torque) override {\n'}
[2.730994] (CommunicationCenter) StderrLine: {'line': b'      |                           \x1b[01;35m\x1b[K~~~~~~~~^~~~~~~~\x1b[m\x1b[K\n'}
[2.731033] (CommunicationCenter) StderrLine: {'line': b'\x1b[01m\x1b[K/home/albusgive2/rlfw/rlfw_deploy/src/CommunicationCenter/motor_driver/DMMotor.h:81:51:\x1b[m\x1b[K \x1b[01;35m\x1b[Kwarning: \x1b[m\x1b[Kunused parameter \xe2\x80\x98\x1b[01m\x1b[Ktorque\x1b[m\x1b[K\xe2\x80\x99 [\x1b[01;35m\x1b[K\x1b]8;;https://gcc.gnu.org/onlinedocs/gcc/Warning-Options.html#index-Wunused-parameter\x07-Wunused-parameter\x1b]8;;\x07\x1b[m\x1b[K]\n'}
[2.731087] (CommunicationCenter) StderrLine: {'line': b'   81 |   DMCANMsg *setSafeTorque(uint8_t motor_id, \x1b[01;35m\x1b[Kfloat torque\x1b[m\x1b[K) override {\n'}
[2.731128] (CommunicationCenter) StderrLine: {'line': b'      |                                             \x1b[01;35m\x1b[K~~~~~~^~~~~~\x1b[m\x1b[K\n'}
[2.731167] (CommunicationCenter) StderrLine: {'line': b'\x1b[01m\x1b[K/home/albusgive2/rlfw/rlfw_deploy/src/CommunicationCenter/motor_driver/DMMotor.h:\x1b[m\x1b[K In member function \xe2\x80\x98\x1b[01m\x1b[Kvirtual DMCANMsg* DMMotor::setSafePos(uint8_t, float)\x1b[m\x1b[K\xe2\x80\x99:\n'}
[2.731209] (CommunicationCenter) StderrLine: {'line': b'\x1b[01m\x1b[K/home/albusgive2/rlfw/rlfw_deploy/src/CommunicationCenter/motor_driver/DMMotor.h:84:32:\x1b[m\x1b[K \x1b[01;35m\x1b[Kwarning: \x1b[m\x1b[Kunused parameter \xe2\x80\x98\x1b[01m\x1b[Kmotor_id\x1b[m\x1b[K\xe2\x80\x99 [\x1b[01;35m\x1b[K\x1b]8;;https://gcc.gnu.org/onlinedocs/gcc/Warning-Options.html#index-Wunused-parameter\x07-Wunused-parameter\x1b]8;;\x07\x1b[m\x1b[K]\n'}
[2.731254] (CommunicationCenter) StderrLine: {'line': b'   84 |   DMCANMsg *setSafePos(\x1b[01;35m\x1b[Kuint8_t motor_id\x1b[m\x1b[K, float pos) override {\n'}
[2.731299] (CommunicationCenter) StderrLine: {'line': b'      |                        \x1b[01;35m\x1b[K~~~~~~~~^~~~~~~~\x1b[m\x1b[K\n'}
[2.731339] (CommunicationCenter) StderrLine: {'line': b'\x1b[01m\x1b[K/home/albusgive2/rlfw/rlfw_deploy/src/CommunicationCenter/motor_driver/DMMotor.h:84:48:\x1b[m\x1b[K \x1b[01;35m\x1b[Kwarning: \x1b[m\x1b[Kunused parameter \xe2\x80\x98\x1b[01m\x1b[Kpos\x1b[m\x1b[K\xe2\x80\x99 [\x1b[01;35m\x1b[K\x1b]8;;https://gcc.gnu.org/onlinedocs/gcc/Warning-Options.html#index-Wunused-parameter\x07-Wunused-parameter\x1b]8;;\x07\x1b[m\x1b[K]\n'}
[2.731385] (CommunicationCenter) StderrLine: {'line': b'   84 |   DMCANMsg *setSafePos(uint8_t motor_id, \x1b[01;35m\x1b[Kfloat pos\x1b[m\x1b[K) override {\n'}
[2.731428] (CommunicationCenter) StderrLine: {'line': b'      |                                          \x1b[01;35m\x1b[K~~~~~~^~~\x1b[m\x1b[K\n'}
[2.731472] (CommunicationCenter) StderrLine: {'line': b'\x1b[01m\x1b[K/home/albusgive2/rlfw/rlfw_deploy/src/CommunicationCenter/motor_driver/DMMotor.h:\x1b[m\x1b[K In member function \xe2\x80\x98\x1b[01m\x1b[Kvirtual DMCANMsg* DMMotor::setSafeVel(uint8_t, float)\x1b[m\x1b[K\xe2\x80\x99:\n'}
[2.731515] (CommunicationCenter) StderrLine: {'line': b'\x1b[01m\x1b[K/home/albusgive2/rlfw/rlfw_deploy/src/CommunicationCenter/motor_driver/DMMotor.h:87:32:\x1b[m\x1b[K \x1b[01;35m\x1b[Kwarning: \x1b[m\x1b[Kunused parameter \xe2\x80\x98\x1b[01m\x1b[Kmotor_id\x1b[m\x1b[K\xe2\x80\x99 [\x1b[01;35m\x1b[K\x1b]8;;https://gcc.gnu.org/onlinedocs/gcc/Warning-Options.html#index-Wunused-parameter\x07-Wunused-parameter\x1b]8;;\x07\x1b[m\x1b[K]\n'}
[2.731560] (CommunicationCenter) StderrLine: {'line': b'   87 |   DMCANMsg *setSafeVel(\x1b[01;35m\x1b[Kuint8_t motor_id\x1b[m\x1b[K, float vel) override {\n'}
[2.731603] (CommunicationCenter) StderrLine: {'line': b'      |                        \x1b[01;35m\x1b[K~~~~~~~~^~~~~~~~\x1b[m\x1b[K\n'}
[2.731647] (CommunicationCenter) StderrLine: {'line': b'\x1b[01m\x1b[K/home/albusgive2/rlfw/rlfw_deploy/src/CommunicationCenter/motor_driver/DMMotor.h:87:48:\x1b[m\x1b[K \x1b[01;35m\x1b[Kwarning: \x1b[m\x1b[Kunused parameter \xe2\x80\x98\x1b[01m\x1b[Kvel\x1b[m\x1b[K\xe2\x80\x99 [\x1b[01;35m\x1b[K\x1b]8;;https://gcc.gnu.org/onlinedocs/gcc/Warning-Options.html#index-Wunused-parameter\x07-Wunused-parameter\x1b]8;;\x07\x1b[m\x1b[K]\n'}
[2.731705] (CommunicationCenter) StderrLine: {'line': b'   87 |   DMCANMsg *setSafeVel(uint8_t motor_id, \x1b[01;35m\x1b[Kfloat vel\x1b[m\x1b[K) override {\n'}
[2.731756] (CommunicationCenter) StderrLine: {'line': b'      |                                          \x1b[01;35m\x1b[K~~~~~~^~~\x1b[m\x1b[K\n'}
[2.811748] (-) TimerEvent: {}
[2.836798] (CommunicationCenter) StderrLine: {'line': b'\x1b[01m\x1b[K/home/albusgive2/rlfw/rlfw_deploy/src/CommunicationCenter/src/serial.cpp:\x1b[m\x1b[K In member function \xe2\x80\x98\x1b[01m\x1b[Kbool Serial::OpenSerial(std::string, int, int, int, int)\x1b[m\x1b[K\xe2\x80\x99:\n'}
[2.836963] (CommunicationCenter) StderrLine: {'line': b'\x1b[01m\x1b[K/home/albusgive2/rlfw/rlfw_deploy/src/CommunicationCenter/src/serial.cpp:41:17:\x1b[m\x1b[K \x1b[01;35m\x1b[Kwarning: \x1b[m\x1b[Kthis statement may fall through [\x1b[01;35m\x1b[K\x1b]8;;https://gcc.gnu.org/onlinedocs/gcc/Warning-Options.html#index-Wimplicit-fallthrough=\x07-Wimplicit-fallthrough=\x1b]8;;\x07\x1b[m\x1b[K]\n'}
[2.837032] (CommunicationCenter) StderrLine: {'line': b'   41 |     Opt.c_cflag \x1b[01;35m\x1b[K|\x1b[m\x1b[K= CS6;\n'}
[2.837073] (CommunicationCenter) StderrLine: {'line': b'      |                 \x1b[01;35m\x1b[K^\x1b[m\x1b[K\n'}
[2.837106] (CommunicationCenter) StderrLine: {'line': b'\x1b[01m\x1b[K/home/albusgive2/rlfw/rlfw_deploy/src/CommunicationCenter/src/serial.cpp:42:3:\x1b[m\x1b[K \x1b[01;36m\x1b[Knote: \x1b[m\x1b[Khere\n'}
[2.837142] (CommunicationCenter) StderrLine: {'line': b'   42 |   \x1b[01;36m\x1b[Kcase\x1b[m\x1b[K 7:\n'}
[2.837175] (CommunicationCenter) StderrLine: {'line': b'      |   \x1b[01;36m\x1b[K^~~~\x1b[m\x1b[K\n'}
[2.912137] (-) TimerEvent: {}
[3.012759] (-) TimerEvent: {}
[3.113750] (-) TimerEvent: {}
[3.214035] (-) TimerEvent: {}
[3.314316] (-) TimerEvent: {}
[3.414611] (-) TimerEvent: {}
[3.512888] (agent) StdoutLine: {'line': b'-- Detecting CUDA compiler ABI info - done\n'}
[3.514703] (-) TimerEvent: {}
[3.543091] (nz-imu) StderrLine: {'line': b'\x1b[01m\x1b[K/home/albusgive2/rlfw/rlfw_deploy/src/nz-imu/hwt906/main.cpp:\x1b[m\x1b[K In function \xe2\x80\x98\x1b[01m\x1b[Kint main(int, char**)\x1b[m\x1b[K\xe2\x80\x99:\n'}
[3.543278] (nz-imu) StderrLine: {'line': b'\x1b[01m\x1b[K/home/albusgive2/rlfw/rlfw_deploy/src/nz-imu/hwt906/main.cpp:42:34:\x1b[m\x1b[K \x1b[01;35m\x1b[Kwarning: \x1b[m\x1b[Kvariable \xe2\x80\x98\x1b[01m\x1b[KfAngle\x1b[m\x1b[K\xe2\x80\x99 set but not used [\x1b[01;35m\x1b[K\x1b]8;;https://gcc.gnu.org/onlinedocs/gcc/Warning-Options.html#index-Wunused-but-set-variable\x07-Wunused-but-set-variable\x1b]8;;\x07\x1b[m\x1b[K]\n'}
[3.543347] (nz-imu) StderrLine: {'line': b'   42 |         float fAcc[3], fGyro[3], \x1b[01;35m\x1b[KfAngle\x1b[m\x1b[K[3], fQuat[4];\n'}
[3.543393] (nz-imu) StderrLine: {'line': b'      |                                  \x1b[01;35m\x1b[K^~~~~~\x1b[m\x1b[K\n'}
[3.543438] (nz-imu) StderrLine: {'line': b'\x1b[01m\x1b[K/home/albusgive2/rlfw/rlfw_deploy/src/nz-imu/hwt906/main.cpp:43:16:\x1b[m\x1b[K \x1b[01;35m\x1b[Kwarning: \x1b[m\x1b[Kunused variable \xe2\x80\x98\x1b[01m\x1b[Kret\x1b[m\x1b[K\xe2\x80\x99 [\x1b[01;35m\x1b[K\x1b]8;;https://gcc.gnu.org/onlinedocs/gcc/Warning-Options.html#index-Wunused-variable\x07-Wunused-variable\x1b]8;;\x07\x1b[m\x1b[K]\n'}
[3.543484] (nz-imu) StderrLine: {'line': b'   43 |         int i, \x1b[01;35m\x1b[Kret\x1b[m\x1b[K;\n'}
[3.543525] (nz-imu) StderrLine: {'line': b'      |                \x1b[01;35m\x1b[K^~~\x1b[m\x1b[K\n'}
[3.543565] (nz-imu) StderrLine: {'line': b'\x1b[01m\x1b[K/home/albusgive2/rlfw/rlfw_deploy/src/nz-imu/hwt906/main.cpp:\x1b[m\x1b[K In function \xe2\x80\x98\x1b[01m\x1b[Kvoid SensorDataUpdata(uint32_t, uint32_t)\x1b[m\x1b[K\xe2\x80\x99:\n'}
[3.543607] (nz-imu) StderrLine: {'line': b'\x1b[01m\x1b[K/home/albusgive2/rlfw/rlfw_deploy/src/nz-imu/hwt906/main.cpp:120:23:\x1b[m\x1b[K \x1b[01;35m\x1b[Kwarning: \x1b[m\x1b[Kcomparison of integer expressions of different signedness: \xe2\x80\x98\x1b[01m\x1b[Kint\x1b[m\x1b[K\xe2\x80\x99 and \xe2\x80\x98\x1b[01m\x1b[Kuint32_t\x1b[m\x1b[K\xe2\x80\x99 {aka \xe2\x80\x98\x1b[01m\x1b[Kunsigned int\x1b[m\x1b[K\xe2\x80\x99} [\x1b[01;35m\x1b[K\x1b]8;;https://gcc.gnu.org/onlinedocs/gcc/Warning-Options.html#index-Wsign-compare\x07-Wsign-compare\x1b]8;;\x07\x1b[m\x1b[K]\n'}
[3.543662] (nz-imu) StderrLine: {'line': b'  120 |         for (i = 0; \x1b[01;35m\x1b[Ki < uiRegNum\x1b[m\x1b[K; i++)\n'}
[3.543713] (nz-imu) StderrLine: {'line': b'      |                     \x1b[01;35m\x1b[K~~^~~~~~~~~~\x1b[m\x1b[K\n'}
[3.546584] (agent) StdoutLine: {'line': b'-- Check for working CUDA compiler: /usr/local/cuda/bin/nvcc - skipped\n'}
[3.547008] (agent) StdoutLine: {'line': b'-- Detecting CUDA compile features\n'}
[3.547440] (agent) StdoutLine: {'line': b'-- Detecting CUDA compile features - done\n'}
[3.552952] (agent) StdoutLine: {'line': b'-- Found CUDAToolkit: /usr/local/cuda/include (found version "12.4.99") \n'}
[3.599240] (agent) StdoutLine: {'line': b'-- PyTorch: CUDA detected: 12.4\n'}
[3.599421] (agent) StdoutLine: {'line': b'-- PyTorch: CUDA nvcc is: /usr/local/cuda/bin/nvcc\n'}
[3.599490] (agent) StdoutLine: {'line': b'-- PyTorch: CUDA toolkit directory: /usr/local/cuda\n'}
[3.614829] (-) TimerEvent: {}
[3.703841] (agent) StdoutLine: {'line': b'-- PyTorch: Header version is: 12.4\n'}
[3.714908] (-) TimerEvent: {}
[3.817905] (-) TimerEvent: {}
[3.876671] (agent) StdoutLine: {'line': b'-- Found Python: /usr/bin/python3.10 (found version "3.10.12") found components: Interpreter \n'}
[3.882480] (agent) StderrLine: {'line': b'\x1b[33mCMake Warning at /home/albusgive2/libtorch-cxx11-abi-shared-with-deps-2.6.0+cu124/libtorch/share/cmake/Caffe2/public/cuda.cmake:140 (message):\n'}
[3.882648] (agent) StderrLine: {'line': b'  Failed to compute shorthash for libnvrtc.so\n'}
[3.882728] (agent) StderrLine: {'line': b'Call Stack (most recent call first):\n'}
[3.882781] (agent) StderrLine: {'line': b'  /home/albusgive2/libtorch-cxx11-abi-shared-with-deps-2.6.0+cu124/libtorch/share/cmake/Caffe2/Caffe2Config.cmake:86 (include)\n'}
[3.882836] (agent) StderrLine: {'line': b'  /home/albusgive2/libtorch-cxx11-abi-shared-with-deps-2.6.0+cu124/libtorch/share/cmake/Torch/TorchConfig.cmake:68 (find_package)\n'}
[3.882881] (agent) StderrLine: {'line': b'  CMakeLists.txt:23 (find_package)\n'}
[3.882922] (agent) StderrLine: {'line': b'\n'}
[3.882960] (agent) StderrLine: {'line': b'\x1b[0m\n'}
[3.883099] (agent) StderrLine: {'line': b'\x1b[33mCMake Warning (dev) at /usr/share/cmake-3.22/Modules/FindPackageHandleStandardArgs.cmake:438 (message):\n'}
[3.883155] (agent) StderrLine: {'line': b'  The package name passed to `find_package_handle_standard_args` (nvtx3) does\n'}
[3.883195] (agent) StderrLine: {'line': b'  not match the name of the calling package (Caffe2).  This can lead to\n'}
[3.883234] (agent) StderrLine: {'line': b'  problems in calling code that expects `find_package` result variables\n'}
[3.883271] (agent) StderrLine: {'line': b'  (e.g., `_FOUND`) to follow a certain pattern.\n'}
[3.883311] (agent) StderrLine: {'line': b'Call Stack (most recent call first):\n'}
[3.883351] (agent) StderrLine: {'line': b'  /home/albusgive2/libtorch-cxx11-abi-shared-with-deps-2.6.0+cu124/libtorch/share/cmake/Caffe2/public/cuda.cmake:178 (find_package_handle_standard_args)\n'}
[3.883401] (agent) StderrLine: {'line': b'  /home/albusgive2/libtorch-cxx11-abi-shared-with-deps-2.6.0+cu124/libtorch/share/cmake/Caffe2/Caffe2Config.cmake:86 (include)\n'}
[3.883450] (agent) StderrLine: {'line': b'  /home/albusgive2/libtorch-cxx11-abi-shared-with-deps-2.6.0+cu124/libtorch/share/cmake/Torch/TorchConfig.cmake:68 (find_package)\n'}
[3.883495] (agent) StderrLine: {'line': b'  CMakeLists.txt:23 (find_package)\n'}
[3.883539] (agent) StderrLine: {'line': b'This warning is for project developers.  Use -Wno-dev to suppress it.\n'}
[3.883583] (agent) StderrLine: {'line': b'\x1b[0m\n'}
[3.883624] (agent) StderrLine: {'line': b'\x1b[33mCMake Warning at /home/albusgive2/libtorch-cxx11-abi-shared-with-deps-2.6.0+cu124/libtorch/share/cmake/Caffe2/public/cuda.cmake:184 (message):\n'}
[3.883678] (agent) StderrLine: {'line': b'  Cannot find NVTX3, find old NVTX instead\n'}
[3.883730] (agent) StderrLine: {'line': b'Call Stack (most recent call first):\n'}
[3.883775] (agent) StderrLine: {'line': b'  /home/albusgive2/libtorch-cxx11-abi-shared-with-deps-2.6.0+cu124/libtorch/share/cmake/Caffe2/Caffe2Config.cmake:86 (include)\n'}
[3.883819] (agent) StderrLine: {'line': b'  /home/albusgive2/libtorch-cxx11-abi-shared-with-deps-2.6.0+cu124/libtorch/share/cmake/Torch/TorchConfig.cmake:68 (find_package)\n'}
[3.883862] (agent) StderrLine: {'line': b'  CMakeLists.txt:23 (find_package)\n'}
[3.883902] (agent) StderrLine: {'line': b'\n'}
[3.883940] (agent) StderrLine: {'line': b'\x1b[0m\n'}
[3.883977] (agent) StdoutLine: {'line': b'-- Could NOT find nvtx3 (missing: nvtx3_dir) \n'}
[3.884029] (agent) StdoutLine: {'line': b'-- USE_CUDNN is set to 0. Compiling without cuDNN support\n'}
[3.884077] (agent) StdoutLine: {'line': b'-- USE_CUSPARSELT is set to 0. Compiling without cuSPARSELt support\n'}
[3.884124] (agent) StdoutLine: {'line': b'-- USE_CUDSS is set to 0. Compiling without cuDSS support\n'}
[3.884171] (agent) StdoutLine: {'line': b'-- USE_CUFILE is set to 0. Compiling without cuFile support\n'}
[3.918110] (-) TimerEvent: {}
[4.018404] (-) TimerEvent: {}
[4.118711] (-) TimerEvent: {}
[4.218987] (-) TimerEvent: {}
[4.228948] (nz-imu) StderrLine: {'line': b'\x1b[01m\x1b[K/home/albusgive2/rlfw/rlfw_deploy/src/nz-imu/hwt906/main.cpp:145:39:\x1b[m\x1b[K \x1b[01;35m\x1b[Kwarning: \x1b[m\x1b[Kthis statement may fall through [\x1b[01;35m\x1b[K\x1b]8;;https://gcc.gnu.org/onlinedocs/gcc/Warning-Options.html#index-Wimplicit-fallthrough=\x07-Wimplicit-fallthrough=\x1b]8;;\x07\x1b[m\x1b[K]\n'}
[4.229127] (nz-imu) StderrLine: {'line': b'  145 |                         s_cDataUpdate \x1b[01;35m\x1b[K|\x1b[m\x1b[K= QUAT_UPDATE;\n'}
[4.229207] (nz-imu) StderrLine: {'line': b'      |                                       \x1b[01;35m\x1b[K^\x1b[m\x1b[K\n'}
[4.229259] (nz-imu) StderrLine: {'line': b'\x1b[01m\x1b[K/home/albusgive2/rlfw/rlfw_deploy/src/nz-imu/hwt906/main.cpp:146:17:\x1b[m\x1b[K \x1b[01;36m\x1b[Knote: \x1b[m\x1b[Khere\n'}
[4.229309] (nz-imu) StderrLine: {'line': b'  146 |                 \x1b[01;36m\x1b[Kdefault\x1b[m\x1b[K:\n'}
[4.229360] (nz-imu) StderrLine: {'line': b'      |                 \x1b[01;36m\x1b[K^~~~~~~\x1b[m\x1b[K\n'}
[4.319082] (-) TimerEvent: {}
[4.419363] (-) TimerEvent: {}
[4.519902] (-) TimerEvent: {}
[4.620188] (-) TimerEvent: {}
[4.695747] (agent) StdoutLine: {'line': b'-- Autodetected CUDA architecture(s):  8.9\n'}
[4.695928] (agent) StdoutLine: {'line': b'-- Added CUDA NVCC flags for: -gencode;arch=compute_89,code=sm_89\n'}
[4.720286] (-) TimerEvent: {}
[4.720690] (agent) StdoutLine: {'line': b'-- Found Torch: /home/albusgive2/libtorch-cxx11-abi-shared-with-deps-2.6.0+cu124/libtorch/lib/libtorch.so  \n'}
[4.724783] (agent) StdoutLine: {'line': b'-- Found ament_lint_auto: 0.12.11 (/opt/ros/humble/share/ament_lint_auto/cmake)\n'}
[4.794172] (agent) StdoutLine: {'line': b"-- Added test 'cppcheck' to perform static code analysis on C / C++ code\n"}
[4.794390] (agent) StdoutLine: {'line': b'-- Configured cppcheck include dirs: /home/albusgive2/rlfw/rlfw_deploy/src/agent/include\n'}
[4.794449] (agent) StdoutLine: {'line': b'-- Configured cppcheck exclude dirs and/or files: \n'}
[4.797661] (agent) StdoutLine: {'line': b"-- Added test 'lint_cmake' to check CMake code style\n"}
[4.805713] (agent) StdoutLine: {'line': b"-- Added test 'uncrustify' to check C / C++ code style\n"}
[4.805871] (agent) StdoutLine: {'line': b'-- Configured uncrustify additional arguments: \n'}
[4.807092] (agent) StdoutLine: {'line': b"-- Added test 'xmllint' to check XML markup files\n"}
[4.808012] (agent) StdoutLine: {'line': b'-- Configuring done\n'}
[4.820382] (-) TimerEvent: {}
[4.822498] (agent) StdoutLine: {'line': b'-- Generating done\n'}
[4.828039] (agent) StdoutLine: {'line': b'-- Build files have been written to: /home/albusgive2/rlfw/rlfw_deploy/build/agent\n'}
[4.841684] (agent) CommandEnded: {'returncode': 0}
[4.842279] (agent) JobProgress: {'identifier': 'agent', 'progress': 'build'}
[4.842586] (agent) Command: {'cmd': ['/usr/bin/cmake', '--build', '/home/albusgive2/rlfw/rlfw_deploy/build/agent', '--', '-j12', '-l12'], 'cwd': '/home/albusgive2/rlfw/rlfw_deploy/build/agent', 'env': OrderedDict([('GJS_DEBUG_TOPICS', 'JS ERROR;JS LOG'), ('LESSOPEN', '| /usr/bin/lesspipe %s'), ('LANGUAGE', 'zh_CN:zh'), ('USER', 'albusgive2'), ('XDG_SESSION_TYPE', 'x11'), ('GIT_ASKPASS', '/usr/share/code/resources/app/extensions/git/dist/askpass.sh'), ('SHLVL', '1'), ('LD_LIBRARY_PATH', '/home/albusgive2/rlfw/rlfw_interface/install/rlfw_msgs/lib:/opt/mujoco/lib:/opt/ros/humble/opt/rviz_ogre_vendor/lib:/opt/ros/humble/lib/x86_64-linux-gnu:/opt/ros/humble/lib:/usr/local/cuda/lib64::/usr/local/cuda-12.4/lib64:/home/albusgive2/libtorch-cxx11-abi-shared-with-deps-2.6.0+cu124/libtorch/lib'), ('HOME', '/home/albusgive2'), ('CHROME_DESKTOP', 'code.desktop'), ('CONDA_SHLVL', '0'), ('TERM_PROGRAM_VERSION', '1.97.0'), ('DESKTOP_SESSION', 'ubuntu'), ('GIO_LAUNCHED_DESKTOP_FILE', '/usr/share/applications/code.desktop'), ('ROS_PYTHON_VERSION', '3'), ('GNOME_SHELL_SESSION_MODE', 'ubuntu'), ('GTK_MODULES', 'gail:atk-bridge'), ('VSCODE_GIT_ASKPASS_MAIN', '/usr/share/code/resources/app/extensions/git/dist/askpass-main.js'), ('VSCODE_GIT_ASKPASS_NODE', '/usr/share/code/code'), ('MANAGERPID', '1654'), ('SYSTEMD_EXEC_PID', '1908'), ('DBUS_SESSION_BUS_ADDRESS', 'unix:path=/run/user/1000/bus'), ('COLORTERM', 'truecolor'), ('_CE_M', ''), ('GIO_LAUNCHED_DESKTOP_FILE_PID', '3039'), ('https_proxy', 'http://127.0.0.1:7897'), ('COLCON_PREFIX_PATH', '/home/albusgive2/rlfw/rlfw_deploy/install:/home/albusgive2/rlfw/rlfw_interface/install'), ('ROS_DISTRO', 'humble'), ('GTK_IM_MODULE', 'ibus'), ('LOGNAME', 'albusgive2'), ('http_proxy', 'http://127.0.0.1:7897'), ('JOURNAL_STREAM', '8:18706'), ('_', '/usr/bin/colcon'), ('ROS_VERSION', '2'), ('XDG_SESSION_CLASS', 'user'), ('USERNAME', 'albusgive2'), ('TERM', 'xterm-256color'), ('GNOME_DESKTOP_SESSION_ID', 'this-is-deprecated'), ('_CE_CONDA', ''), ('ROS_LOCALHOST_ONLY', '0'), ('WINDOWPATH', '2'), ('PATH', '/home/albusgive2/Qt/6.8.2/gcc_64/bin:/opt/ros/humble/bin:/usr/local/cuda/bin:/home/albusgive2/anaconda3/condabin:/home/albusgive2/.local/bin:/usr/local/sbin:/usr/local/bin:/usr/sbin:/usr/bin:/sbin:/bin:/usr/games:/usr/local/games:/snap/bin:/snap/bin:/home/albusgive2/.config/Code/User/globalStorage/github.copilot-chat/debugCommand:/usr/local/cuda-12.4/bin'), ('SESSION_MANAGER', 'local/albusgive2:@/tmp/.ICE-unix/1881,unix/albusgive2:/tmp/.ICE-unix/1881'), ('INVOCATION_ID', '20c30074f4284fdba3c48df0b7a81a2d'), ('XDG_MENU_PREFIX', 'gnome-'), ('XDG_RUNTIME_DIR', '/run/user/1000'), ('GDK_BACKEND', 'x11'), ('DISPLAY', ':1'), ('LANG', 'zh_CN.UTF-8'), ('XDG_CURRENT_DESKTOP', 'Unity'), ('XMODIFIERS', '@im=ibus'), ('XDG_SESSION_DESKTOP', 'ubuntu'), ('XAUTHORITY', '/run/user/1000/gdm/Xauthority'), ('LS_COLORS', 'rs=0:di=01;34:ln=01;36:mh=00:pi=40;33:so=01;35:do=01;35:bd=40;33;01:cd=40;33;01:or=40;31;01:mi=00:su=37;41:sg=30;43:ca=30;41:tw=30;42:ow=34;42:st=37;44:ex=01;32:*.tar=01;31:*.tgz=01;31:*.arc=01;31:*.arj=01;31:*.taz=01;31:*.lha=01;31:*.lz4=01;31:*.lzh=01;31:*.lzma=01;31:*.tlz=01;31:*.txz=01;31:*.tzo=01;31:*.t7z=01;31:*.zip=01;31:*.z=01;31:*.dz=01;31:*.gz=01;31:*.lrz=01;31:*.lz=01;31:*.lzo=01;31:*.xz=01;31:*.zst=01;31:*.tzst=01;31:*.bz2=01;31:*.bz=01;31:*.tbz=01;31:*.tbz2=01;31:*.tz=01;31:*.deb=01;31:*.rpm=01;31:*.jar=01;31:*.war=01;31:*.ear=01;31:*.sar=01;31:*.rar=01;31:*.alz=01;31:*.ace=01;31:*.zoo=01;31:*.cpio=01;31:*.7z=01;31:*.rz=01;31:*.cab=01;31:*.wim=01;31:*.swm=01;31:*.dwm=01;31:*.esd=01;31:*.jpg=01;35:*.jpeg=01;35:*.mjpg=01;35:*.mjpeg=01;35:*.gif=01;35:*.bmp=01;35:*.pbm=01;35:*.pgm=01;35:*.ppm=01;35:*.tga=01;35:*.xbm=01;35:*.xpm=01;35:*.tif=01;35:*.tiff=01;35:*.png=01;35:*.svg=01;35:*.svgz=01;35:*.mng=01;35:*.pcx=01;35:*.mov=01;35:*.mpg=01;35:*.mpeg=01;35:*.m2v=01;35:*.mkv=01;35:*.webm=01;35:*.webp=01;35:*.ogm=01;35:*.mp4=01;35:*.m4v=01;35:*.mp4v=01;35:*.vob=01;35:*.qt=01;35:*.nuv=01;35:*.wmv=01;35:*.asf=01;35:*.rm=01;35:*.rmvb=01;35:*.flc=01;35:*.avi=01;35:*.fli=01;35:*.flv=01;35:*.gl=01;35:*.dl=01;35:*.xcf=01;35:*.xwd=01;35:*.yuv=01;35:*.cgm=01;35:*.emf=01;35:*.ogv=01;35:*.ogx=01;35:*.aac=00;36:*.au=00;36:*.flac=00;36:*.m4a=00;36:*.mid=00;36:*.midi=00;36:*.mka=00;36:*.mp3=00;36:*.mpc=00;36:*.ogg=00;36:*.ra=00;36:*.wav=00;36:*.oga=00;36:*.opus=00;36:*.spx=00;36:*.xspf=00;36:'), ('VSCODE_GIT_IPC_HANDLE', '/run/user/1000/vscode-git-3d487d3973.sock'), ('TERM_PROGRAM', 'vscode'), ('SSH_AGENT_LAUNCHER', 'gnome-keyring'), ('SSH_AUTH_SOCK', '/run/user/1000/keyring/ssh'), ('AMENT_PREFIX_PATH', '/home/albusgive2/rlfw/rlfw_deploy/install/nz-imu:/home/albusgive2/rlfw/rlfw_deploy/install/mujoco_mapping:/home/albusgive2/rlfw/rlfw_deploy/install/agent:/home/albusgive2/rlfw/rlfw_deploy/install/CommunicationCenter:/home/albusgive2/rlfw/rlfw_interface/install/rlfw_msgs:/opt/ros/humble'), ('CONDA_PYTHON_EXE', '/home/albusgive2/anaconda3/bin/python'), ('ORIGINAL_XDG_CURRENT_DESKTOP', 'ubuntu:GNOME'), ('SHELL', '/bin/bash'), ('QT_ACCESSIBILITY', '1'), ('GDMSESSION', 'ubuntu'), ('LESSCLOSE', '/usr/bin/lesspipe %s %s'), ('GPG_AGENT_INFO', '/run/user/1000/gnupg/S.gpg-agent:0:1'), ('GJS_DEBUG_OUTPUT', 'stderr'), ('VSCODE_GIT_ASKPASS_EXTRA_ARGS', ''), ('QT_IM_MODULE', 'ibus'), ('PWD', '/home/albusgive2/rlfw/rlfw_deploy/build/agent'), ('XDG_CONFIG_DIRS', '/etc/xdg/xdg-ubuntu:/etc/xdg'), ('CONDA_EXE', '/home/albusgive2/anaconda3/bin/conda'), ('XDG_DATA_DIRS', '/usr/share/ubuntu:/usr/share/gnome:/usr/local/share/:/usr/share/:/var/lib/snapd/desktop'), ('PYTHONPATH', '/home/albusgive2/rlfw/rlfw_interface/install/rlfw_msgs/local/lib/python3.10/dist-packages:/opt/ros/humble/lib/python3.10/site-packages:/opt/ros/humble/local/lib/python3.10/dist-packages'), ('COLCON', '1'), ('CMAKE_PREFIX_PATH', '/home/albusgive2/rlfw/rlfw_deploy/install/nz-imu:/home/albusgive2/rlfw/rlfw_deploy/install/mujoco_mapping:/home/albusgive2/rlfw/rlfw_deploy/install/agent:/home/albusgive2/rlfw/rlfw_deploy/install/CommunicationCenter:/home/albusgive2/rlfw/rlfw_interface/install/rlfw_msgs:/opt/ros/humble')]), 'shell': False}
[4.880664] (agent) StdoutLine: {'line': b'[ 33%] \x1b[32mBuilding CXX object CMakeFiles/agent.dir/src/AgentNode.cpp.o\x1b[0m\n'}
[4.881828] (agent) StdoutLine: {'line': b'[ 66%] \x1b[32mBuilding CXX object CMakeFiles/agent.dir/src/gs2mj.cpp.o\x1b[0m\n'}
[4.920469] (-) TimerEvent: {}
[5.020745] (-) TimerEvent: {}
[5.121026] (-) TimerEvent: {}
[5.162246] (nz-imu) StdoutLine: {'line': b'[100%] \x1b[32m\x1b[1mLinking CXX executable hwt906\x1b[0m\n'}
[5.221137] (-) TimerEvent: {}
[5.300040] (nz-imu) StdoutLine: {'line': b'[100%] Built target hwt906\n'}
[5.309024] (nz-imu) CommandEnded: {'returncode': 0}
[5.309613] (nz-imu) JobProgress: {'identifier': 'nz-imu', 'progress': 'install'}
[5.318725] (nz-imu) Command: {'cmd': ['/usr/bin/cmake', '--install', '/home/albusgive2/rlfw/rlfw_deploy/build/nz-imu'], 'cwd': '/home/albusgive2/rlfw/rlfw_deploy/build/nz-imu', 'env': OrderedDict([('GJS_DEBUG_TOPICS', 'JS ERROR;JS LOG'), ('LESSOPEN', '| /usr/bin/lesspipe %s'), ('LANGUAGE', 'zh_CN:zh'), ('USER', 'albusgive2'), ('XDG_SESSION_TYPE', 'x11'), ('GIT_ASKPASS', '/usr/share/code/resources/app/extensions/git/dist/askpass.sh'), ('SHLVL', '1'), ('LD_LIBRARY_PATH', '/home/albusgive2/rlfw/rlfw_interface/install/rlfw_msgs/lib:/opt/mujoco/lib:/opt/ros/humble/opt/rviz_ogre_vendor/lib:/opt/ros/humble/lib/x86_64-linux-gnu:/opt/ros/humble/lib:/usr/local/cuda/lib64::/usr/local/cuda-12.4/lib64:/home/albusgive2/libtorch-cxx11-abi-shared-with-deps-2.6.0+cu124/libtorch/lib'), ('HOME', '/home/albusgive2'), ('CHROME_DESKTOP', 'code.desktop'), ('CONDA_SHLVL', '0'), ('TERM_PROGRAM_VERSION', '1.97.0'), ('DESKTOP_SESSION', 'ubuntu'), ('GIO_LAUNCHED_DESKTOP_FILE', '/usr/share/applications/code.desktop'), ('ROS_PYTHON_VERSION', '3'), ('GNOME_SHELL_SESSION_MODE', 'ubuntu'), ('GTK_MODULES', 'gail:atk-bridge'), ('VSCODE_GIT_ASKPASS_MAIN', '/usr/share/code/resources/app/extensions/git/dist/askpass-main.js'), ('VSCODE_GIT_ASKPASS_NODE', '/usr/share/code/code'), ('MANAGERPID', '1654'), ('SYSTEMD_EXEC_PID', '1908'), ('DBUS_SESSION_BUS_ADDRESS', 'unix:path=/run/user/1000/bus'), ('COLORTERM', 'truecolor'), ('_CE_M', ''), ('GIO_LAUNCHED_DESKTOP_FILE_PID', '3039'), ('https_proxy', 'http://127.0.0.1:7897'), ('COLCON_PREFIX_PATH', '/home/albusgive2/rlfw/rlfw_deploy/install:/home/albusgive2/rlfw/rlfw_interface/install'), ('ROS_DISTRO', 'humble'), ('GTK_IM_MODULE', 'ibus'), ('LOGNAME', 'albusgive2'), ('http_proxy', 'http://127.0.0.1:7897'), ('JOURNAL_STREAM', '8:18706'), ('_', '/usr/bin/colcon'), ('ROS_VERSION', '2'), ('XDG_SESSION_CLASS', 'user'), ('USERNAME', 'albusgive2'), ('TERM', 'xterm-256color'), ('GNOME_DESKTOP_SESSION_ID', 'this-is-deprecated'), ('_CE_CONDA', ''), ('ROS_LOCALHOST_ONLY', '0'), ('WINDOWPATH', '2'), ('PATH', '/home/albusgive2/Qt/6.8.2/gcc_64/bin:/opt/ros/humble/bin:/usr/local/cuda/bin:/home/albusgive2/anaconda3/condabin:/home/albusgive2/.local/bin:/usr/local/sbin:/usr/local/bin:/usr/sbin:/usr/bin:/sbin:/bin:/usr/games:/usr/local/games:/snap/bin:/snap/bin:/home/albusgive2/.config/Code/User/globalStorage/github.copilot-chat/debugCommand:/usr/local/cuda-12.4/bin'), ('SESSION_MANAGER', 'local/albusgive2:@/tmp/.ICE-unix/1881,unix/albusgive2:/tmp/.ICE-unix/1881'), ('INVOCATION_ID', '20c30074f4284fdba3c48df0b7a81a2d'), ('XDG_MENU_PREFIX', 'gnome-'), ('XDG_RUNTIME_DIR', '/run/user/1000'), ('GDK_BACKEND', 'x11'), ('DISPLAY', ':1'), ('LANG', 'zh_CN.UTF-8'), ('XDG_CURRENT_DESKTOP', 'Unity'), ('XMODIFIERS', '@im=ibus'), ('XDG_SESSION_DESKTOP', 'ubuntu'), ('XAUTHORITY', '/run/user/1000/gdm/Xauthority'), ('LS_COLORS', 'rs=0:di=01;34:ln=01;36:mh=00:pi=40;33:so=01;35:do=01;35:bd=40;33;01:cd=40;33;01:or=40;31;01:mi=00:su=37;41:sg=30;43:ca=30;41:tw=30;42:ow=34;42:st=37;44:ex=01;32:*.tar=01;31:*.tgz=01;31:*.arc=01;31:*.arj=01;31:*.taz=01;31:*.lha=01;31:*.lz4=01;31:*.lzh=01;31:*.lzma=01;31:*.tlz=01;31:*.txz=01;31:*.tzo=01;31:*.t7z=01;31:*.zip=01;31:*.z=01;31:*.dz=01;31:*.gz=01;31:*.lrz=01;31:*.lz=01;31:*.lzo=01;31:*.xz=01;31:*.zst=01;31:*.tzst=01;31:*.bz2=01;31:*.bz=01;31:*.tbz=01;31:*.tbz2=01;31:*.tz=01;31:*.deb=01;31:*.rpm=01;31:*.jar=01;31:*.war=01;31:*.ear=01;31:*.sar=01;31:*.rar=01;31:*.alz=01;31:*.ace=01;31:*.zoo=01;31:*.cpio=01;31:*.7z=01;31:*.rz=01;31:*.cab=01;31:*.wim=01;31:*.swm=01;31:*.dwm=01;31:*.esd=01;31:*.jpg=01;35:*.jpeg=01;35:*.mjpg=01;35:*.mjpeg=01;35:*.gif=01;35:*.bmp=01;35:*.pbm=01;35:*.pgm=01;35:*.ppm=01;35:*.tga=01;35:*.xbm=01;35:*.xpm=01;35:*.tif=01;35:*.tiff=01;35:*.png=01;35:*.svg=01;35:*.svgz=01;35:*.mng=01;35:*.pcx=01;35:*.mov=01;35:*.mpg=01;35:*.mpeg=01;35:*.m2v=01;35:*.mkv=01;35:*.webm=01;35:*.webp=01;35:*.ogm=01;35:*.mp4=01;35:*.m4v=01;35:*.mp4v=01;35:*.vob=01;35:*.qt=01;35:*.nuv=01;35:*.wmv=01;35:*.asf=01;35:*.rm=01;35:*.rmvb=01;35:*.flc=01;35:*.avi=01;35:*.fli=01;35:*.flv=01;35:*.gl=01;35:*.dl=01;35:*.xcf=01;35:*.xwd=01;35:*.yuv=01;35:*.cgm=01;35:*.emf=01;35:*.ogv=01;35:*.ogx=01;35:*.aac=00;36:*.au=00;36:*.flac=00;36:*.m4a=00;36:*.mid=00;36:*.midi=00;36:*.mka=00;36:*.mp3=00;36:*.mpc=00;36:*.ogg=00;36:*.ra=00;36:*.wav=00;36:*.oga=00;36:*.opus=00;36:*.spx=00;36:*.xspf=00;36:'), ('VSCODE_GIT_IPC_HANDLE', '/run/user/1000/vscode-git-3d487d3973.sock'), ('TERM_PROGRAM', 'vscode'), ('SSH_AGENT_LAUNCHER', 'gnome-keyring'), ('SSH_AUTH_SOCK', '/run/user/1000/keyring/ssh'), ('AMENT_PREFIX_PATH', '/home/albusgive2/rlfw/rlfw_deploy/install/nz-imu:/home/albusgive2/rlfw/rlfw_deploy/install/mujoco_mapping:/home/albusgive2/rlfw/rlfw_deploy/install/agent:/home/albusgive2/rlfw/rlfw_deploy/install/CommunicationCenter:/home/albusgive2/rlfw/rlfw_interface/install/rlfw_msgs:/opt/ros/humble'), ('CONDA_PYTHON_EXE', '/home/albusgive2/anaconda3/bin/python'), ('ORIGINAL_XDG_CURRENT_DESKTOP', 'ubuntu:GNOME'), ('SHELL', '/bin/bash'), ('QT_ACCESSIBILITY', '1'), ('GDMSESSION', 'ubuntu'), ('LESSCLOSE', '/usr/bin/lesspipe %s %s'), ('GPG_AGENT_INFO', '/run/user/1000/gnupg/S.gpg-agent:0:1'), ('GJS_DEBUG_OUTPUT', 'stderr'), ('VSCODE_GIT_ASKPASS_EXTRA_ARGS', ''), ('QT_IM_MODULE', 'ibus'), ('PWD', '/home/albusgive2/rlfw/rlfw_deploy/build/nz-imu'), ('XDG_CONFIG_DIRS', '/etc/xdg/xdg-ubuntu:/etc/xdg'), ('CONDA_EXE', '/home/albusgive2/anaconda3/bin/conda'), ('XDG_DATA_DIRS', '/usr/share/ubuntu:/usr/share/gnome:/usr/local/share/:/usr/share/:/var/lib/snapd/desktop'), ('PYTHONPATH', '/home/albusgive2/rlfw/rlfw_interface/install/rlfw_msgs/local/lib/python3.10/dist-packages:/opt/ros/humble/lib/python3.10/site-packages:/opt/ros/humble/local/lib/python3.10/dist-packages'), ('COLCON', '1'), ('CMAKE_PREFIX_PATH', '/home/albusgive2/rlfw/rlfw_deploy/install/nz-imu:/home/albusgive2/rlfw/rlfw_deploy/install/mujoco_mapping:/home/albusgive2/rlfw/rlfw_deploy/install/agent:/home/albusgive2/rlfw/rlfw_deploy/install/CommunicationCenter:/home/albusgive2/rlfw/rlfw_interface/install/rlfw_msgs:/opt/ros/humble')]), 'shell': False}
[5.321224] (-) TimerEvent: {}
[5.325561] (nz-imu) StdoutLine: {'line': b'-- Install configuration: ""\n'}
[5.325749] (nz-imu) StdoutLine: {'line': b'-- Installing: /home/albusgive2/rlfw/rlfw_deploy/install/nz-imu/lib/nz-imu/hwt906\n'}
[5.326272] (nz-imu) StdoutLine: {'line': b'-- Set runtime path of "/home/albusgive2/rlfw/rlfw_deploy/install/nz-imu/lib/nz-imu/hwt906" to ""\n'}
[5.326456] (nz-imu) StdoutLine: {'line': b'-- Installing: /home/albusgive2/rlfw/rlfw_deploy/install/nz-imu/share/ament_index/resource_index/package_run_dependencies/nz-imu\n'}
[5.326605] (nz-imu) StdoutLine: {'line': b'-- Installing: /home/albusgive2/rlfw/rlfw_deploy/install/nz-imu/share/ament_index/resource_index/parent_prefix_path/nz-imu\n'}
[5.326729] (nz-imu) StdoutLine: {'line': b'-- Installing: /home/albusgive2/rlfw/rlfw_deploy/install/nz-imu/share/nz-imu/environment/ament_prefix_path.sh\n'}
[5.326825] (nz-imu) StdoutLine: {'line': b'-- Installing: /home/albusgive2/rlfw/rlfw_deploy/install/nz-imu/share/nz-imu/environment/ament_prefix_path.dsv\n'}
[5.327121] (nz-imu) StdoutLine: {'line': b'-- Installing: /home/albusgive2/rlfw/rlfw_deploy/install/nz-imu/share/nz-imu/environment/path.sh\n'}
[5.327220] (nz-imu) StdoutLine: {'line': b'-- Installing: /home/albusgive2/rlfw/rlfw_deploy/install/nz-imu/share/nz-imu/environment/path.dsv\n'}
[5.327273] (nz-imu) StdoutLine: {'line': b'-- Installing: /home/albusgive2/rlfw/rlfw_deploy/install/nz-imu/share/nz-imu/local_setup.bash\n'}
[5.327320] (nz-imu) StdoutLine: {'line': b'-- Installing: /home/albusgive2/rlfw/rlfw_deploy/install/nz-imu/share/nz-imu/local_setup.sh\n'}
[5.327423] (nz-imu) StdoutLine: {'line': b'-- Installing: /home/albusgive2/rlfw/rlfw_deploy/install/nz-imu/share/nz-imu/local_setup.zsh\n'}
[5.327510] (nz-imu) StdoutLine: {'line': b'-- Installing: /home/albusgive2/rlfw/rlfw_deploy/install/nz-imu/share/nz-imu/local_setup.dsv\n'}
[5.327561] (nz-imu) StdoutLine: {'line': b'-- Installing: /home/albusgive2/rlfw/rlfw_deploy/install/nz-imu/share/nz-imu/package.dsv\n'}
[5.327608] (nz-imu) StdoutLine: {'line': b'-- Installing: /home/albusgive2/rlfw/rlfw_deploy/install/nz-imu/share/ament_index/resource_index/packages/nz-imu\n'}
[5.327647] (nz-imu) StdoutLine: {'line': b'-- Installing: /home/albusgive2/rlfw/rlfw_deploy/install/nz-imu/share/nz-imu/cmake/nz-imuConfig.cmake\n'}
[5.327687] (nz-imu) StdoutLine: {'line': b'-- Installing: /home/albusgive2/rlfw/rlfw_deploy/install/nz-imu/share/nz-imu/cmake/nz-imuConfig-version.cmake\n'}
[5.327804] (nz-imu) StdoutLine: {'line': b'-- Installing: /home/albusgive2/rlfw/rlfw_deploy/install/nz-imu/share/nz-imu/package.xml\n'}
[5.329325] (nz-imu) CommandEnded: {'returncode': 0}
[5.342423] (nz-imu) JobEnded: {'identifier': 'nz-imu', 'rc': 0}
[5.421332] (-) TimerEvent: {}
[5.521611] (-) TimerEvent: {}
[5.621853] (-) TimerEvent: {}
[5.722102] (-) TimerEvent: {}
[5.822348] (-) TimerEvent: {}
[5.922592] (-) TimerEvent: {}
[6.022808] (-) TimerEvent: {}
[6.123039] (-) TimerEvent: {}
[6.223285] (-) TimerEvent: {}
[6.323560] (-) TimerEvent: {}
[6.423844] (-) TimerEvent: {}
[6.524127] (-) TimerEvent: {}
[6.624418] (-) TimerEvent: {}
[6.724717] (-) TimerEvent: {}
[6.825008] (-) TimerEvent: {}
[6.925296] (-) TimerEvent: {}
[7.025557] (-) TimerEvent: {}
[7.125814] (-) TimerEvent: {}
[7.226059] (-) TimerEvent: {}
[7.326313] (-) TimerEvent: {}
[7.426586] (-) TimerEvent: {}
[7.526872] (-) TimerEvent: {}
[7.627131] (-) TimerEvent: {}
[7.727380] (-) TimerEvent: {}
[7.827626] (-) TimerEvent: {}
[7.927910] (-) TimerEvent: {}
[8.028188] (-) TimerEvent: {}
[8.128468] (-) TimerEvent: {}
[8.228761] (-) TimerEvent: {}
[8.328997] (-) TimerEvent: {}
[8.429241] (-) TimerEvent: {}
[8.529479] (-) TimerEvent: {}
[8.629720] (-) TimerEvent: {}
[8.729949] (-) TimerEvent: {}
[8.830169] (-) TimerEvent: {}
[8.930380] (-) TimerEvent: {}
[9.030573] (-) TimerEvent: {}
[9.130805] (-) TimerEvent: {}
[9.231065] (-) TimerEvent: {}
[9.331343] (-) TimerEvent: {}
[9.431628] (-) TimerEvent: {}
[9.531918] (-) TimerEvent: {}
[9.632155] (-) TimerEvent: {}
[9.732391] (-) TimerEvent: {}
[9.832625] (-) TimerEvent: {}
[9.932902] (-) TimerEvent: {}
[10.033144] (-) TimerEvent: {}
[10.133408] (-) TimerEvent: {}
[10.233664] (-) TimerEvent: {}
[10.333934] (-) TimerEvent: {}
[10.434209] (-) TimerEvent: {}
[10.534455] (-) TimerEvent: {}
[10.634706] (-) TimerEvent: {}
[10.734923] (-) TimerEvent: {}
[10.835153] (-) TimerEvent: {}
[10.935400] (-) TimerEvent: {}
[10.972535] (mujoco_mapping) StdoutLine: {'line': b'[100%] \x1b[32m\x1b[1mLinking CXX executable mujoco_mapping\x1b[0m\n'}
[11.035490] (-) TimerEvent: {}
[11.135746] (-) TimerEvent: {}
[11.235990] (-) TimerEvent: {}
[11.336260] (-) TimerEvent: {}
[11.349552] (mujoco_mapping) StdoutLine: {'line': b'[100%] Built target mujoco_mapping\n'}
[11.357483] (mujoco_mapping) CommandEnded: {'returncode': 0}
[11.357932] (mujoco_mapping) JobProgress: {'identifier': 'mujoco_mapping', 'progress': 'install'}
[11.358077] (mujoco_mapping) Command: {'cmd': ['/usr/bin/cmake', '--install', '/home/albusgive2/rlfw/rlfw_deploy/build/mujoco_mapping'], 'cwd': '/home/albusgive2/rlfw/rlfw_deploy/build/mujoco_mapping', 'env': OrderedDict([('GJS_DEBUG_TOPICS', 'JS ERROR;JS LOG'), ('LESSOPEN', '| /usr/bin/lesspipe %s'), ('LANGUAGE', 'zh_CN:zh'), ('USER', 'albusgive2'), ('XDG_SESSION_TYPE', 'x11'), ('GIT_ASKPASS', '/usr/share/code/resources/app/extensions/git/dist/askpass.sh'), ('SHLVL', '1'), ('LD_LIBRARY_PATH', '/home/albusgive2/rlfw/rlfw_interface/install/rlfw_msgs/lib:/opt/mujoco/lib:/opt/ros/humble/opt/rviz_ogre_vendor/lib:/opt/ros/humble/lib/x86_64-linux-gnu:/opt/ros/humble/lib:/usr/local/cuda/lib64::/usr/local/cuda-12.4/lib64:/home/albusgive2/libtorch-cxx11-abi-shared-with-deps-2.6.0+cu124/libtorch/lib'), ('HOME', '/home/albusgive2'), ('CHROME_DESKTOP', 'code.desktop'), ('CONDA_SHLVL', '0'), ('TERM_PROGRAM_VERSION', '1.97.0'), ('DESKTOP_SESSION', 'ubuntu'), ('GIO_LAUNCHED_DESKTOP_FILE', '/usr/share/applications/code.desktop'), ('ROS_PYTHON_VERSION', '3'), ('GNOME_SHELL_SESSION_MODE', 'ubuntu'), ('GTK_MODULES', 'gail:atk-bridge'), ('VSCODE_GIT_ASKPASS_MAIN', '/usr/share/code/resources/app/extensions/git/dist/askpass-main.js'), ('VSCODE_GIT_ASKPASS_NODE', '/usr/share/code/code'), ('MANAGERPID', '1654'), ('SYSTEMD_EXEC_PID', '1908'), ('DBUS_SESSION_BUS_ADDRESS', 'unix:path=/run/user/1000/bus'), ('COLORTERM', 'truecolor'), ('_CE_M', ''), ('GIO_LAUNCHED_DESKTOP_FILE_PID', '3039'), ('https_proxy', 'http://127.0.0.1:7897'), ('COLCON_PREFIX_PATH', '/home/albusgive2/rlfw/rlfw_deploy/install:/home/albusgive2/rlfw/rlfw_interface/install'), ('ROS_DISTRO', 'humble'), ('GTK_IM_MODULE', 'ibus'), ('LOGNAME', 'albusgive2'), ('http_proxy', 'http://127.0.0.1:7897'), ('JOURNAL_STREAM', '8:18706'), ('_', '/usr/bin/colcon'), ('ROS_VERSION', '2'), ('XDG_SESSION_CLASS', 'user'), ('USERNAME', 'albusgive2'), ('TERM', 'xterm-256color'), ('GNOME_DESKTOP_SESSION_ID', 'this-is-deprecated'), ('_CE_CONDA', ''), ('ROS_LOCALHOST_ONLY', '0'), ('WINDOWPATH', '2'), ('PATH', '/home/albusgive2/Qt/6.8.2/gcc_64/bin:/opt/ros/humble/bin:/usr/local/cuda/bin:/home/albusgive2/anaconda3/condabin:/home/albusgive2/.local/bin:/usr/local/sbin:/usr/local/bin:/usr/sbin:/usr/bin:/sbin:/bin:/usr/games:/usr/local/games:/snap/bin:/snap/bin:/home/albusgive2/.config/Code/User/globalStorage/github.copilot-chat/debugCommand:/usr/local/cuda-12.4/bin'), ('SESSION_MANAGER', 'local/albusgive2:@/tmp/.ICE-unix/1881,unix/albusgive2:/tmp/.ICE-unix/1881'), ('INVOCATION_ID', '20c30074f4284fdba3c48df0b7a81a2d'), ('XDG_MENU_PREFIX', 'gnome-'), ('XDG_RUNTIME_DIR', '/run/user/1000'), ('GDK_BACKEND', 'x11'), ('DISPLAY', ':1'), ('LANG', 'zh_CN.UTF-8'), ('XDG_CURRENT_DESKTOP', 'Unity'), ('XMODIFIERS', '@im=ibus'), ('XDG_SESSION_DESKTOP', 'ubuntu'), ('XAUTHORITY', '/run/user/1000/gdm/Xauthority'), ('LS_COLORS', 'rs=0:di=01;34:ln=01;36:mh=00:pi=40;33:so=01;35:do=01;35:bd=40;33;01:cd=40;33;01:or=40;31;01:mi=00:su=37;41:sg=30;43:ca=30;41:tw=30;42:ow=34;42:st=37;44:ex=01;32:*.tar=01;31:*.tgz=01;31:*.arc=01;31:*.arj=01;31:*.taz=01;31:*.lha=01;31:*.lz4=01;31:*.lzh=01;31:*.lzma=01;31:*.tlz=01;31:*.txz=01;31:*.tzo=01;31:*.t7z=01;31:*.zip=01;31:*.z=01;31:*.dz=01;31:*.gz=01;31:*.lrz=01;31:*.lz=01;31:*.lzo=01;31:*.xz=01;31:*.zst=01;31:*.tzst=01;31:*.bz2=01;31:*.bz=01;31:*.tbz=01;31:*.tbz2=01;31:*.tz=01;31:*.deb=01;31:*.rpm=01;31:*.jar=01;31:*.war=01;31:*.ear=01;31:*.sar=01;31:*.rar=01;31:*.alz=01;31:*.ace=01;31:*.zoo=01;31:*.cpio=01;31:*.7z=01;31:*.rz=01;31:*.cab=01;31:*.wim=01;31:*.swm=01;31:*.dwm=01;31:*.esd=01;31:*.jpg=01;35:*.jpeg=01;35:*.mjpg=01;35:*.mjpeg=01;35:*.gif=01;35:*.bmp=01;35:*.pbm=01;35:*.pgm=01;35:*.ppm=01;35:*.tga=01;35:*.xbm=01;35:*.xpm=01;35:*.tif=01;35:*.tiff=01;35:*.png=01;35:*.svg=01;35:*.svgz=01;35:*.mng=01;35:*.pcx=01;35:*.mov=01;35:*.mpg=01;35:*.mpeg=01;35:*.m2v=01;35:*.mkv=01;35:*.webm=01;35:*.webp=01;35:*.ogm=01;35:*.mp4=01;35:*.m4v=01;35:*.mp4v=01;35:*.vob=01;35:*.qt=01;35:*.nuv=01;35:*.wmv=01;35:*.asf=01;35:*.rm=01;35:*.rmvb=01;35:*.flc=01;35:*.avi=01;35:*.fli=01;35:*.flv=01;35:*.gl=01;35:*.dl=01;35:*.xcf=01;35:*.xwd=01;35:*.yuv=01;35:*.cgm=01;35:*.emf=01;35:*.ogv=01;35:*.ogx=01;35:*.aac=00;36:*.au=00;36:*.flac=00;36:*.m4a=00;36:*.mid=00;36:*.midi=00;36:*.mka=00;36:*.mp3=00;36:*.mpc=00;36:*.ogg=00;36:*.ra=00;36:*.wav=00;36:*.oga=00;36:*.opus=00;36:*.spx=00;36:*.xspf=00;36:'), ('VSCODE_GIT_IPC_HANDLE', '/run/user/1000/vscode-git-3d487d3973.sock'), ('TERM_PROGRAM', 'vscode'), ('SSH_AGENT_LAUNCHER', 'gnome-keyring'), ('SSH_AUTH_SOCK', '/run/user/1000/keyring/ssh'), ('AMENT_PREFIX_PATH', '/home/albusgive2/rlfw/rlfw_deploy/install/nz-imu:/home/albusgive2/rlfw/rlfw_deploy/install/mujoco_mapping:/home/albusgive2/rlfw/rlfw_deploy/install/agent:/home/albusgive2/rlfw/rlfw_deploy/install/CommunicationCenter:/home/albusgive2/rlfw/rlfw_interface/install/rlfw_msgs:/opt/ros/humble'), ('CONDA_PYTHON_EXE', '/home/albusgive2/anaconda3/bin/python'), ('ORIGINAL_XDG_CURRENT_DESKTOP', 'ubuntu:GNOME'), ('SHELL', '/bin/bash'), ('QT_ACCESSIBILITY', '1'), ('GDMSESSION', 'ubuntu'), ('LESSCLOSE', '/usr/bin/lesspipe %s %s'), ('GPG_AGENT_INFO', '/run/user/1000/gnupg/S.gpg-agent:0:1'), ('GJS_DEBUG_OUTPUT', 'stderr'), ('VSCODE_GIT_ASKPASS_EXTRA_ARGS', ''), ('QT_IM_MODULE', 'ibus'), ('PWD', '/home/albusgive2/rlfw/rlfw_deploy/build/mujoco_mapping'), ('XDG_CONFIG_DIRS', '/etc/xdg/xdg-ubuntu:/etc/xdg'), ('CONDA_EXE', '/home/albusgive2/anaconda3/bin/conda'), ('XDG_DATA_DIRS', '/usr/share/ubuntu:/usr/share/gnome:/usr/local/share/:/usr/share/:/var/lib/snapd/desktop'), ('PYTHONPATH', '/home/albusgive2/rlfw/rlfw_interface/install/rlfw_msgs/local/lib/python3.10/dist-packages:/opt/ros/humble/lib/python3.10/site-packages:/opt/ros/humble/local/lib/python3.10/dist-packages'), ('COLCON', '1'), ('CMAKE_PREFIX_PATH', '/home/albusgive2/rlfw/rlfw_deploy/install/nz-imu:/home/albusgive2/rlfw/rlfw_deploy/install/mujoco_mapping:/home/albusgive2/rlfw/rlfw_deploy/install/agent:/home/albusgive2/rlfw/rlfw_deploy/install/CommunicationCenter:/home/albusgive2/rlfw/rlfw_interface/install/rlfw_msgs:/opt/ros/humble')]), 'shell': False}
[11.363985] (mujoco_mapping) StdoutLine: {'line': b'-- Install configuration: ""\n'}
[11.364119] (mujoco_mapping) StdoutLine: {'line': b'-- Installing: /home/albusgive2/rlfw/rlfw_deploy/install/mujoco_mapping/lib/mujoco_mapping/mujoco_mapping\n'}
[11.366522] (mujoco_mapping) StdoutLine: {'line': b'-- Set runtime path of "/home/albusgive2/rlfw/rlfw_deploy/install/mujoco_mapping/lib/mujoco_mapping/mujoco_mapping" to ""\n'}
[11.366624] (mujoco_mapping) StdoutLine: {'line': b'-- Installing: /home/albusgive2/rlfw/rlfw_deploy/install/mujoco_mapping/share/ament_index/resource_index/package_run_dependencies/mujoco_mapping\n'}
[11.366675] (mujoco_mapping) StdoutLine: {'line': b'-- Installing: /home/albusgive2/rlfw/rlfw_deploy/install/mujoco_mapping/share/ament_index/resource_index/parent_prefix_path/mujoco_mapping\n'}
[11.366732] (mujoco_mapping) StdoutLine: {'line': b'-- Installing: /home/albusgive2/rlfw/rlfw_deploy/install/mujoco_mapping/share/mujoco_mapping/environment/ament_prefix_path.sh\n'}
[11.366772] (mujoco_mapping) StdoutLine: {'line': b'-- Installing: /home/albusgive2/rlfw/rlfw_deploy/install/mujoco_mapping/share/mujoco_mapping/environment/ament_prefix_path.dsv\n'}
[11.366812] (mujoco_mapping) StdoutLine: {'line': b'-- Installing: /home/albusgive2/rlfw/rlfw_deploy/install/mujoco_mapping/share/mujoco_mapping/environment/path.sh\n'}
[11.366855] (mujoco_mapping) StdoutLine: {'line': b'-- Installing: /home/albusgive2/rlfw/rlfw_deploy/install/mujoco_mapping/share/mujoco_mapping/environment/path.dsv\n'}
[11.366901] (mujoco_mapping) StdoutLine: {'line': b'-- Installing: /home/albusgive2/rlfw/rlfw_deploy/install/mujoco_mapping/share/mujoco_mapping/local_setup.bash\n'}
[11.366950] (mujoco_mapping) StdoutLine: {'line': b'-- Installing: /home/albusgive2/rlfw/rlfw_deploy/install/mujoco_mapping/share/mujoco_mapping/local_setup.sh\n'}
[11.366998] (mujoco_mapping) StdoutLine: {'line': b'-- Installing: /home/albusgive2/rlfw/rlfw_deploy/install/mujoco_mapping/share/mujoco_mapping/local_setup.zsh\n'}
[11.367043] (mujoco_mapping) StdoutLine: {'line': b'-- Installing: /home/albusgive2/rlfw/rlfw_deploy/install/mujoco_mapping/share/mujoco_mapping/local_setup.dsv\n'}
[11.367115] (mujoco_mapping) StdoutLine: {'line': b'-- Installing: /home/albusgive2/rlfw/rlfw_deploy/install/mujoco_mapping/share/mujoco_mapping/package.dsv\n'}
[11.367161] (mujoco_mapping) StdoutLine: {'line': b'-- Installing: /home/albusgive2/rlfw/rlfw_deploy/install/mujoco_mapping/share/ament_index/resource_index/packages/mujoco_mapping\n'}
[11.367203] (mujoco_mapping) StdoutLine: {'line': b'-- Installing: /home/albusgive2/rlfw/rlfw_deploy/install/mujoco_mapping/share/mujoco_mapping/cmake/mujoco_mappingConfig.cmake\n'}
[11.367250] (mujoco_mapping) StdoutLine: {'line': b'-- Installing: /home/albusgive2/rlfw/rlfw_deploy/install/mujoco_mapping/share/mujoco_mapping/cmake/mujoco_mappingConfig-version.cmake\n'}
[11.367291] (mujoco_mapping) StdoutLine: {'line': b'-- Installing: /home/albusgive2/rlfw/rlfw_deploy/install/mujoco_mapping/share/mujoco_mapping/package.xml\n'}
[11.368461] (mujoco_mapping) CommandEnded: {'returncode': 0}
[11.376082] (mujoco_mapping) JobEnded: {'identifier': 'mujoco_mapping', 'rc': 0}
[11.436342] (-) TimerEvent: {}
[11.536575] (-) TimerEvent: {}
[11.636795] (-) TimerEvent: {}
[11.737025] (-) TimerEvent: {}
[11.837234] (-) TimerEvent: {}
[11.937464] (-) TimerEvent: {}
[12.037670] (-) TimerEvent: {}
[12.137890] (-) TimerEvent: {}
[12.238112] (-) TimerEvent: {}
[12.338337] (-) TimerEvent: {}
[12.438571] (-) TimerEvent: {}
[12.538797] (-) TimerEvent: {}
[12.639018] (-) TimerEvent: {}
[12.739247] (-) TimerEvent: {}
[12.839457] (-) TimerEvent: {}
[12.939700] (-) TimerEvent: {}
[13.039916] (-) TimerEvent: {}
[13.140127] (-) TimerEvent: {}
[13.240349] (-) TimerEvent: {}
[13.340585] (-) TimerEvent: {}
[13.440800] (-) TimerEvent: {}
[13.541045] (-) TimerEvent: {}
[13.641263] (-) TimerEvent: {}
[13.741499] (-) TimerEvent: {}
[13.841728] (-) TimerEvent: {}
[13.941992] (-) TimerEvent: {}
[14.042245] (-) TimerEvent: {}
[14.142499] (-) TimerEvent: {}
[14.242737] (-) TimerEvent: {}
[14.342964] (-) TimerEvent: {}
[14.443196] (-) TimerEvent: {}
[14.543433] (-) TimerEvent: {}
[14.643668] (-) TimerEvent: {}
[14.743920] (-) TimerEvent: {}
[14.844155] (-) TimerEvent: {}
[14.944416] (-) TimerEvent: {}
[15.044677] (-) TimerEvent: {}
[15.144941] (-) TimerEvent: {}
[15.245223] (-) TimerEvent: {}
[15.345464] (-) TimerEvent: {}
[15.445726] (-) TimerEvent: {}
[15.477052] (CommunicationCenter) StdoutLine: {'line': b'[100%] \x1b[32m\x1b[1mLinking CXX executable CommunicationCenter\x1b[0m\n'}
[15.545809] (-) TimerEvent: {}
[15.646056] (-) TimerEvent: {}
[15.746306] (-) TimerEvent: {}
[15.846547] (-) TimerEvent: {}
[15.946764] (-) TimerEvent: {}
[16.047036] (-) TimerEvent: {}
[16.133212] (CommunicationCenter) StdoutLine: {'line': b'[100%] Built target CommunicationCenter\n'}
[16.141229] (CommunicationCenter) CommandEnded: {'returncode': 0}
[16.141923] (CommunicationCenter) JobProgress: {'identifier': 'CommunicationCenter', 'progress': 'install'}
[16.142188] (CommunicationCenter) Command: {'cmd': ['/usr/bin/cmake', '--install', '/home/albusgive2/rlfw/rlfw_deploy/build/CommunicationCenter'], 'cwd': '/home/albusgive2/rlfw/rlfw_deploy/build/CommunicationCenter', 'env': OrderedDict([('GJS_DEBUG_TOPICS', 'JS ERROR;JS LOG'), ('LESSOPEN', '| /usr/bin/lesspipe %s'), ('LANGUAGE', 'zh_CN:zh'), ('USER', 'albusgive2'), ('XDG_SESSION_TYPE', 'x11'), ('GIT_ASKPASS', '/usr/share/code/resources/app/extensions/git/dist/askpass.sh'), ('SHLVL', '1'), ('LD_LIBRARY_PATH', '/home/albusgive2/rlfw/rlfw_interface/install/rlfw_msgs/lib:/opt/mujoco/lib:/opt/ros/humble/opt/rviz_ogre_vendor/lib:/opt/ros/humble/lib/x86_64-linux-gnu:/opt/ros/humble/lib:/usr/local/cuda/lib64::/usr/local/cuda-12.4/lib64:/home/albusgive2/libtorch-cxx11-abi-shared-with-deps-2.6.0+cu124/libtorch/lib'), ('HOME', '/home/albusgive2'), ('CHROME_DESKTOP', 'code.desktop'), ('CONDA_SHLVL', '0'), ('TERM_PROGRAM_VERSION', '1.97.0'), ('DESKTOP_SESSION', 'ubuntu'), ('GIO_LAUNCHED_DESKTOP_FILE', '/usr/share/applications/code.desktop'), ('ROS_PYTHON_VERSION', '3'), ('GNOME_SHELL_SESSION_MODE', 'ubuntu'), ('GTK_MODULES', 'gail:atk-bridge'), ('VSCODE_GIT_ASKPASS_MAIN', '/usr/share/code/resources/app/extensions/git/dist/askpass-main.js'), ('VSCODE_GIT_ASKPASS_NODE', '/usr/share/code/code'), ('MANAGERPID', '1654'), ('SYSTEMD_EXEC_PID', '1908'), ('DBUS_SESSION_BUS_ADDRESS', 'unix:path=/run/user/1000/bus'), ('COLORTERM', 'truecolor'), ('_CE_M', ''), ('GIO_LAUNCHED_DESKTOP_FILE_PID', '3039'), ('https_proxy', 'http://127.0.0.1:7897'), ('COLCON_PREFIX_PATH', '/home/albusgive2/rlfw/rlfw_deploy/install:/home/albusgive2/rlfw/rlfw_interface/install'), ('ROS_DISTRO', 'humble'), ('GTK_IM_MODULE', 'ibus'), ('LOGNAME', 'albusgive2'), ('http_proxy', 'http://127.0.0.1:7897'), ('JOURNAL_STREAM', '8:18706'), ('_', '/usr/bin/colcon'), ('ROS_VERSION', '2'), ('XDG_SESSION_CLASS', 'user'), ('USERNAME', 'albusgive2'), ('TERM', 'xterm-256color'), ('GNOME_DESKTOP_SESSION_ID', 'this-is-deprecated'), ('_CE_CONDA', ''), ('ROS_LOCALHOST_ONLY', '0'), ('WINDOWPATH', '2'), ('PATH', '/home/albusgive2/Qt/6.8.2/gcc_64/bin:/opt/ros/humble/bin:/usr/local/cuda/bin:/home/albusgive2/anaconda3/condabin:/home/albusgive2/.local/bin:/usr/local/sbin:/usr/local/bin:/usr/sbin:/usr/bin:/sbin:/bin:/usr/games:/usr/local/games:/snap/bin:/snap/bin:/home/albusgive2/.config/Code/User/globalStorage/github.copilot-chat/debugCommand:/usr/local/cuda-12.4/bin'), ('SESSION_MANAGER', 'local/albusgive2:@/tmp/.ICE-unix/1881,unix/albusgive2:/tmp/.ICE-unix/1881'), ('INVOCATION_ID', '20c30074f4284fdba3c48df0b7a81a2d'), ('XDG_MENU_PREFIX', 'gnome-'), ('XDG_RUNTIME_DIR', '/run/user/1000'), ('GDK_BACKEND', 'x11'), ('DISPLAY', ':1'), ('LANG', 'zh_CN.UTF-8'), ('XDG_CURRENT_DESKTOP', 'Unity'), ('XMODIFIERS', '@im=ibus'), ('XDG_SESSION_DESKTOP', 'ubuntu'), ('XAUTHORITY', '/run/user/1000/gdm/Xauthority'), ('LS_COLORS', 'rs=0:di=01;34:ln=01;36:mh=00:pi=40;33:so=01;35:do=01;35:bd=40;33;01:cd=40;33;01:or=40;31;01:mi=00:su=37;41:sg=30;43:ca=30;41:tw=30;42:ow=34;42:st=37;44:ex=01;32:*.tar=01;31:*.tgz=01;31:*.arc=01;31:*.arj=01;31:*.taz=01;31:*.lha=01;31:*.lz4=01;31:*.lzh=01;31:*.lzma=01;31:*.tlz=01;31:*.txz=01;31:*.tzo=01;31:*.t7z=01;31:*.zip=01;31:*.z=01;31:*.dz=01;31:*.gz=01;31:*.lrz=01;31:*.lz=01;31:*.lzo=01;31:*.xz=01;31:*.zst=01;31:*.tzst=01;31:*.bz2=01;31:*.bz=01;31:*.tbz=01;31:*.tbz2=01;31:*.tz=01;31:*.deb=01;31:*.rpm=01;31:*.jar=01;31:*.war=01;31:*.ear=01;31:*.sar=01;31:*.rar=01;31:*.alz=01;31:*.ace=01;31:*.zoo=01;31:*.cpio=01;31:*.7z=01;31:*.rz=01;31:*.cab=01;31:*.wim=01;31:*.swm=01;31:*.dwm=01;31:*.esd=01;31:*.jpg=01;35:*.jpeg=01;35:*.mjpg=01;35:*.mjpeg=01;35:*.gif=01;35:*.bmp=01;35:*.pbm=01;35:*.pgm=01;35:*.ppm=01;35:*.tga=01;35:*.xbm=01;35:*.xpm=01;35:*.tif=01;35:*.tiff=01;35:*.png=01;35:*.svg=01;35:*.svgz=01;35:*.mng=01;35:*.pcx=01;35:*.mov=01;35:*.mpg=01;35:*.mpeg=01;35:*.m2v=01;35:*.mkv=01;35:*.webm=01;35:*.webp=01;35:*.ogm=01;35:*.mp4=01;35:*.m4v=01;35:*.mp4v=01;35:*.vob=01;35:*.qt=01;35:*.nuv=01;35:*.wmv=01;35:*.asf=01;35:*.rm=01;35:*.rmvb=01;35:*.flc=01;35:*.avi=01;35:*.fli=01;35:*.flv=01;35:*.gl=01;35:*.dl=01;35:*.xcf=01;35:*.xwd=01;35:*.yuv=01;35:*.cgm=01;35:*.emf=01;35:*.ogv=01;35:*.ogx=01;35:*.aac=00;36:*.au=00;36:*.flac=00;36:*.m4a=00;36:*.mid=00;36:*.midi=00;36:*.mka=00;36:*.mp3=00;36:*.mpc=00;36:*.ogg=00;36:*.ra=00;36:*.wav=00;36:*.oga=00;36:*.opus=00;36:*.spx=00;36:*.xspf=00;36:'), ('VSCODE_GIT_IPC_HANDLE', '/run/user/1000/vscode-git-3d487d3973.sock'), ('TERM_PROGRAM', 'vscode'), ('SSH_AGENT_LAUNCHER', 'gnome-keyring'), ('SSH_AUTH_SOCK', '/run/user/1000/keyring/ssh'), ('AMENT_PREFIX_PATH', '/home/albusgive2/rlfw/rlfw_deploy/install/nz-imu:/home/albusgive2/rlfw/rlfw_deploy/install/mujoco_mapping:/home/albusgive2/rlfw/rlfw_deploy/install/agent:/home/albusgive2/rlfw/rlfw_deploy/install/CommunicationCenter:/home/albusgive2/rlfw/rlfw_interface/install/rlfw_msgs:/opt/ros/humble'), ('CONDA_PYTHON_EXE', '/home/albusgive2/anaconda3/bin/python'), ('ORIGINAL_XDG_CURRENT_DESKTOP', 'ubuntu:GNOME'), ('SHELL', '/bin/bash'), ('QT_ACCESSIBILITY', '1'), ('GDMSESSION', 'ubuntu'), ('LESSCLOSE', '/usr/bin/lesspipe %s %s'), ('GPG_AGENT_INFO', '/run/user/1000/gnupg/S.gpg-agent:0:1'), ('GJS_DEBUG_OUTPUT', 'stderr'), ('VSCODE_GIT_ASKPASS_EXTRA_ARGS', ''), ('QT_IM_MODULE', 'ibus'), ('PWD', '/home/albusgive2/rlfw/rlfw_deploy/build/CommunicationCenter'), ('XDG_CONFIG_DIRS', '/etc/xdg/xdg-ubuntu:/etc/xdg'), ('CONDA_EXE', '/home/albusgive2/anaconda3/bin/conda'), ('XDG_DATA_DIRS', '/usr/share/ubuntu:/usr/share/gnome:/usr/local/share/:/usr/share/:/var/lib/snapd/desktop'), ('PYTHONPATH', '/home/albusgive2/rlfw/rlfw_interface/install/rlfw_msgs/local/lib/python3.10/dist-packages:/opt/ros/humble/lib/python3.10/site-packages:/opt/ros/humble/local/lib/python3.10/dist-packages'), ('COLCON', '1'), ('CMAKE_PREFIX_PATH', '/home/albusgive2/rlfw/rlfw_deploy/install/nz-imu:/home/albusgive2/rlfw/rlfw_deploy/install/mujoco_mapping:/home/albusgive2/rlfw/rlfw_deploy/install/agent:/home/albusgive2/rlfw/rlfw_deploy/install/CommunicationCenter:/home/albusgive2/rlfw/rlfw_interface/install/rlfw_msgs:/opt/ros/humble')]), 'shell': False}
[16.147121] (-) TimerEvent: {}
[16.147921] (CommunicationCenter) StdoutLine: {'line': b'-- Install configuration: ""\n'}
[16.148053] (CommunicationCenter) StdoutLine: {'line': b'-- Installing: /home/albusgive2/rlfw/rlfw_deploy/install/CommunicationCenter/lib/CommunicationCenter/CommunicationCenter\n'}
[16.152209] (CommunicationCenter) StdoutLine: {'line': b'-- Set runtime path of "/home/albusgive2/rlfw/rlfw_deploy/install/CommunicationCenter/lib/CommunicationCenter/CommunicationCenter" to ""\n'}
[16.152328] (CommunicationCenter) StdoutLine: {'line': b'-- Installing: /home/albusgive2/rlfw/rlfw_deploy/install/CommunicationCenter/share/motor_cfg.xml\n'}
[16.152388] (CommunicationCenter) StdoutLine: {'line': b'-- Installing: /home/albusgive2/rlfw/rlfw_deploy/install/CommunicationCenter/share/ament_index/resource_index/package_run_dependencies/CommunicationCenter\n'}
[16.152421] (CommunicationCenter) StdoutLine: {'line': b'-- Installing: /home/albusgive2/rlfw/rlfw_deploy/install/CommunicationCenter/share/ament_index/resource_index/parent_prefix_path/CommunicationCenter\n'}
[16.152461] (CommunicationCenter) StdoutLine: {'line': b'-- Installing: /home/albusgive2/rlfw/rlfw_deploy/install/CommunicationCenter/share/CommunicationCenter/environment/ament_prefix_path.sh\n'}
[16.152501] (CommunicationCenter) StdoutLine: {'line': b'-- Installing: /home/albusgive2/rlfw/rlfw_deploy/install/CommunicationCenter/share/CommunicationCenter/environment/ament_prefix_path.dsv\n'}
[16.152634] (CommunicationCenter) StdoutLine: {'line': b'-- Installing: /home/albusgive2/rlfw/rlfw_deploy/install/CommunicationCenter/share/CommunicationCenter/environment/path.sh\n'}
[16.152803] (CommunicationCenter) StdoutLine: {'line': b'-- Installing: /home/albusgive2/rlfw/rlfw_deploy/install/CommunicationCenter/share/CommunicationCenter/environment/path.dsv\n'}
[16.152895] (CommunicationCenter) StdoutLine: {'line': b'-- Installing: /home/albusgive2/rlfw/rlfw_deploy/install/CommunicationCenter/share/CommunicationCenter/local_setup.bash\n'}
[16.152956] (CommunicationCenter) StdoutLine: {'line': b'-- Installing: /home/albusgive2/rlfw/rlfw_deploy/install/CommunicationCenter/share/CommunicationCenter/local_setup.sh\n'}
[16.153020] (CommunicationCenter) StdoutLine: {'line': b'-- Installing: /home/albusgive2/rlfw/rlfw_deploy/install/CommunicationCenter/share/CommunicationCenter/local_setup.zsh\n'}
[16.153067] (CommunicationCenter) StdoutLine: {'line': b'-- Installing: /home/albusgive2/rlfw/rlfw_deploy/install/CommunicationCenter/share/CommunicationCenter/local_setup.dsv\n'}
[16.153135] (CommunicationCenter) StdoutLine: {'line': b'-- Installing: /home/albusgive2/rlfw/rlfw_deploy/install/CommunicationCenter/share/CommunicationCenter/package.dsv\n'}
[16.153211] (CommunicationCenter) StdoutLine: {'line': b'-- Installing: /home/albusgive2/rlfw/rlfw_deploy/install/CommunicationCenter/share/ament_index/resource_index/packages/CommunicationCenter\n'}
[16.153260] (CommunicationCenter) StdoutLine: {'line': b'-- Installing: /home/albusgive2/rlfw/rlfw_deploy/install/CommunicationCenter/share/CommunicationCenter/cmake/CommunicationCenterConfig.cmake\n'}
[16.153305] (CommunicationCenter) StdoutLine: {'line': b'-- Installing: /home/albusgive2/rlfw/rlfw_deploy/install/CommunicationCenter/share/CommunicationCenter/cmake/CommunicationCenterConfig-version.cmake\n'}
[16.153363] (CommunicationCenter) StdoutLine: {'line': b'-- Installing: /home/albusgive2/rlfw/rlfw_deploy/install/CommunicationCenter/share/CommunicationCenter/package.xml\n'}
[16.153407] (CommunicationCenter) StdoutLine: {'line': b'-- Installing: /home/albusgive2/rlfw/rlfw_deploy/install/CommunicationCenter/lib/libtinyxml2.a\n'}
[16.153509] (CommunicationCenter) StdoutLine: {'line': b'-- Installing: /home/albusgive2/rlfw/rlfw_deploy/install/CommunicationCenter/lib/cmake/tinyxml2/tinyxml2-static-targets.cmake\n'}
[16.153595] (CommunicationCenter) StdoutLine: {'line': b'-- Installing: /home/albusgive2/rlfw/rlfw_deploy/install/CommunicationCenter/lib/cmake/tinyxml2/tinyxml2-static-targets-noconfig.cmake\n'}
[16.153664] (CommunicationCenter) StdoutLine: {'line': b'-- Installing: /home/albusgive2/rlfw/rlfw_deploy/install/CommunicationCenter/lib/cmake/tinyxml2/tinyxml2-config.cmake\n'}
[16.153819] (CommunicationCenter) StdoutLine: {'line': b'-- Installing: /home/albusgive2/rlfw/rlfw_deploy/install/CommunicationCenter/lib/cmake/tinyxml2/tinyxml2-config-version.cmake\n'}
[16.153981] (CommunicationCenter) StdoutLine: {'line': b'-- Installing: /home/albusgive2/rlfw/rlfw_deploy/install/CommunicationCenter/include/tinyxml2.h\n'}
[16.154169] (CommunicationCenter) StdoutLine: {'line': b'-- Installing: /home/albusgive2/rlfw/rlfw_deploy/install/CommunicationCenter/lib/pkgconfig/tinyxml2.pc\n'}
[16.155900] (CommunicationCenter) CommandEnded: {'returncode': 0}
[16.166761] (CommunicationCenter) JobEnded: {'identifier': 'CommunicationCenter', 'rc': 0}
[16.247225] (-) TimerEvent: {}
[16.347438] (-) TimerEvent: {}
[16.447649] (-) TimerEvent: {}
[16.547864] (-) TimerEvent: {}
[16.648099] (-) TimerEvent: {}
[16.748344] (-) TimerEvent: {}
[16.848592] (-) TimerEvent: {}
[16.948837] (-) TimerEvent: {}
[17.049099] (-) TimerEvent: {}
[17.149333] (-) TimerEvent: {}
[17.249560] (-) TimerEvent: {}
[17.349735] (-) TimerEvent: {}
[17.449964] (-) TimerEvent: {}
[17.550196] (-) TimerEvent: {}
[17.650413] (-) TimerEvent: {}
[17.750628] (-) TimerEvent: {}
[17.850839] (-) TimerEvent: {}
[17.951064] (-) TimerEvent: {}
[18.051276] (-) TimerEvent: {}
[18.151486] (-) TimerEvent: {}
[18.251716] (-) TimerEvent: {}
[18.351928] (-) TimerEvent: {}
[18.452153] (-) TimerEvent: {}
[18.552358] (-) TimerEvent: {}
[18.652584] (-) TimerEvent: {}
[18.752806] (-) TimerEvent: {}
[18.853056] (-) TimerEvent: {}
[18.953259] (-) TimerEvent: {}
[19.053528] (-) TimerEvent: {}
[19.153764] (-) TimerEvent: {}
[19.254000] (-) TimerEvent: {}
[19.354227] (-) TimerEvent: {}
[19.454472] (-) TimerEvent: {}
[19.554734] (-) TimerEvent: {}
[19.654979] (-) TimerEvent: {}
[19.755208] (-) TimerEvent: {}
[19.855458] (-) TimerEvent: {}
[19.955724] (-) TimerEvent: {}
[20.055968] (-) TimerEvent: {}
[20.156167] (-) TimerEvent: {}
[20.256363] (-) TimerEvent: {}
[20.356566] (-) TimerEvent: {}
[20.456807] (-) TimerEvent: {}
[20.557000] (-) TimerEvent: {}
[20.657168] (-) TimerEvent: {}
[20.757391] (-) TimerEvent: {}
[20.857611] (-) TimerEvent: {}
[20.957881] (-) TimerEvent: {}
[21.058106] (-) TimerEvent: {}
[21.158327] (-) TimerEvent: {}
[21.258548] (-) TimerEvent: {}
[21.358734] (-) TimerEvent: {}
[21.458932] (-) TimerEvent: {}
[21.559149] (-) TimerEvent: {}
[21.659365] (-) TimerEvent: {}
[21.759559] (-) TimerEvent: {}
[21.859811] (-) TimerEvent: {}
[21.960130] (-) TimerEvent: {}
[22.060361] (-) TimerEvent: {}
[22.160586] (-) TimerEvent: {}
[22.260829] (-) TimerEvent: {}
[22.361055] (-) TimerEvent: {}
[22.461310] (-) TimerEvent: {}
[22.561526] (-) TimerEvent: {}
[22.661747] (-) TimerEvent: {}
[22.761948] (-) TimerEvent: {}
[22.862150] (-) TimerEvent: {}
[22.962368] (-) TimerEvent: {}
[23.062581] (-) TimerEvent: {}
[23.162749] (-) TimerEvent: {}
[23.262951] (-) TimerEvent: {}
[23.363178] (-) TimerEvent: {}
[23.463391] (-) TimerEvent: {}
[23.563610] (-) TimerEvent: {}
[23.663808] (-) TimerEvent: {}
[23.763996] (-) TimerEvent: {}
[23.864186] (-) TimerEvent: {}
[23.964395] (-) TimerEvent: {}
[24.064603] (-) TimerEvent: {}
[24.164805] (-) TimerEvent: {}
[24.265020] (-) TimerEvent: {}
[24.365236] (-) TimerEvent: {}
[24.465452] (-) TimerEvent: {}
[24.565643] (-) TimerEvent: {}
[24.665842] (-) TimerEvent: {}
[24.766059] (-) TimerEvent: {}
[24.866273] (-) TimerEvent: {}
[24.966462] (-) TimerEvent: {}
[25.066679] (-) TimerEvent: {}
[25.166867] (-) TimerEvent: {}
[25.267095] (-) TimerEvent: {}
[25.367317] (-) TimerEvent: {}
[25.467519] (-) TimerEvent: {}
[25.567731] (-) TimerEvent: {}
[25.667943] (-) TimerEvent: {}
[25.768167] (-) TimerEvent: {}
[25.868400] (-) TimerEvent: {}
[25.912472] (agent) StdoutLine: {'line': b'[100%] \x1b[32m\x1b[1mLinking CXX executable agent\x1b[0m\n'}
[25.968493] (-) TimerEvent: {}
[26.068738] (-) TimerEvent: {}
[26.168980] (-) TimerEvent: {}
[26.269256] (-) TimerEvent: {}
[26.369520] (-) TimerEvent: {}
[26.469821] (-) TimerEvent: {}
[26.570219] (-) TimerEvent: {}
[26.670464] (-) TimerEvent: {}
[26.770727] (-) TimerEvent: {}
[26.870973] (-) TimerEvent: {}
[26.971225] (-) TimerEvent: {}
[27.071481] (-) TimerEvent: {}
[27.171711] (-) TimerEvent: {}
[27.271957] (-) TimerEvent: {}
[27.372248] (-) TimerEvent: {}
[27.472498] (-) TimerEvent: {}
[27.572738] (-) TimerEvent: {}
[27.672951] (-) TimerEvent: {}
[27.773127] (-) TimerEvent: {}
[27.873328] (-) TimerEvent: {}
[27.973556] (-) TimerEvent: {}
[28.017379] (agent) StdoutLine: {'line': b'[100%] Built target agent\n'}
[28.024367] (agent) CommandEnded: {'returncode': 0}
[28.024789] (agent) JobProgress: {'identifier': 'agent', 'progress': 'install'}
[28.024993] (agent) Command: {'cmd': ['/usr/bin/cmake', '--install', '/home/albusgive2/rlfw/rlfw_deploy/build/agent'], 'cwd': '/home/albusgive2/rlfw/rlfw_deploy/build/agent', 'env': OrderedDict([('GJS_DEBUG_TOPICS', 'JS ERROR;JS LOG'), ('LESSOPEN', '| /usr/bin/lesspipe %s'), ('LANGUAGE', 'zh_CN:zh'), ('USER', 'albusgive2'), ('XDG_SESSION_TYPE', 'x11'), ('GIT_ASKPASS', '/usr/share/code/resources/app/extensions/git/dist/askpass.sh'), ('SHLVL', '1'), ('LD_LIBRARY_PATH', '/home/albusgive2/rlfw/rlfw_interface/install/rlfw_msgs/lib:/opt/mujoco/lib:/opt/ros/humble/opt/rviz_ogre_vendor/lib:/opt/ros/humble/lib/x86_64-linux-gnu:/opt/ros/humble/lib:/usr/local/cuda/lib64::/usr/local/cuda-12.4/lib64:/home/albusgive2/libtorch-cxx11-abi-shared-with-deps-2.6.0+cu124/libtorch/lib'), ('HOME', '/home/albusgive2'), ('CHROME_DESKTOP', 'code.desktop'), ('CONDA_SHLVL', '0'), ('TERM_PROGRAM_VERSION', '1.97.0'), ('DESKTOP_SESSION', 'ubuntu'), ('GIO_LAUNCHED_DESKTOP_FILE', '/usr/share/applications/code.desktop'), ('ROS_PYTHON_VERSION', '3'), ('GNOME_SHELL_SESSION_MODE', 'ubuntu'), ('GTK_MODULES', 'gail:atk-bridge'), ('VSCODE_GIT_ASKPASS_MAIN', '/usr/share/code/resources/app/extensions/git/dist/askpass-main.js'), ('VSCODE_GIT_ASKPASS_NODE', '/usr/share/code/code'), ('MANAGERPID', '1654'), ('SYSTEMD_EXEC_PID', '1908'), ('DBUS_SESSION_BUS_ADDRESS', 'unix:path=/run/user/1000/bus'), ('COLORTERM', 'truecolor'), ('_CE_M', ''), ('GIO_LAUNCHED_DESKTOP_FILE_PID', '3039'), ('https_proxy', 'http://127.0.0.1:7897'), ('COLCON_PREFIX_PATH', '/home/albusgive2/rlfw/rlfw_deploy/install:/home/albusgive2/rlfw/rlfw_interface/install'), ('ROS_DISTRO', 'humble'), ('GTK_IM_MODULE', 'ibus'), ('LOGNAME', 'albusgive2'), ('http_proxy', 'http://127.0.0.1:7897'), ('JOURNAL_STREAM', '8:18706'), ('_', '/usr/bin/colcon'), ('ROS_VERSION', '2'), ('XDG_SESSION_CLASS', 'user'), ('USERNAME', 'albusgive2'), ('TERM', 'xterm-256color'), ('GNOME_DESKTOP_SESSION_ID', 'this-is-deprecated'), ('_CE_CONDA', ''), ('ROS_LOCALHOST_ONLY', '0'), ('WINDOWPATH', '2'), ('PATH', '/home/albusgive2/Qt/6.8.2/gcc_64/bin:/opt/ros/humble/bin:/usr/local/cuda/bin:/home/albusgive2/anaconda3/condabin:/home/albusgive2/.local/bin:/usr/local/sbin:/usr/local/bin:/usr/sbin:/usr/bin:/sbin:/bin:/usr/games:/usr/local/games:/snap/bin:/snap/bin:/home/albusgive2/.config/Code/User/globalStorage/github.copilot-chat/debugCommand:/usr/local/cuda-12.4/bin'), ('SESSION_MANAGER', 'local/albusgive2:@/tmp/.ICE-unix/1881,unix/albusgive2:/tmp/.ICE-unix/1881'), ('INVOCATION_ID', '20c30074f4284fdba3c48df0b7a81a2d'), ('XDG_MENU_PREFIX', 'gnome-'), ('XDG_RUNTIME_DIR', '/run/user/1000'), ('GDK_BACKEND', 'x11'), ('DISPLAY', ':1'), ('LANG', 'zh_CN.UTF-8'), ('XDG_CURRENT_DESKTOP', 'Unity'), ('XMODIFIERS', '@im=ibus'), ('XDG_SESSION_DESKTOP', 'ubuntu'), ('XAUTHORITY', '/run/user/1000/gdm/Xauthority'), ('LS_COLORS', 'rs=0:di=01;34:ln=01;36:mh=00:pi=40;33:so=01;35:do=01;35:bd=40;33;01:cd=40;33;01:or=40;31;01:mi=00:su=37;41:sg=30;43:ca=30;41:tw=30;42:ow=34;42:st=37;44:ex=01;32:*.tar=01;31:*.tgz=01;31:*.arc=01;31:*.arj=01;31:*.taz=01;31:*.lha=01;31:*.lz4=01;31:*.lzh=01;31:*.lzma=01;31:*.tlz=01;31:*.txz=01;31:*.tzo=01;31:*.t7z=01;31:*.zip=01;31:*.z=01;31:*.dz=01;31:*.gz=01;31:*.lrz=01;31:*.lz=01;31:*.lzo=01;31:*.xz=01;31:*.zst=01;31:*.tzst=01;31:*.bz2=01;31:*.bz=01;31:*.tbz=01;31:*.tbz2=01;31:*.tz=01;31:*.deb=01;31:*.rpm=01;31:*.jar=01;31:*.war=01;31:*.ear=01;31:*.sar=01;31:*.rar=01;31:*.alz=01;31:*.ace=01;31:*.zoo=01;31:*.cpio=01;31:*.7z=01;31:*.rz=01;31:*.cab=01;31:*.wim=01;31:*.swm=01;31:*.dwm=01;31:*.esd=01;31:*.jpg=01;35:*.jpeg=01;35:*.mjpg=01;35:*.mjpeg=01;35:*.gif=01;35:*.bmp=01;35:*.pbm=01;35:*.pgm=01;35:*.ppm=01;35:*.tga=01;35:*.xbm=01;35:*.xpm=01;35:*.tif=01;35:*.tiff=01;35:*.png=01;35:*.svg=01;35:*.svgz=01;35:*.mng=01;35:*.pcx=01;35:*.mov=01;35:*.mpg=01;35:*.mpeg=01;35:*.m2v=01;35:*.mkv=01;35:*.webm=01;35:*.webp=01;35:*.ogm=01;35:*.mp4=01;35:*.m4v=01;35:*.mp4v=01;35:*.vob=01;35:*.qt=01;35:*.nuv=01;35:*.wmv=01;35:*.asf=01;35:*.rm=01;35:*.rmvb=01;35:*.flc=01;35:*.avi=01;35:*.fli=01;35:*.flv=01;35:*.gl=01;35:*.dl=01;35:*.xcf=01;35:*.xwd=01;35:*.yuv=01;35:*.cgm=01;35:*.emf=01;35:*.ogv=01;35:*.ogx=01;35:*.aac=00;36:*.au=00;36:*.flac=00;36:*.m4a=00;36:*.mid=00;36:*.midi=00;36:*.mka=00;36:*.mp3=00;36:*.mpc=00;36:*.ogg=00;36:*.ra=00;36:*.wav=00;36:*.oga=00;36:*.opus=00;36:*.spx=00;36:*.xspf=00;36:'), ('VSCODE_GIT_IPC_HANDLE', '/run/user/1000/vscode-git-3d487d3973.sock'), ('TERM_PROGRAM', 'vscode'), ('SSH_AGENT_LAUNCHER', 'gnome-keyring'), ('SSH_AUTH_SOCK', '/run/user/1000/keyring/ssh'), ('AMENT_PREFIX_PATH', '/home/albusgive2/rlfw/rlfw_deploy/install/nz-imu:/home/albusgive2/rlfw/rlfw_deploy/install/mujoco_mapping:/home/albusgive2/rlfw/rlfw_deploy/install/agent:/home/albusgive2/rlfw/rlfw_deploy/install/CommunicationCenter:/home/albusgive2/rlfw/rlfw_interface/install/rlfw_msgs:/opt/ros/humble'), ('CONDA_PYTHON_EXE', '/home/albusgive2/anaconda3/bin/python'), ('ORIGINAL_XDG_CURRENT_DESKTOP', 'ubuntu:GNOME'), ('SHELL', '/bin/bash'), ('QT_ACCESSIBILITY', '1'), ('GDMSESSION', 'ubuntu'), ('LESSCLOSE', '/usr/bin/lesspipe %s %s'), ('GPG_AGENT_INFO', '/run/user/1000/gnupg/S.gpg-agent:0:1'), ('GJS_DEBUG_OUTPUT', 'stderr'), ('VSCODE_GIT_ASKPASS_EXTRA_ARGS', ''), ('QT_IM_MODULE', 'ibus'), ('PWD', '/home/albusgive2/rlfw/rlfw_deploy/build/agent'), ('XDG_CONFIG_DIRS', '/etc/xdg/xdg-ubuntu:/etc/xdg'), ('CONDA_EXE', '/home/albusgive2/anaconda3/bin/conda'), ('XDG_DATA_DIRS', '/usr/share/ubuntu:/usr/share/gnome:/usr/local/share/:/usr/share/:/var/lib/snapd/desktop'), ('PYTHONPATH', '/home/albusgive2/rlfw/rlfw_interface/install/rlfw_msgs/local/lib/python3.10/dist-packages:/opt/ros/humble/lib/python3.10/site-packages:/opt/ros/humble/local/lib/python3.10/dist-packages'), ('COLCON', '1'), ('CMAKE_PREFIX_PATH', '/home/albusgive2/rlfw/rlfw_deploy/install/nz-imu:/home/albusgive2/rlfw/rlfw_deploy/install/mujoco_mapping:/home/albusgive2/rlfw/rlfw_deploy/install/agent:/home/albusgive2/rlfw/rlfw_deploy/install/CommunicationCenter:/home/albusgive2/rlfw/rlfw_interface/install/rlfw_msgs:/opt/ros/humble')]), 'shell': False}
[28.030569] (agent) StdoutLine: {'line': b'-- Install configuration: ""\n'}
[28.030702] (agent) StdoutLine: {'line': b'-- Installing: /home/albusgive2/rlfw/rlfw_deploy/install/agent/lib/agent/agent\n'}
[28.034432] (agent) StdoutLine: {'line': b'-- Set runtime path of "/home/albusgive2/rlfw/rlfw_deploy/install/agent/lib/agent/agent" to ""\n'}
[28.034505] (agent) StdoutLine: {'line': b'-- Installing: /home/albusgive2/rlfw/rlfw_deploy/install/agent/share/ament_index/resource_index/package_run_dependencies/agent\n'}
[28.034566] (agent) StdoutLine: {'line': b'-- Installing: /home/albusgive2/rlfw/rlfw_deploy/install/agent/share/ament_index/resource_index/parent_prefix_path/agent\n'}
[28.034635] (agent) StdoutLine: {'line': b'-- Installing: /home/albusgive2/rlfw/rlfw_deploy/install/agent/share/agent/environment/ament_prefix_path.sh\n'}
[28.034681] (agent) StdoutLine: {'line': b'-- Installing: /home/albusgive2/rlfw/rlfw_deploy/install/agent/share/agent/environment/ament_prefix_path.dsv\n'}
[28.034738] (agent) StdoutLine: {'line': b'-- Installing: /home/albusgive2/rlfw/rlfw_deploy/install/agent/share/agent/environment/path.sh\n'}
[28.034783] (agent) StdoutLine: {'line': b'-- Installing: /home/albusgive2/rlfw/rlfw_deploy/install/agent/share/agent/environment/path.dsv\n'}
[28.034828] (agent) StdoutLine: {'line': b'-- Installing: /home/albusgive2/rlfw/rlfw_deploy/install/agent/share/agent/local_setup.bash\n'}
[28.034870] (agent) StdoutLine: {'line': b'-- Installing: /home/albusgive2/rlfw/rlfw_deploy/install/agent/share/agent/local_setup.sh\n'}
[28.034917] (agent) StdoutLine: {'line': b'-- Installing: /home/albusgive2/rlfw/rlfw_deploy/install/agent/share/agent/local_setup.zsh\n'}
[28.034959] (agent) StdoutLine: {'line': b'-- Installing: /home/albusgive2/rlfw/rlfw_deploy/install/agent/share/agent/local_setup.dsv\n'}
[28.035003] (agent) StdoutLine: {'line': b'-- Installing: /home/albusgive2/rlfw/rlfw_deploy/install/agent/share/agent/package.dsv\n'}
[28.035063] (agent) StdoutLine: {'line': b'-- Installing: /home/albusgive2/rlfw/rlfw_deploy/install/agent/share/ament_index/resource_index/packages/agent\n'}
[28.035119] (agent) StdoutLine: {'line': b'-- Installing: /home/albusgive2/rlfw/rlfw_deploy/install/agent/share/agent/cmake/agentConfig.cmake\n'}
[28.035158] (agent) StdoutLine: {'line': b'-- Installing: /home/albusgive2/rlfw/rlfw_deploy/install/agent/share/agent/cmake/agentConfig-version.cmake\n'}
[28.035200] (agent) StdoutLine: {'line': b'-- Installing: /home/albusgive2/rlfw/rlfw_deploy/install/agent/share/agent/package.xml\n'}
[28.036283] (agent) CommandEnded: {'returncode': 0}
[28.042620] (agent) JobEnded: {'identifier': 'agent', 'rc': 0}
[28.043068] (-) EventReactorShutdown: {}
