[0.000000] (-) TimerEvent: {}
[0.000349] (-) JobUnselected: {'identifier': 'agent'}
[0.000418] (-) JobUnselected: {'identifier': 'mujoco_mapping'}
[0.000436] (-) JobUnselected: {'identifier': 'nz-imu'}
[0.000453] (CommunicationCenter) JobQueued: {'identifier': 'CommunicationCenter', 'dependencies': OrderedDict()}
[0.000471] (CommunicationCenter) JobStarted: {'identifier': 'CommunicationCenter'}
[0.004565] (CommunicationCenter) JobProgress: {'identifier': 'CommunicationCenter', 'progress': 'cmake'}
[0.005071] (CommunicationCenter) JobProgress: {'identifier': 'CommunicationCenter', 'progress': 'build'}
[0.005516] (CommunicationCenter) Command: {'cmd': ['/usr/bin/cmake', '--build', '/home/albusgive/rlfw/rlfw_deploy/build/CommunicationCenter', '--', '-j20', '-l20'], 'cwd': '/home/albusgive/rlfw/rlfw_deploy/build/CommunicationCenter', 'env': OrderedDict([('LESSOPEN', '| /usr/bin/lesspipe %s'), ('HTTPS_PROXY', 'http://127.0.0.1:7897/'), ('no_proxy', 'localhost,127.0.0.1,192.168.0.0/16,10.0.0.0/8,172.16.0.0/12,172.29.0.0/16,::1'), ('LANGUAGE', 'zh_CN:zh'), ('USER', 'albusgive'), ('all_proxy', 'socks://127.0.0.1:7897/'), ('XDG_SESSION_TYPE', 'wayland'), ('GIT_ASKPASS', '/usr/share/code/resources/app/extensions/git/dist/askpass.sh'), ('SHLVL', '2'), ('LD_LIBRARY_PATH', '/home/albusgive/Qt/6.9.0/gcc_64/lib:/opt/rocm/lib:/home/albusgive/Qt/6.9.0/gcc_64/lib:/home/albusgive/rlfw/rlfw_interface/install/rlfw_msgs/lib:/opt/rocm/lib:/opt/ros/humble/opt/rviz_ogre_vendor/lib:/opt/ros/humble/lib/x86_64-linux-gnu:/opt/ros/humble/lib'), ('HOME', '/home/albusgive'), ('CHROME_DESKTOP', 'code.desktop'), ('CONDA_SHLVL', '0'), ('OLDPWD', '/home/albusgive/rlfw/rlfw_deploy/src'), ('TERM_PROGRAM_VERSION', '1.97.0'), ('DESKTOP_SESSION', 'ubuntu'), ('NO_PROXY', 'localhost,127.0.0.1,192.168.0.0/16,10.0.0.0/8,172.16.0.0/12,172.29.0.0/16,::1'), ('ROS_PYTHON_VERSION', '3'), ('GNOME_SHELL_SESSION_MODE', 'ubuntu'), ('GTK_MODULES', 'gail:atk-bridge'), ('VSCODE_GIT_ASKPASS_MAIN', '/usr/share/code/resources/app/extensions/git/dist/askpass-main.js'), ('VSCODE_GIT_ASKPASS_NODE', '/usr/share/code/code'), ('DBUS_STARTER_BUS_TYPE', 'session'), ('SYSTEMD_EXEC_PID', '2225'), ('DBUS_SESSION_BUS_ADDRESS', 'unix:path=/run/user/1000/bus,guid=00b124f75750c3840f2623ad683d95a5'), ('COLORTERM', 'truecolor'), ('_CE_M', ''), ('IM_CONFIG_PHASE', '1'), ('WAYLAND_DISPLAY', 'wayland-0'), ('https_proxy', 'http://127.0.0.1:7897'), ('COLCON_PREFIX_PATH', '/home/albusgive/rlfw/rlfw_deploy/install:/home/albusgive/rlfw/rlfw_interface/install'), ('ROS_DISTRO', 'humble'), ('LOGNAME', 'albusgive'), ('ALL_PROXY', 'socks://127.0.0.1:7897/'), ('http_proxy', 'http://127.0.0.1:7897'), ('_', '/usr/bin/colcon'), ('ROS_VERSION', '2'), ('XDG_SESSION_CLASS', 'user'), ('USERNAME', 'albusgive'), ('TERM', 'xterm-256color'), ('GNOME_DESKTOP_SESSION_ID', 'this-is-deprecated'), ('_CE_CONDA', ''), ('ROS_LOCALHOST_ONLY', '0'), ('PATH', '/home/albusgive/Qt/6.9.0/gcc_64/bin:/home/albusgive/Qt/6.9.0/gcc_64/bin:/opt/ros/humble/bin:/home/albusgive/anaconda3/condabin:/usr/local/sbin:/usr/local/bin:/usr/sbin:/usr/bin:/sbin:/bin:/usr/games:/usr/local/games:/snap/bin:/snap/bin'), ('SESSION_MANAGER', 'local/albusgive:@/tmp/.ICE-unix/2225,unix/albusgive:/tmp/.ICE-unix/2225'), ('XDG_MENU_PREFIX', 'gnome-'), ('GNOME_TERMINAL_SCREEN', '/org/gnome/Terminal/screen/cec30dda_8922_4487_9fcf_e037776dbbff'), ('GNOME_SETUP_DISPLAY', ':1'), ('XDG_RUNTIME_DIR', '/run/user/1000'), ('GDK_BACKEND', 'x11'), ('DISPLAY', ':0'), ('LANG', 'zh_CN.UTF-8'), ('XDG_CURRENT_DESKTOP', 'Unity'), ('ROCM_PATH', '/opt/rocm'), ('XMODIFIERS', '@im=ibus'), ('XDG_SESSION_DESKTOP', 'ubuntu'), ('XAUTHORITY', '/run/user/1000/.mutter-Xwaylandauth.UKGL72'), ('LS_COLORS', 'rs=0:di=01;34:ln=01;36:mh=00:pi=40;33:so=01;35:do=01;35:bd=40;33;01:cd=40;33;01:or=40;31;01:mi=00:su=37;41:sg=30;43:ca=30;41:tw=30;42:ow=34;42:st=37;44:ex=01;32:*.tar=01;31:*.tgz=01;31:*.arc=01;31:*.arj=01;31:*.taz=01;31:*.lha=01;31:*.lz4=01;31:*.lzh=01;31:*.lzma=01;31:*.tlz=01;31:*.txz=01;31:*.tzo=01;31:*.t7z=01;31:*.zip=01;31:*.z=01;31:*.dz=01;31:*.gz=01;31:*.lrz=01;31:*.lz=01;31:*.lzo=01;31:*.xz=01;31:*.zst=01;31:*.tzst=01;31:*.bz2=01;31:*.bz=01;31:*.tbz=01;31:*.tbz2=01;31:*.tz=01;31:*.deb=01;31:*.rpm=01;31:*.jar=01;31:*.war=01;31:*.ear=01;31:*.sar=01;31:*.rar=01;31:*.alz=01;31:*.ace=01;31:*.zoo=01;31:*.cpio=01;31:*.7z=01;31:*.rz=01;31:*.cab=01;31:*.wim=01;31:*.swm=01;31:*.dwm=01;31:*.esd=01;31:*.jpg=01;35:*.jpeg=01;35:*.mjpg=01;35:*.mjpeg=01;35:*.gif=01;35:*.bmp=01;35:*.pbm=01;35:*.pgm=01;35:*.ppm=01;35:*.tga=01;35:*.xbm=01;35:*.xpm=01;35:*.tif=01;35:*.tiff=01;35:*.png=01;35:*.svg=01;35:*.svgz=01;35:*.mng=01;35:*.pcx=01;35:*.mov=01;35:*.mpg=01;35:*.mpeg=01;35:*.m2v=01;35:*.mkv=01;35:*.webm=01;35:*.webp=01;35:*.ogm=01;35:*.mp4=01;35:*.m4v=01;35:*.mp4v=01;35:*.vob=01;35:*.qt=01;35:*.nuv=01;35:*.wmv=01;35:*.asf=01;35:*.rm=01;35:*.rmvb=01;35:*.flc=01;35:*.avi=01;35:*.fli=01;35:*.flv=01;35:*.gl=01;35:*.dl=01;35:*.xcf=01;35:*.xwd=01;35:*.yuv=01;35:*.cgm=01;35:*.emf=01;35:*.ogv=01;35:*.ogx=01;35:*.aac=00;36:*.au=00;36:*.flac=00;36:*.m4a=00;36:*.mid=00;36:*.midi=00;36:*.mka=00;36:*.mp3=00;36:*.mpc=00;36:*.ogg=00;36:*.ra=00;36:*.wav=00;36:*.oga=00;36:*.opus=00;36:*.spx=00;36:*.xspf=00;36:'), ('VSCODE_GIT_IPC_HANDLE', '/run/user/1000/vscode-git-a3b7cadb31.sock'), ('GNOME_TERMINAL_SERVICE', ':1.131'), ('TERM_PROGRAM', 'vscode'), ('SSH_AGENT_LAUNCHER', 'gnome-keyring'), ('SSH_AUTH_SOCK', '/run/user/1000/keyring/ssh'), ('AMENT_PREFIX_PATH', '/home/albusgive/rlfw/rlfw_deploy/install/CommunicationCenter:/home/albusgive/rlfw/rlfw_interface/install/rlfw_msgs:/opt/ros/humble'), ('CONDA_PYTHON_EXE', '/home/albusgive/anaconda3/bin/python'), ('ORIGINAL_XDG_CURRENT_DESKTOP', 'ubuntu:GNOME'), ('SHELL', '/bin/bash'), ('QT_ACCESSIBILITY', '1'), ('GDMSESSION', 'ubuntu'), ('LESSCLOSE', '/usr/bin/lesspipe %s %s'), ('VSCODE_GIT_ASKPASS_EXTRA_ARGS', ''), ('QT_IM_MODULE', 'ibus'), ('PWD', '/home/albusgive/rlfw/rlfw_deploy/build/CommunicationCenter'), ('XDG_CONFIG_DIRS', '/etc/xdg/xdg-ubuntu:/etc/xdg'), ('CONDA_EXE', '/home/albusgive/anaconda3/bin/conda'), ('DBUS_STARTER_ADDRESS', 'unix:path=/run/user/1000/bus,guid=00b124f75750c3840f2623ad683d95a5'), ('XDG_DATA_DIRS', '/usr/share/ubuntu:/usr/local/share/:/usr/share/:/var/lib/snapd/desktop'), ('PYTHONPATH', '/home/albusgive/rlfw/rlfw_interface/install/rlfw_msgs/local/lib/python3.10/dist-packages:/opt/ros/humble/lib/python3.10/site-packages:/opt/ros/humble/local/lib/python3.10/dist-packages'), ('HTTP_PROXY', 'http://127.0.0.1:7897/'), ('COLCON', '1'), ('VTE_VERSION', '6800'), ('CMAKE_PREFIX_PATH', '/home/albusgive/rlfw/rlfw_deploy/install/CommunicationCenter:/home/albusgive/rlfw/rlfw_interface/install/rlfw_msgs:/opt/ros/humble')]), 'shell': False}
[0.051679] (CommunicationCenter) StdoutLine: {'line': b'[ 11%] Built target tinyxml2\n'}
[0.075384] (CommunicationCenter) StdoutLine: {'line': b'[ 23%] Built target xmltest\n'}
[0.075510] (CommunicationCenter) StdoutLine: {'line': b'\x1b[35m\x1b[1mConsolidate compiler generated dependencies of target CommunicationCenter\x1b[0m\n'}
[0.099883] (-) TimerEvent: {}
[0.109611] (CommunicationCenter) StdoutLine: {'line': b'[ 29%] \x1b[32mBuilding CXX object CMakeFiles/CommunicationCenter.dir/motor_driver/STWMotor.cpp.o\x1b[0m\n'}
[0.109854] (CommunicationCenter) StdoutLine: {'line': b'[ 35%] \x1b[32mBuilding CXX object CMakeFiles/CommunicationCenter.dir/src/CommunicationCenter.cpp.o\x1b[0m\n'}
[0.200004] (-) TimerEvent: {}
[0.300242] (-) TimerEvent: {}
[0.400481] (-) TimerEvent: {}
[0.427338] (CommunicationCenter) StderrLine: {'line': b'In file included from \x1b[01m\x1b[K/home/albusgive/rlfw/rlfw_deploy/src/CommunicationCenter/motor_driver/STWMotor.h:4\x1b[m\x1b[K,\n'}
[0.427889] (CommunicationCenter) StderrLine: {'line': b'                 from \x1b[01m\x1b[K/home/albusgive/rlfw/rlfw_deploy/src/CommunicationCenter/motor_driver/STWMotor.cpp:1\x1b[m\x1b[K:\n'}
[0.427942] (CommunicationCenter) StderrLine: {'line': b'\x1b[01m\x1b[K/home/albusgive/rlfw/rlfw_deploy/src/CommunicationCenter/motor_driver/Motor.hpp:273:13:\x1b[m\x1b[K \x1b[01;35m\x1b[Kwarning: \x1b[m\x1b[K\xe2\x80\x98\x1b[01m\x1b[Kvirtual MotorBack CANMotor::\x1b[01;32m\x1b[Kdecode\x1b[m\x1b[K()\x1b[m\x1b[K\xe2\x80\x99 was hidden [\x1b[01;35m\x1b[K\x1b]8;;https://gcc.gnu.org/onlinedocs/gcc/Warning-Options.html#index-Woverloaded-virtual=\x07-Woverloaded-virtual=\x1b]8;;\x07\x1b[m\x1b[K]\n'}
[0.428027] (CommunicationCenter) StderrLine: {'line': b'  273 |   MotorBack \x1b[01;35m\x1b[Kdecode\x1b[m\x1b[K() override { return MotorBack(); };\n'}
[0.428051] (CommunicationCenter) StderrLine: {'line': b'      |             \x1b[01;35m\x1b[K^~~~~~\x1b[m\x1b[K\n'}
[0.428072] (CommunicationCenter) StderrLine: {'line': b'\x1b[01m\x1b[K/home/albusgive/rlfw/rlfw_deploy/src/CommunicationCenter/motor_driver/STWMotor.h:69:13:\x1b[m\x1b[K \x1b[01;36m\x1b[Knote: \x1b[m\x1b[K  by \xe2\x80\x98\x1b[01m\x1b[Kvirtual MotorBack STWMotor::\x1b[01;32m\x1b[Kdecode\x1b[m\x1b[K(CANMSG)\x1b[m\x1b[K\xe2\x80\x99\n'}
[0.428095] (CommunicationCenter) StderrLine: {'line': b'   69 |   MotorBack \x1b[01;36m\x1b[Kdecode\x1b[m\x1b[K(CANMSG msg) override;\n'}
[0.428117] (CommunicationCenter) StderrLine: {'line': b'      |             \x1b[01;36m\x1b[K^~~~~~\x1b[m\x1b[K\n'}
[0.428136] (CommunicationCenter) StderrLine: {'line': b'\x1b[01m\x1b[K/home/albusgive/rlfw/rlfw_deploy/src/CommunicationCenter/motor_driver/Motor.hpp:272:13:\x1b[m\x1b[K \x1b[01;35m\x1b[Kwarning: \x1b[m\x1b[K\xe2\x80\x98\x1b[01m\x1b[Kvirtual MotorBack CANMotor::\x1b[01;32m\x1b[Kdecode\x1b[m\x1b[K(UnitreeMsg)\x1b[m\x1b[K\xe2\x80\x99 was hidden [\x1b[01;35m\x1b[K\x1b]8;;https://gcc.gnu.org/onlinedocs/gcc/Warning-Options.html#index-Woverloaded-virtual=\x07-Woverloaded-virtual=\x1b]8;;\x07\x1b[m\x1b[K]\n'}
[0.428159] (CommunicationCenter) StderrLine: {'line': b'  272 |   MotorBack \x1b[01;35m\x1b[Kdecode\x1b[m\x1b[K(UnitreeMsg /*msg*/) override { return MotorBack(); };\n'}
[0.428203] (CommunicationCenter) StderrLine: {'line': b'      |             \x1b[01;35m\x1b[K^~~~~~\x1b[m\x1b[K\n'}
[0.428224] (CommunicationCenter) StderrLine: {'line': b'\x1b[01m\x1b[K/home/albusgive/rlfw/rlfw_deploy/src/CommunicationCenter/motor_driver/STWMotor.h:69:13:\x1b[m\x1b[K \x1b[01;36m\x1b[Knote: \x1b[m\x1b[K  by \xe2\x80\x98\x1b[01m\x1b[Kvirtual MotorBack STWMotor::\x1b[01;32m\x1b[Kdecode\x1b[m\x1b[K(CANMSG)\x1b[m\x1b[K\xe2\x80\x99\n'}
[0.428246] (CommunicationCenter) StderrLine: {'line': b'   69 |   MotorBack \x1b[01;36m\x1b[Kdecode\x1b[m\x1b[K(CANMSG msg) override;\n'}
[0.428266] (CommunicationCenter) StderrLine: {'line': b'      |             \x1b[01;36m\x1b[K^~~~~~\x1b[m\x1b[K\n'}
[0.428286] (CommunicationCenter) StderrLine: {'line': b'\x1b[01m\x1b[K/home/albusgive/rlfw/rlfw_deploy/src/CommunicationCenter/motor_driver/STWMotor.h:\x1b[m\x1b[K In member function \xe2\x80\x98\x1b[01m\x1b[Kvirtual STWCANMsg* STWMotor::\x1b[01;32m\x1b[Kctrl_pos\x1b[m\x1b[K(uint8_t, float)\x1b[m\x1b[K\xe2\x80\x99:\n'}
[0.428308] (CommunicationCenter) StderrLine: {'line': b'\x1b[01m\x1b[K/home/albusgive/rlfw/rlfw_deploy/src/CommunicationCenter/motor_driver/STWMotor.h:76:31:\x1b[m\x1b[K \x1b[01;35m\x1b[Kwarning: \x1b[m\x1b[Kunused parameter \xe2\x80\x98\x1b[01m\x1b[Kmotor_id\x1b[m\x1b[K\xe2\x80\x99 [\x1b[01;35m\x1b[K\x1b]8;;https://gcc.gnu.org/onlinedocs/gcc/Warning-Options.html#index-Wunused-parameter\x07-Wunused-parameter\x1b]8;;\x07\x1b[m\x1b[K]\n'}
[0.428330] (CommunicationCenter) StderrLine: {'line': b'   76 |   STWCANMsg *ctrl_pos(\x1b[01;35m\x1b[Kuint8_t motor_id\x1b[m\x1b[K, float pos) override { return nullptr; };\n'}
[0.428350] (CommunicationCenter) StderrLine: {'line': b'      |                       \x1b[01;35m\x1b[K~~~~~~~~^~~~~~~~\x1b[m\x1b[K\n'}
[0.428370] (CommunicationCenter) StderrLine: {'line': b'\x1b[01m\x1b[K/home/albusgive/rlfw/rlfw_deploy/src/CommunicationCenter/motor_driver/STWMotor.h:76:47:\x1b[m\x1b[K \x1b[01;35m\x1b[Kwarning: \x1b[m\x1b[Kunused parameter \xe2\x80\x98\x1b[01m\x1b[Kpos\x1b[m\x1b[K\xe2\x80\x99 [\x1b[01;35m\x1b[K\x1b]8;;https://gcc.gnu.org/onlinedocs/gcc/Warning-Options.html#index-Wunused-parameter\x07-Wunused-parameter\x1b]8;;\x07\x1b[m\x1b[K]\n'}
[0.428391] (CommunicationCenter) StderrLine: {'line': b'   76 |   STWCANMsg *ctrl_pos(uint8_t motor_id, \x1b[01;35m\x1b[Kfloat pos\x1b[m\x1b[K) override { return nullptr; };\n'}
[0.428413] (CommunicationCenter) StderrLine: {'line': b'      |                                         \x1b[01;35m\x1b[K~~~~~~^~~\x1b[m\x1b[K\n'}
[0.428433] (CommunicationCenter) StderrLine: {'line': b'\x1b[01m\x1b[K/home/albusgive/rlfw/rlfw_deploy/src/CommunicationCenter/motor_driver/STWMotor.h:\x1b[m\x1b[K In member function \xe2\x80\x98\x1b[01m\x1b[Kvirtual STWCANMsg* STWMotor::\x1b[01;32m\x1b[Kctrl_vel\x1b[m\x1b[K(uint8_t, float)\x1b[m\x1b[K\xe2\x80\x99:\n'}
[0.428455] (CommunicationCenter) StderrLine: {'line': b'\x1b[01m\x1b[K/home/albusgive/rlfw/rlfw_deploy/src/CommunicationCenter/motor_driver/STWMotor.h:78:31:\x1b[m\x1b[K \x1b[01;35m\x1b[Kwarning: \x1b[m\x1b[Kunused parameter \xe2\x80\x98\x1b[01m\x1b[Kmotor_id\x1b[m\x1b[K\xe2\x80\x99 [\x1b[01;35m\x1b[K\x1b]8;;https://gcc.gnu.org/onlinedocs/gcc/Warning-Options.html#index-Wunused-parameter\x07-Wunused-parameter\x1b]8;;\x07\x1b[m\x1b[K]\n'}
[0.428480] (CommunicationCenter) StderrLine: {'line': b'   78 |   STWCANMsg *ctrl_vel(\x1b[01;35m\x1b[Kuint8_t motor_id\x1b[m\x1b[K, float vel) override { return nullptr; };\n'}
[0.428500] (CommunicationCenter) StderrLine: {'line': b'      |                       \x1b[01;35m\x1b[K~~~~~~~~^~~~~~~~\x1b[m\x1b[K\n'}
[0.428521] (CommunicationCenter) StderrLine: {'line': b'\x1b[01m\x1b[K/home/albusgive/rlfw/rlfw_deploy/src/CommunicationCenter/motor_driver/STWMotor.h:78:47:\x1b[m\x1b[K \x1b[01;35m\x1b[Kwarning: \x1b[m\x1b[Kunused parameter \xe2\x80\x98\x1b[01m\x1b[Kvel\x1b[m\x1b[K\xe2\x80\x99 [\x1b[01;35m\x1b[K\x1b]8;;https://gcc.gnu.org/onlinedocs/gcc/Warning-Options.html#index-Wunused-parameter\x07-Wunused-parameter\x1b]8;;\x07\x1b[m\x1b[K]\n'}
[0.428547] (CommunicationCenter) StderrLine: {'line': b'   78 |   STWCANMsg *ctrl_vel(uint8_t motor_id, \x1b[01;35m\x1b[Kfloat vel\x1b[m\x1b[K) override { return nullptr; };\n'}
[0.428569] (CommunicationCenter) StderrLine: {'line': b'      |                                         \x1b[01;35m\x1b[K~~~~~~^~~\x1b[m\x1b[K\n'}
[0.428595] (CommunicationCenter) StderrLine: {'line': b'\x1b[01m\x1b[K/home/albusgive/rlfw/rlfw_deploy/src/CommunicationCenter/motor_driver/STWMotor.h:\x1b[m\x1b[K In member function \xe2\x80\x98\x1b[01m\x1b[Kvirtual STWCANMsg* STWMotor::\x1b[01;32m\x1b[Kctrl_pos_vel\x1b[m\x1b[K(uint8_t, float, float)\x1b[m\x1b[K\xe2\x80\x99:\n'}
[0.428618] (CommunicationCenter) StderrLine: {'line': b'\x1b[01m\x1b[K/home/albusgive/rlfw/rlfw_deploy/src/CommunicationCenter/motor_driver/STWMotor.h:80:35:\x1b[m\x1b[K \x1b[01;35m\x1b[Kwarning: \x1b[m\x1b[Kunused parameter \xe2\x80\x98\x1b[01m\x1b[Kmotor_id\x1b[m\x1b[K\xe2\x80\x99 [\x1b[01;35m\x1b[K\x1b]8;;https://gcc.gnu.org/onlinedocs/gcc/Warning-Options.html#index-Wunused-parameter\x07-Wunused-parameter\x1b]8;;\x07\x1b[m\x1b[K]\n'}
[0.428639] (CommunicationCenter) StderrLine: {'line': b'   80 |   STWCANMsg *ctrl_pos_vel(\x1b[01;35m\x1b[Kuint8_t motor_id\x1b[m\x1b[K, float pos, float vel) override {\n'}
[0.428661] (CommunicationCenter) StderrLine: {'line': b'      |                           \x1b[01;35m\x1b[K~~~~~~~~^~~~~~~~\x1b[m\x1b[K\n'}
[0.428682] (CommunicationCenter) StderrLine: {'line': b'\x1b[01m\x1b[K/home/albusgive/rlfw/rlfw_deploy/src/CommunicationCenter/motor_driver/STWMotor.h:80:51:\x1b[m\x1b[K \x1b[01;35m\x1b[Kwarning: \x1b[m\x1b[Kunused parameter \xe2\x80\x98\x1b[01m\x1b[Kpos\x1b[m\x1b[K\xe2\x80\x99 [\x1b[01;35m\x1b[K\x1b]8;;https://gcc.gnu.org/onlinedocs/gcc/Warning-Options.html#index-Wunused-parameter\x07-Wunused-parameter\x1b]8;;\x07\x1b[m\x1b[K]\n'}
[0.428703] (CommunicationCenter) StderrLine: {'line': b'   80 |   STWCANMsg *ctrl_pos_vel(uint8_t motor_id, \x1b[01;35m\x1b[Kfloat pos\x1b[m\x1b[K, float vel) override {\n'}
[0.428723] (CommunicationCenter) StderrLine: {'line': b'      |                                             \x1b[01;35m\x1b[K~~~~~~^~~\x1b[m\x1b[K\n'}
[0.428743] (CommunicationCenter) StderrLine: {'line': b'\x1b[01m\x1b[K/home/albusgive/rlfw/rlfw_deploy/src/CommunicationCenter/motor_driver/STWMotor.h:80:62:\x1b[m\x1b[K \x1b[01;35m\x1b[Kwarning: \x1b[m\x1b[Kunused parameter \xe2\x80\x98\x1b[01m\x1b[Kvel\x1b[m\x1b[K\xe2\x80\x99 [\x1b[01;35m\x1b[K\x1b]8;;https://gcc.gnu.org/onlinedocs/gcc/Warning-Options.html#index-Wunused-parameter\x07-Wunused-parameter\x1b]8;;\x07\x1b[m\x1b[K]\n'}
[0.428767] (CommunicationCenter) StderrLine: {'line': b'   80 |   STWCANMsg *ctrl_pos_vel(uint8_t motor_id, float pos, \x1b[01;35m\x1b[Kfloat vel\x1b[m\x1b[K) override {\n'}
[0.428787] (CommunicationCenter) StderrLine: {'line': b'      |                                                        \x1b[01;35m\x1b[K~~~~~~^~~\x1b[m\x1b[K\n'}
[0.428807] (CommunicationCenter) StderrLine: {'line': b'\x1b[01m\x1b[K/home/albusgive/rlfw/rlfw_deploy/src/CommunicationCenter/motor_driver/STWMotor.h:\x1b[m\x1b[K In member function \xe2\x80\x98\x1b[01m\x1b[Kvirtual STWCANMsg* STWMotor::\x1b[01;32m\x1b[Kctrl_torque\x1b[m\x1b[K(uint8_t, float)\x1b[m\x1b[K\xe2\x80\x99:\n'}
[0.428828] (CommunicationCenter) StderrLine: {'line': b'\x1b[01m\x1b[K/home/albusgive/rlfw/rlfw_deploy/src/CommunicationCenter/motor_driver/STWMotor.h:84:34:\x1b[m\x1b[K \x1b[01;35m\x1b[Kwarning: \x1b[m\x1b[Kunused parameter \xe2\x80\x98\x1b[01m\x1b[Kmotor_id\x1b[m\x1b[K\xe2\x80\x99 [\x1b[01;35m\x1b[K\x1b]8;;https://gcc.gnu.org/onlinedocs/gcc/Warning-Options.html#index-Wunused-parameter\x07-Wunused-parameter\x1b]8;;\x07\x1b[m\x1b[K]\n'}
[0.428850] (CommunicationCenter) StderrLine: {'line': b'   84 |   STWCANMsg *ctrl_torque(\x1b[01;35m\x1b[Kuint8_t motor_id\x1b[m\x1b[K, float torque) override {\n'}
[0.428870] (CommunicationCenter) StderrLine: {'line': b'      |                          \x1b[01;35m\x1b[K~~~~~~~~^~~~~~~~\x1b[m\x1b[K\n'}
[0.428891] (CommunicationCenter) StderrLine: {'line': b'\x1b[01m\x1b[K/home/albusgive/rlfw/rlfw_deploy/src/CommunicationCenter/motor_driver/STWMotor.h:84:50:\x1b[m\x1b[K \x1b[01;35m\x1b[Kwarning: \x1b[m\x1b[Kunused parameter \xe2\x80\x98\x1b[01m\x1b[Ktorque\x1b[m\x1b[K\xe2\x80\x99 [\x1b[01;35m\x1b[K\x1b]8;;https://gcc.gnu.org/onlinedocs/gcc/Warning-Options.html#index-Wunused-parameter\x07-Wunused-parameter\x1b]8;;\x07\x1b[m\x1b[K]\n'}
[0.428912] (CommunicationCenter) StderrLine: {'line': b'   84 |   STWCANMsg *ctrl_torque(uint8_t motor_id, \x1b[01;35m\x1b[Kfloat torque\x1b[m\x1b[K) override {\n'}
[0.428960] (CommunicationCenter) StderrLine: {'line': b'      |                                            \x1b[01;35m\x1b[K~~~~~~^~~~~~\x1b[m\x1b[K\n'}
[0.428983] (CommunicationCenter) StderrLine: {'line': b'\x1b[01m\x1b[K/home/albusgive/rlfw/rlfw_deploy/src/CommunicationCenter/motor_driver/STWMotor.h:\x1b[m\x1b[K In member function \xe2\x80\x98\x1b[01m\x1b[Kvirtual STWCANMsg* STWMotor::\x1b[01;32m\x1b[KsetPosKP\x1b[m\x1b[K(uint8_t, float)\x1b[m\x1b[K\xe2\x80\x99:\n'}
[0.429009] (CommunicationCenter) StderrLine: {'line': b'\x1b[01m\x1b[K/home/albusgive/rlfw/rlfw_deploy/src/CommunicationCenter/motor_driver/STWMotor.h:90:31:\x1b[m\x1b[K \x1b[01;35m\x1b[Kwarning: \x1b[m\x1b[Kunused parameter \xe2\x80\x98\x1b[01m\x1b[Kmotor_id\x1b[m\x1b[K\xe2\x80\x99 [\x1b[01;35m\x1b[K\x1b]8;;https://gcc.gnu.org/onlinedocs/gcc/Warning-Options.html#index-Wunused-parameter\x07-Wunused-parameter\x1b]8;;\x07\x1b[m\x1b[K]\n'}
[0.429032] (CommunicationCenter) StderrLine: {'line': b'   90 |   STWCANMsg *setPosKP(\x1b[01;35m\x1b[Kuint8_t motor_id\x1b[m\x1b[K, float kp) override { return nullptr; };\n'}
[0.429082] (CommunicationCenter) StderrLine: {'line': b'      |                       \x1b[01;35m\x1b[K~~~~~~~~^~~~~~~~\x1b[m\x1b[K\n'}
[0.429103] (CommunicationCenter) StderrLine: {'line': b'\x1b[01m\x1b[K/home/albusgive/rlfw/rlfw_deploy/src/CommunicationCenter/motor_driver/STWMotor.h:90:47:\x1b[m\x1b[K \x1b[01;35m\x1b[Kwarning: \x1b[m\x1b[Kunused parameter \xe2\x80\x98\x1b[01m\x1b[Kkp\x1b[m\x1b[K\xe2\x80\x99 [\x1b[01;35m\x1b[K\x1b]8;;https://gcc.gnu.org/onlinedocs/gcc/Warning-Options.html#index-Wunused-parameter\x07-Wunused-parameter\x1b]8;;\x07\x1b[m\x1b[K]\n'}
[0.429125] (CommunicationCenter) StderrLine: {'line': b'   90 |   STWCANMsg *setPosKP(uint8_t motor_id, \x1b[01;35m\x1b[Kfloat kp\x1b[m\x1b[K) override { return nullptr; };\n'}
[0.429145] (CommunicationCenter) StderrLine: {'line': b'      |                                         \x1b[01;35m\x1b[K~~~~~~^~\x1b[m\x1b[K\n'}
[0.429166] (CommunicationCenter) StderrLine: {'line': b'\x1b[01m\x1b[K/home/albusgive/rlfw/rlfw_deploy/src/CommunicationCenter/motor_driver/STWMotor.h:\x1b[m\x1b[K In member function \xe2\x80\x98\x1b[01m\x1b[Kvirtual STWCANMsg* STWMotor::\x1b[01;32m\x1b[KsetPosKD\x1b[m\x1b[K(uint8_t, float)\x1b[m\x1b[K\xe2\x80\x99:\n'}
[0.429188] (CommunicationCenter) StderrLine: {'line': b'\x1b[01m\x1b[K/home/albusgive/rlfw/rlfw_deploy/src/CommunicationCenter/motor_driver/STWMotor.h:91:31:\x1b[m\x1b[K \x1b[01;35m\x1b[Kwarning: \x1b[m\x1b[Kunused parameter \xe2\x80\x98\x1b[01m\x1b[Kmotor_id\x1b[m\x1b[K\xe2\x80\x99 [\x1b[01;35m\x1b[K\x1b]8;;https://gcc.gnu.org/onlinedocs/gcc/Warning-Options.html#index-Wunused-parameter\x07-Wunused-parameter\x1b]8;;\x07\x1b[m\x1b[K]\n'}
[0.429209] (CommunicationCenter) StderrLine: {'line': b'   91 |   STWCANMsg *setPosKD(\x1b[01;35m\x1b[Kuint8_t motor_id\x1b[m\x1b[K, float kd) override { return nullptr; };\n'}
[0.429229] (CommunicationCenter) StderrLine: {'line': b'      |                       \x1b[01;35m\x1b[K~~~~~~~~^~~~~~~~\x1b[m\x1b[K\n'}
[0.429249] (CommunicationCenter) StderrLine: {'line': b'\x1b[01m\x1b[K/home/albusgive/rlfw/rlfw_deploy/src/CommunicationCenter/motor_driver/STWMotor.h:91:47:\x1b[m\x1b[K \x1b[01;35m\x1b[Kwarning: \x1b[m\x1b[Kunused parameter \xe2\x80\x98\x1b[01m\x1b[Kkd\x1b[m\x1b[K\xe2\x80\x99 [\x1b[01;35m\x1b[K\x1b]8;;https://gcc.gnu.org/onlinedocs/gcc/Warning-Options.html#index-Wunused-parameter\x07-Wunused-parameter\x1b]8;;\x07\x1b[m\x1b[K]\n'}
[0.429269] (CommunicationCenter) StderrLine: {'line': b'   91 |   STWCANMsg *setPosKD(uint8_t motor_id, \x1b[01;35m\x1b[Kfloat kd\x1b[m\x1b[K) override { return nullptr; };\n'}
[0.429289] (CommunicationCenter) StderrLine: {'line': b'      |                                         \x1b[01;35m\x1b[K~~~~~~^~\x1b[m\x1b[K\n'}
[0.429309] (CommunicationCenter) StderrLine: {'line': b'\x1b[01m\x1b[K/home/albusgive/rlfw/rlfw_deploy/src/CommunicationCenter/motor_driver/STWMotor.h:\x1b[m\x1b[K In member function \xe2\x80\x98\x1b[01m\x1b[Kvirtual STWCANMsg* STWMotor::\x1b[01;32m\x1b[KsetVelKP\x1b[m\x1b[K(uint8_t, float)\x1b[m\x1b[K\xe2\x80\x99:\n'}
[0.429329] (CommunicationCenter) StderrLine: {'line': b'\x1b[01m\x1b[K/home/albusgive/rlfw/rlfw_deploy/src/CommunicationCenter/motor_driver/STWMotor.h:93:31:\x1b[m\x1b[K \x1b[01;35m\x1b[Kwarning: \x1b[m\x1b[Kunused parameter \xe2\x80\x98\x1b[01m\x1b[Kmotor_id\x1b[m\x1b[K\xe2\x80\x99 [\x1b[01;35m\x1b[K\x1b]8;;https://gcc.gnu.org/onlinedocs/gcc/Warning-Options.html#index-Wunused-parameter\x07-Wunused-parameter\x1b]8;;\x07\x1b[m\x1b[K]\n'}
[0.429352] (CommunicationCenter) StderrLine: {'line': b'   93 |   STWCANMsg *setVelKP(\x1b[01;35m\x1b[Kuint8_t motor_id\x1b[m\x1b[K, float kp) override { return nullptr; };\n'}
[0.429372] (CommunicationCenter) StderrLine: {'line': b'      |                       \x1b[01;35m\x1b[K~~~~~~~~^~~~~~~~\x1b[m\x1b[K\n'}
[0.429392] (CommunicationCenter) StderrLine: {'line': b'\x1b[01m\x1b[K/home/albusgive/rlfw/rlfw_deploy/src/CommunicationCenter/motor_driver/STWMotor.h:93:47:\x1b[m\x1b[K \x1b[01;35m\x1b[Kwarning: \x1b[m\x1b[Kunused parameter \xe2\x80\x98\x1b[01m\x1b[Kkp\x1b[m\x1b[K\xe2\x80\x99 [\x1b[01;35m\x1b[K\x1b]8;;https://gcc.gnu.org/onlinedocs/gcc/Warning-Options.html#index-Wunused-parameter\x07-Wunused-parameter\x1b]8;;\x07\x1b[m\x1b[K]\n'}
[0.429413] (CommunicationCenter) StderrLine: {'line': b'   93 |   STWCANMsg *setVelKP(uint8_t motor_id, \x1b[01;35m\x1b[Kfloat kp\x1b[m\x1b[K) override { return nullptr; };\n'}
[0.429433] (CommunicationCenter) StderrLine: {'line': b'      |                                         \x1b[01;35m\x1b[K~~~~~~^~\x1b[m\x1b[K\n'}
[0.429453] (CommunicationCenter) StderrLine: {'line': b'\x1b[01m\x1b[K/home/albusgive/rlfw/rlfw_deploy/src/CommunicationCenter/motor_driver/STWMotor.h:\x1b[m\x1b[K In member function \xe2\x80\x98\x1b[01m\x1b[Kvirtual STWCANMsg* STWMotor::\x1b[01;32m\x1b[KsetVelKI\x1b[m\x1b[K(uint8_t, float)\x1b[m\x1b[K\xe2\x80\x99:\n'}
[0.429473] (CommunicationCenter) StderrLine: {'line': b'\x1b[01m\x1b[K/home/albusgive/rlfw/rlfw_deploy/src/CommunicationCenter/motor_driver/STWMotor.h:94:31:\x1b[m\x1b[K \x1b[01;35m\x1b[Kwarning: \x1b[m\x1b[Kunused parameter \xe2\x80\x98\x1b[01m\x1b[Kmotor_id\x1b[m\x1b[K\xe2\x80\x99 [\x1b[01;35m\x1b[K\x1b]8;;https://gcc.gnu.org/onlinedocs/gcc/Warning-Options.html#index-Wunused-parameter\x07-Wunused-parameter\x1b]8;;\x07\x1b[m\x1b[K]\n'}
[0.429494] (CommunicationCenter) StderrLine: {'line': b'   94 |   STWCANMsg *setVelKI(\x1b[01;35m\x1b[Kuint8_t motor_id\x1b[m\x1b[K, float ki) override { return nullptr; };\n'}
[0.429515] (CommunicationCenter) StderrLine: {'line': b'      |                       \x1b[01;35m\x1b[K~~~~~~~~^~~~~~~~\x1b[m\x1b[K\n'}
[0.429534] (CommunicationCenter) StderrLine: {'line': b'\x1b[01m\x1b[K/home/albusgive/rlfw/rlfw_deploy/src/CommunicationCenter/motor_driver/STWMotor.h:94:47:\x1b[m\x1b[K \x1b[01;35m\x1b[Kwarning: \x1b[m\x1b[Kunused parameter \xe2\x80\x98\x1b[01m\x1b[Kki\x1b[m\x1b[K\xe2\x80\x99 [\x1b[01;35m\x1b[K\x1b]8;;https://gcc.gnu.org/onlinedocs/gcc/Warning-Options.html#index-Wunused-parameter\x07-Wunused-parameter\x1b]8;;\x07\x1b[m\x1b[K]\n'}
[0.429555] (CommunicationCenter) StderrLine: {'line': b'   94 |   STWCANMsg *setVelKI(uint8_t motor_id, \x1b[01;35m\x1b[Kfloat ki\x1b[m\x1b[K) override { return nullptr; };\n'}
[0.429575] (CommunicationCenter) StderrLine: {'line': b'      |                                         \x1b[01;35m\x1b[K~~~~~~^~\x1b[m\x1b[K\n'}
[0.429599] (CommunicationCenter) StderrLine: {'line': b'\x1b[01m\x1b[K/home/albusgive/rlfw/rlfw_deploy/src/CommunicationCenter/motor_driver/STWMotor.h:\x1b[m\x1b[K In member function \xe2\x80\x98\x1b[01m\x1b[Kvirtual STWCANMsg* STWMotor::\x1b[01;32m\x1b[KsetTorqueKP\x1b[m\x1b[K(uint8_t, float)\x1b[m\x1b[K\xe2\x80\x99:\n'}
[0.429619] (CommunicationCenter) StderrLine: {'line': b'\x1b[01m\x1b[K/home/albusgive/rlfw/rlfw_deploy/src/CommunicationCenter/motor_driver/STWMotor.h:96:34:\x1b[m\x1b[K \x1b[01;35m\x1b[Kwarning: \x1b[m\x1b[Kunused parameter \xe2\x80\x98\x1b[01m\x1b[Kmotor_id\x1b[m\x1b[K\xe2\x80\x99 [\x1b[01;35m\x1b[K\x1b]8;;https://gcc.gnu.org/onlinedocs/gcc/Warning-Options.html#index-Wunused-parameter\x07-Wunused-parameter\x1b]8;;\x07\x1b[m\x1b[K]\n'}
[0.429641] (CommunicationCenter) StderrLine: {'line': b'   96 |   STWCANMsg *setTorqueKP(\x1b[01;35m\x1b[Kuint8_t motor_id\x1b[m\x1b[K, float kp) override {\n'}
[0.429660] (CommunicationCenter) StderrLine: {'line': b'      |                          \x1b[01;35m\x1b[K~~~~~~~~^~~~~~~~\x1b[m\x1b[K\n'}
[0.429679] (CommunicationCenter) StderrLine: {'line': b'\x1b[01m\x1b[K/home/albusgive/rlfw/rlfw_deploy/src/CommunicationCenter/motor_driver/STWMotor.h:96:50:\x1b[m\x1b[K \x1b[01;35m\x1b[Kwarning: \x1b[m\x1b[Kunused parameter \xe2\x80\x98\x1b[01m\x1b[Kkp\x1b[m\x1b[K\xe2\x80\x99 [\x1b[01;35m\x1b[K\x1b]8;;https://gcc.gnu.org/onlinedocs/gcc/Warning-Options.html#index-Wunused-parameter\x07-Wunused-parameter\x1b]8;;\x07\x1b[m\x1b[K]\n'}
[0.429701] (CommunicationCenter) StderrLine: {'line': b'   96 |   STWCANMsg *setTorqueKP(uint8_t motor_id, \x1b[01;35m\x1b[Kfloat kp\x1b[m\x1b[K) override {\n'}
[0.429720] (CommunicationCenter) StderrLine: {'line': b'      |                                            \x1b[01;35m\x1b[K~~~~~~^~\x1b[m\x1b[K\n'}
[0.429739] (CommunicationCenter) StderrLine: {'line': b'\x1b[01m\x1b[K/home/albusgive/rlfw/rlfw_deploy/src/CommunicationCenter/motor_driver/STWMotor.h:\x1b[m\x1b[K In member function \xe2\x80\x98\x1b[01m\x1b[Kvirtual STWCANMsg* STWMotor::\x1b[01;32m\x1b[KsetTorqueKI\x1b[m\x1b[K(uint8_t, float)\x1b[m\x1b[K\xe2\x80\x99:\n'}
[0.429759] (CommunicationCenter) StderrLine: {'line': b'\x1b[01m\x1b[K/home/albusgive/rlfw/rlfw_deploy/src/CommunicationCenter/motor_driver/STWMotor.h:99:34:\x1b[m\x1b[K \x1b[01;35m\x1b[Kwarning: \x1b[m\x1b[Kunused parameter \xe2\x80\x98\x1b[01m\x1b[Kmotor_id\x1b[m\x1b[K\xe2\x80\x99 [\x1b[01;35m\x1b[K\x1b]8;;https://gcc.gnu.org/onlinedocs/gcc/Warning-Options.html#index-Wunused-parameter\x07-Wunused-parameter\x1b]8;;\x07\x1b[m\x1b[K]\n'}
[0.429779] (CommunicationCenter) StderrLine: {'line': b'   99 |   STWCANMsg *setTorqueKI(\x1b[01;35m\x1b[Kuint8_t motor_id\x1b[m\x1b[K, float ki) override {\n'}
[0.429800] (CommunicationCenter) StderrLine: {'line': b'      |                          \x1b[01;35m\x1b[K~~~~~~~~^~~~~~~~\x1b[m\x1b[K\n'}
[0.429820] (CommunicationCenter) StderrLine: {'line': b'\x1b[01m\x1b[K/home/albusgive/rlfw/rlfw_deploy/src/CommunicationCenter/motor_driver/STWMotor.h:99:50:\x1b[m\x1b[K \x1b[01;35m\x1b[Kwarning: \x1b[m\x1b[Kunused parameter \xe2\x80\x98\x1b[01m\x1b[Kki\x1b[m\x1b[K\xe2\x80\x99 [\x1b[01;35m\x1b[K\x1b]8;;https://gcc.gnu.org/onlinedocs/gcc/Warning-Options.html#index-Wunused-parameter\x07-Wunused-parameter\x1b]8;;\x07\x1b[m\x1b[K]\n'}
[0.429843] (CommunicationCenter) StderrLine: {'line': b'   99 |   STWCANMsg *setTorqueKI(uint8_t motor_id, \x1b[01;35m\x1b[Kfloat ki\x1b[m\x1b[K) override {\n'}
[0.429866] (CommunicationCenter) StderrLine: {'line': b'      |                                            \x1b[01;35m\x1b[K~~~~~~^~\x1b[m\x1b[K\n'}
[0.429889] (CommunicationCenter) StderrLine: {'line': b'\x1b[01m\x1b[K/home/albusgive/rlfw/rlfw_deploy/src/CommunicationCenter/motor_driver/STWMotor.h:\x1b[m\x1b[K In member function \xe2\x80\x98\x1b[01m\x1b[Kvirtual STWCANMsg* STWMotor::\x1b[01;32m\x1b[KsetSafeTorque\x1b[m\x1b[K(uint8_t, float)\x1b[m\x1b[K\xe2\x80\x99:\n'}
[0.429911] (CommunicationCenter) StderrLine: {'line': b'\x1b[01m\x1b[K/home/albusgive/rlfw/rlfw_deploy/src/CommunicationCenter/motor_driver/STWMotor.h:103:36:\x1b[m\x1b[K \x1b[01;35m\x1b[Kwarning: \x1b[m\x1b[Kunused parameter \xe2\x80\x98\x1b[01m\x1b[Kmotor_id\x1b[m\x1b[K\xe2\x80\x99 [\x1b[01;35m\x1b[K\x1b]8;;https://gcc.gnu.org/onlinedocs/gcc/Warning-Options.html#index-Wunused-parameter\x07-Wunused-parameter\x1b]8;;\x07\x1b[m\x1b[K]\n'}
[0.429932] (CommunicationCenter) StderrLine: {'line': b'  103 |   STWCANMsg *setSafeTorque(\x1b[01;35m\x1b[Kuint8_t motor_id\x1b[m\x1b[K, float torque) override {\n'}
[0.429953] (CommunicationCenter) StderrLine: {'line': b'      |                            \x1b[01;35m\x1b[K~~~~~~~~^~~~~~~~\x1b[m\x1b[K\n'}
[0.429972] (CommunicationCenter) StderrLine: {'line': b'\x1b[01m\x1b[K/home/albusgive/rlfw/rlfw_deploy/src/CommunicationCenter/motor_driver/STWMotor.h:103:52:\x1b[m\x1b[K \x1b[01;35m\x1b[Kwarning: \x1b[m\x1b[Kunused parameter \xe2\x80\x98\x1b[01m\x1b[Ktorque\x1b[m\x1b[K\xe2\x80\x99 [\x1b[01;35m\x1b[K\x1b]8;;https://gcc.gnu.org/onlinedocs/gcc/Warning-Options.html#index-Wunused-parameter\x07-Wunused-parameter\x1b]8;;\x07\x1b[m\x1b[K]\n'}
[0.429994] (CommunicationCenter) StderrLine: {'line': b'  103 |   STWCANMsg *setSafeTorque(uint8_t motor_id, \x1b[01;35m\x1b[Kfloat torque\x1b[m\x1b[K) override {\n'}
[0.430016] (CommunicationCenter) StderrLine: {'line': b'      |                                              \x1b[01;35m\x1b[K~~~~~~^~~~~~\x1b[m\x1b[K\n'}
[0.430037] (CommunicationCenter) StderrLine: {'line': b'\x1b[01m\x1b[K/home/albusgive/rlfw/rlfw_deploy/src/CommunicationCenter/motor_driver/STWMotor.h:\x1b[m\x1b[K In member function \xe2\x80\x98\x1b[01m\x1b[Kvirtual STWCANMsg* STWMotor::\x1b[01;32m\x1b[KsetSafePos\x1b[m\x1b[K(uint8_t, float)\x1b[m\x1b[K\xe2\x80\x99:\n'}
[0.430059] (CommunicationCenter) StderrLine: {'line': b'\x1b[01m\x1b[K/home/albusgive/rlfw/rlfw_deploy/src/CommunicationCenter/motor_driver/STWMotor.h:106:33:\x1b[m\x1b[K \x1b[01;35m\x1b[Kwarning: \x1b[m\x1b[Kunused parameter \xe2\x80\x98\x1b[01m\x1b[Kmotor_id\x1b[m\x1b[K\xe2\x80\x99 [\x1b[01;35m\x1b[K\x1b]8;;https://gcc.gnu.org/onlinedocs/gcc/Warning-Options.html#index-Wunused-parameter\x07-Wunused-parameter\x1b]8;;\x07\x1b[m\x1b[K]\n'}
[0.430079] (CommunicationCenter) StderrLine: {'line': b'  106 |   STWCANMsg *setSafePos(\x1b[01;35m\x1b[Kuint8_t motor_id\x1b[m\x1b[K, float pos) override {\n'}
[0.430098] (CommunicationCenter) StderrLine: {'line': b'      |                         \x1b[01;35m\x1b[K~~~~~~~~^~~~~~~~\x1b[m\x1b[K\n'}
[0.430117] (CommunicationCenter) StderrLine: {'line': b'\x1b[01m\x1b[K/home/albusgive/rlfw/rlfw_deploy/src/CommunicationCenter/motor_driver/STWMotor.h:106:49:\x1b[m\x1b[K \x1b[01;35m\x1b[Kwarning: \x1b[m\x1b[Kunused parameter \xe2\x80\x98\x1b[01m\x1b[Kpos\x1b[m\x1b[K\xe2\x80\x99 [\x1b[01;35m\x1b[K\x1b]8;;https://gcc.gnu.org/onlinedocs/gcc/Warning-Options.html#index-Wunused-parameter\x07-Wunused-parameter\x1b]8;;\x07\x1b[m\x1b[K]\n'}
[0.430140] (CommunicationCenter) StderrLine: {'line': b'  106 |   STWCANMsg *setSafePos(uint8_t motor_id, \x1b[01;35m\x1b[Kfloat pos\x1b[m\x1b[K) override {\n'}
[0.430161] (CommunicationCenter) StderrLine: {'line': b'      |                                           \x1b[01;35m\x1b[K~~~~~~^~~\x1b[m\x1b[K\n'}
[0.430181] (CommunicationCenter) StderrLine: {'line': b'\x1b[01m\x1b[K/home/albusgive/rlfw/rlfw_deploy/src/CommunicationCenter/motor_driver/STWMotor.h:\x1b[m\x1b[K In member function \xe2\x80\x98\x1b[01m\x1b[Kvirtual STWCANMsg* STWMotor::\x1b[01;32m\x1b[KsetSafeVel\x1b[m\x1b[K(uint8_t, float)\x1b[m\x1b[K\xe2\x80\x99:\n'}
[0.430201] (CommunicationCenter) StderrLine: {'line': b'\x1b[01m\x1b[K/home/albusgive/rlfw/rlfw_deploy/src/CommunicationCenter/motor_driver/STWMotor.h:109:33:\x1b[m\x1b[K \x1b[01;35m\x1b[Kwarning: \x1b[m\x1b[Kunused parameter \xe2\x80\x98\x1b[01m\x1b[Kmotor_id\x1b[m\x1b[K\xe2\x80\x99 [\x1b[01;35m\x1b[K\x1b]8;;https://gcc.gnu.org/onlinedocs/gcc/Warning-Options.html#index-Wunused-parameter\x07-Wunused-parameter\x1b]8;;\x07\x1b[m\x1b[K]\n'}
[0.430222] (CommunicationCenter) StderrLine: {'line': b'  109 |   STWCANMsg *setSafeVel(\x1b[01;35m\x1b[Kuint8_t motor_id\x1b[m\x1b[K, float vel) override {\n'}
[0.430243] (CommunicationCenter) StderrLine: {'line': b'      |                         \x1b[01;35m\x1b[K~~~~~~~~^~~~~~~~\x1b[m\x1b[K\n'}
[0.430262] (CommunicationCenter) StderrLine: {'line': b'\x1b[01m\x1b[K/home/albusgive/rlfw/rlfw_deploy/src/CommunicationCenter/motor_driver/STWMotor.h:109:49:\x1b[m\x1b[K \x1b[01;35m\x1b[Kwarning: \x1b[m\x1b[Kunused parameter \xe2\x80\x98\x1b[01m\x1b[Kvel\x1b[m\x1b[K\xe2\x80\x99 [\x1b[01;35m\x1b[K\x1b]8;;https://gcc.gnu.org/onlinedocs/gcc/Warning-Options.html#index-Wunused-parameter\x07-Wunused-parameter\x1b]8;;\x07\x1b[m\x1b[K]\n'}
[0.430285] (CommunicationCenter) StderrLine: {'line': b'  109 |   STWCANMsg *setSafeVel(uint8_t motor_id, \x1b[01;35m\x1b[Kfloat vel\x1b[m\x1b[K) override {\n'}
[0.430306] (CommunicationCenter) StderrLine: {'line': b'      |                                           \x1b[01;35m\x1b[K~~~~~~^~~\x1b[m\x1b[K\n'}
[0.430327] (CommunicationCenter) StderrLine: {'line': b'\x1b[01m\x1b[K/home/albusgive/rlfw/rlfw_deploy/src/CommunicationCenter/motor_driver/STWMotor.cpp:\x1b[m\x1b[K In member function \xe2\x80\x98\x1b[01m\x1b[Kvirtual STWCANMsg* STWMotor::\x1b[01;32m\x1b[KenableMotor\x1b[m\x1b[K(uint8_t, bool, bool)\x1b[m\x1b[K\xe2\x80\x99:\n'}
[0.430348] (CommunicationCenter) StderrLine: {'line': b'\x1b[01m\x1b[K/home/albusgive/rlfw/rlfw_deploy/src/CommunicationCenter/motor_driver/STWMotor.cpp:7:39:\x1b[m\x1b[K \x1b[01;35m\x1b[Kwarning: \x1b[m\x1b[Kunused parameter \xe2\x80\x98\x1b[01m\x1b[Kclear_fault\x1b[m\x1b[K\xe2\x80\x99 [\x1b[01;35m\x1b[K\x1b]8;;https://gcc.gnu.org/onlinedocs/gcc/Warning-Options.html#index-Wunused-parameter\x07-Wunused-parameter\x1b]8;;\x07\x1b[m\x1b[K]\n'}
[0.430370] (CommunicationCenter) StderrLine: {'line': b'    7 |                                  \x1b[01;35m\x1b[Kbool clear_fault\x1b[m\x1b[K) {\n'}
[0.430391] (CommunicationCenter) StderrLine: {'line': b'      |                                  \x1b[01;35m\x1b[K~~~~~^~~~~~~~~~~\x1b[m\x1b[K\n'}
[0.430411] (CommunicationCenter) StderrLine: {'line': b'\x1b[01m\x1b[K/home/albusgive/rlfw/rlfw_deploy/src/CommunicationCenter/motor_driver/STWMotor.cpp:\x1b[m\x1b[K In member function \xe2\x80\x98\x1b[01m\x1b[Kvirtual STWCANMsg* STWMotor::\x1b[01;32m\x1b[KsetCtrlType\x1b[m\x1b[K(uint8_t)\x1b[m\x1b[K\xe2\x80\x99:\n'}
[0.430432] (CommunicationCenter) StderrLine: {'line': b'\x1b[01m\x1b[K/home/albusgive/rlfw/rlfw_deploy/src/CommunicationCenter/motor_driver/STWMotor.cpp:138:10:\x1b[m\x1b[K \x1b[01;35m\x1b[Kwarning: \x1b[m\x1b[Kenumeration value \xe2\x80\x98\x1b[01m\x1b[KMIT\x1b[m\x1b[K\xe2\x80\x99 not handled in switch [\x1b[01;35m\x1b[K\x1b]8;;https://gcc.gnu.org/onlinedocs/gcc/Warning-Options.html#index-Wswitch\x07-Wswitch\x1b]8;;\x07\x1b[m\x1b[K]\n'}
[0.430454] (CommunicationCenter) StderrLine: {'line': b'  138 |   switch \x1b[01;35m\x1b[K(\x1b[m\x1b[Kctrl_type) {\n'}
[0.430473] (CommunicationCenter) StderrLine: {'line': b'      |          \x1b[01;35m\x1b[K^\x1b[m\x1b[K\n'}
[0.430493] (CommunicationCenter) StderrLine: {'line': b'\x1b[01m\x1b[K/home/albusgive/rlfw/rlfw_deploy/src/CommunicationCenter/motor_driver/STWMotor.cpp:138:10:\x1b[m\x1b[K \x1b[01;35m\x1b[Kwarning: \x1b[m\x1b[Kenumeration value \xe2\x80\x98\x1b[01m\x1b[KPOS_VEL\x1b[m\x1b[K\xe2\x80\x99 not handled in switch [\x1b[01;35m\x1b[K\x1b]8;;https://gcc.gnu.org/onlinedocs/gcc/Warning-Options.html#index-Wswitch\x07-Wswitch\x1b]8;;\x07\x1b[m\x1b[K]\n'}
[0.430515] (CommunicationCenter) StderrLine: {'line': b'\x1b[01m\x1b[K/home/albusgive/rlfw/rlfw_deploy/src/CommunicationCenter/motor_driver/STWMotor.cpp:138:10:\x1b[m\x1b[K \x1b[01;35m\x1b[Kwarning: \x1b[m\x1b[Kenumeration value \xe2\x80\x98\x1b[01m\x1b[KENABLE\x1b[m\x1b[K\xe2\x80\x99 not handled in switch [\x1b[01;35m\x1b[K\x1b]8;;https://gcc.gnu.org/onlinedocs/gcc/Warning-Options.html#index-Wswitch\x07-Wswitch\x1b]8;;\x07\x1b[m\x1b[K]\n'}
[0.430538] (CommunicationCenter) StderrLine: {'line': b'\x1b[01m\x1b[K/home/albusgive/rlfw/rlfw_deploy/src/CommunicationCenter/motor_driver/STWMotor.cpp:138:10:\x1b[m\x1b[K \x1b[01;35m\x1b[Kwarning: \x1b[m\x1b[Kenumeration value \xe2\x80\x98\x1b[01m\x1b[KDISABLE\x1b[m\x1b[K\xe2\x80\x99 not handled in switch [\x1b[01;35m\x1b[K\x1b]8;;https://gcc.gnu.org/onlinedocs/gcc/Warning-Options.html#index-Wswitch\x07-Wswitch\x1b]8;;\x07\x1b[m\x1b[K]\n'}
[0.430558] (CommunicationCenter) StderrLine: {'line': b'\x1b[01m\x1b[K/home/albusgive/rlfw/rlfw_deploy/src/CommunicationCenter/motor_driver/STWMotor.cpp:138:10:\x1b[m\x1b[K \x1b[01;35m\x1b[Kwarning: \x1b[m\x1b[Kenumeration value \xe2\x80\x98\x1b[01m\x1b[KSETZERO\x1b[m\x1b[K\xe2\x80\x99 not handled in switch [\x1b[01;35m\x1b[K\x1b]8;;https://gcc.gnu.org/onlinedocs/gcc/Warning-Options.html#index-Wswitch\x07-Wswitch\x1b]8;;\x07\x1b[m\x1b[K]\n'}
[0.430578] (CommunicationCenter) StderrLine: {'line': b'\x1b[01m\x1b[K/home/albusgive/rlfw/rlfw_deploy/src/CommunicationCenter/motor_driver/STWMotor.cpp:138:10:\x1b[m\x1b[K \x1b[01;35m\x1b[Kwarning: \x1b[m\x1b[Kenumeration value \xe2\x80\x98\x1b[01m\x1b[KERR\x1b[m\x1b[K\xe2\x80\x99 not handled in switch [\x1b[01;35m\x1b[K\x1b]8;;https://gcc.gnu.org/onlinedocs/gcc/Warning-Options.html#index-Wswitch\x07-Wswitch\x1b]8;;\x07\x1b[m\x1b[K]\n'}
[0.500604] (-) TimerEvent: {}
[0.502985] (CommunicationCenter) StderrLine: {'line': b'In file included from \x1b[01m\x1b[K/home/albusgive/rlfw/rlfw_deploy/src/CommunicationCenter/motor_driver/DMMotor.h:3\x1b[m\x1b[K,\n'}
[0.503242] (CommunicationCenter) StderrLine: {'line': b'                 from \x1b[01m\x1b[K/home/albusgive/rlfw/rlfw_deploy/src/CommunicationCenter/include/CommunicationCenter.hpp:4\x1b[m\x1b[K,\n'}
[0.503271] (CommunicationCenter) StderrLine: {'line': b'                 from \x1b[01m\x1b[K/home/albusgive/rlfw/rlfw_deploy/src/CommunicationCenter/src/CommunicationCenter.cpp:1\x1b[m\x1b[K:\n'}
[0.503296] (CommunicationCenter) StderrLine: {'line': b'\x1b[01m\x1b[K/home/albusgive/rlfw/rlfw_deploy/src/CommunicationCenter/motor_driver/Motor.hpp:273:13:\x1b[m\x1b[K \x1b[01;35m\x1b[Kwarning: \x1b[m\x1b[K\xe2\x80\x98\x1b[01m\x1b[Kvirtual MotorBack CANMotor::\x1b[01;32m\x1b[Kdecode\x1b[m\x1b[K()\x1b[m\x1b[K\xe2\x80\x99 was hidden [\x1b[01;35m\x1b[K\x1b]8;;https://gcc.gnu.org/onlinedocs/gcc/Warning-Options.html#index-Woverloaded-virtual=\x07-Woverloaded-virtual=\x1b]8;;\x07\x1b[m\x1b[K]\n'}
[0.503325] (CommunicationCenter) StderrLine: {'line': b'  273 |   MotorBack \x1b[01;35m\x1b[Kdecode\x1b[m\x1b[K() override { return MotorBack(); };\n'}
[0.503347] (CommunicationCenter) StderrLine: {'line': b'      |             \x1b[01;35m\x1b[K^~~~~~\x1b[m\x1b[K\n'}
[0.503369] (CommunicationCenter) StderrLine: {'line': b'\x1b[01m\x1b[K/home/albusgive/rlfw/rlfw_deploy/src/CommunicationCenter/motor_driver/DMMotor.h:50:13:\x1b[m\x1b[K \x1b[01;36m\x1b[Knote: \x1b[m\x1b[K  by \xe2\x80\x98\x1b[01m\x1b[Kvirtual MotorBack DMMotor::\x1b[01;32m\x1b[Kdecode\x1b[m\x1b[K(CANMSG)\x1b[m\x1b[K\xe2\x80\x99\n'}
[0.503393] (CommunicationCenter) StderrLine: {'line': b'   50 |   MotorBack \x1b[01;36m\x1b[Kdecode\x1b[m\x1b[K(CANMSG msg) override;\n'}
[0.503418] (CommunicationCenter) StderrLine: {'line': b'      |             \x1b[01;36m\x1b[K^~~~~~\x1b[m\x1b[K\n'}
[0.503438] (CommunicationCenter) StderrLine: {'line': b'\x1b[01m\x1b[K/home/albusgive/rlfw/rlfw_deploy/src/CommunicationCenter/motor_driver/Motor.hpp:272:13:\x1b[m\x1b[K \x1b[01;35m\x1b[Kwarning: \x1b[m\x1b[K\xe2\x80\x98\x1b[01m\x1b[Kvirtual MotorBack CANMotor::\x1b[01;32m\x1b[Kdecode\x1b[m\x1b[K(UnitreeMsg)\x1b[m\x1b[K\xe2\x80\x99 was hidden [\x1b[01;35m\x1b[K\x1b]8;;https://gcc.gnu.org/onlinedocs/gcc/Warning-Options.html#index-Woverloaded-virtual=\x07-Woverloaded-virtual=\x1b]8;;\x07\x1b[m\x1b[K]\n'}
[0.503461] (CommunicationCenter) StderrLine: {'line': b'  272 |   MotorBack \x1b[01;35m\x1b[Kdecode\x1b[m\x1b[K(UnitreeMsg /*msg*/) override { return MotorBack(); };\n'}
[0.503483] (CommunicationCenter) StderrLine: {'line': b'      |             \x1b[01;35m\x1b[K^~~~~~\x1b[m\x1b[K\n'}
[0.503503] (CommunicationCenter) StderrLine: {'line': b'\x1b[01m\x1b[K/home/albusgive/rlfw/rlfw_deploy/src/CommunicationCenter/motor_driver/DMMotor.h:50:13:\x1b[m\x1b[K \x1b[01;36m\x1b[Knote: \x1b[m\x1b[K  by \xe2\x80\x98\x1b[01m\x1b[Kvirtual MotorBack DMMotor::\x1b[01;32m\x1b[Kdecode\x1b[m\x1b[K(CANMSG)\x1b[m\x1b[K\xe2\x80\x99\n'}
[0.503524] (CommunicationCenter) StderrLine: {'line': b'   50 |   MotorBack \x1b[01;36m\x1b[Kdecode\x1b[m\x1b[K(CANMSG msg) override;\n'}
[0.503545] (CommunicationCenter) StderrLine: {'line': b'      |             \x1b[01;36m\x1b[K^~~~~~\x1b[m\x1b[K\n'}
[0.503565] (CommunicationCenter) StderrLine: {'line': b'\x1b[01m\x1b[K/home/albusgive/rlfw/rlfw_deploy/src/CommunicationCenter/motor_driver/DMMotor.h:\x1b[m\x1b[K In member function \xe2\x80\x98\x1b[01m\x1b[Kvirtual DMCANMsg* DMMotor::\x1b[01;32m\x1b[KsetCtrlType\x1b[m\x1b[K(uint8_t)\x1b[m\x1b[K\xe2\x80\x99:\n'}
[0.503592] (CommunicationCenter) StderrLine: {'line': b'\x1b[01m\x1b[K/home/albusgive/rlfw/rlfw_deploy/src/CommunicationCenter/motor_driver/DMMotor.h:55:33:\x1b[m\x1b[K \x1b[01;35m\x1b[Kwarning: \x1b[m\x1b[Kunused parameter \xe2\x80\x98\x1b[01m\x1b[Kmotor_id\x1b[m\x1b[K\xe2\x80\x99 [\x1b[01;35m\x1b[K\x1b]8;;https://gcc.gnu.org/onlinedocs/gcc/Warning-Options.html#index-Wunused-parameter\x07-Wunused-parameter\x1b]8;;\x07\x1b[m\x1b[K]\n'}
[0.503616] (CommunicationCenter) StderrLine: {'line': b'   55 |   DMCANMsg *setCtrlType(\x1b[01;35m\x1b[Kuint8_t motor_id\x1b[m\x1b[K) override { return nullptr; };\n'}
[0.503637] (CommunicationCenter) StderrLine: {'line': b'      |                         \x1b[01;35m\x1b[K~~~~~~~~^~~~~~~~\x1b[m\x1b[K\n'}
[0.503672] (CommunicationCenter) StderrLine: {'line': b'\x1b[01m\x1b[K/home/albusgive/rlfw/rlfw_deploy/src/CommunicationCenter/motor_driver/DMMotor.h:\x1b[m\x1b[K In member function \xe2\x80\x98\x1b[01m\x1b[Kvirtual DMCANMsg* DMMotor::\x1b[01;32m\x1b[Kctrl_pos\x1b[m\x1b[K(uint8_t, float)\x1b[m\x1b[K\xe2\x80\x99:\n'}
[0.503693] (CommunicationCenter) StderrLine: {'line': b'\x1b[01m\x1b[K/home/albusgive/rlfw/rlfw_deploy/src/CommunicationCenter/motor_driver/DMMotor.h:57:30:\x1b[m\x1b[K \x1b[01;35m\x1b[Kwarning: \x1b[m\x1b[Kunused parameter \xe2\x80\x98\x1b[01m\x1b[Kmotor_id\x1b[m\x1b[K\xe2\x80\x99 [\x1b[01;35m\x1b[K\x1b]8;;https://gcc.gnu.org/onlinedocs/gcc/Warning-Options.html#index-Wunused-parameter\x07-Wunused-parameter\x1b]8;;\x07\x1b[m\x1b[K]\n'}
[0.503714] (CommunicationCenter) StderrLine: {'line': b'   57 |   DMCANMsg *ctrl_pos(\x1b[01;35m\x1b[Kuint8_t motor_id\x1b[m\x1b[K, float pos) override { return nullptr; };\n'}
[0.503735] (CommunicationCenter) StderrLine: {'line': b'      |                      \x1b[01;35m\x1b[K~~~~~~~~^~~~~~~~\x1b[m\x1b[K\n'}
[0.503754] (CommunicationCenter) StderrLine: {'line': b'\x1b[01m\x1b[K/home/albusgive/rlfw/rlfw_deploy/src/CommunicationCenter/motor_driver/DMMotor.h:57:46:\x1b[m\x1b[K \x1b[01;35m\x1b[Kwarning: \x1b[m\x1b[Kunused parameter \xe2\x80\x98\x1b[01m\x1b[Kpos\x1b[m\x1b[K\xe2\x80\x99 [\x1b[01;35m\x1b[K\x1b]8;;https://gcc.gnu.org/onlinedocs/gcc/Warning-Options.html#index-Wunused-parameter\x07-Wunused-parameter\x1b]8;;\x07\x1b[m\x1b[K]\n'}
[0.503777] (CommunicationCenter) StderrLine: {'line': b'   57 |   DMCANMsg *ctrl_pos(uint8_t motor_id, \x1b[01;35m\x1b[Kfloat pos\x1b[m\x1b[K) override { return nullptr; };\n'}
[0.503796] (CommunicationCenter) StderrLine: {'line': b'      |                                        \x1b[01;35m\x1b[K~~~~~~^~~\x1b[m\x1b[K\n'}
[0.503817] (CommunicationCenter) StderrLine: {'line': b'\x1b[01m\x1b[K/home/albusgive/rlfw/rlfw_deploy/src/CommunicationCenter/motor_driver/DMMotor.h:\x1b[m\x1b[K In member function \xe2\x80\x98\x1b[01m\x1b[Kvirtual DMCANMsg* DMMotor::\x1b[01;32m\x1b[Kctrl_vel\x1b[m\x1b[K(uint8_t, float)\x1b[m\x1b[K\xe2\x80\x99:\n'}
[0.503838] (CommunicationCenter) StderrLine: {'line': b'\x1b[01m\x1b[K/home/albusgive/rlfw/rlfw_deploy/src/CommunicationCenter/motor_driver/DMMotor.h:59:30:\x1b[m\x1b[K \x1b[01;35m\x1b[Kwarning: \x1b[m\x1b[Kunused parameter \xe2\x80\x98\x1b[01m\x1b[Kmotor_id\x1b[m\x1b[K\xe2\x80\x99 [\x1b[01;35m\x1b[K\x1b]8;;https://gcc.gnu.org/onlinedocs/gcc/Warning-Options.html#index-Wunused-parameter\x07-Wunused-parameter\x1b]8;;\x07\x1b[m\x1b[K]\n'}
[0.503860] (CommunicationCenter) StderrLine: {'line': b'   59 |   DMCANMsg *ctrl_vel(\x1b[01;35m\x1b[Kuint8_t motor_id\x1b[m\x1b[K, float vel) override { return nullptr; };\n'}
[0.503880] (CommunicationCenter) StderrLine: {'line': b'      |                      \x1b[01;35m\x1b[K~~~~~~~~^~~~~~~~\x1b[m\x1b[K\n'}
[0.503900] (CommunicationCenter) StderrLine: {'line': b'\x1b[01m\x1b[K/home/albusgive/rlfw/rlfw_deploy/src/CommunicationCenter/motor_driver/DMMotor.h:59:46:\x1b[m\x1b[K \x1b[01;35m\x1b[Kwarning: \x1b[m\x1b[Kunused parameter \xe2\x80\x98\x1b[01m\x1b[Kvel\x1b[m\x1b[K\xe2\x80\x99 [\x1b[01;35m\x1b[K\x1b]8;;https://gcc.gnu.org/onlinedocs/gcc/Warning-Options.html#index-Wunused-parameter\x07-Wunused-parameter\x1b]8;;\x07\x1b[m\x1b[K]\n'}
[0.503922] (CommunicationCenter) StderrLine: {'line': b'   59 |   DMCANMsg *ctrl_vel(uint8_t motor_id, \x1b[01;35m\x1b[Kfloat vel\x1b[m\x1b[K) override { return nullptr; };\n'}
[0.503942] (CommunicationCenter) StderrLine: {'line': b'      |                                        \x1b[01;35m\x1b[K~~~~~~^~~\x1b[m\x1b[K\n'}
[0.503961] (CommunicationCenter) StderrLine: {'line': b'\x1b[01m\x1b[K/home/albusgive/rlfw/rlfw_deploy/src/CommunicationCenter/motor_driver/DMMotor.h:\x1b[m\x1b[K In member function \xe2\x80\x98\x1b[01m\x1b[Kvirtual DMCANMsg* DMMotor::\x1b[01;32m\x1b[Kctrl_pos_vel\x1b[m\x1b[K(uint8_t, float, float)\x1b[m\x1b[K\xe2\x80\x99:\n'}
[0.503983] (CommunicationCenter) StderrLine: {'line': b'\x1b[01m\x1b[K/home/albusgive/rlfw/rlfw_deploy/src/CommunicationCenter/motor_driver/DMMotor.h:61:34:\x1b[m\x1b[K \x1b[01;35m\x1b[Kwarning: \x1b[m\x1b[Kunused parameter \xe2\x80\x98\x1b[01m\x1b[Kmotor_id\x1b[m\x1b[K\xe2\x80\x99 [\x1b[01;35m\x1b[K\x1b]8;;https://gcc.gnu.org/onlinedocs/gcc/Warning-Options.html#index-Wunused-parameter\x07-Wunused-parameter\x1b]8;;\x07\x1b[m\x1b[K]\n'}
[0.504003] (CommunicationCenter) StderrLine: {'line': b'   61 |   DMCANMsg *ctrl_pos_vel(\x1b[01;35m\x1b[Kuint8_t motor_id\x1b[m\x1b[K, float pos, float vel) override {\n'}
[0.504022] (CommunicationCenter) StderrLine: {'line': b'      |                          \x1b[01;35m\x1b[K~~~~~~~~^~~~~~~~\x1b[m\x1b[K\n'}
[0.504041] (CommunicationCenter) StderrLine: {'line': b'\x1b[01m\x1b[K/home/albusgive/rlfw/rlfw_deploy/src/CommunicationCenter/motor_driver/DMMotor.h:61:50:\x1b[m\x1b[K \x1b[01;35m\x1b[Kwarning: \x1b[m\x1b[Kunused parameter \xe2\x80\x98\x1b[01m\x1b[Kpos\x1b[m\x1b[K\xe2\x80\x99 [\x1b[01;35m\x1b[K\x1b]8;;https://gcc.gnu.org/onlinedocs/gcc/Warning-Options.html#index-Wunused-parameter\x07-Wunused-parameter\x1b]8;;\x07\x1b[m\x1b[K]\n'}
[0.504062] (CommunicationCenter) StderrLine: {'line': b'   61 |   DMCANMsg *ctrl_pos_vel(uint8_t motor_id, \x1b[01;35m\x1b[Kfloat pos\x1b[m\x1b[K, float vel) override {\n'}
[0.504083] (CommunicationCenter) StderrLine: {'line': b'      |                                            \x1b[01;35m\x1b[K~~~~~~^~~\x1b[m\x1b[K\n'}
[0.504102] (CommunicationCenter) StderrLine: {'line': b'\x1b[01m\x1b[K/home/albusgive/rlfw/rlfw_deploy/src/CommunicationCenter/motor_driver/DMMotor.h:61:61:\x1b[m\x1b[K \x1b[01;35m\x1b[Kwarning: \x1b[m\x1b[Kunused parameter \xe2\x80\x98\x1b[01m\x1b[Kvel\x1b[m\x1b[K\xe2\x80\x99 [\x1b[01;35m\x1b[K\x1b]8;;https://gcc.gnu.org/onlinedocs/gcc/Warning-Options.html#index-Wunused-parameter\x07-Wunused-parameter\x1b]8;;\x07\x1b[m\x1b[K]\n'}
[0.504122] (CommunicationCenter) StderrLine: {'line': b'   61 |   DMCANMsg *ctrl_pos_vel(uint8_t motor_id, float pos, \x1b[01;35m\x1b[Kfloat vel\x1b[m\x1b[K) override {\n'}
[0.504142] (CommunicationCenter) StderrLine: {'line': b'      |                                                       \x1b[01;35m\x1b[K~~~~~~^~~\x1b[m\x1b[K\n'}
[0.504162] (CommunicationCenter) StderrLine: {'line': b'\x1b[01m\x1b[K/home/albusgive/rlfw/rlfw_deploy/src/CommunicationCenter/motor_driver/DMMotor.h:\x1b[m\x1b[K In member function \xe2\x80\x98\x1b[01m\x1b[Kvirtual DMCANMsg* DMMotor::\x1b[01;32m\x1b[Kctrl_torque\x1b[m\x1b[K(uint8_t, float)\x1b[m\x1b[K\xe2\x80\x99:\n'}
[0.504182] (CommunicationCenter) StderrLine: {'line': b'\x1b[01m\x1b[K/home/albusgive/rlfw/rlfw_deploy/src/CommunicationCenter/motor_driver/DMMotor.h:65:33:\x1b[m\x1b[K \x1b[01;35m\x1b[Kwarning: \x1b[m\x1b[Kunused parameter \xe2\x80\x98\x1b[01m\x1b[Kmotor_id\x1b[m\x1b[K\xe2\x80\x99 [\x1b[01;35m\x1b[K\x1b]8;;https://gcc.gnu.org/onlinedocs/gcc/Warning-Options.html#index-Wunused-parameter\x07-Wunused-parameter\x1b]8;;\x07\x1b[m\x1b[K]\n'}
[0.504202] (CommunicationCenter) StderrLine: {'line': b'   65 |   DMCANMsg *ctrl_torque(\x1b[01;35m\x1b[Kuint8_t motor_id\x1b[m\x1b[K, float torque) override {\n'}
[0.504221] (CommunicationCenter) StderrLine: {'line': b'      |                         \x1b[01;35m\x1b[K~~~~~~~~^~~~~~~~\x1b[m\x1b[K\n'}
[0.504240] (CommunicationCenter) StderrLine: {'line': b'\x1b[01m\x1b[K/home/albusgive/rlfw/rlfw_deploy/src/CommunicationCenter/motor_driver/DMMotor.h:65:49:\x1b[m\x1b[K \x1b[01;35m\x1b[Kwarning: \x1b[m\x1b[Kunused parameter \xe2\x80\x98\x1b[01m\x1b[Ktorque\x1b[m\x1b[K\xe2\x80\x99 [\x1b[01;35m\x1b[K\x1b]8;;https://gcc.gnu.org/onlinedocs/gcc/Warning-Options.html#index-Wunused-parameter\x07-Wunused-parameter\x1b]8;;\x07\x1b[m\x1b[K]\n'}
[0.504260] (CommunicationCenter) StderrLine: {'line': b'   65 |   DMCANMsg *ctrl_torque(uint8_t motor_id, \x1b[01;35m\x1b[Kfloat torque\x1b[m\x1b[K) override {\n'}
[0.504280] (CommunicationCenter) StderrLine: {'line': b'      |                                           \x1b[01;35m\x1b[K~~~~~~^~~~~~\x1b[m\x1b[K\n'}
[0.504299] (CommunicationCenter) StderrLine: {'line': b'\x1b[01m\x1b[K/home/albusgive/rlfw/rlfw_deploy/src/CommunicationCenter/motor_driver/DMMotor.h:\x1b[m\x1b[K In member function \xe2\x80\x98\x1b[01m\x1b[Kvirtual DMCANMsg* DMMotor::\x1b[01;32m\x1b[KsetPosKP\x1b[m\x1b[K(uint8_t, float)\x1b[m\x1b[K\xe2\x80\x99:\n'}
[0.504319] (CommunicationCenter) StderrLine: {'line': b'\x1b[01m\x1b[K/home/albusgive/rlfw/rlfw_deploy/src/CommunicationCenter/motor_driver/DMMotor.h:70:30:\x1b[m\x1b[K \x1b[01;35m\x1b[Kwarning: \x1b[m\x1b[Kunused parameter \xe2\x80\x98\x1b[01m\x1b[Kmotor_id\x1b[m\x1b[K\xe2\x80\x99 [\x1b[01;35m\x1b[K\x1b]8;;https://gcc.gnu.org/onlinedocs/gcc/Warning-Options.html#index-Wunused-parameter\x07-Wunused-parameter\x1b]8;;\x07\x1b[m\x1b[K]\n'}
[0.504340] (CommunicationCenter) StderrLine: {'line': b'   70 |   DMCANMsg *setPosKP(\x1b[01;35m\x1b[Kuint8_t motor_id\x1b[m\x1b[K, float kp) override { return nullptr; };\n'}
[0.504360] (CommunicationCenter) StderrLine: {'line': b'      |                      \x1b[01;35m\x1b[K~~~~~~~~^~~~~~~~\x1b[m\x1b[K\n'}
[0.504379] (CommunicationCenter) StderrLine: {'line': b'\x1b[01m\x1b[K/home/albusgive/rlfw/rlfw_deploy/src/CommunicationCenter/motor_driver/DMMotor.h:70:46:\x1b[m\x1b[K \x1b[01;35m\x1b[Kwarning: \x1b[m\x1b[Kunused parameter \xe2\x80\x98\x1b[01m\x1b[Kkp\x1b[m\x1b[K\xe2\x80\x99 [\x1b[01;35m\x1b[K\x1b]8;;https://gcc.gnu.org/onlinedocs/gcc/Warning-Options.html#index-Wunused-parameter\x07-Wunused-parameter\x1b]8;;\x07\x1b[m\x1b[K]\n'}
[0.504401] (CommunicationCenter) StderrLine: {'line': b'   70 |   DMCANMsg *setPosKP(uint8_t motor_id, \x1b[01;35m\x1b[Kfloat kp\x1b[m\x1b[K) override { return nullptr; };\n'}
[0.504421] (CommunicationCenter) StderrLine: {'line': b'      |                                        \x1b[01;35m\x1b[K~~~~~~^~\x1b[m\x1b[K\n'}
[0.504440] (CommunicationCenter) StderrLine: {'line': b'\x1b[01m\x1b[K/home/albusgive/rlfw/rlfw_deploy/src/CommunicationCenter/motor_driver/DMMotor.h:\x1b[m\x1b[K In member function \xe2\x80\x98\x1b[01m\x1b[Kvirtual DMCANMsg* DMMotor::\x1b[01;32m\x1b[KsetPosKD\x1b[m\x1b[K(uint8_t, float)\x1b[m\x1b[K\xe2\x80\x99:\n'}
[0.504460] (CommunicationCenter) StderrLine: {'line': b'\x1b[01m\x1b[K/home/albusgive/rlfw/rlfw_deploy/src/CommunicationCenter/motor_driver/DMMotor.h:71:30:\x1b[m\x1b[K \x1b[01;35m\x1b[Kwarning: \x1b[m\x1b[Kunused parameter \xe2\x80\x98\x1b[01m\x1b[Kmotor_id\x1b[m\x1b[K\xe2\x80\x99 [\x1b[01;35m\x1b[K\x1b]8;;https://gcc.gnu.org/onlinedocs/gcc/Warning-Options.html#index-Wunused-parameter\x07-Wunused-parameter\x1b]8;;\x07\x1b[m\x1b[K]\n'}
[0.504480] (CommunicationCenter) StderrLine: {'line': b'   71 |   DMCANMsg *setPosKD(\x1b[01;35m\x1b[Kuint8_t motor_id\x1b[m\x1b[K, float kd) override { return nullptr; };\n'}
[0.504500] (CommunicationCenter) StderrLine: {'line': b'      |                      \x1b[01;35m\x1b[K~~~~~~~~^~~~~~~~\x1b[m\x1b[K\n'}
[0.504519] (CommunicationCenter) StderrLine: {'line': b'\x1b[01m\x1b[K/home/albusgive/rlfw/rlfw_deploy/src/CommunicationCenter/motor_driver/DMMotor.h:71:46:\x1b[m\x1b[K \x1b[01;35m\x1b[Kwarning: \x1b[m\x1b[Kunused parameter \xe2\x80\x98\x1b[01m\x1b[Kkd\x1b[m\x1b[K\xe2\x80\x99 [\x1b[01;35m\x1b[K\x1b]8;;https://gcc.gnu.org/onlinedocs/gcc/Warning-Options.html#index-Wunused-parameter\x07-Wunused-parameter\x1b]8;;\x07\x1b[m\x1b[K]\n'}
[0.504540] (CommunicationCenter) StderrLine: {'line': b'   71 |   DMCANMsg *setPosKD(uint8_t motor_id, \x1b[01;35m\x1b[Kfloat kd\x1b[m\x1b[K) override { return nullptr; };\n'}
[0.504559] (CommunicationCenter) StderrLine: {'line': b'      |                                        \x1b[01;35m\x1b[K~~~~~~^~\x1b[m\x1b[K\n'}
[0.504579] (CommunicationCenter) StderrLine: {'line': b'\x1b[01m\x1b[K/home/albusgive/rlfw/rlfw_deploy/src/CommunicationCenter/motor_driver/DMMotor.h:\x1b[m\x1b[K In member function \xe2\x80\x98\x1b[01m\x1b[Kvirtual DMCANMsg* DMMotor::\x1b[01;32m\x1b[KsetVelKP\x1b[m\x1b[K(uint8_t, float)\x1b[m\x1b[K\xe2\x80\x99:\n'}
[0.504602] (CommunicationCenter) StderrLine: {'line': b'\x1b[01m\x1b[K/home/albusgive/rlfw/rlfw_deploy/src/CommunicationCenter/motor_driver/DMMotor.h:73:30:\x1b[m\x1b[K \x1b[01;35m\x1b[Kwarning: \x1b[m\x1b[Kunused parameter \xe2\x80\x98\x1b[01m\x1b[Kmotor_id\x1b[m\x1b[K\xe2\x80\x99 [\x1b[01;35m\x1b[K\x1b]8;;https://gcc.gnu.org/onlinedocs/gcc/Warning-Options.html#index-Wunused-parameter\x07-Wunused-parameter\x1b]8;;\x07\x1b[m\x1b[K]\n'}
[0.504626] (CommunicationCenter) StderrLine: {'line': b'   73 |   DMCANMsg *setVelKP(\x1b[01;35m\x1b[Kuint8_t motor_id\x1b[m\x1b[K, float kp) override { return nullptr; };\n'}
[0.504645] (CommunicationCenter) StderrLine: {'line': b'      |                      \x1b[01;35m\x1b[K~~~~~~~~^~~~~~~~\x1b[m\x1b[K\n'}
[0.504664] (CommunicationCenter) StderrLine: {'line': b'\x1b[01m\x1b[K/home/albusgive/rlfw/rlfw_deploy/src/CommunicationCenter/motor_driver/DMMotor.h:73:46:\x1b[m\x1b[K \x1b[01;35m\x1b[Kwarning: \x1b[m\x1b[Kunused parameter \xe2\x80\x98\x1b[01m\x1b[Kkp\x1b[m\x1b[K\xe2\x80\x99 [\x1b[01;35m\x1b[K\x1b]8;;https://gcc.gnu.org/onlinedocs/gcc/Warning-Options.html#index-Wunused-parameter\x07-Wunused-parameter\x1b]8;;\x07\x1b[m\x1b[K]\n'}
[0.504684] (CommunicationCenter) StderrLine: {'line': b'   73 |   DMCANMsg *setVelKP(uint8_t motor_id, \x1b[01;35m\x1b[Kfloat kp\x1b[m\x1b[K) override { return nullptr; };\n'}
[0.504702] (CommunicationCenter) StderrLine: {'line': b'      |                                        \x1b[01;35m\x1b[K~~~~~~^~\x1b[m\x1b[K\n'}
[0.504723] (CommunicationCenter) StderrLine: {'line': b'\x1b[01m\x1b[K/home/albusgive/rlfw/rlfw_deploy/src/CommunicationCenter/motor_driver/DMMotor.h:\x1b[m\x1b[K In member function \xe2\x80\x98\x1b[01m\x1b[Kvirtual DMCANMsg* DMMotor::\x1b[01;32m\x1b[KsetVelKI\x1b[m\x1b[K(uint8_t, float)\x1b[m\x1b[K\xe2\x80\x99:\n'}
[0.504743] (CommunicationCenter) StderrLine: {'line': b'\x1b[01m\x1b[K/home/albusgive/rlfw/rlfw_deploy/src/CommunicationCenter/motor_driver/DMMotor.h:74:30:\x1b[m\x1b[K \x1b[01;35m\x1b[Kwarning: \x1b[m\x1b[Kunused parameter \xe2\x80\x98\x1b[01m\x1b[Kmotor_id\x1b[m\x1b[K\xe2\x80\x99 [\x1b[01;35m\x1b[K\x1b]8;;https://gcc.gnu.org/onlinedocs/gcc/Warning-Options.html#index-Wunused-parameter\x07-Wunused-parameter\x1b]8;;\x07\x1b[m\x1b[K]\n'}
[0.504763] (CommunicationCenter) StderrLine: {'line': b'   74 |   DMCANMsg *setVelKI(\x1b[01;35m\x1b[Kuint8_t motor_id\x1b[m\x1b[K, float ki) override { return nullptr; };\n'}
[0.504782] (CommunicationCenter) StderrLine: {'line': b'      |                      \x1b[01;35m\x1b[K~~~~~~~~^~~~~~~~\x1b[m\x1b[K\n'}
[0.504801] (CommunicationCenter) StderrLine: {'line': b'\x1b[01m\x1b[K/home/albusgive/rlfw/rlfw_deploy/src/CommunicationCenter/motor_driver/DMMotor.h:74:46:\x1b[m\x1b[K \x1b[01;35m\x1b[Kwarning: \x1b[m\x1b[Kunused parameter \xe2\x80\x98\x1b[01m\x1b[Kki\x1b[m\x1b[K\xe2\x80\x99 [\x1b[01;35m\x1b[K\x1b]8;;https://gcc.gnu.org/onlinedocs/gcc/Warning-Options.html#index-Wunused-parameter\x07-Wunused-parameter\x1b]8;;\x07\x1b[m\x1b[K]\n'}
[0.504822] (CommunicationCenter) StderrLine: {'line': b'   74 |   DMCANMsg *setVelKI(uint8_t motor_id, \x1b[01;35m\x1b[Kfloat ki\x1b[m\x1b[K) override { return nullptr; };\n'}
[0.504841] (CommunicationCenter) StderrLine: {'line': b'      |                                        \x1b[01;35m\x1b[K~~~~~~^~\x1b[m\x1b[K\n'}
[0.504860] (CommunicationCenter) StderrLine: {'line': b'\x1b[01m\x1b[K/home/albusgive/rlfw/rlfw_deploy/src/CommunicationCenter/motor_driver/DMMotor.h:\x1b[m\x1b[K In member function \xe2\x80\x98\x1b[01m\x1b[Kvirtual DMCANMsg* DMMotor::\x1b[01;32m\x1b[KsetTorqueKP\x1b[m\x1b[K(uint8_t, float)\x1b[m\x1b[K\xe2\x80\x99:\n'}
[0.504881] (CommunicationCenter) StderrLine: {'line': b'\x1b[01m\x1b[K/home/albusgive/rlfw/rlfw_deploy/src/CommunicationCenter/motor_driver/DMMotor.h:76:33:\x1b[m\x1b[K \x1b[01;35m\x1b[Kwarning: \x1b[m\x1b[Kunused parameter \xe2\x80\x98\x1b[01m\x1b[Kmotor_id\x1b[m\x1b[K\xe2\x80\x99 [\x1b[01;35m\x1b[K\x1b]8;;https://gcc.gnu.org/onlinedocs/gcc/Warning-Options.html#index-Wunused-parameter\x07-Wunused-parameter\x1b]8;;\x07\x1b[m\x1b[K]\n'}
[0.504903] (CommunicationCenter) StderrLine: {'line': b'   76 |   DMCANMsg *setTorqueKP(\x1b[01;35m\x1b[Kuint8_t motor_id\x1b[m\x1b[K, float kp) override {\n'}
[0.504922] (CommunicationCenter) StderrLine: {'line': b'      |                         \x1b[01;35m\x1b[K~~~~~~~~^~~~~~~~\x1b[m\x1b[K\n'}
[0.504942] (CommunicationCenter) StderrLine: {'line': b'\x1b[01m\x1b[K/home/albusgive/rlfw/rlfw_deploy/src/CommunicationCenter/motor_driver/DMMotor.h:76:49:\x1b[m\x1b[K \x1b[01;35m\x1b[Kwarning: \x1b[m\x1b[Kunused parameter \xe2\x80\x98\x1b[01m\x1b[Kkp\x1b[m\x1b[K\xe2\x80\x99 [\x1b[01;35m\x1b[K\x1b]8;;https://gcc.gnu.org/onlinedocs/gcc/Warning-Options.html#index-Wunused-parameter\x07-Wunused-parameter\x1b]8;;\x07\x1b[m\x1b[K]\n'}
[0.504962] (CommunicationCenter) StderrLine: {'line': b'   76 |   DMCANMsg *setTorqueKP(uint8_t motor_id, \x1b[01;35m\x1b[Kfloat kp\x1b[m\x1b[K) override {\n'}
[0.504981] (CommunicationCenter) StderrLine: {'line': b'      |                                           \x1b[01;35m\x1b[K~~~~~~^~\x1b[m\x1b[K\n'}
[0.505000] (CommunicationCenter) StderrLine: {'line': b'\x1b[01m\x1b[K/home/albusgive/rlfw/rlfw_deploy/src/CommunicationCenter/motor_driver/DMMotor.h:\x1b[m\x1b[K In member function \xe2\x80\x98\x1b[01m\x1b[Kvirtual DMCANMsg* DMMotor::\x1b[01;32m\x1b[KsetTorqueKI\x1b[m\x1b[K(uint8_t, float)\x1b[m\x1b[K\xe2\x80\x99:\n'}
[0.505020] (CommunicationCenter) StderrLine: {'line': b'\x1b[01m\x1b[K/home/albusgive/rlfw/rlfw_deploy/src/CommunicationCenter/motor_driver/DMMotor.h:79:33:\x1b[m\x1b[K \x1b[01;35m\x1b[Kwarning: \x1b[m\x1b[Kunused parameter \xe2\x80\x98\x1b[01m\x1b[Kmotor_id\x1b[m\x1b[K\xe2\x80\x99 [\x1b[01;35m\x1b[K\x1b]8;;https://gcc.gnu.org/onlinedocs/gcc/Warning-Options.html#index-Wunused-parameter\x07-Wunused-parameter\x1b]8;;\x07\x1b[m\x1b[K]\n'}
[0.505042] (CommunicationCenter) StderrLine: {'line': b'   79 |   DMCANMsg *setTorqueKI(\x1b[01;35m\x1b[Kuint8_t motor_id\x1b[m\x1b[K, float ki) override {\n'}
[0.505060] (CommunicationCenter) StderrLine: {'line': b'      |                         \x1b[01;35m\x1b[K~~~~~~~~^~~~~~~~\x1b[m\x1b[K\n'}
[0.505080] (CommunicationCenter) StderrLine: {'line': b'\x1b[01m\x1b[K/home/albusgive/rlfw/rlfw_deploy/src/CommunicationCenter/motor_driver/DMMotor.h:79:49:\x1b[m\x1b[K \x1b[01;35m\x1b[Kwarning: \x1b[m\x1b[Kunused parameter \xe2\x80\x98\x1b[01m\x1b[Kki\x1b[m\x1b[K\xe2\x80\x99 [\x1b[01;35m\x1b[K\x1b]8;;https://gcc.gnu.org/onlinedocs/gcc/Warning-Options.html#index-Wunused-parameter\x07-Wunused-parameter\x1b]8;;\x07\x1b[m\x1b[K]\n'}
[0.505101] (CommunicationCenter) StderrLine: {'line': b'   79 |   DMCANMsg *setTorqueKI(uint8_t motor_id, \x1b[01;35m\x1b[Kfloat ki\x1b[m\x1b[K) override {\n'}
[0.505120] (CommunicationCenter) StderrLine: {'line': b'      |                                           \x1b[01;35m\x1b[K~~~~~~^~\x1b[m\x1b[K\n'}
[0.505140] (CommunicationCenter) StderrLine: {'line': b'\x1b[01m\x1b[K/home/albusgive/rlfw/rlfw_deploy/src/CommunicationCenter/motor_driver/DMMotor.h:\x1b[m\x1b[K In member function \xe2\x80\x98\x1b[01m\x1b[Kvirtual DMCANMsg* DMMotor::\x1b[01;32m\x1b[KsetSafeTorque\x1b[m\x1b[K(uint8_t, float)\x1b[m\x1b[K\xe2\x80\x99:\n'}
[0.505160] (CommunicationCenter) StderrLine: {'line': b'\x1b[01m\x1b[K/home/albusgive/rlfw/rlfw_deploy/src/CommunicationCenter/motor_driver/DMMotor.h:83:35:\x1b[m\x1b[K \x1b[01;35m\x1b[Kwarning: \x1b[m\x1b[Kunused parameter \xe2\x80\x98\x1b[01m\x1b[Kmotor_id\x1b[m\x1b[K\xe2\x80\x99 [\x1b[01;35m\x1b[K\x1b]8;;https://gcc.gnu.org/onlinedocs/gcc/Warning-Options.html#index-Wunused-parameter\x07-Wunused-parameter\x1b]8;;\x07\x1b[m\x1b[K]\n'}
[0.505179] (CommunicationCenter) StderrLine: {'line': b'   83 |   DMCANMsg *setSafeTorque(\x1b[01;35m\x1b[Kuint8_t motor_id\x1b[m\x1b[K, float torque) override {\n'}
[0.505199] (CommunicationCenter) StderrLine: {'line': b'      |                           \x1b[01;35m\x1b[K~~~~~~~~^~~~~~~~\x1b[m\x1b[K\n'}
[0.505217] (CommunicationCenter) StderrLine: {'line': b'\x1b[01m\x1b[K/home/albusgive/rlfw/rlfw_deploy/src/CommunicationCenter/motor_driver/DMMotor.h:83:51:\x1b[m\x1b[K \x1b[01;35m\x1b[Kwarning: \x1b[m\x1b[Kunused parameter \xe2\x80\x98\x1b[01m\x1b[Ktorque\x1b[m\x1b[K\xe2\x80\x99 [\x1b[01;35m\x1b[K\x1b]8;;https://gcc.gnu.org/onlinedocs/gcc/Warning-Options.html#index-Wunused-parameter\x07-Wunused-parameter\x1b]8;;\x07\x1b[m\x1b[K]\n'}
[0.505237] (CommunicationCenter) StderrLine: {'line': b'   83 |   DMCANMsg *setSafeTorque(uint8_t motor_id, \x1b[01;35m\x1b[Kfloat torque\x1b[m\x1b[K) override {\n'}
[0.505256] (CommunicationCenter) StderrLine: {'line': b'      |                                             \x1b[01;35m\x1b[K~~~~~~^~~~~~\x1b[m\x1b[K\n'}
[0.505276] (CommunicationCenter) StderrLine: {'line': b'\x1b[01m\x1b[K/home/albusgive/rlfw/rlfw_deploy/src/CommunicationCenter/motor_driver/DMMotor.h:\x1b[m\x1b[K In member function \xe2\x80\x98\x1b[01m\x1b[Kvirtual DMCANMsg* DMMotor::\x1b[01;32m\x1b[KsetSafePos\x1b[m\x1b[K(uint8_t, float)\x1b[m\x1b[K\xe2\x80\x99:\n'}
[0.505297] (CommunicationCenter) StderrLine: {'line': b'\x1b[01m\x1b[K/home/albusgive/rlfw/rlfw_deploy/src/CommunicationCenter/motor_driver/DMMotor.h:86:32:\x1b[m\x1b[K \x1b[01;35m\x1b[Kwarning: \x1b[m\x1b[Kunused parameter \xe2\x80\x98\x1b[01m\x1b[Kmotor_id\x1b[m\x1b[K\xe2\x80\x99 [\x1b[01;35m\x1b[K\x1b]8;;https://gcc.gnu.org/onlinedocs/gcc/Warning-Options.html#index-Wunused-parameter\x07-Wunused-parameter\x1b]8;;\x07\x1b[m\x1b[K]\n'}
[0.505318] (CommunicationCenter) StderrLine: {'line': b'   86 |   DMCANMsg *setSafePos(\x1b[01;35m\x1b[Kuint8_t motor_id\x1b[m\x1b[K, float pos) override {\n'}
[0.505341] (CommunicationCenter) StderrLine: {'line': b'      |                        \x1b[01;35m\x1b[K~~~~~~~~^~~~~~~~\x1b[m\x1b[K\n'}
[0.505361] (CommunicationCenter) StderrLine: {'line': b'\x1b[01m\x1b[K/home/albusgive/rlfw/rlfw_deploy/src/CommunicationCenter/motor_driver/DMMotor.h:86:48:\x1b[m\x1b[K \x1b[01;35m\x1b[Kwarning: \x1b[m\x1b[Kunused parameter \xe2\x80\x98\x1b[01m\x1b[Kpos\x1b[m\x1b[K\xe2\x80\x99 [\x1b[01;35m\x1b[K\x1b]8;;https://gcc.gnu.org/onlinedocs/gcc/Warning-Options.html#index-Wunused-parameter\x07-Wunused-parameter\x1b]8;;\x07\x1b[m\x1b[K]\n'}
[0.505423] (CommunicationCenter) StderrLine: {'line': b'   86 |   DMCANMsg *setSafePos(uint8_t motor_id, \x1b[01;35m\x1b[Kfloat pos\x1b[m\x1b[K) override {\n'}
[0.505448] (CommunicationCenter) StderrLine: {'line': b'      |                                          \x1b[01;35m\x1b[K~~~~~~^~~\x1b[m\x1b[K\n'}
[0.505473] (CommunicationCenter) StderrLine: {'line': b'\x1b[01m\x1b[K/home/albusgive/rlfw/rlfw_deploy/src/CommunicationCenter/motor_driver/DMMotor.h:\x1b[m\x1b[K In member function \xe2\x80\x98\x1b[01m\x1b[Kvirtual DMCANMsg* DMMotor::\x1b[01;32m\x1b[KsetSafeVel\x1b[m\x1b[K(uint8_t, float)\x1b[m\x1b[K\xe2\x80\x99:\n'}
[0.505495] (CommunicationCenter) StderrLine: {'line': b'\x1b[01m\x1b[K/home/albusgive/rlfw/rlfw_deploy/src/CommunicationCenter/motor_driver/DMMotor.h:89:32:\x1b[m\x1b[K \x1b[01;35m\x1b[Kwarning: \x1b[m\x1b[Kunused parameter \xe2\x80\x98\x1b[01m\x1b[Kmotor_id\x1b[m\x1b[K\xe2\x80\x99 [\x1b[01;35m\x1b[K\x1b]8;;https://gcc.gnu.org/onlinedocs/gcc/Warning-Options.html#index-Wunused-parameter\x07-Wunused-parameter\x1b]8;;\x07\x1b[m\x1b[K]\n'}
[0.505519] (CommunicationCenter) StderrLine: {'line': b'   89 |   DMCANMsg *setSafeVel(\x1b[01;35m\x1b[Kuint8_t motor_id\x1b[m\x1b[K, float vel) override {\n'}
[0.505543] (CommunicationCenter) StderrLine: {'line': b'      |                        \x1b[01;35m\x1b[K~~~~~~~~^~~~~~~~\x1b[m\x1b[K\n'}
[0.505565] (CommunicationCenter) StderrLine: {'line': b'\x1b[01m\x1b[K/home/albusgive/rlfw/rlfw_deploy/src/CommunicationCenter/motor_driver/DMMotor.h:89:48:\x1b[m\x1b[K \x1b[01;35m\x1b[Kwarning: \x1b[m\x1b[Kunused parameter \xe2\x80\x98\x1b[01m\x1b[Kvel\x1b[m\x1b[K\xe2\x80\x99 [\x1b[01;35m\x1b[K\x1b]8;;https://gcc.gnu.org/onlinedocs/gcc/Warning-Options.html#index-Wunused-parameter\x07-Wunused-parameter\x1b]8;;\x07\x1b[m\x1b[K]\n'}
[0.505593] (CommunicationCenter) StderrLine: {'line': b'   89 |   DMCANMsg *setSafeVel(uint8_t motor_id, \x1b[01;35m\x1b[Kfloat vel\x1b[m\x1b[K) override {\n'}
[0.505619] (CommunicationCenter) StderrLine: {'line': b'      |                                          \x1b[01;35m\x1b[K~~~~~~^~~\x1b[m\x1b[K\n'}
[0.505642] (CommunicationCenter) StderrLine: {'line': b'\x1b[01m\x1b[K/home/albusgive/rlfw/rlfw_deploy/src/CommunicationCenter/motor_driver/Motor.hpp:\x1b[m\x1b[K At global scope:\n'}
[0.505664] (CommunicationCenter) StderrLine: {'line': b'\x1b[01m\x1b[K/home/albusgive/rlfw/rlfw_deploy/src/CommunicationCenter/motor_driver/Motor.hpp:273:13:\x1b[m\x1b[K \x1b[01;35m\x1b[Kwarning: \x1b[m\x1b[K\xe2\x80\x98\x1b[01m\x1b[Kvirtual MotorBack CANMotor::\x1b[01;32m\x1b[Kdecode\x1b[m\x1b[K()\x1b[m\x1b[K\xe2\x80\x99 was hidden [\x1b[01;35m\x1b[K\x1b]8;;https://gcc.gnu.org/onlinedocs/gcc/Warning-Options.html#index-Woverloaded-virtual=\x07-Woverloaded-virtual=\x1b]8;;\x07\x1b[m\x1b[K]\n'}
[0.505722] (CommunicationCenter) StderrLine: {'line': b'  273 |   MotorBack \x1b[01;35m\x1b[Kdecode\x1b[m\x1b[K() override { return MotorBack(); };\n'}
[0.505745] (CommunicationCenter) StderrLine: {'line': b'      |             \x1b[01;35m\x1b[K^~~~~~\x1b[m\x1b[K\n'}
[0.505768] (CommunicationCenter) StderrLine: {'line': b'In file included from \x1b[01m\x1b[K/home/albusgive/rlfw/rlfw_deploy/src/CommunicationCenter/include/CommunicationCenter.hpp:6\x1b[m\x1b[K:\n'}
[0.505791] (CommunicationCenter) StderrLine: {'line': b'\x1b[01m\x1b[K/home/albusgive/rlfw/rlfw_deploy/src/CommunicationCenter/motor_driver/STWMotor.h:69:13:\x1b[m\x1b[K \x1b[01;36m\x1b[Knote: \x1b[m\x1b[K  by \xe2\x80\x98\x1b[01m\x1b[Kvirtual MotorBack STWMotor::\x1b[01;32m\x1b[Kdecode\x1b[m\x1b[K(CANMSG)\x1b[m\x1b[K\xe2\x80\x99\n'}
[0.505898] (CommunicationCenter) StderrLine: {'line': b'   69 |   MotorBack \x1b[01;36m\x1b[Kdecode\x1b[m\x1b[K(CANMSG msg) override;\n'}
[0.505974] (CommunicationCenter) StderrLine: {'line': b'      |             \x1b[01;36m\x1b[K^~~~~~\x1b[m\x1b[K\n'}
[0.505998] (CommunicationCenter) StderrLine: {'line': b'\x1b[01m\x1b[K/home/albusgive/rlfw/rlfw_deploy/src/CommunicationCenter/motor_driver/Motor.hpp:272:13:\x1b[m\x1b[K \x1b[01;35m\x1b[Kwarning: \x1b[m\x1b[K\xe2\x80\x98\x1b[01m\x1b[Kvirtual MotorBack CANMotor::\x1b[01;32m\x1b[Kdecode\x1b[m\x1b[K(UnitreeMsg)\x1b[m\x1b[K\xe2\x80\x99 was hidden [\x1b[01;35m\x1b[K\x1b]8;;https://gcc.gnu.org/onlinedocs/gcc/Warning-Options.html#index-Woverloaded-virtual=\x07-Woverloaded-virtual=\x1b]8;;\x07\x1b[m\x1b[K]\n'}
[0.506022] (CommunicationCenter) StderrLine: {'line': b'  272 |   MotorBack \x1b[01;35m\x1b[Kdecode\x1b[m\x1b[K(UnitreeMsg /*msg*/) override { return MotorBack(); };\n'}
[0.506045] (CommunicationCenter) StderrLine: {'line': b'      |             \x1b[01;35m\x1b[K^~~~~~\x1b[m\x1b[K\n'}
[0.506066] (CommunicationCenter) StderrLine: {'line': b'\x1b[01m\x1b[K/home/albusgive/rlfw/rlfw_deploy/src/CommunicationCenter/motor_driver/STWMotor.h:69:13:\x1b[m\x1b[K \x1b[01;36m\x1b[Knote: \x1b[m\x1b[K  by \xe2\x80\x98\x1b[01m\x1b[Kvirtual MotorBack STWMotor::\x1b[01;32m\x1b[Kdecode\x1b[m\x1b[K(CANMSG)\x1b[m\x1b[K\xe2\x80\x99\n'}
[0.506089] (CommunicationCenter) StderrLine: {'line': b'   69 |   MotorBack \x1b[01;36m\x1b[Kdecode\x1b[m\x1b[K(CANMSG msg) override;\n'}
[0.506111] (CommunicationCenter) StderrLine: {'line': b'      |             \x1b[01;36m\x1b[K^~~~~~\x1b[m\x1b[K\n'}
[0.506132] (CommunicationCenter) StderrLine: {'line': b'\x1b[01m\x1b[K/home/albusgive/rlfw/rlfw_deploy/src/CommunicationCenter/motor_driver/STWMotor.h:\x1b[m\x1b[K In member function \xe2\x80\x98\x1b[01m\x1b[Kvirtual STWCANMsg* STWMotor::\x1b[01;32m\x1b[Kctrl_pos\x1b[m\x1b[K(uint8_t, float)\x1b[m\x1b[K\xe2\x80\x99:\n'}
[0.506154] (CommunicationCenter) StderrLine: {'line': b'\x1b[01m\x1b[K/home/albusgive/rlfw/rlfw_deploy/src/CommunicationCenter/motor_driver/STWMotor.h:76:31:\x1b[m\x1b[K \x1b[01;35m\x1b[Kwarning: \x1b[m\x1b[Kunused parameter \xe2\x80\x98\x1b[01m\x1b[Kmotor_id\x1b[m\x1b[K\xe2\x80\x99 [\x1b[01;35m\x1b[K\x1b]8;;https://gcc.gnu.org/onlinedocs/gcc/Warning-Options.html#index-Wunused-parameter\x07-Wunused-parameter\x1b]8;;\x07\x1b[m\x1b[K]\n'}
[0.506178] (CommunicationCenter) StderrLine: {'line': b'   76 |   STWCANMsg *ctrl_pos(\x1b[01;35m\x1b[Kuint8_t motor_id\x1b[m\x1b[K, float pos) override { return nullptr; };\n'}
[0.506201] (CommunicationCenter) StderrLine: {'line': b'      |                       \x1b[01;35m\x1b[K~~~~~~~~^~~~~~~~\x1b[m\x1b[K\n'}
[0.506225] (CommunicationCenter) StderrLine: {'line': b'\x1b[01m\x1b[K/home/albusgive/rlfw/rlfw_deploy/src/CommunicationCenter/motor_driver/STWMotor.h:76:47:\x1b[m\x1b[K \x1b[01;35m\x1b[Kwarning: \x1b[m\x1b[Kunused parameter \xe2\x80\x98\x1b[01m\x1b[Kpos\x1b[m\x1b[K\xe2\x80\x99 [\x1b[01;35m\x1b[K\x1b]8;;https://gcc.gnu.org/onlinedocs/gcc/Warning-Options.html#index-Wunused-parameter\x07-Wunused-parameter\x1b]8;;\x07\x1b[m\x1b[K]\n'}
[0.506284] (CommunicationCenter) StderrLine: {'line': b'   76 |   STWCANMsg *ctrl_pos(uint8_t motor_id, \x1b[01;35m\x1b[Kfloat pos\x1b[m\x1b[K) override { return nullptr; };\n'}
[0.506307] (CommunicationCenter) StderrLine: {'line': b'      |                                         \x1b[01;35m\x1b[K~~~~~~^~~\x1b[m\x1b[K\n'}
[0.506327] (CommunicationCenter) StderrLine: {'line': b'\x1b[01m\x1b[K/home/albusgive/rlfw/rlfw_deploy/src/CommunicationCenter/motor_driver/STWMotor.h:\x1b[m\x1b[K In member function \xe2\x80\x98\x1b[01m\x1b[Kvirtual STWCANMsg* STWMotor::\x1b[01;32m\x1b[Kctrl_vel\x1b[m\x1b[K(uint8_t, float)\x1b[m\x1b[K\xe2\x80\x99:\n'}
[0.506348] (CommunicationCenter) StderrLine: {'line': b'\x1b[01m\x1b[K/home/albusgive/rlfw/rlfw_deploy/src/CommunicationCenter/motor_driver/STWMotor.h:78:31:\x1b[m\x1b[K \x1b[01;35m\x1b[Kwarning: \x1b[m\x1b[Kunused parameter \xe2\x80\x98\x1b[01m\x1b[Kmotor_id\x1b[m\x1b[K\xe2\x80\x99 [\x1b[01;35m\x1b[K\x1b]8;;https://gcc.gnu.org/onlinedocs/gcc/Warning-Options.html#index-Wunused-parameter\x07-Wunused-parameter\x1b]8;;\x07\x1b[m\x1b[K]\n'}
[0.506370] (CommunicationCenter) StderrLine: {'line': b'   78 |   STWCANMsg *ctrl_vel(\x1b[01;35m\x1b[Kuint8_t motor_id\x1b[m\x1b[K, float vel) override { return nullptr; };\n'}
[0.506390] (CommunicationCenter) StderrLine: {'line': b'      |                       \x1b[01;35m\x1b[K~~~~~~~~^~~~~~~~\x1b[m\x1b[K\n'}
[0.506415] (CommunicationCenter) StderrLine: {'line': b'\x1b[01m\x1b[K/home/albusgive/rlfw/rlfw_deploy/src/CommunicationCenter/motor_driver/STWMotor.h:78:47:\x1b[m\x1b[K \x1b[01;35m\x1b[Kwarning: \x1b[m\x1b[Kunused parameter \xe2\x80\x98\x1b[01m\x1b[Kvel\x1b[m\x1b[K\xe2\x80\x99 [\x1b[01;35m\x1b[K\x1b]8;;https://gcc.gnu.org/onlinedocs/gcc/Warning-Options.html#index-Wunused-parameter\x07-Wunused-parameter\x1b]8;;\x07\x1b[m\x1b[K]\n'}
[0.506435] (CommunicationCenter) StderrLine: {'line': b'   78 |   STWCANMsg *ctrl_vel(uint8_t motor_id, \x1b[01;35m\x1b[Kfloat vel\x1b[m\x1b[K) override { return nullptr; };\n'}
[0.506456] (CommunicationCenter) StderrLine: {'line': b'      |                                         \x1b[01;35m\x1b[K~~~~~~^~~\x1b[m\x1b[K\n'}
[0.506475] (CommunicationCenter) StderrLine: {'line': b'\x1b[01m\x1b[K/home/albusgive/rlfw/rlfw_deploy/src/CommunicationCenter/motor_driver/STWMotor.h:\x1b[m\x1b[K In member function \xe2\x80\x98\x1b[01m\x1b[Kvirtual STWCANMsg* STWMotor::\x1b[01;32m\x1b[Kctrl_pos_vel\x1b[m\x1b[K(uint8_t, float, float)\x1b[m\x1b[K\xe2\x80\x99:\n'}
[0.506495] (CommunicationCenter) StderrLine: {'line': b'\x1b[01m\x1b[K/home/albusgive/rlfw/rlfw_deploy/src/CommunicationCenter/motor_driver/STWMotor.h:80:35:\x1b[m\x1b[K \x1b[01;35m\x1b[Kwarning: \x1b[m\x1b[Kunused parameter \xe2\x80\x98\x1b[01m\x1b[Kmotor_id\x1b[m\x1b[K\xe2\x80\x99 [\x1b[01;35m\x1b[K\x1b]8;;https://gcc.gnu.org/onlinedocs/gcc/Warning-Options.html#index-Wunused-parameter\x07-Wunused-parameter\x1b]8;;\x07\x1b[m\x1b[K]\n'}
[0.506516] (CommunicationCenter) StderrLine: {'line': b'   80 |   STWCANMsg *ctrl_pos_vel(\x1b[01;35m\x1b[Kuint8_t motor_id\x1b[m\x1b[K, float pos, float vel) override {\n'}
[0.506536] (CommunicationCenter) StderrLine: {'line': b'      |                           \x1b[01;35m\x1b[K~~~~~~~~^~~~~~~~\x1b[m\x1b[K\n'}
[0.506556] (CommunicationCenter) StderrLine: {'line': b'\x1b[01m\x1b[K/home/albusgive/rlfw/rlfw_deploy/src/CommunicationCenter/motor_driver/STWMotor.h:80:51:\x1b[m\x1b[K \x1b[01;35m\x1b[Kwarning: \x1b[m\x1b[Kunused parameter \xe2\x80\x98\x1b[01m\x1b[Kpos\x1b[m\x1b[K\xe2\x80\x99 [\x1b[01;35m\x1b[K\x1b]8;;https://gcc.gnu.org/onlinedocs/gcc/Warning-Options.html#index-Wunused-parameter\x07-Wunused-parameter\x1b]8;;\x07\x1b[m\x1b[K]\n'}
[0.506577] (CommunicationCenter) StderrLine: {'line': b'   80 |   STWCANMsg *ctrl_pos_vel(uint8_t motor_id, \x1b[01;35m\x1b[Kfloat pos\x1b[m\x1b[K, float vel) override {\n'}
[0.506605] (CommunicationCenter) StderrLine: {'line': b'      |                                             \x1b[01;35m\x1b[K~~~~~~^~~\x1b[m\x1b[K\n'}
[0.506627] (CommunicationCenter) StderrLine: {'line': b'\x1b[01m\x1b[K/home/albusgive/rlfw/rlfw_deploy/src/CommunicationCenter/motor_driver/STWMotor.h:80:62:\x1b[m\x1b[K \x1b[01;35m\x1b[Kwarning: \x1b[m\x1b[Kunused parameter \xe2\x80\x98\x1b[01m\x1b[Kvel\x1b[m\x1b[K\xe2\x80\x99 [\x1b[01;35m\x1b[K\x1b]8;;https://gcc.gnu.org/onlinedocs/gcc/Warning-Options.html#index-Wunused-parameter\x07-Wunused-parameter\x1b]8;;\x07\x1b[m\x1b[K]\n'}
[0.506721] (CommunicationCenter) StderrLine: {'line': b'   80 |   STWCANMsg *ctrl_pos_vel(uint8_t motor_id, float pos, \x1b[01;35m\x1b[Kfloat vel\x1b[m\x1b[K) override {\n'}
[0.506753] (CommunicationCenter) StderrLine: {'line': b'      |                                                        \x1b[01;35m\x1b[K~~~~~~^~~\x1b[m\x1b[K\n'}
[0.506777] (CommunicationCenter) StderrLine: {'line': b'\x1b[01m\x1b[K/home/albusgive/rlfw/rlfw_deploy/src/CommunicationCenter/motor_driver/STWMotor.h:\x1b[m\x1b[K In member function \xe2\x80\x98\x1b[01m\x1b[Kvirtual STWCANMsg* STWMotor::\x1b[01;32m\x1b[Kctrl_torque\x1b[m\x1b[K(uint8_t, float)\x1b[m\x1b[K\xe2\x80\x99:\n'}
[0.506807] (CommunicationCenter) StderrLine: {'line': b'\x1b[01m\x1b[K/home/albusgive/rlfw/rlfw_deploy/src/CommunicationCenter/motor_driver/STWMotor.h:84:34:\x1b[m\x1b[K \x1b[01;35m\x1b[Kwarning: \x1b[m\x1b[Kunused parameter \xe2\x80\x98\x1b[01m\x1b[Kmotor_id\x1b[m\x1b[K\xe2\x80\x99 [\x1b[01;35m\x1b[K\x1b]8;;https://gcc.gnu.org/onlinedocs/gcc/Warning-Options.html#index-Wunused-parameter\x07-Wunused-parameter\x1b]8;;\x07\x1b[m\x1b[K]\n'}
[0.506831] (CommunicationCenter) StderrLine: {'line': b'   84 |   STWCANMsg *ctrl_torque(\x1b[01;35m\x1b[Kuint8_t motor_id\x1b[m\x1b[K, float torque) override {\n'}
[0.506853] (CommunicationCenter) StderrLine: {'line': b'      |                          \x1b[01;35m\x1b[K~~~~~~~~^~~~~~~~\x1b[m\x1b[K\n'}
[0.506874] (CommunicationCenter) StderrLine: {'line': b'\x1b[01m\x1b[K/home/albusgive/rlfw/rlfw_deploy/src/CommunicationCenter/motor_driver/STWMotor.h:84:50:\x1b[m\x1b[K \x1b[01;35m\x1b[Kwarning: \x1b[m\x1b[Kunused parameter \xe2\x80\x98\x1b[01m\x1b[Ktorque\x1b[m\x1b[K\xe2\x80\x99 [\x1b[01;35m\x1b[K\x1b]8;;https://gcc.gnu.org/onlinedocs/gcc/Warning-Options.html#index-Wunused-parameter\x07-Wunused-parameter\x1b]8;;\x07\x1b[m\x1b[K]\n'}
[0.506898] (CommunicationCenter) StderrLine: {'line': b'   84 |   STWCANMsg *ctrl_torque(uint8_t motor_id, \x1b[01;35m\x1b[Kfloat torque\x1b[m\x1b[K) override {\n'}
[0.506919] (CommunicationCenter) StderrLine: {'line': b'      |                                            \x1b[01;35m\x1b[K~~~~~~^~~~~~\x1b[m\x1b[K\n'}
[0.506939] (CommunicationCenter) StderrLine: {'line': b'\x1b[01m\x1b[K/home/albusgive/rlfw/rlfw_deploy/src/CommunicationCenter/motor_driver/STWMotor.h:\x1b[m\x1b[K In member function \xe2\x80\x98\x1b[01m\x1b[Kvirtual STWCANMsg* STWMotor::\x1b[01;32m\x1b[KsetPosKP\x1b[m\x1b[K(uint8_t, float)\x1b[m\x1b[K\xe2\x80\x99:\n'}
[0.506962] (CommunicationCenter) StderrLine: {'line': b'\x1b[01m\x1b[K/home/albusgive/rlfw/rlfw_deploy/src/CommunicationCenter/motor_driver/STWMotor.h:90:31:\x1b[m\x1b[K \x1b[01;35m\x1b[Kwarning: \x1b[m\x1b[Kunused parameter \xe2\x80\x98\x1b[01m\x1b[Kmotor_id\x1b[m\x1b[K\xe2\x80\x99 [\x1b[01;35m\x1b[K\x1b]8;;https://gcc.gnu.org/onlinedocs/gcc/Warning-Options.html#index-Wunused-parameter\x07-Wunused-parameter\x1b]8;;\x07\x1b[m\x1b[K]\n'}
[0.506984] (CommunicationCenter) StderrLine: {'line': b'   90 |   STWCANMsg *setPosKP(\x1b[01;35m\x1b[Kuint8_t motor_id\x1b[m\x1b[K, float kp) override { return nullptr; };\n'}
[0.507005] (CommunicationCenter) StderrLine: {'line': b'      |                       \x1b[01;35m\x1b[K~~~~~~~~^~~~~~~~\x1b[m\x1b[K\n'}
[0.507025] (CommunicationCenter) StderrLine: {'line': b'\x1b[01m\x1b[K/home/albusgive/rlfw/rlfw_deploy/src/CommunicationCenter/motor_driver/STWMotor.h:90:47:\x1b[m\x1b[K \x1b[01;35m\x1b[Kwarning: \x1b[m\x1b[Kunused parameter \xe2\x80\x98\x1b[01m\x1b[Kkp\x1b[m\x1b[K\xe2\x80\x99 [\x1b[01;35m\x1b[K\x1b]8;;https://gcc.gnu.org/onlinedocs/gcc/Warning-Options.html#index-Wunused-parameter\x07-Wunused-parameter\x1b]8;;\x07\x1b[m\x1b[K]\n'}
[0.507047] (CommunicationCenter) StderrLine: {'line': b'   90 |   STWCANMsg *setPosKP(uint8_t motor_id, \x1b[01;35m\x1b[Kfloat kp\x1b[m\x1b[K) override { return nullptr; };\n'}
[0.507067] (CommunicationCenter) StderrLine: {'line': b'      |                                         \x1b[01;35m\x1b[K~~~~~~^~\x1b[m\x1b[K\n'}
[0.507087] (CommunicationCenter) StderrLine: {'line': b'\x1b[01m\x1b[K/home/albusgive/rlfw/rlfw_deploy/src/CommunicationCenter/motor_driver/STWMotor.h:\x1b[m\x1b[K In member function \xe2\x80\x98\x1b[01m\x1b[Kvirtual STWCANMsg* STWMotor::\x1b[01;32m\x1b[KsetPosKD\x1b[m\x1b[K(uint8_t, float)\x1b[m\x1b[K\xe2\x80\x99:\n'}
[0.507107] (CommunicationCenter) StderrLine: {'line': b'\x1b[01m\x1b[K/home/albusgive/rlfw/rlfw_deploy/src/CommunicationCenter/motor_driver/STWMotor.h:91:31:\x1b[m\x1b[K \x1b[01;35m\x1b[Kwarning: \x1b[m\x1b[Kunused parameter \xe2\x80\x98\x1b[01m\x1b[Kmotor_id\x1b[m\x1b[K\xe2\x80\x99 [\x1b[01;35m\x1b[K\x1b]8;;https://gcc.gnu.org/onlinedocs/gcc/Warning-Options.html#index-Wunused-parameter\x07-Wunused-parameter\x1b]8;;\x07\x1b[m\x1b[K]\n'}
[0.507128] (CommunicationCenter) StderrLine: {'line': b'   91 |   STWCANMsg *setPosKD(\x1b[01;35m\x1b[Kuint8_t motor_id\x1b[m\x1b[K, float kd) override { return nullptr; };\n'}
[0.507148] (CommunicationCenter) StderrLine: {'line': b'      |                       \x1b[01;35m\x1b[K~~~~~~~~^~~~~~~~\x1b[m\x1b[K\n'}
[0.507167] (CommunicationCenter) StderrLine: {'line': b'\x1b[01m\x1b[K/home/albusgive/rlfw/rlfw_deploy/src/CommunicationCenter/motor_driver/STWMotor.h:91:47:\x1b[m\x1b[K \x1b[01;35m\x1b[Kwarning: \x1b[m\x1b[Kunused parameter \xe2\x80\x98\x1b[01m\x1b[Kkd\x1b[m\x1b[K\xe2\x80\x99 [\x1b[01;35m\x1b[K\x1b]8;;https://gcc.gnu.org/onlinedocs/gcc/Warning-Options.html#index-Wunused-parameter\x07-Wunused-parameter\x1b]8;;\x07\x1b[m\x1b[K]\n'}
[0.507187] (CommunicationCenter) StderrLine: {'line': b'   91 |   STWCANMsg *setPosKD(uint8_t motor_id, \x1b[01;35m\x1b[Kfloat kd\x1b[m\x1b[K) override { return nullptr; };\n'}
[0.507207] (CommunicationCenter) StderrLine: {'line': b'      |                                         \x1b[01;35m\x1b[K~~~~~~^~\x1b[m\x1b[K\n'}
[0.507227] (CommunicationCenter) StderrLine: {'line': b'\x1b[01m\x1b[K/home/albusgive/rlfw/rlfw_deploy/src/CommunicationCenter/motor_driver/STWMotor.h:\x1b[m\x1b[K In member function \xe2\x80\x98\x1b[01m\x1b[Kvirtual STWCANMsg* STWMotor::\x1b[01;32m\x1b[KsetVelKP\x1b[m\x1b[K(uint8_t, float)\x1b[m\x1b[K\xe2\x80\x99:\n'}
[0.507248] (CommunicationCenter) StderrLine: {'line': b'\x1b[01m\x1b[K/home/albusgive/rlfw/rlfw_deploy/src/CommunicationCenter/motor_driver/STWMotor.h:93:31:\x1b[m\x1b[K \x1b[01;35m\x1b[Kwarning: \x1b[m\x1b[Kunused parameter \xe2\x80\x98\x1b[01m\x1b[Kmotor_id\x1b[m\x1b[K\xe2\x80\x99 [\x1b[01;35m\x1b[K\x1b]8;;https://gcc.gnu.org/onlinedocs/gcc/Warning-Options.html#index-Wunused-parameter\x07-Wunused-parameter\x1b]8;;\x07\x1b[m\x1b[K]\n'}
[0.507269] (CommunicationCenter) StderrLine: {'line': b'   93 |   STWCANMsg *setVelKP(\x1b[01;35m\x1b[Kuint8_t motor_id\x1b[m\x1b[K, float kp) override { return nullptr; };\n'}
[0.507289] (CommunicationCenter) StderrLine: {'line': b'      |                       \x1b[01;35m\x1b[K~~~~~~~~^~~~~~~~\x1b[m\x1b[K\n'}
[0.507309] (CommunicationCenter) StderrLine: {'line': b'\x1b[01m\x1b[K/home/albusgive/rlfw/rlfw_deploy/src/CommunicationCenter/motor_driver/STWMotor.h:93:47:\x1b[m\x1b[K \x1b[01;35m\x1b[Kwarning: \x1b[m\x1b[Kunused parameter \xe2\x80\x98\x1b[01m\x1b[Kkp\x1b[m\x1b[K\xe2\x80\x99 [\x1b[01;35m\x1b[K\x1b]8;;https://gcc.gnu.org/onlinedocs/gcc/Warning-Options.html#index-Wunused-parameter\x07-Wunused-parameter\x1b]8;;\x07\x1b[m\x1b[K]\n'}
[0.507330] (CommunicationCenter) StderrLine: {'line': b'   93 |   STWCANMsg *setVelKP(uint8_t motor_id, \x1b[01;35m\x1b[Kfloat kp\x1b[m\x1b[K) override { return nullptr; };\n'}
[0.507350] (CommunicationCenter) StderrLine: {'line': b'      |                                         \x1b[01;35m\x1b[K~~~~~~^~\x1b[m\x1b[K\n'}
[0.507369] (CommunicationCenter) StderrLine: {'line': b'\x1b[01m\x1b[K/home/albusgive/rlfw/rlfw_deploy/src/CommunicationCenter/motor_driver/STWMotor.h:\x1b[m\x1b[K In member function \xe2\x80\x98\x1b[01m\x1b[Kvirtual STWCANMsg* STWMotor::\x1b[01;32m\x1b[KsetVelKI\x1b[m\x1b[K(uint8_t, float)\x1b[m\x1b[K\xe2\x80\x99:\n'}
[0.507390] (CommunicationCenter) StderrLine: {'line': b'\x1b[01m\x1b[K/home/albusgive/rlfw/rlfw_deploy/src/CommunicationCenter/motor_driver/STWMotor.h:94:31:\x1b[m\x1b[K \x1b[01;35m\x1b[Kwarning: \x1b[m\x1b[Kunused parameter \xe2\x80\x98\x1b[01m\x1b[Kmotor_id\x1b[m\x1b[K\xe2\x80\x99 [\x1b[01;35m\x1b[K\x1b]8;;https://gcc.gnu.org/onlinedocs/gcc/Warning-Options.html#index-Wunused-parameter\x07-Wunused-parameter\x1b]8;;\x07\x1b[m\x1b[K]\n'}
[0.507412] (CommunicationCenter) StderrLine: {'line': b'   94 |   STWCANMsg *setVelKI(\x1b[01;35m\x1b[Kuint8_t motor_id\x1b[m\x1b[K, float ki) override { return nullptr; };\n'}
[0.507431] (CommunicationCenter) StderrLine: {'line': b'      |                       \x1b[01;35m\x1b[K~~~~~~~~^~~~~~~~\x1b[m\x1b[K\n'}
[0.507453] (CommunicationCenter) StderrLine: {'line': b'\x1b[01m\x1b[K/home/albusgive/rlfw/rlfw_deploy/src/CommunicationCenter/motor_driver/STWMotor.h:94:47:\x1b[m\x1b[K \x1b[01;35m\x1b[Kwarning: \x1b[m\x1b[Kunused parameter \xe2\x80\x98\x1b[01m\x1b[Kki\x1b[m\x1b[K\xe2\x80\x99 [\x1b[01;35m\x1b[K\x1b]8;;https://gcc.gnu.org/onlinedocs/gcc/Warning-Options.html#index-Wunused-parameter\x07-Wunused-parameter\x1b]8;;\x07\x1b[m\x1b[K]\n'}
[0.507474] (CommunicationCenter) StderrLine: {'line': b'   94 |   STWCANMsg *setVelKI(uint8_t motor_id, \x1b[01;35m\x1b[Kfloat ki\x1b[m\x1b[K) override { return nullptr; };\n'}
[0.507494] (CommunicationCenter) StderrLine: {'line': b'      |                                         \x1b[01;35m\x1b[K~~~~~~^~\x1b[m\x1b[K\n'}
[0.507513] (CommunicationCenter) StderrLine: {'line': b'\x1b[01m\x1b[K/home/albusgive/rlfw/rlfw_deploy/src/CommunicationCenter/motor_driver/STWMotor.h:\x1b[m\x1b[K In member function \xe2\x80\x98\x1b[01m\x1b[Kvirtual STWCANMsg* STWMotor::\x1b[01;32m\x1b[KsetTorqueKP\x1b[m\x1b[K(uint8_t, float)\x1b[m\x1b[K\xe2\x80\x99:\n'}
[0.507535] (CommunicationCenter) StderrLine: {'line': b'\x1b[01m\x1b[K/home/albusgive/rlfw/rlfw_deploy/src/CommunicationCenter/motor_driver/STWMotor.h:96:34:\x1b[m\x1b[K \x1b[01;35m\x1b[Kwarning: \x1b[m\x1b[Kunused parameter \xe2\x80\x98\x1b[01m\x1b[Kmotor_id\x1b[m\x1b[K\xe2\x80\x99 [\x1b[01;35m\x1b[K\x1b]8;;https://gcc.gnu.org/onlinedocs/gcc/Warning-Options.html#index-Wunused-parameter\x07-Wunused-parameter\x1b]8;;\x07\x1b[m\x1b[K]\n'}
[0.507557] (CommunicationCenter) StderrLine: {'line': b'   96 |   STWCANMsg *setTorqueKP(\x1b[01;35m\x1b[Kuint8_t motor_id\x1b[m\x1b[K, float kp) override {\n'}
[0.507578] (CommunicationCenter) StderrLine: {'line': b'      |                          \x1b[01;35m\x1b[K~~~~~~~~^~~~~~~~\x1b[m\x1b[K\n'}
[0.507610] (CommunicationCenter) StderrLine: {'line': b'\x1b[01m\x1b[K/home/albusgive/rlfw/rlfw_deploy/src/CommunicationCenter/motor_driver/STWMotor.h:96:50:\x1b[m\x1b[K \x1b[01;35m\x1b[Kwarning: \x1b[m\x1b[Kunused parameter \xe2\x80\x98\x1b[01m\x1b[Kkp\x1b[m\x1b[K\xe2\x80\x99 [\x1b[01;35m\x1b[K\x1b]8;;https://gcc.gnu.org/onlinedocs/gcc/Warning-Options.html#index-Wunused-parameter\x07-Wunused-parameter\x1b]8;;\x07\x1b[m\x1b[K]\n'}
[0.507632] (CommunicationCenter) StderrLine: {'line': b'   96 |   STWCANMsg *setTorqueKP(uint8_t motor_id, \x1b[01;35m\x1b[Kfloat kp\x1b[m\x1b[K) override {\n'}
[0.507653] (CommunicationCenter) StderrLine: {'line': b'      |                                            \x1b[01;35m\x1b[K~~~~~~^~\x1b[m\x1b[K\n'}
[0.507673] (CommunicationCenter) StderrLine: {'line': b'\x1b[01m\x1b[K/home/albusgive/rlfw/rlfw_deploy/src/CommunicationCenter/motor_driver/STWMotor.h:\x1b[m\x1b[K In member function \xe2\x80\x98\x1b[01m\x1b[Kvirtual STWCANMsg* STWMotor::\x1b[01;32m\x1b[KsetTorqueKI\x1b[m\x1b[K(uint8_t, float)\x1b[m\x1b[K\xe2\x80\x99:\n'}
[0.507694] (CommunicationCenter) StderrLine: {'line': b'\x1b[01m\x1b[K/home/albusgive/rlfw/rlfw_deploy/src/CommunicationCenter/motor_driver/STWMotor.h:99:34:\x1b[m\x1b[K \x1b[01;35m\x1b[Kwarning: \x1b[m\x1b[Kunused parameter \xe2\x80\x98\x1b[01m\x1b[Kmotor_id\x1b[m\x1b[K\xe2\x80\x99 [\x1b[01;35m\x1b[K\x1b]8;;https://gcc.gnu.org/onlinedocs/gcc/Warning-Options.html#index-Wunused-parameter\x07-Wunused-parameter\x1b]8;;\x07\x1b[m\x1b[K]\n'}
[0.507714] (CommunicationCenter) StderrLine: {'line': b'   99 |   STWCANMsg *setTorqueKI(\x1b[01;35m\x1b[Kuint8_t motor_id\x1b[m\x1b[K, float ki) override {\n'}
[0.507734] (CommunicationCenter) StderrLine: {'line': b'      |                          \x1b[01;35m\x1b[K~~~~~~~~^~~~~~~~\x1b[m\x1b[K\n'}
[0.507753] (CommunicationCenter) StderrLine: {'line': b'\x1b[01m\x1b[K/home/albusgive/rlfw/rlfw_deploy/src/CommunicationCenter/motor_driver/STWMotor.h:99:50:\x1b[m\x1b[K \x1b[01;35m\x1b[Kwarning: \x1b[m\x1b[Kunused parameter \xe2\x80\x98\x1b[01m\x1b[Kki\x1b[m\x1b[K\xe2\x80\x99 [\x1b[01;35m\x1b[K\x1b]8;;https://gcc.gnu.org/onlinedocs/gcc/Warning-Options.html#index-Wunused-parameter\x07-Wunused-parameter\x1b]8;;\x07\x1b[m\x1b[K]\n'}
[0.507778] (CommunicationCenter) StderrLine: {'line': b'   99 |   STWCANMsg *setTorqueKI(uint8_t motor_id, \x1b[01;35m\x1b[Kfloat ki\x1b[m\x1b[K) override {\n'}
[0.507799] (CommunicationCenter) StderrLine: {'line': b'      |                                            \x1b[01;35m\x1b[K~~~~~~^~\x1b[m\x1b[K\n'}
[0.507818] (CommunicationCenter) StderrLine: {'line': b'\x1b[01m\x1b[K/home/albusgive/rlfw/rlfw_deploy/src/CommunicationCenter/motor_driver/STWMotor.h:\x1b[m\x1b[K In member function \xe2\x80\x98\x1b[01m\x1b[Kvirtual STWCANMsg* STWMotor::\x1b[01;32m\x1b[KsetSafeTorque\x1b[m\x1b[K(uint8_t, float)\x1b[m\x1b[K\xe2\x80\x99:\n'}
[0.507839] (CommunicationCenter) StderrLine: {'line': b'\x1b[01m\x1b[K/home/albusgive/rlfw/rlfw_deploy/src/CommunicationCenter/motor_driver/STWMotor.h:103:36:\x1b[m\x1b[K \x1b[01;35m\x1b[Kwarning: \x1b[m\x1b[Kunused parameter \xe2\x80\x98\x1b[01m\x1b[Kmotor_id\x1b[m\x1b[K\xe2\x80\x99 [\x1b[01;35m\x1b[K\x1b]8;;https://gcc.gnu.org/onlinedocs/gcc/Warning-Options.html#index-Wunused-parameter\x07-Wunused-parameter\x1b]8;;\x07\x1b[m\x1b[K]\n'}
[0.507861] (CommunicationCenter) StderrLine: {'line': b'  103 |   STWCANMsg *setSafeTorque(\x1b[01;35m\x1b[Kuint8_t motor_id\x1b[m\x1b[K, float torque) override {\n'}
[0.507881] (CommunicationCenter) StderrLine: {'line': b'      |                            \x1b[01;35m\x1b[K~~~~~~~~^~~~~~~~\x1b[m\x1b[K\n'}
[0.507900] (CommunicationCenter) StderrLine: {'line': b'\x1b[01m\x1b[K/home/albusgive/rlfw/rlfw_deploy/src/CommunicationCenter/motor_driver/STWMotor.h:103:52:\x1b[m\x1b[K \x1b[01;35m\x1b[Kwarning: \x1b[m\x1b[Kunused parameter \xe2\x80\x98\x1b[01m\x1b[Ktorque\x1b[m\x1b[K\xe2\x80\x99 [\x1b[01;35m\x1b[K\x1b]8;;https://gcc.gnu.org/onlinedocs/gcc/Warning-Options.html#index-Wunused-parameter\x07-Wunused-parameter\x1b]8;;\x07\x1b[m\x1b[K]\n'}
[0.507925] (CommunicationCenter) StderrLine: {'line': b'  103 |   STWCANMsg *setSafeTorque(uint8_t motor_id, \x1b[01;35m\x1b[Kfloat torque\x1b[m\x1b[K) override {\n'}
[0.507946] (CommunicationCenter) StderrLine: {'line': b'      |                                              \x1b[01;35m\x1b[K~~~~~~^~~~~~\x1b[m\x1b[K\n'}
[0.507965] (CommunicationCenter) StderrLine: {'line': b'\x1b[01m\x1b[K/home/albusgive/rlfw/rlfw_deploy/src/CommunicationCenter/motor_driver/STWMotor.h:\x1b[m\x1b[K In member function \xe2\x80\x98\x1b[01m\x1b[Kvirtual STWCANMsg* STWMotor::\x1b[01;32m\x1b[KsetSafePos\x1b[m\x1b[K(uint8_t, float)\x1b[m\x1b[K\xe2\x80\x99:\n'}
[0.507987] (CommunicationCenter) StderrLine: {'line': b'\x1b[01m\x1b[K/home/albusgive/rlfw/rlfw_deploy/src/CommunicationCenter/motor_driver/STWMotor.h:106:33:\x1b[m\x1b[K \x1b[01;35m\x1b[Kwarning: \x1b[m\x1b[Kunused parameter \xe2\x80\x98\x1b[01m\x1b[Kmotor_id\x1b[m\x1b[K\xe2\x80\x99 [\x1b[01;35m\x1b[K\x1b]8;;https://gcc.gnu.org/onlinedocs/gcc/Warning-Options.html#index-Wunused-parameter\x07-Wunused-parameter\x1b]8;;\x07\x1b[m\x1b[K]\n'}
[0.508008] (CommunicationCenter) StderrLine: {'line': b'  106 |   STWCANMsg *setSafePos(\x1b[01;35m\x1b[Kuint8_t motor_id\x1b[m\x1b[K, float pos) override {\n'}
[0.508029] (CommunicationCenter) StderrLine: {'line': b'      |                         \x1b[01;35m\x1b[K~~~~~~~~^~~~~~~~\x1b[m\x1b[K\n'}
[0.508052] (CommunicationCenter) StderrLine: {'line': b'\x1b[01m\x1b[K/home/albusgive/rlfw/rlfw_deploy/src/CommunicationCenter/motor_driver/STWMotor.h:106:49:\x1b[m\x1b[K \x1b[01;35m\x1b[Kwarning: \x1b[m\x1b[Kunused parameter \xe2\x80\x98\x1b[01m\x1b[Kpos\x1b[m\x1b[K\xe2\x80\x99 [\x1b[01;35m\x1b[K\x1b]8;;https://gcc.gnu.org/onlinedocs/gcc/Warning-Options.html#index-Wunused-parameter\x07-Wunused-parameter\x1b]8;;\x07\x1b[m\x1b[K]\n'}
[0.508074] (CommunicationCenter) StderrLine: {'line': b'  106 |   STWCANMsg *setSafePos(uint8_t motor_id, \x1b[01;35m\x1b[Kfloat pos\x1b[m\x1b[K) override {\n'}
[0.508095] (CommunicationCenter) StderrLine: {'line': b'      |                                           \x1b[01;35m\x1b[K~~~~~~^~~\x1b[m\x1b[K\n'}
[0.508115] (CommunicationCenter) StderrLine: {'line': b'\x1b[01m\x1b[K/home/albusgive/rlfw/rlfw_deploy/src/CommunicationCenter/motor_driver/STWMotor.h:\x1b[m\x1b[K In member function \xe2\x80\x98\x1b[01m\x1b[Kvirtual STWCANMsg* STWMotor::\x1b[01;32m\x1b[KsetSafeVel\x1b[m\x1b[K(uint8_t, float)\x1b[m\x1b[K\xe2\x80\x99:\n'}
[0.508137] (CommunicationCenter) StderrLine: {'line': b'\x1b[01m\x1b[K/home/albusgive/rlfw/rlfw_deploy/src/CommunicationCenter/motor_driver/STWMotor.h:109:33:\x1b[m\x1b[K \x1b[01;35m\x1b[Kwarning: \x1b[m\x1b[Kunused parameter \xe2\x80\x98\x1b[01m\x1b[Kmotor_id\x1b[m\x1b[K\xe2\x80\x99 [\x1b[01;35m\x1b[K\x1b]8;;https://gcc.gnu.org/onlinedocs/gcc/Warning-Options.html#index-Wunused-parameter\x07-Wunused-parameter\x1b]8;;\x07\x1b[m\x1b[K]\n'}
[0.508157] (CommunicationCenter) StderrLine: {'line': b'  109 |   STWCANMsg *setSafeVel(\x1b[01;35m\x1b[Kuint8_t motor_id\x1b[m\x1b[K, float vel) override {\n'}
[0.508177] (CommunicationCenter) StderrLine: {'line': b'      |                         \x1b[01;35m\x1b[K~~~~~~~~^~~~~~~~\x1b[m\x1b[K\n'}
[0.508197] (CommunicationCenter) StderrLine: {'line': b'\x1b[01m\x1b[K/home/albusgive/rlfw/rlfw_deploy/src/CommunicationCenter/motor_driver/STWMotor.h:109:49:\x1b[m\x1b[K \x1b[01;35m\x1b[Kwarning: \x1b[m\x1b[Kunused parameter \xe2\x80\x98\x1b[01m\x1b[Kvel\x1b[m\x1b[K\xe2\x80\x99 [\x1b[01;35m\x1b[K\x1b]8;;https://gcc.gnu.org/onlinedocs/gcc/Warning-Options.html#index-Wunused-parameter\x07-Wunused-parameter\x1b]8;;\x07\x1b[m\x1b[K]\n'}
[0.508218] (CommunicationCenter) StderrLine: {'line': b'  109 |   STWCANMsg *setSafeVel(uint8_t motor_id, \x1b[01;35m\x1b[Kfloat vel\x1b[m\x1b[K) override {\n'}
[0.508239] (CommunicationCenter) StderrLine: {'line': b'      |                                           \x1b[01;35m\x1b[K~~~~~~^~~\x1b[m\x1b[K\n'}
[0.600694] (-) TimerEvent: {}
[0.700920] (-) TimerEvent: {}
[0.801141] (-) TimerEvent: {}
[0.901432] (-) TimerEvent: {}
[1.001795] (-) TimerEvent: {}
[1.102032] (-) TimerEvent: {}
[1.202257] (-) TimerEvent: {}
[1.302550] (-) TimerEvent: {}
[1.402769] (-) TimerEvent: {}
[1.503013] (-) TimerEvent: {}
[1.603261] (-) TimerEvent: {}
[1.703496] (-) TimerEvent: {}
[1.803724] (-) TimerEvent: {}
[1.903952] (-) TimerEvent: {}
[2.004188] (-) TimerEvent: {}
[2.104427] (-) TimerEvent: {}
[2.204756] (-) TimerEvent: {}
[2.305048] (-) TimerEvent: {}
[2.405345] (-) TimerEvent: {}
[2.505590] (-) TimerEvent: {}
[2.605884] (-) TimerEvent: {}
[2.706208] (-) TimerEvent: {}
[2.806460] (-) TimerEvent: {}
[2.906774] (-) TimerEvent: {}
[3.007067] (-) TimerEvent: {}
[3.107308] (-) TimerEvent: {}
[3.207627] (-) TimerEvent: {}
[3.307843] (-) TimerEvent: {}
[3.408169] (-) TimerEvent: {}
[3.508417] (-) TimerEvent: {}
[3.608714] (-) TimerEvent: {}
[3.708934] (-) TimerEvent: {}
[3.809167] (-) TimerEvent: {}
[3.909409] (-) TimerEvent: {}
[4.009666] (-) TimerEvent: {}
[4.109878] (-) TimerEvent: {}
[4.201991] (CommunicationCenter) StderrLine: {'line': b'\x1b[01m\x1b[K/home/albusgive/rlfw/rlfw_deploy/src/CommunicationCenter/src/CommunicationCenter.cpp:\x1b[m\x1b[K In member function \xe2\x80\x98\x1b[01m\x1b[Kvoid CommunicationCenter::\x1b[01;32m\x1b[KsendMotor\x1b[m\x1b[K(std::shared_ptr<rlfw_msgs::msg::JointCtrl_<std::allocator<void> > >)\x1b[m\x1b[K\xe2\x80\x99:\n'}
[4.202128] (CommunicationCenter) StderrLine: {'line': b'\x1b[01m\x1b[K/home/albusgive/rlfw/rlfw_deploy/src/CommunicationCenter/src/CommunicationCenter.cpp:201:23:\x1b[m\x1b[K \x1b[01;35m\x1b[Kwarning: \x1b[m\x1b[Kthis statement may fall through [\x1b[01;35m\x1b[K\x1b]8;;https://gcc.gnu.org/onlinedocs/gcc/Warning-Options.html#index-Wimplicit-fallthrough=\x07-Wimplicit-fallthrough=\x1b]8;;\x07\x1b[m\x1b[K]\n'}
[4.202163] (CommunicationCenter) StderrLine: {'line': b'  201 |     \x1b[01;35m\x1b[Kmotor->enableMotor(true)\x1b[m\x1b[K;\n'}
[4.202189] (CommunicationCenter) StderrLine: {'line': b'      |     \x1b[01;35m\x1b[K~~~~~~~~~~~~~~~~~~^~~~~~\x1b[m\x1b[K\n'}
[4.202214] (CommunicationCenter) StderrLine: {'line': b'\x1b[01m\x1b[K/home/albusgive/rlfw/rlfw_deploy/src/CommunicationCenter/src/CommunicationCenter.cpp:203:3:\x1b[m\x1b[K \x1b[01;36m\x1b[Knote: \x1b[m\x1b[Khere\n'}
[4.202239] (CommunicationCenter) StderrLine: {'line': b'  203 |   \x1b[01;36m\x1b[Kcase\x1b[m\x1b[K MotorCtrlType::DISABLE: {\n'}
[4.202270] (CommunicationCenter) StderrLine: {'line': b'      |   \x1b[01;36m\x1b[K^~~~\x1b[m\x1b[K\n'}
[4.209969] (-) TimerEvent: {}
[4.310220] (-) TimerEvent: {}
[4.410443] (-) TimerEvent: {}
[4.510656] (-) TimerEvent: {}
[4.610876] (-) TimerEvent: {}
[4.711202] (-) TimerEvent: {}
[4.811481] (-) TimerEvent: {}
[4.911719] (-) TimerEvent: {}
[5.012007] (-) TimerEvent: {}
[5.112232] (-) TimerEvent: {}
[5.212548] (-) TimerEvent: {}
[5.312847] (-) TimerEvent: {}
[5.413086] (-) TimerEvent: {}
[5.513377] (-) TimerEvent: {}
[5.613670] (-) TimerEvent: {}
[5.713963] (-) TimerEvent: {}
[5.814274] (-) TimerEvent: {}
[5.914594] (-) TimerEvent: {}
[6.014903] (-) TimerEvent: {}
[6.115214] (-) TimerEvent: {}
[6.215532] (-) TimerEvent: {}
[6.315829] (-) TimerEvent: {}
[6.416119] (-) TimerEvent: {}
[6.516425] (-) TimerEvent: {}
[6.616733] (-) TimerEvent: {}
[6.717022] (-) TimerEvent: {}
[6.817307] (-) TimerEvent: {}
[6.917600] (-) TimerEvent: {}
[7.017885] (-) TimerEvent: {}
[7.118173] (-) TimerEvent: {}
[7.218459] (-) TimerEvent: {}
[7.318748] (-) TimerEvent: {}
[7.419036] (-) TimerEvent: {}
[7.519317] (-) TimerEvent: {}
[7.619618] (-) TimerEvent: {}
[7.719897] (-) TimerEvent: {}
[7.820181] (-) TimerEvent: {}
[7.920495] (-) TimerEvent: {}
[8.020827] (-) TimerEvent: {}
[8.121144] (-) TimerEvent: {}
[8.221450] (-) TimerEvent: {}
[8.321752] (-) TimerEvent: {}
[8.421985] (-) TimerEvent: {}
[8.522319] (-) TimerEvent: {}
[8.622662] (-) TimerEvent: {}
[8.652418] (CommunicationCenter) StdoutLine: {'line': b'[ 41%] \x1b[32m\x1b[1mLinking CXX executable CommunicationCenter\x1b[0m\n'}
[8.722831] (-) TimerEvent: {}
[8.823123] (-) TimerEvent: {}
[8.923422] (-) TimerEvent: {}
[9.023712] (-) TimerEvent: {}
[9.124011] (-) TimerEvent: {}
[9.133162] (CommunicationCenter) StdoutLine: {'line': b'[100%] Built target CommunicationCenter\n'}
[9.141546] (CommunicationCenter) CommandEnded: {'returncode': 0}
[9.141964] (CommunicationCenter) JobProgress: {'identifier': 'CommunicationCenter', 'progress': 'install'}
[9.148367] (CommunicationCenter) Command: {'cmd': ['/usr/bin/cmake', '--install', '/home/albusgive/rlfw/rlfw_deploy/build/CommunicationCenter'], 'cwd': '/home/albusgive/rlfw/rlfw_deploy/build/CommunicationCenter', 'env': OrderedDict([('LESSOPEN', '| /usr/bin/lesspipe %s'), ('HTTPS_PROXY', 'http://127.0.0.1:7897/'), ('no_proxy', 'localhost,127.0.0.1,192.168.0.0/16,10.0.0.0/8,172.16.0.0/12,172.29.0.0/16,::1'), ('LANGUAGE', 'zh_CN:zh'), ('USER', 'albusgive'), ('all_proxy', 'socks://127.0.0.1:7897/'), ('XDG_SESSION_TYPE', 'wayland'), ('GIT_ASKPASS', '/usr/share/code/resources/app/extensions/git/dist/askpass.sh'), ('SHLVL', '2'), ('LD_LIBRARY_PATH', '/home/albusgive/Qt/6.9.0/gcc_64/lib:/opt/rocm/lib:/home/albusgive/Qt/6.9.0/gcc_64/lib:/home/albusgive/rlfw/rlfw_interface/install/rlfw_msgs/lib:/opt/rocm/lib:/opt/ros/humble/opt/rviz_ogre_vendor/lib:/opt/ros/humble/lib/x86_64-linux-gnu:/opt/ros/humble/lib'), ('HOME', '/home/albusgive'), ('CHROME_DESKTOP', 'code.desktop'), ('CONDA_SHLVL', '0'), ('OLDPWD', '/home/albusgive/rlfw/rlfw_deploy/src'), ('TERM_PROGRAM_VERSION', '1.97.0'), ('DESKTOP_SESSION', 'ubuntu'), ('NO_PROXY', 'localhost,127.0.0.1,192.168.0.0/16,10.0.0.0/8,172.16.0.0/12,172.29.0.0/16,::1'), ('ROS_PYTHON_VERSION', '3'), ('GNOME_SHELL_SESSION_MODE', 'ubuntu'), ('GTK_MODULES', 'gail:atk-bridge'), ('VSCODE_GIT_ASKPASS_MAIN', '/usr/share/code/resources/app/extensions/git/dist/askpass-main.js'), ('VSCODE_GIT_ASKPASS_NODE', '/usr/share/code/code'), ('DBUS_STARTER_BUS_TYPE', 'session'), ('SYSTEMD_EXEC_PID', '2225'), ('DBUS_SESSION_BUS_ADDRESS', 'unix:path=/run/user/1000/bus,guid=00b124f75750c3840f2623ad683d95a5'), ('COLORTERM', 'truecolor'), ('_CE_M', ''), ('IM_CONFIG_PHASE', '1'), ('WAYLAND_DISPLAY', 'wayland-0'), ('https_proxy', 'http://127.0.0.1:7897'), ('COLCON_PREFIX_PATH', '/home/albusgive/rlfw/rlfw_deploy/install:/home/albusgive/rlfw/rlfw_interface/install'), ('ROS_DISTRO', 'humble'), ('LOGNAME', 'albusgive'), ('ALL_PROXY', 'socks://127.0.0.1:7897/'), ('http_proxy', 'http://127.0.0.1:7897'), ('_', '/usr/bin/colcon'), ('ROS_VERSION', '2'), ('XDG_SESSION_CLASS', 'user'), ('USERNAME', 'albusgive'), ('TERM', 'xterm-256color'), ('GNOME_DESKTOP_SESSION_ID', 'this-is-deprecated'), ('_CE_CONDA', ''), ('ROS_LOCALHOST_ONLY', '0'), ('PATH', '/home/albusgive/Qt/6.9.0/gcc_64/bin:/home/albusgive/Qt/6.9.0/gcc_64/bin:/opt/ros/humble/bin:/home/albusgive/anaconda3/condabin:/usr/local/sbin:/usr/local/bin:/usr/sbin:/usr/bin:/sbin:/bin:/usr/games:/usr/local/games:/snap/bin:/snap/bin'), ('SESSION_MANAGER', 'local/albusgive:@/tmp/.ICE-unix/2225,unix/albusgive:/tmp/.ICE-unix/2225'), ('XDG_MENU_PREFIX', 'gnome-'), ('GNOME_TERMINAL_SCREEN', '/org/gnome/Terminal/screen/cec30dda_8922_4487_9fcf_e037776dbbff'), ('GNOME_SETUP_DISPLAY', ':1'), ('XDG_RUNTIME_DIR', '/run/user/1000'), ('GDK_BACKEND', 'x11'), ('DISPLAY', ':0'), ('LANG', 'zh_CN.UTF-8'), ('XDG_CURRENT_DESKTOP', 'Unity'), ('ROCM_PATH', '/opt/rocm'), ('XMODIFIERS', '@im=ibus'), ('XDG_SESSION_DESKTOP', 'ubuntu'), ('XAUTHORITY', '/run/user/1000/.mutter-Xwaylandauth.UKGL72'), ('LS_COLORS', 'rs=0:di=01;34:ln=01;36:mh=00:pi=40;33:so=01;35:do=01;35:bd=40;33;01:cd=40;33;01:or=40;31;01:mi=00:su=37;41:sg=30;43:ca=30;41:tw=30;42:ow=34;42:st=37;44:ex=01;32:*.tar=01;31:*.tgz=01;31:*.arc=01;31:*.arj=01;31:*.taz=01;31:*.lha=01;31:*.lz4=01;31:*.lzh=01;31:*.lzma=01;31:*.tlz=01;31:*.txz=01;31:*.tzo=01;31:*.t7z=01;31:*.zip=01;31:*.z=01;31:*.dz=01;31:*.gz=01;31:*.lrz=01;31:*.lz=01;31:*.lzo=01;31:*.xz=01;31:*.zst=01;31:*.tzst=01;31:*.bz2=01;31:*.bz=01;31:*.tbz=01;31:*.tbz2=01;31:*.tz=01;31:*.deb=01;31:*.rpm=01;31:*.jar=01;31:*.war=01;31:*.ear=01;31:*.sar=01;31:*.rar=01;31:*.alz=01;31:*.ace=01;31:*.zoo=01;31:*.cpio=01;31:*.7z=01;31:*.rz=01;31:*.cab=01;31:*.wim=01;31:*.swm=01;31:*.dwm=01;31:*.esd=01;31:*.jpg=01;35:*.jpeg=01;35:*.mjpg=01;35:*.mjpeg=01;35:*.gif=01;35:*.bmp=01;35:*.pbm=01;35:*.pgm=01;35:*.ppm=01;35:*.tga=01;35:*.xbm=01;35:*.xpm=01;35:*.tif=01;35:*.tiff=01;35:*.png=01;35:*.svg=01;35:*.svgz=01;35:*.mng=01;35:*.pcx=01;35:*.mov=01;35:*.mpg=01;35:*.mpeg=01;35:*.m2v=01;35:*.mkv=01;35:*.webm=01;35:*.webp=01;35:*.ogm=01;35:*.mp4=01;35:*.m4v=01;35:*.mp4v=01;35:*.vob=01;35:*.qt=01;35:*.nuv=01;35:*.wmv=01;35:*.asf=01;35:*.rm=01;35:*.rmvb=01;35:*.flc=01;35:*.avi=01;35:*.fli=01;35:*.flv=01;35:*.gl=01;35:*.dl=01;35:*.xcf=01;35:*.xwd=01;35:*.yuv=01;35:*.cgm=01;35:*.emf=01;35:*.ogv=01;35:*.ogx=01;35:*.aac=00;36:*.au=00;36:*.flac=00;36:*.m4a=00;36:*.mid=00;36:*.midi=00;36:*.mka=00;36:*.mp3=00;36:*.mpc=00;36:*.ogg=00;36:*.ra=00;36:*.wav=00;36:*.oga=00;36:*.opus=00;36:*.spx=00;36:*.xspf=00;36:'), ('VSCODE_GIT_IPC_HANDLE', '/run/user/1000/vscode-git-a3b7cadb31.sock'), ('GNOME_TERMINAL_SERVICE', ':1.131'), ('TERM_PROGRAM', 'vscode'), ('SSH_AGENT_LAUNCHER', 'gnome-keyring'), ('SSH_AUTH_SOCK', '/run/user/1000/keyring/ssh'), ('AMENT_PREFIX_PATH', '/home/albusgive/rlfw/rlfw_deploy/install/CommunicationCenter:/home/albusgive/rlfw/rlfw_interface/install/rlfw_msgs:/opt/ros/humble'), ('CONDA_PYTHON_EXE', '/home/albusgive/anaconda3/bin/python'), ('ORIGINAL_XDG_CURRENT_DESKTOP', 'ubuntu:GNOME'), ('SHELL', '/bin/bash'), ('QT_ACCESSIBILITY', '1'), ('GDMSESSION', 'ubuntu'), ('LESSCLOSE', '/usr/bin/lesspipe %s %s'), ('VSCODE_GIT_ASKPASS_EXTRA_ARGS', ''), ('QT_IM_MODULE', 'ibus'), ('PWD', '/home/albusgive/rlfw/rlfw_deploy/build/CommunicationCenter'), ('XDG_CONFIG_DIRS', '/etc/xdg/xdg-ubuntu:/etc/xdg'), ('CONDA_EXE', '/home/albusgive/anaconda3/bin/conda'), ('DBUS_STARTER_ADDRESS', 'unix:path=/run/user/1000/bus,guid=00b124f75750c3840f2623ad683d95a5'), ('XDG_DATA_DIRS', '/usr/share/ubuntu:/usr/local/share/:/usr/share/:/var/lib/snapd/desktop'), ('PYTHONPATH', '/home/albusgive/rlfw/rlfw_interface/install/rlfw_msgs/local/lib/python3.10/dist-packages:/opt/ros/humble/lib/python3.10/site-packages:/opt/ros/humble/local/lib/python3.10/dist-packages'), ('HTTP_PROXY', 'http://127.0.0.1:7897/'), ('COLCON', '1'), ('VTE_VERSION', '6800'), ('CMAKE_PREFIX_PATH', '/home/albusgive/rlfw/rlfw_deploy/install/CommunicationCenter:/home/albusgive/rlfw/rlfw_interface/install/rlfw_msgs:/opt/ros/humble')]), 'shell': False}
[9.152866] (CommunicationCenter) StdoutLine: {'line': b'-- Install configuration: ""\n'}
[9.153027] (CommunicationCenter) StdoutLine: {'line': b'-- Installing: /home/albusgive/rlfw/rlfw_deploy/install/CommunicationCenter/lib/CommunicationCenter/CommunicationCenter\n'}
[9.159448] (CommunicationCenter) StdoutLine: {'line': b'-- Set runtime path of "/home/albusgive/rlfw/rlfw_deploy/install/CommunicationCenter/lib/CommunicationCenter/CommunicationCenter" to ""\n'}
[9.159552] (CommunicationCenter) StdoutLine: {'line': b'-- Up-to-date: /home/albusgive/rlfw/rlfw_deploy/install/CommunicationCenter/share/robot_cfg.xml\n'}
[9.159613] (CommunicationCenter) StdoutLine: {'line': b'-- Up-to-date: /home/albusgive/rlfw/rlfw_deploy/install/CommunicationCenter/share/ament_index/resource_index/package_run_dependencies/CommunicationCenter\n'}
[9.159656] (CommunicationCenter) StdoutLine: {'line': b'-- Up-to-date: /home/albusgive/rlfw/rlfw_deploy/install/CommunicationCenter/share/ament_index/resource_index/parent_prefix_path/CommunicationCenter\n'}
[9.159717] (CommunicationCenter) StdoutLine: {'line': b'-- Up-to-date: /home/albusgive/rlfw/rlfw_deploy/install/CommunicationCenter/share/CommunicationCenter/environment/ament_prefix_path.sh\n'}
[9.159773] (CommunicationCenter) StdoutLine: {'line': b'-- Up-to-date: /home/albusgive/rlfw/rlfw_deploy/install/CommunicationCenter/share/CommunicationCenter/environment/ament_prefix_path.dsv\n'}
[9.159812] (CommunicationCenter) StdoutLine: {'line': b'-- Up-to-date: /home/albusgive/rlfw/rlfw_deploy/install/CommunicationCenter/share/CommunicationCenter/environment/path.sh\n'}
[9.159850] (CommunicationCenter) StdoutLine: {'line': b'-- Up-to-date: /home/albusgive/rlfw/rlfw_deploy/install/CommunicationCenter/share/CommunicationCenter/environment/path.dsv\n'}
[9.159887] (CommunicationCenter) StdoutLine: {'line': b'-- Up-to-date: /home/albusgive/rlfw/rlfw_deploy/install/CommunicationCenter/share/CommunicationCenter/local_setup.bash\n'}
[9.159921] (CommunicationCenter) StdoutLine: {'line': b'-- Up-to-date: /home/albusgive/rlfw/rlfw_deploy/install/CommunicationCenter/share/CommunicationCenter/local_setup.sh\n'}
[9.159956] (CommunicationCenter) StdoutLine: {'line': b'-- Up-to-date: /home/albusgive/rlfw/rlfw_deploy/install/CommunicationCenter/share/CommunicationCenter/local_setup.zsh\n'}
[9.160011] (CommunicationCenter) StdoutLine: {'line': b'-- Up-to-date: /home/albusgive/rlfw/rlfw_deploy/install/CommunicationCenter/share/CommunicationCenter/local_setup.dsv\n'}
[9.160078] (CommunicationCenter) StdoutLine: {'line': b'-- Installing: /home/albusgive/rlfw/rlfw_deploy/install/CommunicationCenter/share/CommunicationCenter/package.dsv\n'}
[9.160113] (CommunicationCenter) StdoutLine: {'line': b'-- Up-to-date: /home/albusgive/rlfw/rlfw_deploy/install/CommunicationCenter/share/ament_index/resource_index/packages/CommunicationCenter\n'}
[9.160147] (CommunicationCenter) StdoutLine: {'line': b'-- Up-to-date: /home/albusgive/rlfw/rlfw_deploy/install/CommunicationCenter/share/CommunicationCenter/cmake/CommunicationCenterConfig.cmake\n'}
[9.160180] (CommunicationCenter) StdoutLine: {'line': b'-- Up-to-date: /home/albusgive/rlfw/rlfw_deploy/install/CommunicationCenter/share/CommunicationCenter/cmake/CommunicationCenterConfig-version.cmake\n'}
[9.160214] (CommunicationCenter) StdoutLine: {'line': b'-- Up-to-date: /home/albusgive/rlfw/rlfw_deploy/install/CommunicationCenter/share/CommunicationCenter/package.xml\n'}
[9.160270] (CommunicationCenter) StdoutLine: {'line': b'-- Up-to-date: /home/albusgive/rlfw/rlfw_deploy/install/CommunicationCenter/lib/libtinyxml2.a\n'}
[9.160306] (CommunicationCenter) StdoutLine: {'line': b'-- Up-to-date: /home/albusgive/rlfw/rlfw_deploy/install/CommunicationCenter/lib/cmake/tinyxml2/tinyxml2-static-targets.cmake\n'}
[9.160357] (CommunicationCenter) StdoutLine: {'line': b'-- Up-to-date: /home/albusgive/rlfw/rlfw_deploy/install/CommunicationCenter/lib/cmake/tinyxml2/tinyxml2-static-targets-noconfig.cmake\n'}
[9.160420] (CommunicationCenter) StdoutLine: {'line': b'-- Up-to-date: /home/albusgive/rlfw/rlfw_deploy/install/CommunicationCenter/lib/cmake/tinyxml2/tinyxml2-config.cmake\n'}
[9.160461] (CommunicationCenter) StdoutLine: {'line': b'-- Up-to-date: /home/albusgive/rlfw/rlfw_deploy/install/CommunicationCenter/lib/cmake/tinyxml2/tinyxml2-config-version.cmake\n'}
[9.160495] (CommunicationCenter) StdoutLine: {'line': b'-- Up-to-date: /home/albusgive/rlfw/rlfw_deploy/install/CommunicationCenter/include/tinyxml2.h\n'}
[9.160527] (CommunicationCenter) StdoutLine: {'line': b'-- Up-to-date: /home/albusgive/rlfw/rlfw_deploy/install/CommunicationCenter/lib/pkgconfig/tinyxml2.pc\n'}
[9.161799] (CommunicationCenter) CommandEnded: {'returncode': 0}
[9.177673] (CommunicationCenter) JobEnded: {'identifier': 'CommunicationCenter', 'rc': 0}
[9.178304] (-) EventReactorShutdown: {}
