[0.000000] (-) TimerEvent: {}
[0.000391] (-) JobUnselected: {'identifier': 'agent'}
[0.000414] (-) JobUnselected: {'identifier': 'mujoco_mapping'}
[0.000422] (-) JobUnselected: {'identifier': 'nz-imu'}
[0.000431] (CommunicationCenter) JobQueued: {'identifier': 'CommunicationCenter', 'dependencies': OrderedDict()}
[0.000441] (CommunicationCenter) JobStarted: {'identifier': 'CommunicationCenter'}
[0.005046] (CommunicationCenter) JobProgress: {'identifier': 'CommunicationCenter', 'progress': 'cmake'}
[0.005377] (CommunicationCenter) JobProgress: {'identifier': 'CommunicationCenter', 'progress': 'build'}
[0.005747] (CommunicationCenter) Command: {'cmd': ['/usr/bin/cmake', '--build', '/home/albusgive/rlfw/rlfw_deploy/build/CommunicationCenter', '--', '-j20', '-l20'], 'cwd': '/home/albusgive/rlfw/rlfw_deploy/build/CommunicationCenter', 'env': OrderedDict([('LESSOPEN', '| /usr/bin/lesspipe %s'), ('HTTPS_PROXY', 'http://127.0.0.1:7897/'), ('no_proxy', 'localhost,127.0.0.1,192.168.0.0/16,10.0.0.0/8,172.16.0.0/12,172.29.0.0/16,::1'), ('LANGUAGE', 'zh_CN:zh'), ('USER', 'albusgive'), ('all_proxy', 'socks://127.0.0.1:7897/'), ('XDG_SESSION_TYPE', 'wayland'), ('GIT_ASKPASS', '/usr/share/code/resources/app/extensions/git/dist/askpass.sh'), ('SHLVL', '2'), ('LD_LIBRARY_PATH', '/home/albusgive/Qt/6.9.0/gcc_64/lib:/opt/rocm/lib:/home/albusgive/Qt/6.9.0/gcc_64/lib:/home/albusgive/rlfw/rlfw_interface/install/rlfw_msgs/lib:/opt/rocm/lib:/opt/ros/humble/opt/rviz_ogre_vendor/lib:/opt/ros/humble/lib/x86_64-linux-gnu:/opt/ros/humble/lib'), ('HOME', '/home/albusgive'), ('CHROME_DESKTOP', 'code.desktop'), ('CONDA_SHLVL', '0'), ('OLDPWD', '/home/albusgive/rlfw/rlfw_deploy/src'), ('TERM_PROGRAM_VERSION', '1.97.0'), ('DESKTOP_SESSION', 'ubuntu'), ('NO_PROXY', 'localhost,127.0.0.1,192.168.0.0/16,10.0.0.0/8,172.16.0.0/12,172.29.0.0/16,::1'), ('ROS_PYTHON_VERSION', '3'), ('GNOME_SHELL_SESSION_MODE', 'ubuntu'), ('GTK_MODULES', 'gail:atk-bridge'), ('VSCODE_GIT_ASKPASS_MAIN', '/usr/share/code/resources/app/extensions/git/dist/askpass-main.js'), ('VSCODE_GIT_ASKPASS_NODE', '/usr/share/code/code'), ('DBUS_STARTER_BUS_TYPE', 'session'), ('SYSTEMD_EXEC_PID', '2225'), ('DBUS_SESSION_BUS_ADDRESS', 'unix:path=/run/user/1000/bus,guid=00b124f75750c3840f2623ad683d95a5'), ('COLORTERM', 'truecolor'), ('_CE_M', ''), ('IM_CONFIG_PHASE', '1'), ('WAYLAND_DISPLAY', 'wayland-0'), ('https_proxy', 'http://127.0.0.1:7897'), ('COLCON_PREFIX_PATH', '/home/albusgive/rlfw/rlfw_deploy/install:/home/albusgive/rlfw/rlfw_interface/install'), ('ROS_DISTRO', 'humble'), ('LOGNAME', 'albusgive'), ('ALL_PROXY', 'socks://127.0.0.1:7897/'), ('http_proxy', 'http://127.0.0.1:7897'), ('_', '/usr/bin/colcon'), ('ROS_VERSION', '2'), ('XDG_SESSION_CLASS', 'user'), ('USERNAME', 'albusgive'), ('TERM', 'xterm-256color'), ('GNOME_DESKTOP_SESSION_ID', 'this-is-deprecated'), ('_CE_CONDA', ''), ('ROS_LOCALHOST_ONLY', '0'), ('PATH', '/home/albusgive/Qt/6.9.0/gcc_64/bin:/home/albusgive/Qt/6.9.0/gcc_64/bin:/opt/ros/humble/bin:/home/albusgive/anaconda3/condabin:/usr/local/sbin:/usr/local/bin:/usr/sbin:/usr/bin:/sbin:/bin:/usr/games:/usr/local/games:/snap/bin:/snap/bin'), ('SESSION_MANAGER', 'local/albusgive:@/tmp/.ICE-unix/2225,unix/albusgive:/tmp/.ICE-unix/2225'), ('XDG_MENU_PREFIX', 'gnome-'), ('GNOME_TERMINAL_SCREEN', '/org/gnome/Terminal/screen/cec30dda_8922_4487_9fcf_e037776dbbff'), ('GNOME_SETUP_DISPLAY', ':1'), ('XDG_RUNTIME_DIR', '/run/user/1000'), ('GDK_BACKEND', 'x11'), ('DISPLAY', ':0'), ('LANG', 'zh_CN.UTF-8'), ('XDG_CURRENT_DESKTOP', 'Unity'), ('ROCM_PATH', '/opt/rocm'), ('XMODIFIERS', '@im=ibus'), ('XDG_SESSION_DESKTOP', 'ubuntu'), ('XAUTHORITY', '/run/user/1000/.mutter-Xwaylandauth.UKGL72'), ('LS_COLORS', 'rs=0:di=01;34:ln=01;36:mh=00:pi=40;33:so=01;35:do=01;35:bd=40;33;01:cd=40;33;01:or=40;31;01:mi=00:su=37;41:sg=30;43:ca=30;41:tw=30;42:ow=34;42:st=37;44:ex=01;32:*.tar=01;31:*.tgz=01;31:*.arc=01;31:*.arj=01;31:*.taz=01;31:*.lha=01;31:*.lz4=01;31:*.lzh=01;31:*.lzma=01;31:*.tlz=01;31:*.txz=01;31:*.tzo=01;31:*.t7z=01;31:*.zip=01;31:*.z=01;31:*.dz=01;31:*.gz=01;31:*.lrz=01;31:*.lz=01;31:*.lzo=01;31:*.xz=01;31:*.zst=01;31:*.tzst=01;31:*.bz2=01;31:*.bz=01;31:*.tbz=01;31:*.tbz2=01;31:*.tz=01;31:*.deb=01;31:*.rpm=01;31:*.jar=01;31:*.war=01;31:*.ear=01;31:*.sar=01;31:*.rar=01;31:*.alz=01;31:*.ace=01;31:*.zoo=01;31:*.cpio=01;31:*.7z=01;31:*.rz=01;31:*.cab=01;31:*.wim=01;31:*.swm=01;31:*.dwm=01;31:*.esd=01;31:*.jpg=01;35:*.jpeg=01;35:*.mjpg=01;35:*.mjpeg=01;35:*.gif=01;35:*.bmp=01;35:*.pbm=01;35:*.pgm=01;35:*.ppm=01;35:*.tga=01;35:*.xbm=01;35:*.xpm=01;35:*.tif=01;35:*.tiff=01;35:*.png=01;35:*.svg=01;35:*.svgz=01;35:*.mng=01;35:*.pcx=01;35:*.mov=01;35:*.mpg=01;35:*.mpeg=01;35:*.m2v=01;35:*.mkv=01;35:*.webm=01;35:*.webp=01;35:*.ogm=01;35:*.mp4=01;35:*.m4v=01;35:*.mp4v=01;35:*.vob=01;35:*.qt=01;35:*.nuv=01;35:*.wmv=01;35:*.asf=01;35:*.rm=01;35:*.rmvb=01;35:*.flc=01;35:*.avi=01;35:*.fli=01;35:*.flv=01;35:*.gl=01;35:*.dl=01;35:*.xcf=01;35:*.xwd=01;35:*.yuv=01;35:*.cgm=01;35:*.emf=01;35:*.ogv=01;35:*.ogx=01;35:*.aac=00;36:*.au=00;36:*.flac=00;36:*.m4a=00;36:*.mid=00;36:*.midi=00;36:*.mka=00;36:*.mp3=00;36:*.mpc=00;36:*.ogg=00;36:*.ra=00;36:*.wav=00;36:*.oga=00;36:*.opus=00;36:*.spx=00;36:*.xspf=00;36:'), ('VSCODE_GIT_IPC_HANDLE', '/run/user/1000/vscode-git-a3b7cadb31.sock'), ('GNOME_TERMINAL_SERVICE', ':1.131'), ('TERM_PROGRAM', 'vscode'), ('SSH_AGENT_LAUNCHER', 'gnome-keyring'), ('SSH_AUTH_SOCK', '/run/user/1000/keyring/ssh'), ('AMENT_PREFIX_PATH', '/home/albusgive/rlfw/rlfw_deploy/install/CommunicationCenter:/home/albusgive/rlfw/rlfw_interface/install/rlfw_msgs:/opt/ros/humble'), ('CONDA_PYTHON_EXE', '/home/albusgive/anaconda3/bin/python'), ('ORIGINAL_XDG_CURRENT_DESKTOP', 'ubuntu:GNOME'), ('SHELL', '/bin/bash'), ('QT_ACCESSIBILITY', '1'), ('GDMSESSION', 'ubuntu'), ('LESSCLOSE', '/usr/bin/lesspipe %s %s'), ('VSCODE_GIT_ASKPASS_EXTRA_ARGS', ''), ('QT_IM_MODULE', 'ibus'), ('PWD', '/home/albusgive/rlfw/rlfw_deploy/build/CommunicationCenter'), ('XDG_CONFIG_DIRS', '/etc/xdg/xdg-ubuntu:/etc/xdg'), ('CONDA_EXE', '/home/albusgive/anaconda3/bin/conda'), ('DBUS_STARTER_ADDRESS', 'unix:path=/run/user/1000/bus,guid=00b124f75750c3840f2623ad683d95a5'), ('XDG_DATA_DIRS', '/usr/share/ubuntu:/usr/local/share/:/usr/share/:/var/lib/snapd/desktop'), ('PYTHONPATH', '/home/albusgive/rlfw/rlfw_interface/install/rlfw_msgs/local/lib/python3.10/dist-packages:/opt/ros/humble/lib/python3.10/site-packages:/opt/ros/humble/local/lib/python3.10/dist-packages'), ('HTTP_PROXY', 'http://127.0.0.1:7897/'), ('COLCON', '1'), ('VTE_VERSION', '6800'), ('CMAKE_PREFIX_PATH', '/home/albusgive/rlfw/rlfw_deploy/install/CommunicationCenter:/home/albusgive/rlfw/rlfw_interface/install/rlfw_msgs:/opt/ros/humble')]), 'shell': False}
[0.046447] (CommunicationCenter) StdoutLine: {'line': b'[ 11%] Built target tinyxml2\n'}
[0.060527] (CommunicationCenter) StdoutLine: {'line': b'\x1b[35m\x1b[1mConsolidate compiler generated dependencies of target CommunicationCenter\x1b[0m\n'}
[0.061617] (CommunicationCenter) StdoutLine: {'line': b'[ 23%] Built target xmltest\n'}
[0.078264] (CommunicationCenter) StdoutLine: {'line': b'[ 47%] \x1b[32mBuilding CXX object CMakeFiles/CommunicationCenter.dir/motor_driver/MiMotor.cpp.o\x1b[0m\n'}
[0.078514] (CommunicationCenter) StdoutLine: {'line': b'[ 47%] \x1b[32mBuilding CXX object CMakeFiles/CommunicationCenter.dir/src/main.cpp.o\x1b[0m\n'}
[0.078593] (CommunicationCenter) StdoutLine: {'line': b'[ 47%] \x1b[32mBuilding CXX object CMakeFiles/CommunicationCenter.dir/motor_driver/DMMotor.cpp.o\x1b[0m\n'}
[0.078658] (CommunicationCenter) StdoutLine: {'line': b'[ 47%] \x1b[32mBuilding CXX object CMakeFiles/CommunicationCenter.dir/src/CommunicationCenter.cpp.o\x1b[0m\n'}
[0.079940] (CommunicationCenter) StdoutLine: {'line': b'[ 52%] \x1b[32mBuilding CXX object CMakeFiles/CommunicationCenter.dir/motor_driver/STWMotor.cpp.o\x1b[0m\n'}
[0.099932] (-) TimerEvent: {}
[0.200445] (-) TimerEvent: {}
[0.300934] (-) TimerEvent: {}
[0.401397] (-) TimerEvent: {}
[0.419801] (CommunicationCenter) StderrLine: {'line': b'In file included from \x1b[01m\x1b[K/home/albusgive/rlfw/rlfw_deploy/src/CommunicationCenter/motor_driver/DMMotor.h:3\x1b[m\x1b[K,\n'}
[0.420326] (CommunicationCenter) StderrLine: {'line': b'                 from \x1b[01m\x1b[K/home/albusgive/rlfw/rlfw_deploy/src/CommunicationCenter/motor_driver/DMMotor.cpp:1\x1b[m\x1b[K:\n'}
[0.420457] (CommunicationCenter) StderrLine: {'line': b'\x1b[01m\x1b[K/home/albusgive/rlfw/rlfw_deploy/src/CommunicationCenter/motor_driver/Motor.hpp:276:13:\x1b[m\x1b[K \x1b[01;35m\x1b[Kwarning: \x1b[m\x1b[K\xe2\x80\x98\x1b[01m\x1b[Kvirtual MotorBack CANMotor::\x1b[01;32m\x1b[Kdecode\x1b[m\x1b[K()\x1b[m\x1b[K\xe2\x80\x99 was hidden [\x1b[01;35m\x1b[K\x1b]8;;https://gcc.gnu.org/onlinedocs/gcc/Warning-Options.html#index-Woverloaded-virtual=\x07-Woverloaded-virtual=\x1b]8;;\x07\x1b[m\x1b[K]\n'}
[0.420528] (CommunicationCenter) StderrLine: {'line': b'  276 |   MotorBack \x1b[01;35m\x1b[Kdecode\x1b[m\x1b[K() override { return MotorBack(); };\n'}
[0.420585] (CommunicationCenter) StderrLine: {'line': b'      |             \x1b[01;35m\x1b[K^~~~~~\x1b[m\x1b[K\n'}
[0.420640] (CommunicationCenter) StderrLine: {'line': b'\x1b[01m\x1b[K/home/albusgive/rlfw/rlfw_deploy/src/CommunicationCenter/motor_driver/DMMotor.h:50:13:\x1b[m\x1b[K \x1b[01;36m\x1b[Knote: \x1b[m\x1b[K  by \xe2\x80\x98\x1b[01m\x1b[Kvirtual MotorBack DMMotor::\x1b[01;32m\x1b[Kdecode\x1b[m\x1b[K(CANMSG)\x1b[m\x1b[K\xe2\x80\x99\n'}
[0.420697] (CommunicationCenter) StderrLine: {'line': b'   50 |   MotorBack \x1b[01;36m\x1b[Kdecode\x1b[m\x1b[K(CANMSG msg) override;\n'}
[0.420749] (CommunicationCenter) StderrLine: {'line': b'      |             \x1b[01;36m\x1b[K^~~~~~\x1b[m\x1b[K\n'}
[0.420802] (CommunicationCenter) StderrLine: {'line': b'\x1b[01m\x1b[K/home/albusgive/rlfw/rlfw_deploy/src/CommunicationCenter/motor_driver/Motor.hpp:275:13:\x1b[m\x1b[K \x1b[01;35m\x1b[Kwarning: \x1b[m\x1b[K\xe2\x80\x98\x1b[01m\x1b[Kvirtual MotorBack CANMotor::\x1b[01;32m\x1b[Kdecode\x1b[m\x1b[K(UnitreeMsg)\x1b[m\x1b[K\xe2\x80\x99 was hidden [\x1b[01;35m\x1b[K\x1b]8;;https://gcc.gnu.org/onlinedocs/gcc/Warning-Options.html#index-Woverloaded-virtual=\x07-Woverloaded-virtual=\x1b]8;;\x07\x1b[m\x1b[K]\n'}
[0.420858] (CommunicationCenter) StderrLine: {'line': b'  275 |   MotorBack \x1b[01;35m\x1b[Kdecode\x1b[m\x1b[K(UnitreeMsg /*msg*/) override { return MotorBack(); };\n'}
[0.420912] (CommunicationCenter) StderrLine: {'line': b'      |             \x1b[01;35m\x1b[K^~~~~~\x1b[m\x1b[K\n'}
[0.420964] (CommunicationCenter) StderrLine: {'line': b'\x1b[01m\x1b[K/home/albusgive/rlfw/rlfw_deploy/src/CommunicationCenter/motor_driver/DMMotor.h:50:13:\x1b[m\x1b[K \x1b[01;36m\x1b[Knote: \x1b[m\x1b[K  by \xe2\x80\x98\x1b[01m\x1b[Kvirtual MotorBack DMMotor::\x1b[01;32m\x1b[Kdecode\x1b[m\x1b[K(CANMSG)\x1b[m\x1b[K\xe2\x80\x99\n'}
[0.421017] (CommunicationCenter) StderrLine: {'line': b'   50 |   MotorBack \x1b[01;36m\x1b[Kdecode\x1b[m\x1b[K(CANMSG msg) override;\n'}
[0.421069] (CommunicationCenter) StderrLine: {'line': b'      |             \x1b[01;36m\x1b[K^~~~~~\x1b[m\x1b[K\n'}
[0.421124] (CommunicationCenter) StderrLine: {'line': b'\x1b[01m\x1b[K/home/albusgive/rlfw/rlfw_deploy/src/CommunicationCenter/motor_driver/DMMotor.h:\x1b[m\x1b[K In member function \xe2\x80\x98\x1b[01m\x1b[Kvirtual DMCANMsg* DMMotor::\x1b[01;32m\x1b[KsetCtrlType\x1b[m\x1b[K(uint8_t)\x1b[m\x1b[K\xe2\x80\x99:\n'}
[0.421178] (CommunicationCenter) StderrLine: {'line': b'\x1b[01m\x1b[K/home/albusgive/rlfw/rlfw_deploy/src/CommunicationCenter/motor_driver/DMMotor.h:55:33:\x1b[m\x1b[K \x1b[01;35m\x1b[Kwarning: \x1b[m\x1b[Kunused parameter \xe2\x80\x98\x1b[01m\x1b[Kmotor_id\x1b[m\x1b[K\xe2\x80\x99 [\x1b[01;35m\x1b[K\x1b]8;;https://gcc.gnu.org/onlinedocs/gcc/Warning-Options.html#index-Wunused-parameter\x07-Wunused-parameter\x1b]8;;\x07\x1b[m\x1b[K]\n'}
[0.421232] (CommunicationCenter) StderrLine: {'line': b'   55 |   DMCANMsg *setCtrlType(\x1b[01;35m\x1b[Kuint8_t motor_id\x1b[m\x1b[K) override { return nullptr; };\n'}
[0.421285] (CommunicationCenter) StderrLine: {'line': b'      |                         \x1b[01;35m\x1b[K~~~~~~~~^~~~~~~~\x1b[m\x1b[K\n'}
[0.421345] (CommunicationCenter) StderrLine: {'line': b'\x1b[01m\x1b[K/home/albusgive/rlfw/rlfw_deploy/src/CommunicationCenter/motor_driver/DMMotor.h:\x1b[m\x1b[K In member function \xe2\x80\x98\x1b[01m\x1b[Kvirtual DMCANMsg* DMMotor::\x1b[01;32m\x1b[Kctrl_pos\x1b[m\x1b[K(uint8_t, float)\x1b[m\x1b[K\xe2\x80\x99:\n'}
[0.421410] (CommunicationCenter) StderrLine: {'line': b'\x1b[01m\x1b[K/home/albusgive/rlfw/rlfw_deploy/src/CommunicationCenter/motor_driver/DMMotor.h:57:30:\x1b[m\x1b[K \x1b[01;35m\x1b[Kwarning: \x1b[m\x1b[Kunused parameter \xe2\x80\x98\x1b[01m\x1b[Kmotor_id\x1b[m\x1b[K\xe2\x80\x99 [\x1b[01;35m\x1b[K\x1b]8;;https://gcc.gnu.org/onlinedocs/gcc/Warning-Options.html#index-Wunused-parameter\x07-Wunused-parameter\x1b]8;;\x07\x1b[m\x1b[K]\n'}
[0.421469] (CommunicationCenter) StderrLine: {'line': b'   57 |   DMCANMsg *ctrl_pos(\x1b[01;35m\x1b[Kuint8_t motor_id\x1b[m\x1b[K, float pos) override { return nullptr; };\n'}
[0.421522] (CommunicationCenter) StderrLine: {'line': b'      |                      \x1b[01;35m\x1b[K~~~~~~~~^~~~~~~~\x1b[m\x1b[K\n'}
[0.421574] (CommunicationCenter) StderrLine: {'line': b'\x1b[01m\x1b[K/home/albusgive/rlfw/rlfw_deploy/src/CommunicationCenter/motor_driver/DMMotor.h:57:46:\x1b[m\x1b[K \x1b[01;35m\x1b[Kwarning: \x1b[m\x1b[Kunused parameter \xe2\x80\x98\x1b[01m\x1b[Kpos\x1b[m\x1b[K\xe2\x80\x99 [\x1b[01;35m\x1b[K\x1b]8;;https://gcc.gnu.org/onlinedocs/gcc/Warning-Options.html#index-Wunused-parameter\x07-Wunused-parameter\x1b]8;;\x07\x1b[m\x1b[K]\n'}
[0.421654] (CommunicationCenter) StderrLine: {'line': b'   57 |   DMCANMsg *ctrl_pos(uint8_t motor_id, \x1b[01;35m\x1b[Kfloat pos\x1b[m\x1b[K) override { return nullptr; };\n'}
[0.421708] (CommunicationCenter) StderrLine: {'line': b'      |                                        \x1b[01;35m\x1b[K~~~~~~^~~\x1b[m\x1b[K\n'}
[0.421763] (CommunicationCenter) StderrLine: {'line': b'\x1b[01m\x1b[K/home/albusgive/rlfw/rlfw_deploy/src/CommunicationCenter/motor_driver/DMMotor.h:\x1b[m\x1b[K In member function \xe2\x80\x98\x1b[01m\x1b[Kvirtual DMCANMsg* DMMotor::\x1b[01;32m\x1b[Kctrl_vel\x1b[m\x1b[K(uint8_t, float)\x1b[m\x1b[K\xe2\x80\x99:\n'}
[0.421816] (CommunicationCenter) StderrLine: {'line': b'\x1b[01m\x1b[K/home/albusgive/rlfw/rlfw_deploy/src/CommunicationCenter/motor_driver/DMMotor.h:59:30:\x1b[m\x1b[K \x1b[01;35m\x1b[Kwarning: \x1b[m\x1b[Kunused parameter \xe2\x80\x98\x1b[01m\x1b[Kmotor_id\x1b[m\x1b[K\xe2\x80\x99 [\x1b[01;35m\x1b[K\x1b]8;;https://gcc.gnu.org/onlinedocs/gcc/Warning-Options.html#index-Wunused-parameter\x07-Wunused-parameter\x1b]8;;\x07\x1b[m\x1b[K]\n'}
[0.421883] (CommunicationCenter) StderrLine: {'line': b'   59 |   DMCANMsg *ctrl_vel(\x1b[01;35m\x1b[Kuint8_t motor_id\x1b[m\x1b[K, float vel) override { return nullptr; };\n'}
[0.421937] (CommunicationCenter) StderrLine: {'line': b'      |                      \x1b[01;35m\x1b[K~~~~~~~~^~~~~~~~\x1b[m\x1b[K\n'}
[0.421991] (CommunicationCenter) StderrLine: {'line': b'\x1b[01m\x1b[K/home/albusgive/rlfw/rlfw_deploy/src/CommunicationCenter/motor_driver/DMMotor.h:59:46:\x1b[m\x1b[K \x1b[01;35m\x1b[Kwarning: \x1b[m\x1b[Kunused parameter \xe2\x80\x98\x1b[01m\x1b[Kvel\x1b[m\x1b[K\xe2\x80\x99 [\x1b[01;35m\x1b[K\x1b]8;;https://gcc.gnu.org/onlinedocs/gcc/Warning-Options.html#index-Wunused-parameter\x07-Wunused-parameter\x1b]8;;\x07\x1b[m\x1b[K]\n'}
[0.422048] (CommunicationCenter) StderrLine: {'line': b'   59 |   DMCANMsg *ctrl_vel(uint8_t motor_id, \x1b[01;35m\x1b[Kfloat vel\x1b[m\x1b[K) override { return nullptr; };\n'}
[0.422103] (CommunicationCenter) StderrLine: {'line': b'      |                                        \x1b[01;35m\x1b[K~~~~~~^~~\x1b[m\x1b[K\n'}
[0.422158] (CommunicationCenter) StderrLine: {'line': b'\x1b[01m\x1b[K/home/albusgive/rlfw/rlfw_deploy/src/CommunicationCenter/motor_driver/DMMotor.h:\x1b[m\x1b[K In member function \xe2\x80\x98\x1b[01m\x1b[Kvirtual DMCANMsg* DMMotor::\x1b[01;32m\x1b[Kctrl_pos_vel\x1b[m\x1b[K(uint8_t, float, float)\x1b[m\x1b[K\xe2\x80\x99:\n'}
[0.422218] (CommunicationCenter) StderrLine: {'line': b'\x1b[01m\x1b[K/home/albusgive/rlfw/rlfw_deploy/src/CommunicationCenter/motor_driver/DMMotor.h:61:34:\x1b[m\x1b[K \x1b[01;35m\x1b[Kwarning: \x1b[m\x1b[Kunused parameter \xe2\x80\x98\x1b[01m\x1b[Kmotor_id\x1b[m\x1b[K\xe2\x80\x99 [\x1b[01;35m\x1b[K\x1b]8;;https://gcc.gnu.org/onlinedocs/gcc/Warning-Options.html#index-Wunused-parameter\x07-Wunused-parameter\x1b]8;;\x07\x1b[m\x1b[K]\n'}
[0.422278] (CommunicationCenter) StderrLine: {'line': b'   61 |   DMCANMsg *ctrl_pos_vel(\x1b[01;35m\x1b[Kuint8_t motor_id\x1b[m\x1b[K, float pos, float vel) override {\n'}
[0.422342] (CommunicationCenter) StderrLine: {'line': b'      |                          \x1b[01;35m\x1b[K~~~~~~~~^~~~~~~~\x1b[m\x1b[K\n'}
[0.422402] (CommunicationCenter) StderrLine: {'line': b'\x1b[01m\x1b[K/home/albusgive/rlfw/rlfw_deploy/src/CommunicationCenter/motor_driver/DMMotor.h:61:50:\x1b[m\x1b[K \x1b[01;35m\x1b[Kwarning: \x1b[m\x1b[Kunused parameter \xe2\x80\x98\x1b[01m\x1b[Kpos\x1b[m\x1b[K\xe2\x80\x99 [\x1b[01;35m\x1b[K\x1b]8;;https://gcc.gnu.org/onlinedocs/gcc/Warning-Options.html#index-Wunused-parameter\x07-Wunused-parameter\x1b]8;;\x07\x1b[m\x1b[K]\n'}
[0.422462] (CommunicationCenter) StderrLine: {'line': b'   61 |   DMCANMsg *ctrl_pos_vel(uint8_t motor_id, \x1b[01;35m\x1b[Kfloat pos\x1b[m\x1b[K, float vel) override {\n'}
[0.422518] (CommunicationCenter) StderrLine: {'line': b'      |                                            \x1b[01;35m\x1b[K~~~~~~^~~\x1b[m\x1b[K\n'}
[0.422576] (CommunicationCenter) StderrLine: {'line': b'\x1b[01m\x1b[K/home/albusgive/rlfw/rlfw_deploy/src/CommunicationCenter/motor_driver/DMMotor.h:61:61:\x1b[m\x1b[K \x1b[01;35m\x1b[Kwarning: \x1b[m\x1b[Kunused parameter \xe2\x80\x98\x1b[01m\x1b[Kvel\x1b[m\x1b[K\xe2\x80\x99 [\x1b[01;35m\x1b[K\x1b]8;;https://gcc.gnu.org/onlinedocs/gcc/Warning-Options.html#index-Wunused-parameter\x07-Wunused-parameter\x1b]8;;\x07\x1b[m\x1b[K]\n'}
[0.422633] (CommunicationCenter) StderrLine: {'line': b'   61 |   DMCANMsg *ctrl_pos_vel(uint8_t motor_id, float pos, \x1b[01;35m\x1b[Kfloat vel\x1b[m\x1b[K) override {\n'}
[0.422692] (CommunicationCenter) StderrLine: {'line': b'      |                                                       \x1b[01;35m\x1b[K~~~~~~^~~\x1b[m\x1b[K\n'}
[0.422747] (CommunicationCenter) StderrLine: {'line': b'\x1b[01m\x1b[K/home/albusgive/rlfw/rlfw_deploy/src/CommunicationCenter/motor_driver/DMMotor.h:\x1b[m\x1b[K In member function \xe2\x80\x98\x1b[01m\x1b[Kvirtual DMCANMsg* DMMotor::\x1b[01;32m\x1b[Kctrl_torque\x1b[m\x1b[K(uint8_t, float)\x1b[m\x1b[K\xe2\x80\x99:\n'}
[0.422804] (CommunicationCenter) StderrLine: {'line': b'\x1b[01m\x1b[K/home/albusgive/rlfw/rlfw_deploy/src/CommunicationCenter/motor_driver/DMMotor.h:65:33:\x1b[m\x1b[K \x1b[01;35m\x1b[Kwarning: \x1b[m\x1b[Kunused parameter \xe2\x80\x98\x1b[01m\x1b[Kmotor_id\x1b[m\x1b[K\xe2\x80\x99 [\x1b[01;35m\x1b[K\x1b]8;;https://gcc.gnu.org/onlinedocs/gcc/Warning-Options.html#index-Wunused-parameter\x07-Wunused-parameter\x1b]8;;\x07\x1b[m\x1b[K]\n'}
[0.422862] (CommunicationCenter) StderrLine: {'line': b'   65 |   DMCANMsg *ctrl_torque(\x1b[01;35m\x1b[Kuint8_t motor_id\x1b[m\x1b[K, float torque) override {\n'}
[0.422916] (CommunicationCenter) StderrLine: {'line': b'      |                         \x1b[01;35m\x1b[K~~~~~~~~^~~~~~~~\x1b[m\x1b[K\n'}
[0.422969] (CommunicationCenter) StderrLine: {'line': b'\x1b[01m\x1b[K/home/albusgive/rlfw/rlfw_deploy/src/CommunicationCenter/motor_driver/DMMotor.h:65:49:\x1b[m\x1b[K \x1b[01;35m\x1b[Kwarning: \x1b[m\x1b[Kunused parameter \xe2\x80\x98\x1b[01m\x1b[Ktorque\x1b[m\x1b[K\xe2\x80\x99 [\x1b[01;35m\x1b[K\x1b]8;;https://gcc.gnu.org/onlinedocs/gcc/Warning-Options.html#index-Wunused-parameter\x07-Wunused-parameter\x1b]8;;\x07\x1b[m\x1b[K]\n'}
[0.423024] (CommunicationCenter) StderrLine: {'line': b'   65 |   DMCANMsg *ctrl_torque(uint8_t motor_id, \x1b[01;35m\x1b[Kfloat torque\x1b[m\x1b[K) override {\n'}
[0.423075] (CommunicationCenter) StderrLine: {'line': b'      |                                           \x1b[01;35m\x1b[K~~~~~~^~~~~~\x1b[m\x1b[K\n'}
[0.423133] (CommunicationCenter) StderrLine: {'line': b'\x1b[01m\x1b[K/home/albusgive/rlfw/rlfw_deploy/src/CommunicationCenter/motor_driver/DMMotor.h:\x1b[m\x1b[K In member function \xe2\x80\x98\x1b[01m\x1b[Kvirtual DMCANMsg* DMMotor::\x1b[01;32m\x1b[KsetPosKP\x1b[m\x1b[K(uint8_t, float)\x1b[m\x1b[K\xe2\x80\x99:\n'}
[0.423192] (CommunicationCenter) StderrLine: {'line': b'\x1b[01m\x1b[K/home/albusgive/rlfw/rlfw_deploy/src/CommunicationCenter/motor_driver/DMMotor.h:70:30:\x1b[m\x1b[K \x1b[01;35m\x1b[Kwarning: \x1b[m\x1b[Kunused parameter \xe2\x80\x98\x1b[01m\x1b[Kmotor_id\x1b[m\x1b[K\xe2\x80\x99 [\x1b[01;35m\x1b[K\x1b]8;;https://gcc.gnu.org/onlinedocs/gcc/Warning-Options.html#index-Wunused-parameter\x07-Wunused-parameter\x1b]8;;\x07\x1b[m\x1b[K]\n'}
[0.423253] (CommunicationCenter) StderrLine: {'line': b'   70 |   DMCANMsg *setPosKP(\x1b[01;35m\x1b[Kuint8_t motor_id\x1b[m\x1b[K, float kp) override { return nullptr; };\n'}
[0.423443] (CommunicationCenter) StderrLine: {'line': b'      |                      \x1b[01;35m\x1b[K~~~~~~~~^~~~~~~~\x1b[m\x1b[K\n'}
[0.423621] (CommunicationCenter) StderrLine: {'line': b'\x1b[01m\x1b[K/home/albusgive/rlfw/rlfw_deploy/src/CommunicationCenter/motor_driver/DMMotor.h:70:46:\x1b[m\x1b[K \x1b[01;35m\x1b[Kwarning: \x1b[m\x1b[Kunused parameter \xe2\x80\x98\x1b[01m\x1b[Kkp\x1b[m\x1b[K\xe2\x80\x99 [\x1b[01;35m\x1b[K\x1b]8;;https://gcc.gnu.org/onlinedocs/gcc/Warning-Options.html#index-Wunused-parameter\x07-Wunused-parameter\x1b]8;;\x07\x1b[m\x1b[K]\n'}
[0.423677] (CommunicationCenter) StderrLine: {'line': b'   70 |   DMCANMsg *setPosKP(uint8_t motor_id, \x1b[01;35m\x1b[Kfloat kp\x1b[m\x1b[K) override { return nullptr; };\n'}
[0.423732] (CommunicationCenter) StderrLine: {'line': b'      |                                        \x1b[01;35m\x1b[K~~~~~~^~\x1b[m\x1b[K\n'}
[0.423785] (CommunicationCenter) StderrLine: {'line': b'\x1b[01m\x1b[K/home/albusgive/rlfw/rlfw_deploy/src/CommunicationCenter/motor_driver/DMMotor.h:\x1b[m\x1b[K In member function \xe2\x80\x98\x1b[01m\x1b[Kvirtual DMCANMsg* DMMotor::\x1b[01;32m\x1b[KsetPosKD\x1b[m\x1b[K(uint8_t, float)\x1b[m\x1b[K\xe2\x80\x99:\n'}
[0.423840] (CommunicationCenter) StderrLine: {'line': b'\x1b[01m\x1b[K/home/albusgive/rlfw/rlfw_deploy/src/CommunicationCenter/motor_driver/DMMotor.h:71:30:\x1b[m\x1b[K \x1b[01;35m\x1b[Kwarning: \x1b[m\x1b[Kunused parameter \xe2\x80\x98\x1b[01m\x1b[Kmotor_id\x1b[m\x1b[K\xe2\x80\x99 [\x1b[01;35m\x1b[K\x1b]8;;https://gcc.gnu.org/onlinedocs/gcc/Warning-Options.html#index-Wunused-parameter\x07-Wunused-parameter\x1b]8;;\x07\x1b[m\x1b[K]\n'}
[0.423894] (CommunicationCenter) StderrLine: {'line': b'   71 |   DMCANMsg *setPosKD(\x1b[01;35m\x1b[Kuint8_t motor_id\x1b[m\x1b[K, float kd) override { return nullptr; };\n'}
[0.423947] (CommunicationCenter) StderrLine: {'line': b'      |                      \x1b[01;35m\x1b[K~~~~~~~~^~~~~~~~\x1b[m\x1b[K\n'}
[0.423999] (CommunicationCenter) StderrLine: {'line': b'\x1b[01m\x1b[K/home/albusgive/rlfw/rlfw_deploy/src/CommunicationCenter/motor_driver/DMMotor.h:71:46:\x1b[m\x1b[K \x1b[01;35m\x1b[Kwarning: \x1b[m\x1b[Kunused parameter \xe2\x80\x98\x1b[01m\x1b[Kkd\x1b[m\x1b[K\xe2\x80\x99 [\x1b[01;35m\x1b[K\x1b]8;;https://gcc.gnu.org/onlinedocs/gcc/Warning-Options.html#index-Wunused-parameter\x07-Wunused-parameter\x1b]8;;\x07\x1b[m\x1b[K]\n'}
[0.424059] (CommunicationCenter) StderrLine: {'line': b'   71 |   DMCANMsg *setPosKD(uint8_t motor_id, \x1b[01;35m\x1b[Kfloat kd\x1b[m\x1b[K) override { return nullptr; };\n'}
[0.424110] (CommunicationCenter) StderrLine: {'line': b'      |                                        \x1b[01;35m\x1b[K~~~~~~^~\x1b[m\x1b[K\n'}
[0.424161] (CommunicationCenter) StderrLine: {'line': b'\x1b[01m\x1b[K/home/albusgive/rlfw/rlfw_deploy/src/CommunicationCenter/motor_driver/DMMotor.h:\x1b[m\x1b[K In member function \xe2\x80\x98\x1b[01m\x1b[Kvirtual DMCANMsg* DMMotor::\x1b[01;32m\x1b[KsetVelKP\x1b[m\x1b[K(uint8_t, float)\x1b[m\x1b[K\xe2\x80\x99:\n'}
[0.424216] (CommunicationCenter) StderrLine: {'line': b'\x1b[01m\x1b[K/home/albusgive/rlfw/rlfw_deploy/src/CommunicationCenter/motor_driver/DMMotor.h:73:30:\x1b[m\x1b[K \x1b[01;35m\x1b[Kwarning: \x1b[m\x1b[Kunused parameter \xe2\x80\x98\x1b[01m\x1b[Kmotor_id\x1b[m\x1b[K\xe2\x80\x99 [\x1b[01;35m\x1b[K\x1b]8;;https://gcc.gnu.org/onlinedocs/gcc/Warning-Options.html#index-Wunused-parameter\x07-Wunused-parameter\x1b]8;;\x07\x1b[m\x1b[K]\n'}
[0.424289] (CommunicationCenter) StderrLine: {'line': b'   73 |   DMCANMsg *setVelKP(\x1b[01;35m\x1b[Kuint8_t motor_id\x1b[m\x1b[K, float kp) override { return nullptr; };\n'}
[0.424353] (CommunicationCenter) StderrLine: {'line': b'      |                      \x1b[01;35m\x1b[K~~~~~~~~^~~~~~~~\x1b[m\x1b[K\n'}
[0.424408] (CommunicationCenter) StderrLine: {'line': b'\x1b[01m\x1b[K/home/albusgive/rlfw/rlfw_deploy/src/CommunicationCenter/motor_driver/DMMotor.h:73:46:\x1b[m\x1b[K \x1b[01;35m\x1b[Kwarning: \x1b[m\x1b[Kunused parameter \xe2\x80\x98\x1b[01m\x1b[Kkp\x1b[m\x1b[K\xe2\x80\x99 [\x1b[01;35m\x1b[K\x1b]8;;https://gcc.gnu.org/onlinedocs/gcc/Warning-Options.html#index-Wunused-parameter\x07-Wunused-parameter\x1b]8;;\x07\x1b[m\x1b[K]\n'}
[0.424465] (CommunicationCenter) StderrLine: {'line': b'   73 |   DMCANMsg *setVelKP(uint8_t motor_id, \x1b[01;35m\x1b[Kfloat kp\x1b[m\x1b[K) override { return nullptr; };\n'}
[0.424516] (CommunicationCenter) StderrLine: {'line': b'      |                                        \x1b[01;35m\x1b[K~~~~~~^~\x1b[m\x1b[K\n'}
[0.424567] (CommunicationCenter) StderrLine: {'line': b'\x1b[01m\x1b[K/home/albusgive/rlfw/rlfw_deploy/src/CommunicationCenter/motor_driver/DMMotor.h:\x1b[m\x1b[K In member function \xe2\x80\x98\x1b[01m\x1b[Kvirtual DMCANMsg* DMMotor::\x1b[01;32m\x1b[KsetVelKI\x1b[m\x1b[K(uint8_t, float)\x1b[m\x1b[K\xe2\x80\x99:\n'}
[0.424620] (CommunicationCenter) StderrLine: {'line': b'\x1b[01m\x1b[K/home/albusgive/rlfw/rlfw_deploy/src/CommunicationCenter/motor_driver/DMMotor.h:74:30:\x1b[m\x1b[K \x1b[01;35m\x1b[Kwarning: \x1b[m\x1b[Kunused parameter \xe2\x80\x98\x1b[01m\x1b[Kmotor_id\x1b[m\x1b[K\xe2\x80\x99 [\x1b[01;35m\x1b[K\x1b]8;;https://gcc.gnu.org/onlinedocs/gcc/Warning-Options.html#index-Wunused-parameter\x07-Wunused-parameter\x1b]8;;\x07\x1b[m\x1b[K]\n'}
[0.424680] (CommunicationCenter) StderrLine: {'line': b'   74 |   DMCANMsg *setVelKI(\x1b[01;35m\x1b[Kuint8_t motor_id\x1b[m\x1b[K, float ki) override { return nullptr; };\n'}
[0.424732] (CommunicationCenter) StderrLine: {'line': b'      |                      \x1b[01;35m\x1b[K~~~~~~~~^~~~~~~~\x1b[m\x1b[K\n'}
[0.424786] (CommunicationCenter) StderrLine: {'line': b'\x1b[01m\x1b[K/home/albusgive/rlfw/rlfw_deploy/src/CommunicationCenter/motor_driver/DMMotor.h:74:46:\x1b[m\x1b[K \x1b[01;35m\x1b[Kwarning: \x1b[m\x1b[Kunused parameter \xe2\x80\x98\x1b[01m\x1b[Kki\x1b[m\x1b[K\xe2\x80\x99 [\x1b[01;35m\x1b[K\x1b]8;;https://gcc.gnu.org/onlinedocs/gcc/Warning-Options.html#index-Wunused-parameter\x07-Wunused-parameter\x1b]8;;\x07\x1b[m\x1b[K]\n'}
[0.424840] (CommunicationCenter) StderrLine: {'line': b'   74 |   DMCANMsg *setVelKI(uint8_t motor_id, \x1b[01;35m\x1b[Kfloat ki\x1b[m\x1b[K) override { return nullptr; };\n'}
[0.424892] (CommunicationCenter) StderrLine: {'line': b'      |                                        \x1b[01;35m\x1b[K~~~~~~^~\x1b[m\x1b[K\n'}
[0.424949] (CommunicationCenter) StderrLine: {'line': b'\x1b[01m\x1b[K/home/albusgive/rlfw/rlfw_deploy/src/CommunicationCenter/motor_driver/DMMotor.h:\x1b[m\x1b[K In member function \xe2\x80\x98\x1b[01m\x1b[Kvirtual DMCANMsg* DMMotor::\x1b[01;32m\x1b[KsetTorqueKP\x1b[m\x1b[K(uint8_t, float)\x1b[m\x1b[K\xe2\x80\x99:\n'}
[0.425008] (CommunicationCenter) StderrLine: {'line': b'\x1b[01m\x1b[K/home/albusgive/rlfw/rlfw_deploy/src/CommunicationCenter/motor_driver/DMMotor.h:76:33:\x1b[m\x1b[K \x1b[01;35m\x1b[Kwarning: \x1b[m\x1b[Kunused parameter \xe2\x80\x98\x1b[01m\x1b[Kmotor_id\x1b[m\x1b[K\xe2\x80\x99 [\x1b[01;35m\x1b[K\x1b]8;;https://gcc.gnu.org/onlinedocs/gcc/Warning-Options.html#index-Wunused-parameter\x07-Wunused-parameter\x1b]8;;\x07\x1b[m\x1b[K]\n'}
[0.425060] (CommunicationCenter) StderrLine: {'line': b'   76 |   DMCANMsg *setTorqueKP(\x1b[01;35m\x1b[Kuint8_t motor_id\x1b[m\x1b[K, float kp) override {\n'}
[0.425113] (CommunicationCenter) StderrLine: {'line': b'      |                         \x1b[01;35m\x1b[K~~~~~~~~^~~~~~~~\x1b[m\x1b[K\n'}
[0.425167] (CommunicationCenter) StderrLine: {'line': b'\x1b[01m\x1b[K/home/albusgive/rlfw/rlfw_deploy/src/CommunicationCenter/motor_driver/DMMotor.h:76:49:\x1b[m\x1b[K \x1b[01;35m\x1b[Kwarning: \x1b[m\x1b[Kunused parameter \xe2\x80\x98\x1b[01m\x1b[Kkp\x1b[m\x1b[K\xe2\x80\x99 [\x1b[01;35m\x1b[K\x1b]8;;https://gcc.gnu.org/onlinedocs/gcc/Warning-Options.html#index-Wunused-parameter\x07-Wunused-parameter\x1b]8;;\x07\x1b[m\x1b[K]\n'}
[0.425257] (CommunicationCenter) StderrLine: {'line': b'   76 |   DMCANMsg *setTorqueKP(uint8_t motor_id, \x1b[01;35m\x1b[Kfloat kp\x1b[m\x1b[K) override {\n'}
[0.425309] (CommunicationCenter) StderrLine: {'line': b'      |                                           \x1b[01;35m\x1b[K~~~~~~^~\x1b[m\x1b[K\n'}
[0.425372] (CommunicationCenter) StderrLine: {'line': b'\x1b[01m\x1b[K/home/albusgive/rlfw/rlfw_deploy/src/CommunicationCenter/motor_driver/DMMotor.h:\x1b[m\x1b[K In member function \xe2\x80\x98\x1b[01m\x1b[Kvirtual DMCANMsg* DMMotor::\x1b[01;32m\x1b[KsetTorqueKI\x1b[m\x1b[K(uint8_t, float)\x1b[m\x1b[K\xe2\x80\x99:\n'}
[0.425427] (CommunicationCenter) StderrLine: {'line': b'\x1b[01m\x1b[K/home/albusgive/rlfw/rlfw_deploy/src/CommunicationCenter/motor_driver/DMMotor.h:79:33:\x1b[m\x1b[K \x1b[01;35m\x1b[Kwarning: \x1b[m\x1b[Kunused parameter \xe2\x80\x98\x1b[01m\x1b[Kmotor_id\x1b[m\x1b[K\xe2\x80\x99 [\x1b[01;35m\x1b[K\x1b]8;;https://gcc.gnu.org/onlinedocs/gcc/Warning-Options.html#index-Wunused-parameter\x07-Wunused-parameter\x1b]8;;\x07\x1b[m\x1b[K]\n'}
[0.425480] (CommunicationCenter) StderrLine: {'line': b'   79 |   DMCANMsg *setTorqueKI(\x1b[01;35m\x1b[Kuint8_t motor_id\x1b[m\x1b[K, float ki) override {\n'}
[0.425533] (CommunicationCenter) StderrLine: {'line': b'      |                         \x1b[01;35m\x1b[K~~~~~~~~^~~~~~~~\x1b[m\x1b[K\n'}
[0.425585] (CommunicationCenter) StderrLine: {'line': b'\x1b[01m\x1b[K/home/albusgive/rlfw/rlfw_deploy/src/CommunicationCenter/motor_driver/DMMotor.h:79:49:\x1b[m\x1b[K \x1b[01;35m\x1b[Kwarning: \x1b[m\x1b[Kunused parameter \xe2\x80\x98\x1b[01m\x1b[Kki\x1b[m\x1b[K\xe2\x80\x99 [\x1b[01;35m\x1b[K\x1b]8;;https://gcc.gnu.org/onlinedocs/gcc/Warning-Options.html#index-Wunused-parameter\x07-Wunused-parameter\x1b]8;;\x07\x1b[m\x1b[K]\n'}
[0.425640] (CommunicationCenter) StderrLine: {'line': b'   79 |   DMCANMsg *setTorqueKI(uint8_t motor_id, \x1b[01;35m\x1b[Kfloat ki\x1b[m\x1b[K) override {\n'}
[0.425692] (CommunicationCenter) StderrLine: {'line': b'      |                                           \x1b[01;35m\x1b[K~~~~~~^~\x1b[m\x1b[K\n'}
[0.425745] (CommunicationCenter) StderrLine: {'line': b'\x1b[01m\x1b[K/home/albusgive/rlfw/rlfw_deploy/src/CommunicationCenter/motor_driver/DMMotor.h:\x1b[m\x1b[K In member function \xe2\x80\x98\x1b[01m\x1b[Kvirtual DMCANMsg* DMMotor::\x1b[01;32m\x1b[KsetSafeTorque\x1b[m\x1b[K(uint8_t, float)\x1b[m\x1b[K\xe2\x80\x99:\n'}
[0.425800] (CommunicationCenter) StderrLine: {'line': b'\x1b[01m\x1b[K/home/albusgive/rlfw/rlfw_deploy/src/CommunicationCenter/motor_driver/DMMotor.h:83:35:\x1b[m\x1b[K \x1b[01;35m\x1b[Kwarning: \x1b[m\x1b[Kunused parameter \xe2\x80\x98\x1b[01m\x1b[Kmotor_id\x1b[m\x1b[K\xe2\x80\x99 [\x1b[01;35m\x1b[K\x1b]8;;https://gcc.gnu.org/onlinedocs/gcc/Warning-Options.html#index-Wunused-parameter\x07-Wunused-parameter\x1b]8;;\x07\x1b[m\x1b[K]\n'}
[0.425854] (CommunicationCenter) StderrLine: {'line': b'   83 |   DMCANMsg *setSafeTorque(\x1b[01;35m\x1b[Kuint8_t motor_id\x1b[m\x1b[K, float torque) override {\n'}
[0.425906] (CommunicationCenter) StderrLine: {'line': b'      |                           \x1b[01;35m\x1b[K~~~~~~~~^~~~~~~~\x1b[m\x1b[K\n'}
[0.425959] (CommunicationCenter) StderrLine: {'line': b'\x1b[01m\x1b[K/home/albusgive/rlfw/rlfw_deploy/src/CommunicationCenter/motor_driver/DMMotor.h:83:51:\x1b[m\x1b[K \x1b[01;35m\x1b[Kwarning: \x1b[m\x1b[Kunused parameter \xe2\x80\x98\x1b[01m\x1b[Ktorque\x1b[m\x1b[K\xe2\x80\x99 [\x1b[01;35m\x1b[K\x1b]8;;https://gcc.gnu.org/onlinedocs/gcc/Warning-Options.html#index-Wunused-parameter\x07-Wunused-parameter\x1b]8;;\x07\x1b[m\x1b[K]\n'}
[0.426016] (CommunicationCenter) StderrLine: {'line': b'   83 |   DMCANMsg *setSafeTorque(uint8_t motor_id, \x1b[01;35m\x1b[Kfloat torque\x1b[m\x1b[K) override {\n'}
[0.426071] (CommunicationCenter) StderrLine: {'line': b'      |                                             \x1b[01;35m\x1b[K~~~~~~^~~~~~\x1b[m\x1b[K\n'}
[0.426123] (CommunicationCenter) StderrLine: {'line': b'\x1b[01m\x1b[K/home/albusgive/rlfw/rlfw_deploy/src/CommunicationCenter/motor_driver/DMMotor.h:\x1b[m\x1b[K In member function \xe2\x80\x98\x1b[01m\x1b[Kvirtual DMCANMsg* DMMotor::\x1b[01;32m\x1b[KsetSafePos\x1b[m\x1b[K(uint8_t, float)\x1b[m\x1b[K\xe2\x80\x99:\n'}
[0.426179] (CommunicationCenter) StderrLine: {'line': b'\x1b[01m\x1b[K/home/albusgive/rlfw/rlfw_deploy/src/CommunicationCenter/motor_driver/DMMotor.h:86:32:\x1b[m\x1b[K \x1b[01;35m\x1b[Kwarning: \x1b[m\x1b[Kunused parameter \xe2\x80\x98\x1b[01m\x1b[Kmotor_id\x1b[m\x1b[K\xe2\x80\x99 [\x1b[01;35m\x1b[K\x1b]8;;https://gcc.gnu.org/onlinedocs/gcc/Warning-Options.html#index-Wunused-parameter\x07-Wunused-parameter\x1b]8;;\x07\x1b[m\x1b[K]\n'}
[0.426233] (CommunicationCenter) StderrLine: {'line': b'   86 |   DMCANMsg *setSafePos(\x1b[01;35m\x1b[Kuint8_t motor_id\x1b[m\x1b[K, float pos) override {\n'}
[0.426286] (CommunicationCenter) StderrLine: {'line': b'      |                        \x1b[01;35m\x1b[K~~~~~~~~^~~~~~~~\x1b[m\x1b[K\n'}
[0.426345] (CommunicationCenter) StderrLine: {'line': b'\x1b[01m\x1b[K/home/albusgive/rlfw/rlfw_deploy/src/CommunicationCenter/motor_driver/DMMotor.h:86:48:\x1b[m\x1b[K \x1b[01;35m\x1b[Kwarning: \x1b[m\x1b[Kunused parameter \xe2\x80\x98\x1b[01m\x1b[Kpos\x1b[m\x1b[K\xe2\x80\x99 [\x1b[01;35m\x1b[K\x1b]8;;https://gcc.gnu.org/onlinedocs/gcc/Warning-Options.html#index-Wunused-parameter\x07-Wunused-parameter\x1b]8;;\x07\x1b[m\x1b[K]\n'}
[0.426406] (CommunicationCenter) StderrLine: {'line': b'   86 |   DMCANMsg *setSafePos(uint8_t motor_id, \x1b[01;35m\x1b[Kfloat pos\x1b[m\x1b[K) override {\n'}
[0.426460] (CommunicationCenter) StderrLine: {'line': b'      |                                          \x1b[01;35m\x1b[K~~~~~~^~~\x1b[m\x1b[K\n'}
[0.426514] (CommunicationCenter) StderrLine: {'line': b'\x1b[01m\x1b[K/home/albusgive/rlfw/rlfw_deploy/src/CommunicationCenter/motor_driver/DMMotor.h:\x1b[m\x1b[K In member function \xe2\x80\x98\x1b[01m\x1b[Kvirtual DMCANMsg* DMMotor::\x1b[01;32m\x1b[KsetSafeVel\x1b[m\x1b[K(uint8_t, float)\x1b[m\x1b[K\xe2\x80\x99:\n'}
[0.426568] (CommunicationCenter) StderrLine: {'line': b'\x1b[01m\x1b[K/home/albusgive/rlfw/rlfw_deploy/src/CommunicationCenter/motor_driver/DMMotor.h:89:32:\x1b[m\x1b[K \x1b[01;35m\x1b[Kwarning: \x1b[m\x1b[Kunused parameter \xe2\x80\x98\x1b[01m\x1b[Kmotor_id\x1b[m\x1b[K\xe2\x80\x99 [\x1b[01;35m\x1b[K\x1b]8;;https://gcc.gnu.org/onlinedocs/gcc/Warning-Options.html#index-Wunused-parameter\x07-Wunused-parameter\x1b]8;;\x07\x1b[m\x1b[K]\n'}
[0.426626] (CommunicationCenter) StderrLine: {'line': b'   89 |   DMCANMsg *setSafeVel(\x1b[01;35m\x1b[Kuint8_t motor_id\x1b[m\x1b[K, float vel) override {\n'}
[0.426679] (CommunicationCenter) StderrLine: {'line': b'      |                        \x1b[01;35m\x1b[K~~~~~~~~^~~~~~~~\x1b[m\x1b[K\n'}
[0.426735] (CommunicationCenter) StderrLine: {'line': b'\x1b[01m\x1b[K/home/albusgive/rlfw/rlfw_deploy/src/CommunicationCenter/motor_driver/DMMotor.h:89:48:\x1b[m\x1b[K \x1b[01;35m\x1b[Kwarning: \x1b[m\x1b[Kunused parameter \xe2\x80\x98\x1b[01m\x1b[Kvel\x1b[m\x1b[K\xe2\x80\x99 [\x1b[01;35m\x1b[K\x1b]8;;https://gcc.gnu.org/onlinedocs/gcc/Warning-Options.html#index-Wunused-parameter\x07-Wunused-parameter\x1b]8;;\x07\x1b[m\x1b[K]\n'}
[0.426790] (CommunicationCenter) StderrLine: {'line': b'   89 |   DMCANMsg *setSafeVel(uint8_t motor_id, \x1b[01;35m\x1b[Kfloat vel\x1b[m\x1b[K) override {\n'}
[0.426844] (CommunicationCenter) StderrLine: {'line': b'      |                                          \x1b[01;35m\x1b[K~~~~~~^~~\x1b[m\x1b[K\n'}
[0.426895] (CommunicationCenter) StderrLine: {'line': b'\x1b[01m\x1b[K/home/albusgive/rlfw/rlfw_deploy/src/CommunicationCenter/motor_driver/MiMotor.cpp:\x1b[m\x1b[K In member function \xe2\x80\x98\x1b[01m\x1b[Kvirtual MiCANMsg* MiMotor::\x1b[01;32m\x1b[KsetCtrlType\x1b[m\x1b[K(uint8_t)\x1b[m\x1b[K\xe2\x80\x99:\n'}
[0.426987] (CommunicationCenter) StderrLine: {'line': b'\x1b[01m\x1b[K/home/albusgive/rlfw/rlfw_deploy/src/CommunicationCenter/motor_driver/MiMotor.cpp:174:10:\x1b[m\x1b[K \x1b[01;35m\x1b[Kwarning: \x1b[m\x1b[Kenumeration value \xe2\x80\x98\x1b[01m\x1b[KDISABLE\x1b[m\x1b[K\xe2\x80\x99 not handled in switch [\x1b[01;35m\x1b[K\x1b]8;;https://gcc.gnu.org/onlinedocs/gcc/Warning-Options.html#index-Wswitch\x07-Wswitch\x1b]8;;\x07\x1b[m\x1b[K]\n'}
[0.427045] (CommunicationCenter) StderrLine: {'line': b'  174 |   switch \x1b[01;35m\x1b[K(\x1b[m\x1b[Kctrl_type) {\n'}
[0.427099] (CommunicationCenter) StderrLine: {'line': b'      |          \x1b[01;35m\x1b[K^\x1b[m\x1b[K\n'}
[0.427151] (CommunicationCenter) StderrLine: {'line': b'\x1b[01m\x1b[K/home/albusgive/rlfw/rlfw_deploy/src/CommunicationCenter/motor_driver/MiMotor.cpp:174:10:\x1b[m\x1b[K \x1b[01;35m\x1b[Kwarning: \x1b[m\x1b[Kenumeration value \xe2\x80\x98\x1b[01m\x1b[KSETZERO\x1b[m\x1b[K\xe2\x80\x99 not handled in switch [\x1b[01;35m\x1b[K\x1b]8;;https://gcc.gnu.org/onlinedocs/gcc/Warning-Options.html#index-Wswitch\x07-Wswitch\x1b]8;;\x07\x1b[m\x1b[K]\n'}
[0.427208] (CommunicationCenter) StderrLine: {'line': b'In file included from \x1b[01m\x1b[K/home/albusgive/rlfw/rlfw_deploy/src/CommunicationCenter/motor_driver/STWMotor.h:4\x1b[m\x1b[K,\n'}
[0.427261] (CommunicationCenter) StderrLine: {'line': b'                 from \x1b[01m\x1b[K/home/albusgive/rlfw/rlfw_deploy/src/CommunicationCenter/motor_driver/STWMotor.cpp:1\x1b[m\x1b[K:\n'}
[0.427313] (CommunicationCenter) StderrLine: {'line': b'\x1b[01m\x1b[K/home/albusgive/rlfw/rlfw_deploy/src/CommunicationCenter/motor_driver/Motor.hpp:276:13:\x1b[m\x1b[K \x1b[01;35m\x1b[Kwarning: \x1b[m\x1b[K\xe2\x80\x98\x1b[01m\x1b[Kvirtual MotorBack CANMotor::\x1b[01;32m\x1b[Kdecode\x1b[m\x1b[K()\x1b[m\x1b[K\xe2\x80\x99 was hidden [\x1b[01;35m\x1b[K\x1b]8;;https://gcc.gnu.org/onlinedocs/gcc/Warning-Options.html#index-Woverloaded-virtual=\x07-Woverloaded-virtual=\x1b]8;;\x07\x1b[m\x1b[K]\n'}
[0.427376] (CommunicationCenter) StderrLine: {'line': b'  276 |   MotorBack \x1b[01;35m\x1b[Kdecode\x1b[m\x1b[K() override { return MotorBack(); };\n'}
[0.427430] (CommunicationCenter) StderrLine: {'line': b'      |             \x1b[01;35m\x1b[K^~~~~~\x1b[m\x1b[K\n'}
[0.427483] (CommunicationCenter) StderrLine: {'line': b'\x1b[01m\x1b[K/home/albusgive/rlfw/rlfw_deploy/src/CommunicationCenter/motor_driver/STWMotor.h:69:13:\x1b[m\x1b[K \x1b[01;36m\x1b[Knote: \x1b[m\x1b[K  by \xe2\x80\x98\x1b[01m\x1b[Kvirtual MotorBack STWMotor::\x1b[01;32m\x1b[Kdecode\x1b[m\x1b[K(CANMSG)\x1b[m\x1b[K\xe2\x80\x99\n'}
[0.427536] (CommunicationCenter) StderrLine: {'line': b'   69 |   MotorBack \x1b[01;36m\x1b[Kdecode\x1b[m\x1b[K(CANMSG msg) override;\n'}
[0.427588] (CommunicationCenter) StderrLine: {'line': b'      |             \x1b[01;36m\x1b[K^~~~~~\x1b[m\x1b[K\n'}
[0.427640] (CommunicationCenter) StderrLine: {'line': b'\x1b[01m\x1b[K/home/albusgive/rlfw/rlfw_deploy/src/CommunicationCenter/motor_driver/Motor.hpp:275:13:\x1b[m\x1b[K \x1b[01;35m\x1b[Kwarning: \x1b[m\x1b[K\xe2\x80\x98\x1b[01m\x1b[Kvirtual MotorBack CANMotor::\x1b[01;32m\x1b[Kdecode\x1b[m\x1b[K(UnitreeMsg)\x1b[m\x1b[K\xe2\x80\x99 was hidden [\x1b[01;35m\x1b[K\x1b]8;;https://gcc.gnu.org/onlinedocs/gcc/Warning-Options.html#index-Woverloaded-virtual=\x07-Woverloaded-virtual=\x1b]8;;\x07\x1b[m\x1b[K]\n'}
[0.427697] (CommunicationCenter) StderrLine: {'line': b'  275 |   MotorBack \x1b[01;35m\x1b[Kdecode\x1b[m\x1b[K(UnitreeMsg /*msg*/) override { return MotorBack(); };\n'}
[0.427749] (CommunicationCenter) StderrLine: {'line': b'      |             \x1b[01;35m\x1b[K^~~~~~\x1b[m\x1b[K\n'}
[0.427800] (CommunicationCenter) StderrLine: {'line': b'\x1b[01m\x1b[K/home/albusgive/rlfw/rlfw_deploy/src/CommunicationCenter/motor_driver/STWMotor.h:69:13:\x1b[m\x1b[K \x1b[01;36m\x1b[Knote: \x1b[m\x1b[K  by \xe2\x80\x98\x1b[01m\x1b[Kvirtual MotorBack STWMotor::\x1b[01;32m\x1b[Kdecode\x1b[m\x1b[K(CANMSG)\x1b[m\x1b[K\xe2\x80\x99\n'}
[0.427852] (CommunicationCenter) StderrLine: {'line': b'   69 |   MotorBack \x1b[01;36m\x1b[Kdecode\x1b[m\x1b[K(CANMSG msg) override;\n'}
[0.427908] (CommunicationCenter) StderrLine: {'line': b'      |             \x1b[01;36m\x1b[K^~~~~~\x1b[m\x1b[K\n'}
[0.427959] (CommunicationCenter) StderrLine: {'line': b'\x1b[01m\x1b[K/home/albusgive/rlfw/rlfw_deploy/src/CommunicationCenter/motor_driver/STWMotor.h:\x1b[m\x1b[K In member function \xe2\x80\x98\x1b[01m\x1b[Kvirtual STWCANMsg* STWMotor::\x1b[01;32m\x1b[Kctrl_pos\x1b[m\x1b[K(uint8_t, float)\x1b[m\x1b[K\xe2\x80\x99:\n'}
[0.428011] (CommunicationCenter) StderrLine: {'line': b'\x1b[01m\x1b[K/home/albusgive/rlfw/rlfw_deploy/src/CommunicationCenter/motor_driver/STWMotor.h:76:31:\x1b[m\x1b[K \x1b[01;35m\x1b[Kwarning: \x1b[m\x1b[Kunused parameter \xe2\x80\x98\x1b[01m\x1b[Kmotor_id\x1b[m\x1b[K\xe2\x80\x99 [\x1b[01;35m\x1b[K\x1b]8;;https://gcc.gnu.org/onlinedocs/gcc/Warning-Options.html#index-Wunused-parameter\x07-Wunused-parameter\x1b]8;;\x07\x1b[m\x1b[K]\n'}
[0.428064] (CommunicationCenter) StderrLine: {'line': b'   76 |   STWCANMsg *ctrl_pos(\x1b[01;35m\x1b[Kuint8_t motor_id\x1b[m\x1b[K, float pos) override { return nullptr; };\n'}
[0.428115] (CommunicationCenter) StderrLine: {'line': b'      |                       \x1b[01;35m\x1b[K~~~~~~~~^~~~~~~~\x1b[m\x1b[K\n'}
[0.428167] (CommunicationCenter) StderrLine: {'line': b'\x1b[01m\x1b[K/home/albusgive/rlfw/rlfw_deploy/src/CommunicationCenter/motor_driver/STWMotor.h:76:47:\x1b[m\x1b[K \x1b[01;35m\x1b[Kwarning: \x1b[m\x1b[Kunused parameter \xe2\x80\x98\x1b[01m\x1b[Kpos\x1b[m\x1b[K\xe2\x80\x99 [\x1b[01;35m\x1b[K\x1b]8;;https://gcc.gnu.org/onlinedocs/gcc/Warning-Options.html#index-Wunused-parameter\x07-Wunused-parameter\x1b]8;;\x07\x1b[m\x1b[K]\n'}
[0.428220] (CommunicationCenter) StderrLine: {'line': b'   76 |   STWCANMsg *ctrl_pos(uint8_t motor_id, \x1b[01;35m\x1b[Kfloat pos\x1b[m\x1b[K) override { return nullptr; };\n'}
[0.428271] (CommunicationCenter) StderrLine: {'line': b'      |                                         \x1b[01;35m\x1b[K~~~~~~^~~\x1b[m\x1b[K\n'}
[0.428326] (CommunicationCenter) StderrLine: {'line': b'\x1b[01m\x1b[K/home/albusgive/rlfw/rlfw_deploy/src/CommunicationCenter/motor_driver/STWMotor.h:\x1b[m\x1b[K In member function \xe2\x80\x98\x1b[01m\x1b[Kvirtual STWCANMsg* STWMotor::\x1b[01;32m\x1b[Kctrl_vel\x1b[m\x1b[K(uint8_t, float)\x1b[m\x1b[K\xe2\x80\x99:\n'}
[0.428384] (CommunicationCenter) StderrLine: {'line': b'\x1b[01m\x1b[K/home/albusgive/rlfw/rlfw_deploy/src/CommunicationCenter/motor_driver/STWMotor.h:78:31:\x1b[m\x1b[K \x1b[01;35m\x1b[Kwarning: \x1b[m\x1b[Kunused parameter \xe2\x80\x98\x1b[01m\x1b[Kmotor_id\x1b[m\x1b[K\xe2\x80\x99 [\x1b[01;35m\x1b[K\x1b]8;;https://gcc.gnu.org/onlinedocs/gcc/Warning-Options.html#index-Wunused-parameter\x07-Wunused-parameter\x1b]8;;\x07\x1b[m\x1b[K]\n'}
[0.428438] (CommunicationCenter) StderrLine: {'line': b'   78 |   STWCANMsg *ctrl_vel(\x1b[01;35m\x1b[Kuint8_t motor_id\x1b[m\x1b[K, float vel) override { return nullptr; };\n'}
[0.428489] (CommunicationCenter) StderrLine: {'line': b'      |                       \x1b[01;35m\x1b[K~~~~~~~~^~~~~~~~\x1b[m\x1b[K\n'}
[0.428543] (CommunicationCenter) StderrLine: {'line': b'\x1b[01m\x1b[K/home/albusgive/rlfw/rlfw_deploy/src/CommunicationCenter/motor_driver/STWMotor.h:78:47:\x1b[m\x1b[K \x1b[01;35m\x1b[Kwarning: \x1b[m\x1b[Kunused parameter \xe2\x80\x98\x1b[01m\x1b[Kvel\x1b[m\x1b[K\xe2\x80\x99 [\x1b[01;35m\x1b[K\x1b]8;;https://gcc.gnu.org/onlinedocs/gcc/Warning-Options.html#index-Wunused-parameter\x07-Wunused-parameter\x1b]8;;\x07\x1b[m\x1b[K]\n'}
[0.428597] (CommunicationCenter) StderrLine: {'line': b'   78 |   STWCANMsg *ctrl_vel(uint8_t motor_id, \x1b[01;35m\x1b[Kfloat vel\x1b[m\x1b[K) override { return nullptr; };\n'}
[0.428649] (CommunicationCenter) StderrLine: {'line': b'      |                                         \x1b[01;35m\x1b[K~~~~~~^~~\x1b[m\x1b[K\n'}
[0.428699] (CommunicationCenter) StderrLine: {'line': b'\x1b[01m\x1b[K/home/albusgive/rlfw/rlfw_deploy/src/CommunicationCenter/motor_driver/STWMotor.h:\x1b[m\x1b[K In member function \xe2\x80\x98\x1b[01m\x1b[Kvirtual STWCANMsg* STWMotor::\x1b[01;32m\x1b[Kctrl_pos_vel\x1b[m\x1b[K(uint8_t, float, float)\x1b[m\x1b[K\xe2\x80\x99:\n'}
[0.428755] (CommunicationCenter) StderrLine: {'line': b'\x1b[01m\x1b[K/home/albusgive/rlfw/rlfw_deploy/src/CommunicationCenter/motor_driver/STWMotor.h:80:35:\x1b[m\x1b[K \x1b[01;35m\x1b[Kwarning: \x1b[m\x1b[Kunused parameter \xe2\x80\x98\x1b[01m\x1b[Kmotor_id\x1b[m\x1b[K\xe2\x80\x99 [\x1b[01;35m\x1b[K\x1b]8;;https://gcc.gnu.org/onlinedocs/gcc/Warning-Options.html#index-Wunused-parameter\x07-Wunused-parameter\x1b]8;;\x07\x1b[m\x1b[K]\n'}
[0.428808] (CommunicationCenter) StderrLine: {'line': b'   80 |   STWCANMsg *ctrl_pos_vel(\x1b[01;35m\x1b[Kuint8_t motor_id\x1b[m\x1b[K, float pos, float vel) override {\n'}
[0.428860] (CommunicationCenter) StderrLine: {'line': b'      |                           \x1b[01;35m\x1b[K~~~~~~~~^~~~~~~~\x1b[m\x1b[K\n'}
[0.428913] (CommunicationCenter) StderrLine: {'line': b'\x1b[01m\x1b[K/home/albusgive/rlfw/rlfw_deploy/src/CommunicationCenter/motor_driver/STWMotor.h:80:51:\x1b[m\x1b[K \x1b[01;35m\x1b[Kwarning: \x1b[m\x1b[Kunused parameter \xe2\x80\x98\x1b[01m\x1b[Kpos\x1b[m\x1b[K\xe2\x80\x99 [\x1b[01;35m\x1b[K\x1b]8;;https://gcc.gnu.org/onlinedocs/gcc/Warning-Options.html#index-Wunused-parameter\x07-Wunused-parameter\x1b]8;;\x07\x1b[m\x1b[K]\n'}
[0.428967] (CommunicationCenter) StderrLine: {'line': b'   80 |   STWCANMsg *ctrl_pos_vel(uint8_t motor_id, \x1b[01;35m\x1b[Kfloat pos\x1b[m\x1b[K, float vel) override {\n'}
[0.429021] (CommunicationCenter) StderrLine: {'line': b'      |                                             \x1b[01;35m\x1b[K~~~~~~^~~\x1b[m\x1b[K\n'}
[0.429073] (CommunicationCenter) StderrLine: {'line': b'\x1b[01m\x1b[K/home/albusgive/rlfw/rlfw_deploy/src/CommunicationCenter/motor_driver/STWMotor.h:80:62:\x1b[m\x1b[K \x1b[01;35m\x1b[Kwarning: \x1b[m\x1b[Kunused parameter \xe2\x80\x98\x1b[01m\x1b[Kvel\x1b[m\x1b[K\xe2\x80\x99 [\x1b[01;35m\x1b[K\x1b]8;;https://gcc.gnu.org/onlinedocs/gcc/Warning-Options.html#index-Wunused-parameter\x07-Wunused-parameter\x1b]8;;\x07\x1b[m\x1b[K]\n'}
[0.429126] (CommunicationCenter) StderrLine: {'line': b'   80 |   STWCANMsg *ctrl_pos_vel(uint8_t motor_id, float pos, \x1b[01;35m\x1b[Kfloat vel\x1b[m\x1b[K) override {\n'}
[0.429177] (CommunicationCenter) StderrLine: {'line': b'      |                                                        \x1b[01;35m\x1b[K~~~~~~^~~\x1b[m\x1b[K\n'}
[0.429228] (CommunicationCenter) StderrLine: {'line': b'\x1b[01m\x1b[K/home/albusgive/rlfw/rlfw_deploy/src/CommunicationCenter/motor_driver/STWMotor.h:\x1b[m\x1b[K In member function \xe2\x80\x98\x1b[01m\x1b[Kvirtual STWCANMsg* STWMotor::\x1b[01;32m\x1b[Kctrl_torque\x1b[m\x1b[K(uint8_t, float)\x1b[m\x1b[K\xe2\x80\x99:\n'}
[0.429286] (CommunicationCenter) StderrLine: {'line': b'\x1b[01m\x1b[K/home/albusgive/rlfw/rlfw_deploy/src/CommunicationCenter/motor_driver/STWMotor.h:84:34:\x1b[m\x1b[K \x1b[01;35m\x1b[Kwarning: \x1b[m\x1b[Kunused parameter \xe2\x80\x98\x1b[01m\x1b[Kmotor_id\x1b[m\x1b[K\xe2\x80\x99 [\x1b[01;35m\x1b[K\x1b]8;;https://gcc.gnu.org/onlinedocs/gcc/Warning-Options.html#index-Wunused-parameter\x07-Wunused-parameter\x1b]8;;\x07\x1b[m\x1b[K]\n'}
[0.429346] (CommunicationCenter) StderrLine: {'line': b'   84 |   STWCANMsg *ctrl_torque(\x1b[01;35m\x1b[Kuint8_t motor_id\x1b[m\x1b[K, float torque) override {\n'}
[0.429401] (CommunicationCenter) StderrLine: {'line': b'      |                          \x1b[01;35m\x1b[K~~~~~~~~^~~~~~~~\x1b[m\x1b[K\n'}
[0.429453] (CommunicationCenter) StderrLine: {'line': b'\x1b[01m\x1b[K/home/albusgive/rlfw/rlfw_deploy/src/CommunicationCenter/motor_driver/STWMotor.h:84:50:\x1b[m\x1b[K \x1b[01;35m\x1b[Kwarning: \x1b[m\x1b[Kunused parameter \xe2\x80\x98\x1b[01m\x1b[Ktorque\x1b[m\x1b[K\xe2\x80\x99 [\x1b[01;35m\x1b[K\x1b]8;;https://gcc.gnu.org/onlinedocs/gcc/Warning-Options.html#index-Wunused-parameter\x07-Wunused-parameter\x1b]8;;\x07\x1b[m\x1b[K]\n'}
[0.429506] (CommunicationCenter) StderrLine: {'line': b'   84 |   STWCANMsg *ctrl_torque(uint8_t motor_id, \x1b[01;35m\x1b[Kfloat torque\x1b[m\x1b[K) override {\n'}
[0.429558] (CommunicationCenter) StderrLine: {'line': b'      |                                            \x1b[01;35m\x1b[K~~~~~~^~~~~~\x1b[m\x1b[K\n'}
[0.429612] (CommunicationCenter) StderrLine: {'line': b'\x1b[01m\x1b[K/home/albusgive/rlfw/rlfw_deploy/src/CommunicationCenter/motor_driver/STWMotor.h:\x1b[m\x1b[K In member function \xe2\x80\x98\x1b[01m\x1b[Kvirtual STWCANMsg* STWMotor::\x1b[01;32m\x1b[KsetPosKP\x1b[m\x1b[K(uint8_t, float)\x1b[m\x1b[K\xe2\x80\x99:\n'}
[0.429664] (CommunicationCenter) StderrLine: {'line': b'\x1b[01m\x1b[K/home/albusgive/rlfw/rlfw_deploy/src/CommunicationCenter/motor_driver/STWMotor.h:90:31:\x1b[m\x1b[K \x1b[01;35m\x1b[Kwarning: \x1b[m\x1b[Kunused parameter \xe2\x80\x98\x1b[01m\x1b[Kmotor_id\x1b[m\x1b[K\xe2\x80\x99 [\x1b[01;35m\x1b[K\x1b]8;;https://gcc.gnu.org/onlinedocs/gcc/Warning-Options.html#index-Wunused-parameter\x07-Wunused-parameter\x1b]8;;\x07\x1b[m\x1b[K]\n'}
[0.429717] (CommunicationCenter) StderrLine: {'line': b'   90 |   STWCANMsg *setPosKP(\x1b[01;35m\x1b[Kuint8_t motor_id\x1b[m\x1b[K, float kp) override { return nullptr; };\n'}
[0.429771] (CommunicationCenter) StderrLine: {'line': b'      |                       \x1b[01;35m\x1b[K~~~~~~~~^~~~~~~~\x1b[m\x1b[K\n'}
[0.429822] (CommunicationCenter) StderrLine: {'line': b'\x1b[01m\x1b[K/home/albusgive/rlfw/rlfw_deploy/src/CommunicationCenter/motor_driver/STWMotor.h:90:47:\x1b[m\x1b[K \x1b[01;35m\x1b[Kwarning: \x1b[m\x1b[Kunused parameter \xe2\x80\x98\x1b[01m\x1b[Kkp\x1b[m\x1b[K\xe2\x80\x99 [\x1b[01;35m\x1b[K\x1b]8;;https://gcc.gnu.org/onlinedocs/gcc/Warning-Options.html#index-Wunused-parameter\x07-Wunused-parameter\x1b]8;;\x07\x1b[m\x1b[K]\n'}
[0.429875] (CommunicationCenter) StderrLine: {'line': b'   90 |   STWCANMsg *setPosKP(uint8_t motor_id, \x1b[01;35m\x1b[Kfloat kp\x1b[m\x1b[K) override { return nullptr; };\n'}
[0.429926] (CommunicationCenter) StderrLine: {'line': b'      |                                         \x1b[01;35m\x1b[K~~~~~~^~\x1b[m\x1b[K\n'}
[0.429977] (CommunicationCenter) StderrLine: {'line': b'\x1b[01m\x1b[K/home/albusgive/rlfw/rlfw_deploy/src/CommunicationCenter/motor_driver/STWMotor.h:\x1b[m\x1b[K In member function \xe2\x80\x98\x1b[01m\x1b[Kvirtual STWCANMsg* STWMotor::\x1b[01;32m\x1b[KsetPosKD\x1b[m\x1b[K(uint8_t, float)\x1b[m\x1b[K\xe2\x80\x99:\n'}
[0.430030] (CommunicationCenter) StderrLine: {'line': b'\x1b[01m\x1b[K/home/albusgive/rlfw/rlfw_deploy/src/CommunicationCenter/motor_driver/STWMotor.h:91:31:\x1b[m\x1b[K \x1b[01;35m\x1b[Kwarning: \x1b[m\x1b[Kunused parameter \xe2\x80\x98\x1b[01m\x1b[Kmotor_id\x1b[m\x1b[K\xe2\x80\x99 [\x1b[01;35m\x1b[K\x1b]8;;https://gcc.gnu.org/onlinedocs/gcc/Warning-Options.html#index-Wunused-parameter\x07-Wunused-parameter\x1b]8;;\x07\x1b[m\x1b[K]\n'}
[0.430083] (CommunicationCenter) StderrLine: {'line': b'   91 |   STWCANMsg *setPosKD(\x1b[01;35m\x1b[Kuint8_t motor_id\x1b[m\x1b[K, float kd) override { return nullptr; };\n'}
[0.430134] (CommunicationCenter) StderrLine: {'line': b'      |                       \x1b[01;35m\x1b[K~~~~~~~~^~~~~~~~\x1b[m\x1b[K\n'}
[0.430187] (CommunicationCenter) StderrLine: {'line': b'\x1b[01m\x1b[K/home/albusgive/rlfw/rlfw_deploy/src/CommunicationCenter/motor_driver/STWMotor.h:91:47:\x1b[m\x1b[K \x1b[01;35m\x1b[Kwarning: \x1b[m\x1b[Kunused parameter \xe2\x80\x98\x1b[01m\x1b[Kkd\x1b[m\x1b[K\xe2\x80\x99 [\x1b[01;35m\x1b[K\x1b]8;;https://gcc.gnu.org/onlinedocs/gcc/Warning-Options.html#index-Wunused-parameter\x07-Wunused-parameter\x1b]8;;\x07\x1b[m\x1b[K]\n'}
[0.430238] (CommunicationCenter) StderrLine: {'line': b'   91 |   STWCANMsg *setPosKD(uint8_t motor_id, \x1b[01;35m\x1b[Kfloat kd\x1b[m\x1b[K) override { return nullptr; };\n'}
[0.430289] (CommunicationCenter) StderrLine: {'line': b'      |                                         \x1b[01;35m\x1b[K~~~~~~^~\x1b[m\x1b[K\n'}
[0.430346] (CommunicationCenter) StderrLine: {'line': b'\x1b[01m\x1b[K/home/albusgive/rlfw/rlfw_deploy/src/CommunicationCenter/motor_driver/STWMotor.h:\x1b[m\x1b[K In member function \xe2\x80\x98\x1b[01m\x1b[Kvirtual STWCANMsg* STWMotor::\x1b[01;32m\x1b[KsetVelKP\x1b[m\x1b[K(uint8_t, float)\x1b[m\x1b[K\xe2\x80\x99:\n'}
[0.430405] (CommunicationCenter) StderrLine: {'line': b'\x1b[01m\x1b[K/home/albusgive/rlfw/rlfw_deploy/src/CommunicationCenter/motor_driver/STWMotor.h:93:31:\x1b[m\x1b[K \x1b[01;35m\x1b[Kwarning: \x1b[m\x1b[Kunused parameter \xe2\x80\x98\x1b[01m\x1b[Kmotor_id\x1b[m\x1b[K\xe2\x80\x99 [\x1b[01;35m\x1b[K\x1b]8;;https://gcc.gnu.org/onlinedocs/gcc/Warning-Options.html#index-Wunused-parameter\x07-Wunused-parameter\x1b]8;;\x07\x1b[m\x1b[K]\n'}
[0.430462] (CommunicationCenter) StderrLine: {'line': b'   93 |   STWCANMsg *setVelKP(\x1b[01;35m\x1b[Kuint8_t motor_id\x1b[m\x1b[K, float kp) override { return nullptr; };\n'}
[0.430513] (CommunicationCenter) StderrLine: {'line': b'      |                       \x1b[01;35m\x1b[K~~~~~~~~^~~~~~~~\x1b[m\x1b[K\n'}
[0.430567] (CommunicationCenter) StderrLine: {'line': b'\x1b[01m\x1b[K/home/albusgive/rlfw/rlfw_deploy/src/CommunicationCenter/motor_driver/STWMotor.h:93:47:\x1b[m\x1b[K \x1b[01;35m\x1b[Kwarning: \x1b[m\x1b[Kunused parameter \xe2\x80\x98\x1b[01m\x1b[Kkp\x1b[m\x1b[K\xe2\x80\x99 [\x1b[01;35m\x1b[K\x1b]8;;https://gcc.gnu.org/onlinedocs/gcc/Warning-Options.html#index-Wunused-parameter\x07-Wunused-parameter\x1b]8;;\x07\x1b[m\x1b[K]\n'}
[0.430620] (CommunicationCenter) StderrLine: {'line': b'   93 |   STWCANMsg *setVelKP(uint8_t motor_id, \x1b[01;35m\x1b[Kfloat kp\x1b[m\x1b[K) override { return nullptr; };\n'}
[0.430671] (CommunicationCenter) StderrLine: {'line': b'      |                                         \x1b[01;35m\x1b[K~~~~~~^~\x1b[m\x1b[K\n'}
[0.430723] (CommunicationCenter) StderrLine: {'line': b'\x1b[01m\x1b[K/home/albusgive/rlfw/rlfw_deploy/src/CommunicationCenter/motor_driver/STWMotor.h:\x1b[m\x1b[K In member function \xe2\x80\x98\x1b[01m\x1b[Kvirtual STWCANMsg* STWMotor::\x1b[01;32m\x1b[KsetVelKI\x1b[m\x1b[K(uint8_t, float)\x1b[m\x1b[K\xe2\x80\x99:\n'}
[0.430774] (CommunicationCenter) StderrLine: {'line': b'\x1b[01m\x1b[K/home/albusgive/rlfw/rlfw_deploy/src/CommunicationCenter/motor_driver/STWMotor.h:94:31:\x1b[m\x1b[K \x1b[01;35m\x1b[Kwarning: \x1b[m\x1b[Kunused parameter \xe2\x80\x98\x1b[01m\x1b[Kmotor_id\x1b[m\x1b[K\xe2\x80\x99 [\x1b[01;35m\x1b[K\x1b]8;;https://gcc.gnu.org/onlinedocs/gcc/Warning-Options.html#index-Wunused-parameter\x07-Wunused-parameter\x1b]8;;\x07\x1b[m\x1b[K]\n'}
[0.430827] (CommunicationCenter) StderrLine: {'line': b'   94 |   STWCANMsg *setVelKI(\x1b[01;35m\x1b[Kuint8_t motor_id\x1b[m\x1b[K, float ki) override { return nullptr; };\n'}
[0.430878] (CommunicationCenter) StderrLine: {'line': b'      |                       \x1b[01;35m\x1b[K~~~~~~~~^~~~~~~~\x1b[m\x1b[K\n'}
[0.430929] (CommunicationCenter) StderrLine: {'line': b'\x1b[01m\x1b[K/home/albusgive/rlfw/rlfw_deploy/src/CommunicationCenter/motor_driver/STWMotor.h:94:47:\x1b[m\x1b[K \x1b[01;35m\x1b[Kwarning: \x1b[m\x1b[Kunused parameter \xe2\x80\x98\x1b[01m\x1b[Kki\x1b[m\x1b[K\xe2\x80\x99 [\x1b[01;35m\x1b[K\x1b]8;;https://gcc.gnu.org/onlinedocs/gcc/Warning-Options.html#index-Wunused-parameter\x07-Wunused-parameter\x1b]8;;\x07\x1b[m\x1b[K]\n'}
[0.430983] (CommunicationCenter) StderrLine: {'line': b'   94 |   STWCANMsg *setVelKI(uint8_t motor_id, \x1b[01;35m\x1b[Kfloat ki\x1b[m\x1b[K) override { return nullptr; };\n'}
[0.431035] (CommunicationCenter) StderrLine: {'line': b'      |                                         \x1b[01;35m\x1b[K~~~~~~^~\x1b[m\x1b[K\n'}
[0.431085] (CommunicationCenter) StderrLine: {'line': b'\x1b[01m\x1b[K/home/albusgive/rlfw/rlfw_deploy/src/CommunicationCenter/motor_driver/STWMotor.h:\x1b[m\x1b[K In member function \xe2\x80\x98\x1b[01m\x1b[Kvirtual STWCANMsg* STWMotor::\x1b[01;32m\x1b[KsetTorqueKP\x1b[m\x1b[K(uint8_t, float)\x1b[m\x1b[K\xe2\x80\x99:\n'}
[0.431137] (CommunicationCenter) StderrLine: {'line': b'\x1b[01m\x1b[K/home/albusgive/rlfw/rlfw_deploy/src/CommunicationCenter/motor_driver/STWMotor.h:96:34:\x1b[m\x1b[K \x1b[01;35m\x1b[Kwarning: \x1b[m\x1b[Kunused parameter \xe2\x80\x98\x1b[01m\x1b[Kmotor_id\x1b[m\x1b[K\xe2\x80\x99 [\x1b[01;35m\x1b[K\x1b]8;;https://gcc.gnu.org/onlinedocs/gcc/Warning-Options.html#index-Wunused-parameter\x07-Wunused-parameter\x1b]8;;\x07\x1b[m\x1b[K]\n'}
[0.431192] (CommunicationCenter) StderrLine: {'line': b'   96 |   STWCANMsg *setTorqueKP(\x1b[01;35m\x1b[Kuint8_t motor_id\x1b[m\x1b[K, float kp) override {\n'}
[0.431243] (CommunicationCenter) StderrLine: {'line': b'      |                          \x1b[01;35m\x1b[K~~~~~~~~^~~~~~~~\x1b[m\x1b[K\n'}
[0.431295] (CommunicationCenter) StderrLine: {'line': b'\x1b[01m\x1b[K/home/albusgive/rlfw/rlfw_deploy/src/CommunicationCenter/motor_driver/STWMotor.h:96:50:\x1b[m\x1b[K \x1b[01;35m\x1b[Kwarning: \x1b[m\x1b[Kunused parameter \xe2\x80\x98\x1b[01m\x1b[Kkp\x1b[m\x1b[K\xe2\x80\x99 [\x1b[01;35m\x1b[K\x1b]8;;https://gcc.gnu.org/onlinedocs/gcc/Warning-Options.html#index-Wunused-parameter\x07-Wunused-parameter\x1b]8;;\x07\x1b[m\x1b[K]\n'}
[0.431360] (CommunicationCenter) StderrLine: {'line': b'   96 |   STWCANMsg *setTorqueKP(uint8_t motor_id, \x1b[01;35m\x1b[Kfloat kp\x1b[m\x1b[K) override {\n'}
[0.431412] (CommunicationCenter) StderrLine: {'line': b'      |                                            \x1b[01;35m\x1b[K~~~~~~^~\x1b[m\x1b[K\n'}
[0.431463] (CommunicationCenter) StderrLine: {'line': b'\x1b[01m\x1b[K/home/albusgive/rlfw/rlfw_deploy/src/CommunicationCenter/motor_driver/STWMotor.h:\x1b[m\x1b[K In member function \xe2\x80\x98\x1b[01m\x1b[Kvirtual STWCANMsg* STWMotor::\x1b[01;32m\x1b[KsetTorqueKI\x1b[m\x1b[K(uint8_t, float)\x1b[m\x1b[K\xe2\x80\x99:\n'}
[0.431515] (CommunicationCenter) StderrLine: {'line': b'\x1b[01m\x1b[K/home/albusgive/rlfw/rlfw_deploy/src/CommunicationCenter/motor_driver/STWMotor.h:99:34:\x1b[m\x1b[K \x1b[01;35m\x1b[Kwarning: \x1b[m\x1b[Kunused parameter \xe2\x80\x98\x1b[01m\x1b[Kmotor_id\x1b[m\x1b[K\xe2\x80\x99 [\x1b[01;35m\x1b[K\x1b]8;;https://gcc.gnu.org/onlinedocs/gcc/Warning-Options.html#index-Wunused-parameter\x07-Wunused-parameter\x1b]8;;\x07\x1b[m\x1b[K]\n'}
[0.431567] (CommunicationCenter) StderrLine: {'line': b'   99 |   STWCANMsg *setTorqueKI(\x1b[01;35m\x1b[Kuint8_t motor_id\x1b[m\x1b[K, float ki) override {\n'}
[0.431619] (CommunicationCenter) StderrLine: {'line': b'      |                          \x1b[01;35m\x1b[K~~~~~~~~^~~~~~~~\x1b[m\x1b[K\n'}
[0.431671] (CommunicationCenter) StderrLine: {'line': b'\x1b[01m\x1b[K/home/albusgive/rlfw/rlfw_deploy/src/CommunicationCenter/motor_driver/STWMotor.h:99:50:\x1b[m\x1b[K \x1b[01;35m\x1b[Kwarning: \x1b[m\x1b[Kunused parameter \xe2\x80\x98\x1b[01m\x1b[Kki\x1b[m\x1b[K\xe2\x80\x99 [\x1b[01;35m\x1b[K\x1b]8;;https://gcc.gnu.org/onlinedocs/gcc/Warning-Options.html#index-Wunused-parameter\x07-Wunused-parameter\x1b]8;;\x07\x1b[m\x1b[K]\n'}
[0.431728] (CommunicationCenter) StderrLine: {'line': b'   99 |   STWCANMsg *setTorqueKI(uint8_t motor_id, \x1b[01;35m\x1b[Kfloat ki\x1b[m\x1b[K) override {\n'}
[0.431779] (CommunicationCenter) StderrLine: {'line': b'      |                                            \x1b[01;35m\x1b[K~~~~~~^~\x1b[m\x1b[K\n'}
[0.431830] (CommunicationCenter) StderrLine: {'line': b'\x1b[01m\x1b[K/home/albusgive/rlfw/rlfw_deploy/src/CommunicationCenter/motor_driver/STWMotor.h:\x1b[m\x1b[K In member function \xe2\x80\x98\x1b[01m\x1b[Kvirtual STWCANMsg* STWMotor::\x1b[01;32m\x1b[KsetSafeTorque\x1b[m\x1b[K(uint8_t, float)\x1b[m\x1b[K\xe2\x80\x99:\n'}
[0.431885] (CommunicationCenter) StderrLine: {'line': b'\x1b[01m\x1b[K/home/albusgive/rlfw/rlfw_deploy/src/CommunicationCenter/motor_driver/STWMotor.h:103:36:\x1b[m\x1b[K \x1b[01;35m\x1b[Kwarning: \x1b[m\x1b[Kunused parameter \xe2\x80\x98\x1b[01m\x1b[Kmotor_id\x1b[m\x1b[K\xe2\x80\x99 [\x1b[01;35m\x1b[K\x1b]8;;https://gcc.gnu.org/onlinedocs/gcc/Warning-Options.html#index-Wunused-parameter\x07-Wunused-parameter\x1b]8;;\x07\x1b[m\x1b[K]\n'}
[0.431938] (CommunicationCenter) StderrLine: {'line': b'  103 |   STWCANMsg *setSafeTorque(\x1b[01;35m\x1b[Kuint8_t motor_id\x1b[m\x1b[K, float torque) override {\n'}
[0.431990] (CommunicationCenter) StderrLine: {'line': b'      |                            \x1b[01;35m\x1b[K~~~~~~~~^~~~~~~~\x1b[m\x1b[K\n'}
[0.432042] (CommunicationCenter) StderrLine: {'line': b'\x1b[01m\x1b[K/home/albusgive/rlfw/rlfw_deploy/src/CommunicationCenter/motor_driver/STWMotor.h:103:52:\x1b[m\x1b[K \x1b[01;35m\x1b[Kwarning: \x1b[m\x1b[Kunused parameter \xe2\x80\x98\x1b[01m\x1b[Ktorque\x1b[m\x1b[K\xe2\x80\x99 [\x1b[01;35m\x1b[K\x1b]8;;https://gcc.gnu.org/onlinedocs/gcc/Warning-Options.html#index-Wunused-parameter\x07-Wunused-parameter\x1b]8;;\x07\x1b[m\x1b[K]\n'}
[0.432098] (CommunicationCenter) StderrLine: {'line': b'  103 |   STWCANMsg *setSafeTorque(uint8_t motor_id, \x1b[01;35m\x1b[Kfloat torque\x1b[m\x1b[K) override {\n'}
[0.432150] (CommunicationCenter) StderrLine: {'line': b'      |                                              \x1b[01;35m\x1b[K~~~~~~^~~~~~\x1b[m\x1b[K\n'}
[0.432201] (CommunicationCenter) StderrLine: {'line': b'\x1b[01m\x1b[K/home/albusgive/rlfw/rlfw_deploy/src/CommunicationCenter/motor_driver/STWMotor.h:\x1b[m\x1b[K In member function \xe2\x80\x98\x1b[01m\x1b[Kvirtual STWCANMsg* STWMotor::\x1b[01;32m\x1b[KsetSafePos\x1b[m\x1b[K(uint8_t, float)\x1b[m\x1b[K\xe2\x80\x99:\n'}
[0.432253] (CommunicationCenter) StderrLine: {'line': b'\x1b[01m\x1b[K/home/albusgive/rlfw/rlfw_deploy/src/CommunicationCenter/motor_driver/STWMotor.h:106:33:\x1b[m\x1b[K \x1b[01;35m\x1b[Kwarning: \x1b[m\x1b[Kunused parameter \xe2\x80\x98\x1b[01m\x1b[Kmotor_id\x1b[m\x1b[K\xe2\x80\x99 [\x1b[01;35m\x1b[K\x1b]8;;https://gcc.gnu.org/onlinedocs/gcc/Warning-Options.html#index-Wunused-parameter\x07-Wunused-parameter\x1b]8;;\x07\x1b[m\x1b[K]\n'}
[0.432311] (CommunicationCenter) StderrLine: {'line': b'  106 |   STWCANMsg *setSafePos(\x1b[01;35m\x1b[Kuint8_t motor_id\x1b[m\x1b[K, float pos) override {\n'}
[0.432372] (CommunicationCenter) StderrLine: {'line': b'      |                         \x1b[01;35m\x1b[K~~~~~~~~^~~~~~~~\x1b[m\x1b[K\n'}
[0.432425] (CommunicationCenter) StderrLine: {'line': b'\x1b[01m\x1b[K/home/albusgive/rlfw/rlfw_deploy/src/CommunicationCenter/motor_driver/STWMotor.h:106:49:\x1b[m\x1b[K \x1b[01;35m\x1b[Kwarning: \x1b[m\x1b[Kunused parameter \xe2\x80\x98\x1b[01m\x1b[Kpos\x1b[m\x1b[K\xe2\x80\x99 [\x1b[01;35m\x1b[K\x1b]8;;https://gcc.gnu.org/onlinedocs/gcc/Warning-Options.html#index-Wunused-parameter\x07-Wunused-parameter\x1b]8;;\x07\x1b[m\x1b[K]\n'}
[0.432479] (CommunicationCenter) StderrLine: {'line': b'  106 |   STWCANMsg *setSafePos(uint8_t motor_id, \x1b[01;35m\x1b[Kfloat pos\x1b[m\x1b[K) override {\n'}
[0.432532] (CommunicationCenter) StderrLine: {'line': b'      |                                           \x1b[01;35m\x1b[K~~~~~~^~~\x1b[m\x1b[K\n'}
[0.432584] (CommunicationCenter) StderrLine: {'line': b'\x1b[01m\x1b[K/home/albusgive/rlfw/rlfw_deploy/src/CommunicationCenter/motor_driver/STWMotor.h:\x1b[m\x1b[K In member function \xe2\x80\x98\x1b[01m\x1b[Kvirtual STWCANMsg* STWMotor::\x1b[01;32m\x1b[KsetSafeVel\x1b[m\x1b[K(uint8_t, float)\x1b[m\x1b[K\xe2\x80\x99:\n'}
[0.432637] (CommunicationCenter) StderrLine: {'line': b'\x1b[01m\x1b[K/home/albusgive/rlfw/rlfw_deploy/src/CommunicationCenter/motor_driver/STWMotor.h:109:33:\x1b[m\x1b[K \x1b[01;35m\x1b[Kwarning: \x1b[m\x1b[Kunused parameter \xe2\x80\x98\x1b[01m\x1b[Kmotor_id\x1b[m\x1b[K\xe2\x80\x99 [\x1b[01;35m\x1b[K\x1b]8;;https://gcc.gnu.org/onlinedocs/gcc/Warning-Options.html#index-Wunused-parameter\x07-Wunused-parameter\x1b]8;;\x07\x1b[m\x1b[K]\n'}
[0.432691] (CommunicationCenter) StderrLine: {'line': b'  109 |   STWCANMsg *setSafeVel(\x1b[01;35m\x1b[Kuint8_t motor_id\x1b[m\x1b[K, float vel) override {\n'}
[0.432744] (CommunicationCenter) StderrLine: {'line': b'      |                         \x1b[01;35m\x1b[K~~~~~~~~^~~~~~~~\x1b[m\x1b[K\n'}
[0.432795] (CommunicationCenter) StderrLine: {'line': b'\x1b[01m\x1b[K/home/albusgive/rlfw/rlfw_deploy/src/CommunicationCenter/motor_driver/STWMotor.h:109:49:\x1b[m\x1b[K \x1b[01;35m\x1b[Kwarning: \x1b[m\x1b[Kunused parameter \xe2\x80\x98\x1b[01m\x1b[Kvel\x1b[m\x1b[K\xe2\x80\x99 [\x1b[01;35m\x1b[K\x1b]8;;https://gcc.gnu.org/onlinedocs/gcc/Warning-Options.html#index-Wunused-parameter\x07-Wunused-parameter\x1b]8;;\x07\x1b[m\x1b[K]\n'}
[0.432850] (CommunicationCenter) StderrLine: {'line': b'  109 |   STWCANMsg *setSafeVel(uint8_t motor_id, \x1b[01;35m\x1b[Kfloat vel\x1b[m\x1b[K) override {\n'}
[0.432902] (CommunicationCenter) StderrLine: {'line': b'      |                                           \x1b[01;35m\x1b[K~~~~~~^~~\x1b[m\x1b[K\n'}
[0.432956] (CommunicationCenter) StderrLine: {'line': b'\x1b[01m\x1b[K/home/albusgive/rlfw/rlfw_deploy/src/CommunicationCenter/motor_driver/STWMotor.cpp:\x1b[m\x1b[K In member function \xe2\x80\x98\x1b[01m\x1b[Kvirtual STWCANMsg* STWMotor::\x1b[01;32m\x1b[KenableMotor\x1b[m\x1b[K(uint8_t, bool, bool)\x1b[m\x1b[K\xe2\x80\x99:\n'}
[0.433009] (CommunicationCenter) StderrLine: {'line': b'\x1b[01m\x1b[K/home/albusgive/rlfw/rlfw_deploy/src/CommunicationCenter/motor_driver/STWMotor.cpp:7:39:\x1b[m\x1b[K \x1b[01;35m\x1b[Kwarning: \x1b[m\x1b[Kunused parameter \xe2\x80\x98\x1b[01m\x1b[Kclear_fault\x1b[m\x1b[K\xe2\x80\x99 [\x1b[01;35m\x1b[K\x1b]8;;https://gcc.gnu.org/onlinedocs/gcc/Warning-Options.html#index-Wunused-parameter\x07-Wunused-parameter\x1b]8;;\x07\x1b[m\x1b[K]\n'}
[0.433065] (CommunicationCenter) StderrLine: {'line': b'    7 |                                  \x1b[01;35m\x1b[Kbool clear_fault\x1b[m\x1b[K) {\n'}
[0.433117] (CommunicationCenter) StderrLine: {'line': b'      |                                  \x1b[01;35m\x1b[K~~~~~^~~~~~~~~~~\x1b[m\x1b[K\n'}
[0.433170] (CommunicationCenter) StderrLine: {'line': b'\x1b[01m\x1b[K/home/albusgive/rlfw/rlfw_deploy/src/CommunicationCenter/motor_driver/STWMotor.cpp:\x1b[m\x1b[K In member function \xe2\x80\x98\x1b[01m\x1b[Kvirtual STWCANMsg* STWMotor::\x1b[01;32m\x1b[KsetCtrlType\x1b[m\x1b[K(uint8_t)\x1b[m\x1b[K\xe2\x80\x99:\n'}
[0.433227] (CommunicationCenter) StderrLine: {'line': b'\x1b[01m\x1b[K/home/albusgive/rlfw/rlfw_deploy/src/CommunicationCenter/motor_driver/STWMotor.cpp:138:10:\x1b[m\x1b[K \x1b[01;35m\x1b[Kwarning: \x1b[m\x1b[Kenumeration value \xe2\x80\x98\x1b[01m\x1b[KMIT\x1b[m\x1b[K\xe2\x80\x99 not handled in switch [\x1b[01;35m\x1b[K\x1b]8;;https://gcc.gnu.org/onlinedocs/gcc/Warning-Options.html#index-Wswitch\x07-Wswitch\x1b]8;;\x07\x1b[m\x1b[K]\n'}
[0.433281] (CommunicationCenter) StderrLine: {'line': b'  138 |   switch \x1b[01;35m\x1b[K(\x1b[m\x1b[Kctrl_type) {\n'}
[0.433338] (CommunicationCenter) StderrLine: {'line': b'      |          \x1b[01;35m\x1b[K^\x1b[m\x1b[K\n'}
[0.433394] (CommunicationCenter) StderrLine: {'line': b'\x1b[01m\x1b[K/home/albusgive/rlfw/rlfw_deploy/src/CommunicationCenter/motor_driver/STWMotor.cpp:138:10:\x1b[m\x1b[K \x1b[01;35m\x1b[Kwarning: \x1b[m\x1b[Kenumeration value \xe2\x80\x98\x1b[01m\x1b[KPOS_VEL\x1b[m\x1b[K\xe2\x80\x99 not handled in switch [\x1b[01;35m\x1b[K\x1b]8;;https://gcc.gnu.org/onlinedocs/gcc/Warning-Options.html#index-Wswitch\x07-Wswitch\x1b]8;;\x07\x1b[m\x1b[K]\n'}
[0.433447] (CommunicationCenter) StderrLine: {'line': b'\x1b[01m\x1b[K/home/albusgive/rlfw/rlfw_deploy/src/CommunicationCenter/motor_driver/STWMotor.cpp:138:10:\x1b[m\x1b[K \x1b[01;35m\x1b[Kwarning: \x1b[m\x1b[Kenumeration value \xe2\x80\x98\x1b[01m\x1b[KENABLE\x1b[m\x1b[K\xe2\x80\x99 not handled in switch [\x1b[01;35m\x1b[K\x1b]8;;https://gcc.gnu.org/onlinedocs/gcc/Warning-Options.html#index-Wswitch\x07-Wswitch\x1b]8;;\x07\x1b[m\x1b[K]\n'}
[0.433501] (CommunicationCenter) StderrLine: {'line': b'\x1b[01m\x1b[K/home/albusgive/rlfw/rlfw_deploy/src/CommunicationCenter/motor_driver/STWMotor.cpp:138:10:\x1b[m\x1b[K \x1b[01;35m\x1b[Kwarning: \x1b[m\x1b[Kenumeration value \xe2\x80\x98\x1b[01m\x1b[KDISABLE\x1b[m\x1b[K\xe2\x80\x99 not handled in switch [\x1b[01;35m\x1b[K\x1b]8;;https://gcc.gnu.org/onlinedocs/gcc/Warning-Options.html#index-Wswitch\x07-Wswitch\x1b]8;;\x07\x1b[m\x1b[K]\n'}
[0.433556] (CommunicationCenter) StderrLine: {'line': b'\x1b[01m\x1b[K/home/albusgive/rlfw/rlfw_deploy/src/CommunicationCenter/motor_driver/STWMotor.cpp:138:10:\x1b[m\x1b[K \x1b[01;35m\x1b[Kwarning: \x1b[m\x1b[Kenumeration value \xe2\x80\x98\x1b[01m\x1b[KSETZERO\x1b[m\x1b[K\xe2\x80\x99 not handled in switch [\x1b[01;35m\x1b[K\x1b]8;;https://gcc.gnu.org/onlinedocs/gcc/Warning-Options.html#index-Wswitch\x07-Wswitch\x1b]8;;\x07\x1b[m\x1b[K]\n'}
[0.433608] (CommunicationCenter) StderrLine: {'line': b'\x1b[01m\x1b[K/home/albusgive/rlfw/rlfw_deploy/src/CommunicationCenter/motor_driver/STWMotor.cpp:138:10:\x1b[m\x1b[K \x1b[01;35m\x1b[Kwarning: \x1b[m\x1b[Kenumeration value \xe2\x80\x98\x1b[01m\x1b[KERR\x1b[m\x1b[K\xe2\x80\x99 not handled in switch [\x1b[01;35m\x1b[K\x1b]8;;https://gcc.gnu.org/onlinedocs/gcc/Warning-Options.html#index-Wswitch\x07-Wswitch\x1b]8;;\x07\x1b[m\x1b[K]\n'}
[0.486295] (CommunicationCenter) StderrLine: {'line': b'In file included from \x1b[01m\x1b[K/home/albusgive/rlfw/rlfw_deploy/src/CommunicationCenter/motor_driver/DMMotor.h:3\x1b[m\x1b[K,\n'}
[0.486477] (CommunicationCenter) StderrLine: {'line': b'                 from \x1b[01m\x1b[K/home/albusgive/rlfw/rlfw_deploy/src/CommunicationCenter/include/CommunicationCenter.hpp:4\x1b[m\x1b[K,\n'}
[0.486540] (CommunicationCenter) StderrLine: {'line': b'                 from \x1b[01m\x1b[K/home/albusgive/rlfw/rlfw_deploy/src/CommunicationCenter/src/main.cpp:1\x1b[m\x1b[K:\n'}
[0.486595] (CommunicationCenter) StderrLine: {'line': b'\x1b[01m\x1b[K/home/albusgive/rlfw/rlfw_deploy/src/CommunicationCenter/motor_driver/Motor.hpp:276:13:\x1b[m\x1b[K \x1b[01;35m\x1b[Kwarning: \x1b[m\x1b[K\xe2\x80\x98\x1b[01m\x1b[Kvirtual MotorBack CANMotor::\x1b[01;32m\x1b[Kdecode\x1b[m\x1b[K()\x1b[m\x1b[K\xe2\x80\x99 was hidden [\x1b[01;35m\x1b[K\x1b]8;;https://gcc.gnu.org/onlinedocs/gcc/Warning-Options.html#index-Woverloaded-virtual=\x07-Woverloaded-virtual=\x1b]8;;\x07\x1b[m\x1b[K]\n'}
[0.486720] (CommunicationCenter) StderrLine: {'line': b'  276 |   MotorBack \x1b[01;35m\x1b[Kdecode\x1b[m\x1b[K() override { return MotorBack(); };\n'}
[0.486775] (CommunicationCenter) StderrLine: {'line': b'      |             \x1b[01;35m\x1b[K^~~~~~\x1b[m\x1b[K\n'}
[0.486888] (CommunicationCenter) StderrLine: {'line': b'\x1b[01m\x1b[K/home/albusgive/rlfw/rlfw_deploy/src/CommunicationCenter/motor_driver/DMMotor.h:50:13:\x1b[m\x1b[K \x1b[01;36m\x1b[Knote: \x1b[m\x1b[K  by \xe2\x80\x98\x1b[01m\x1b[Kvirtual MotorBack DMMotor::\x1b[01;32m\x1b[Kdecode\x1b[m\x1b[K(CANMSG)\x1b[m\x1b[K\xe2\x80\x99\n'}
[0.486944] (CommunicationCenter) StderrLine: {'line': b'   50 |   MotorBack \x1b[01;36m\x1b[Kdecode\x1b[m\x1b[K(CANMSG msg) override;\n'}
[0.486998] (CommunicationCenter) StderrLine: {'line': b'      |             \x1b[01;36m\x1b[K^~~~~~\x1b[m\x1b[K\n'}
[0.487051] (CommunicationCenter) StderrLine: {'line': b'\x1b[01m\x1b[K/home/albusgive/rlfw/rlfw_deploy/src/CommunicationCenter/motor_driver/Motor.hpp:275:13:\x1b[m\x1b[K \x1b[01;35m\x1b[Kwarning: \x1b[m\x1b[K\xe2\x80\x98\x1b[01m\x1b[Kvirtual MotorBack CANMotor::\x1b[01;32m\x1b[Kdecode\x1b[m\x1b[K(UnitreeMsg)\x1b[m\x1b[K\xe2\x80\x99 was hidden [\x1b[01;35m\x1b[K\x1b]8;;https://gcc.gnu.org/onlinedocs/gcc/Warning-Options.html#index-Woverloaded-virtual=\x07-Woverloaded-virtual=\x1b]8;;\x07\x1b[m\x1b[K]\n'}
[0.487115] (CommunicationCenter) StderrLine: {'line': b'  275 |   MotorBack \x1b[01;35m\x1b[Kdecode\x1b[m\x1b[K(UnitreeMsg /*msg*/) override { return MotorBack(); };\n'}
[0.487291] (CommunicationCenter) StderrLine: {'line': b'      |             \x1b[01;35m\x1b[K^~~~~~\x1b[m\x1b[K\n'}
[0.487368] (CommunicationCenter) StderrLine: {'line': b'\x1b[01m\x1b[K/home/albusgive/rlfw/rlfw_deploy/src/CommunicationCenter/motor_driver/DMMotor.h:50:13:\x1b[m\x1b[K \x1b[01;36m\x1b[Knote: \x1b[m\x1b[K  by \xe2\x80\x98\x1b[01m\x1b[Kvirtual MotorBack DMMotor::\x1b[01;32m\x1b[Kdecode\x1b[m\x1b[K(CANMSG)\x1b[m\x1b[K\xe2\x80\x99\n'}
[0.487426] (CommunicationCenter) StderrLine: {'line': b'   50 |   MotorBack \x1b[01;36m\x1b[Kdecode\x1b[m\x1b[K(CANMSG msg) override;\n'}
[0.487479] (CommunicationCenter) StderrLine: {'line': b'      |             \x1b[01;36m\x1b[K^~~~~~\x1b[m\x1b[K\n'}
[0.487530] (CommunicationCenter) StderrLine: {'line': b'\x1b[01m\x1b[K/home/albusgive/rlfw/rlfw_deploy/src/CommunicationCenter/motor_driver/DMMotor.h:\x1b[m\x1b[K In member function \xe2\x80\x98\x1b[01m\x1b[Kvirtual DMCANMsg* DMMotor::\x1b[01;32m\x1b[KsetCtrlType\x1b[m\x1b[K(uint8_t)\x1b[m\x1b[K\xe2\x80\x99:\n'}
[0.487590] (CommunicationCenter) StderrLine: {'line': b'\x1b[01m\x1b[K/home/albusgive/rlfw/rlfw_deploy/src/CommunicationCenter/motor_driver/DMMotor.h:55:33:\x1b[m\x1b[K \x1b[01;35m\x1b[Kwarning: \x1b[m\x1b[Kunused parameter \xe2\x80\x98\x1b[01m\x1b[Kmotor_id\x1b[m\x1b[K\xe2\x80\x99 [\x1b[01;35m\x1b[K\x1b]8;;https://gcc.gnu.org/onlinedocs/gcc/Warning-Options.html#index-Wunused-parameter\x07-Wunused-parameter\x1b]8;;\x07\x1b[m\x1b[K]\n'}
[0.487647] (CommunicationCenter) StderrLine: {'line': b'   55 |   DMCANMsg *setCtrlType(\x1b[01;35m\x1b[Kuint8_t motor_id\x1b[m\x1b[K) override { return nullptr; };\n'}
[0.487699] (CommunicationCenter) StderrLine: {'line': b'      |                         \x1b[01;35m\x1b[K~~~~~~~~^~~~~~~~\x1b[m\x1b[K\n'}
[0.487750] (CommunicationCenter) StderrLine: {'line': b'\x1b[01m\x1b[K/home/albusgive/rlfw/rlfw_deploy/src/CommunicationCenter/motor_driver/DMMotor.h:\x1b[m\x1b[K In member function \xe2\x80\x98\x1b[01m\x1b[Kvirtual DMCANMsg* DMMotor::\x1b[01;32m\x1b[Kctrl_pos\x1b[m\x1b[K(uint8_t, float)\x1b[m\x1b[K\xe2\x80\x99:\n'}
[0.487801] (CommunicationCenter) StderrLine: {'line': b'\x1b[01m\x1b[K/home/albusgive/rlfw/rlfw_deploy/src/CommunicationCenter/motor_driver/DMMotor.h:57:30:\x1b[m\x1b[K \x1b[01;35m\x1b[Kwarning: \x1b[m\x1b[Kunused parameter \xe2\x80\x98\x1b[01m\x1b[Kmotor_id\x1b[m\x1b[K\xe2\x80\x99 [\x1b[01;35m\x1b[K\x1b]8;;https://gcc.gnu.org/onlinedocs/gcc/Warning-Options.html#index-Wunused-parameter\x07-Wunused-parameter\x1b]8;;\x07\x1b[m\x1b[K]\n'}
[0.487857] (CommunicationCenter) StderrLine: {'line': b'   57 |   DMCANMsg *ctrl_pos(\x1b[01;35m\x1b[Kuint8_t motor_id\x1b[m\x1b[K, float pos) override { return nullptr; };\n'}
[0.487908] (CommunicationCenter) StderrLine: {'line': b'      |                      \x1b[01;35m\x1b[K~~~~~~~~^~~~~~~~\x1b[m\x1b[K\n'}
[0.487959] (CommunicationCenter) StderrLine: {'line': b'\x1b[01m\x1b[K/home/albusgive/rlfw/rlfw_deploy/src/CommunicationCenter/motor_driver/DMMotor.h:57:46:\x1b[m\x1b[K \x1b[01;35m\x1b[Kwarning: \x1b[m\x1b[Kunused parameter \xe2\x80\x98\x1b[01m\x1b[Kpos\x1b[m\x1b[K\xe2\x80\x99 [\x1b[01;35m\x1b[K\x1b]8;;https://gcc.gnu.org/onlinedocs/gcc/Warning-Options.html#index-Wunused-parameter\x07-Wunused-parameter\x1b]8;;\x07\x1b[m\x1b[K]\n'}
[0.488011] (CommunicationCenter) StderrLine: {'line': b'   57 |   DMCANMsg *ctrl_pos(uint8_t motor_id, \x1b[01;35m\x1b[Kfloat pos\x1b[m\x1b[K) override { return nullptr; };\n'}
[0.488062] (CommunicationCenter) StderrLine: {'line': b'      |                                        \x1b[01;35m\x1b[K~~~~~~^~~\x1b[m\x1b[K\n'}
[0.488112] (CommunicationCenter) StderrLine: {'line': b'\x1b[01m\x1b[K/home/albusgive/rlfw/rlfw_deploy/src/CommunicationCenter/motor_driver/DMMotor.h:\x1b[m\x1b[K In member function \xe2\x80\x98\x1b[01m\x1b[Kvirtual DMCANMsg* DMMotor::\x1b[01;32m\x1b[Kctrl_vel\x1b[m\x1b[K(uint8_t, float)\x1b[m\x1b[K\xe2\x80\x99:\n'}
[0.488164] (CommunicationCenter) StderrLine: {'line': b'\x1b[01m\x1b[K/home/albusgive/rlfw/rlfw_deploy/src/CommunicationCenter/motor_driver/DMMotor.h:59:30:\x1b[m\x1b[K \x1b[01;35m\x1b[Kwarning: \x1b[m\x1b[Kunused parameter \xe2\x80\x98\x1b[01m\x1b[Kmotor_id\x1b[m\x1b[K\xe2\x80\x99 [\x1b[01;35m\x1b[K\x1b]8;;https://gcc.gnu.org/onlinedocs/gcc/Warning-Options.html#index-Wunused-parameter\x07-Wunused-parameter\x1b]8;;\x07\x1b[m\x1b[K]\n'}
[0.488220] (CommunicationCenter) StderrLine: {'line': b'   59 |   DMCANMsg *ctrl_vel(\x1b[01;35m\x1b[Kuint8_t motor_id\x1b[m\x1b[K, float vel) override { return nullptr; };\n'}
[0.488271] (CommunicationCenter) StderrLine: {'line': b'      |                      \x1b[01;35m\x1b[K~~~~~~~~^~~~~~~~\x1b[m\x1b[K\n'}
[0.488325] (CommunicationCenter) StderrLine: {'line': b'\x1b[01m\x1b[K/home/albusgive/rlfw/rlfw_deploy/src/CommunicationCenter/motor_driver/DMMotor.h:59:46:\x1b[m\x1b[K \x1b[01;35m\x1b[Kwarning: \x1b[m\x1b[Kunused parameter \xe2\x80\x98\x1b[01m\x1b[Kvel\x1b[m\x1b[K\xe2\x80\x99 [\x1b[01;35m\x1b[K\x1b]8;;https://gcc.gnu.org/onlinedocs/gcc/Warning-Options.html#index-Wunused-parameter\x07-Wunused-parameter\x1b]8;;\x07\x1b[m\x1b[K]\n'}
[0.488385] (CommunicationCenter) StderrLine: {'line': b'   59 |   DMCANMsg *ctrl_vel(uint8_t motor_id, \x1b[01;35m\x1b[Kfloat vel\x1b[m\x1b[K) override { return nullptr; };\n'}
[0.488439] (CommunicationCenter) StderrLine: {'line': b'      |                                        \x1b[01;35m\x1b[K~~~~~~^~~\x1b[m\x1b[K\n'}
[0.488489] (CommunicationCenter) StderrLine: {'line': b'\x1b[01m\x1b[K/home/albusgive/rlfw/rlfw_deploy/src/CommunicationCenter/motor_driver/DMMotor.h:\x1b[m\x1b[K In member function \xe2\x80\x98\x1b[01m\x1b[Kvirtual DMCANMsg* DMMotor::\x1b[01;32m\x1b[Kctrl_pos_vel\x1b[m\x1b[K(uint8_t, float, float)\x1b[m\x1b[K\xe2\x80\x99:\n'}
[0.488541] (CommunicationCenter) StderrLine: {'line': b'\x1b[01m\x1b[K/home/albusgive/rlfw/rlfw_deploy/src/CommunicationCenter/motor_driver/DMMotor.h:61:34:\x1b[m\x1b[K \x1b[01;35m\x1b[Kwarning: \x1b[m\x1b[Kunused parameter \xe2\x80\x98\x1b[01m\x1b[Kmotor_id\x1b[m\x1b[K\xe2\x80\x99 [\x1b[01;35m\x1b[K\x1b]8;;https://gcc.gnu.org/onlinedocs/gcc/Warning-Options.html#index-Wunused-parameter\x07-Wunused-parameter\x1b]8;;\x07\x1b[m\x1b[K]\n'}
[0.488593] (CommunicationCenter) StderrLine: {'line': b'   61 |   DMCANMsg *ctrl_pos_vel(\x1b[01;35m\x1b[Kuint8_t motor_id\x1b[m\x1b[K, float pos, float vel) override {\n'}
[0.488643] (CommunicationCenter) StderrLine: {'line': b'      |                          \x1b[01;35m\x1b[K~~~~~~~~^~~~~~~~\x1b[m\x1b[K\n'}
[0.488702] (CommunicationCenter) StderrLine: {'line': b'\x1b[01m\x1b[K/home/albusgive/rlfw/rlfw_deploy/src/CommunicationCenter/motor_driver/DMMotor.h:61:50:\x1b[m\x1b[K \x1b[01;35m\x1b[Kwarning: \x1b[m\x1b[Kunused parameter \xe2\x80\x98\x1b[01m\x1b[Kpos\x1b[m\x1b[K\xe2\x80\x99 [\x1b[01;35m\x1b[K\x1b]8;;https://gcc.gnu.org/onlinedocs/gcc/Warning-Options.html#index-Wunused-parameter\x07-Wunused-parameter\x1b]8;;\x07\x1b[m\x1b[K]\n'}
[0.488758] (CommunicationCenter) StderrLine: {'line': b'   61 |   DMCANMsg *ctrl_pos_vel(uint8_t motor_id, \x1b[01;35m\x1b[Kfloat pos\x1b[m\x1b[K, float vel) override {\n'}
[0.488811] (CommunicationCenter) StderrLine: {'line': b'      |                                            \x1b[01;35m\x1b[K~~~~~~^~~\x1b[m\x1b[K\n'}
[0.488865] (CommunicationCenter) StderrLine: {'line': b'\x1b[01m\x1b[K/home/albusgive/rlfw/rlfw_deploy/src/CommunicationCenter/motor_driver/DMMotor.h:61:61:\x1b[m\x1b[K \x1b[01;35m\x1b[Kwarning: \x1b[m\x1b[Kunused parameter \xe2\x80\x98\x1b[01m\x1b[Kvel\x1b[m\x1b[K\xe2\x80\x99 [\x1b[01;35m\x1b[K\x1b]8;;https://gcc.gnu.org/onlinedocs/gcc/Warning-Options.html#index-Wunused-parameter\x07-Wunused-parameter\x1b]8;;\x07\x1b[m\x1b[K]\n'}
[0.488946] (CommunicationCenter) StderrLine: {'line': b'   61 |   DMCANMsg *ctrl_pos_vel(uint8_t motor_id, float pos, \x1b[01;35m\x1b[Kfloat vel\x1b[m\x1b[K) override {\n'}
[0.489001] (CommunicationCenter) StderrLine: {'line': b'      |                                                       \x1b[01;35m\x1b[K~~~~~~^~~\x1b[m\x1b[K\n'}
[0.489054] (CommunicationCenter) StderrLine: {'line': b'\x1b[01m\x1b[K/home/albusgive/rlfw/rlfw_deploy/src/CommunicationCenter/motor_driver/DMMotor.h:\x1b[m\x1b[K In member function \xe2\x80\x98\x1b[01m\x1b[Kvirtual DMCANMsg* DMMotor::\x1b[01;32m\x1b[Kctrl_torque\x1b[m\x1b[K(uint8_t, float)\x1b[m\x1b[K\xe2\x80\x99:\n'}
[0.489108] (CommunicationCenter) StderrLine: {'line': b'\x1b[01m\x1b[K/home/albusgive/rlfw/rlfw_deploy/src/CommunicationCenter/motor_driver/DMMotor.h:65:33:\x1b[m\x1b[K \x1b[01;35m\x1b[Kwarning: \x1b[m\x1b[Kunused parameter \xe2\x80\x98\x1b[01m\x1b[Kmotor_id\x1b[m\x1b[K\xe2\x80\x99 [\x1b[01;35m\x1b[K\x1b]8;;https://gcc.gnu.org/onlinedocs/gcc/Warning-Options.html#index-Wunused-parameter\x07-Wunused-parameter\x1b]8;;\x07\x1b[m\x1b[K]\n'}
[0.489206] (CommunicationCenter) StderrLine: {'line': b'   65 |   DMCANMsg *ctrl_torque(\x1b[01;35m\x1b[Kuint8_t motor_id\x1b[m\x1b[K, float torque) override {\n'}
[0.489261] (CommunicationCenter) StderrLine: {'line': b'      |                         \x1b[01;35m\x1b[K~~~~~~~~^~~~~~~~\x1b[m\x1b[K\n'}
[0.489315] (CommunicationCenter) StderrLine: {'line': b'\x1b[01m\x1b[K/home/albusgive/rlfw/rlfw_deploy/src/CommunicationCenter/motor_driver/DMMotor.h:65:49:\x1b[m\x1b[K \x1b[01;35m\x1b[Kwarning: \x1b[m\x1b[Kunused parameter \xe2\x80\x98\x1b[01m\x1b[Ktorque\x1b[m\x1b[K\xe2\x80\x99 [\x1b[01;35m\x1b[K\x1b]8;;https://gcc.gnu.org/onlinedocs/gcc/Warning-Options.html#index-Wunused-parameter\x07-Wunused-parameter\x1b]8;;\x07\x1b[m\x1b[K]\n'}
[0.489514] (CommunicationCenter) StderrLine: {'line': b'   65 |   DMCANMsg *ctrl_torque(uint8_t motor_id, \x1b[01;35m\x1b[Kfloat torque\x1b[m\x1b[K) override {\n'}
[0.489568] (CommunicationCenter) StderrLine: {'line': b'      |                                           \x1b[01;35m\x1b[K~~~~~~^~~~~~\x1b[m\x1b[K\n'}
[0.489620] (CommunicationCenter) StderrLine: {'line': b'\x1b[01m\x1b[K/home/albusgive/rlfw/rlfw_deploy/src/CommunicationCenter/motor_driver/DMMotor.h:\x1b[m\x1b[K In member function \xe2\x80\x98\x1b[01m\x1b[Kvirtual DMCANMsg* DMMotor::\x1b[01;32m\x1b[KsetPosKP\x1b[m\x1b[K(uint8_t, float)\x1b[m\x1b[K\xe2\x80\x99:\n'}
[0.489673] (CommunicationCenter) StderrLine: {'line': b'\x1b[01m\x1b[K/home/albusgive/rlfw/rlfw_deploy/src/CommunicationCenter/motor_driver/DMMotor.h:70:30:\x1b[m\x1b[K \x1b[01;35m\x1b[Kwarning: \x1b[m\x1b[Kunused parameter \xe2\x80\x98\x1b[01m\x1b[Kmotor_id\x1b[m\x1b[K\xe2\x80\x99 [\x1b[01;35m\x1b[K\x1b]8;;https://gcc.gnu.org/onlinedocs/gcc/Warning-Options.html#index-Wunused-parameter\x07-Wunused-parameter\x1b]8;;\x07\x1b[m\x1b[K]\n'}
[0.489725] (CommunicationCenter) StderrLine: {'line': b'   70 |   DMCANMsg *setPosKP(\x1b[01;35m\x1b[Kuint8_t motor_id\x1b[m\x1b[K, float kp) override { return nullptr; };\n'}
[0.489776] (CommunicationCenter) StderrLine: {'line': b'      |                      \x1b[01;35m\x1b[K~~~~~~~~^~~~~~~~\x1b[m\x1b[K\n'}
[0.489827] (CommunicationCenter) StderrLine: {'line': b'\x1b[01m\x1b[K/home/albusgive/rlfw/rlfw_deploy/src/CommunicationCenter/motor_driver/DMMotor.h:70:46:\x1b[m\x1b[K \x1b[01;35m\x1b[Kwarning: \x1b[m\x1b[Kunused parameter \xe2\x80\x98\x1b[01m\x1b[Kkp\x1b[m\x1b[K\xe2\x80\x99 [\x1b[01;35m\x1b[K\x1b]8;;https://gcc.gnu.org/onlinedocs/gcc/Warning-Options.html#index-Wunused-parameter\x07-Wunused-parameter\x1b]8;;\x07\x1b[m\x1b[K]\n'}
[0.489879] (CommunicationCenter) StderrLine: {'line': b'   70 |   DMCANMsg *setPosKP(uint8_t motor_id, \x1b[01;35m\x1b[Kfloat kp\x1b[m\x1b[K) override { return nullptr; };\n'}
[0.489929] (CommunicationCenter) StderrLine: {'line': b'      |                                        \x1b[01;35m\x1b[K~~~~~~^~\x1b[m\x1b[K\n'}
[0.489979] (CommunicationCenter) StderrLine: {'line': b'\x1b[01m\x1b[K/home/albusgive/rlfw/rlfw_deploy/src/CommunicationCenter/motor_driver/DMMotor.h:\x1b[m\x1b[K In member function \xe2\x80\x98\x1b[01m\x1b[Kvirtual DMCANMsg* DMMotor::\x1b[01;32m\x1b[KsetPosKD\x1b[m\x1b[K(uint8_t, float)\x1b[m\x1b[K\xe2\x80\x99:\n'}
[0.490030] (CommunicationCenter) StderrLine: {'line': b'\x1b[01m\x1b[K/home/albusgive/rlfw/rlfw_deploy/src/CommunicationCenter/motor_driver/DMMotor.h:71:30:\x1b[m\x1b[K \x1b[01;35m\x1b[Kwarning: \x1b[m\x1b[Kunused parameter \xe2\x80\x98\x1b[01m\x1b[Kmotor_id\x1b[m\x1b[K\xe2\x80\x99 [\x1b[01;35m\x1b[K\x1b]8;;https://gcc.gnu.org/onlinedocs/gcc/Warning-Options.html#index-Wunused-parameter\x07-Wunused-parameter\x1b]8;;\x07\x1b[m\x1b[K]\n'}
[0.490081] (CommunicationCenter) StderrLine: {'line': b'   71 |   DMCANMsg *setPosKD(\x1b[01;35m\x1b[Kuint8_t motor_id\x1b[m\x1b[K, float kd) override { return nullptr; };\n'}
[0.490131] (CommunicationCenter) StderrLine: {'line': b'      |                      \x1b[01;35m\x1b[K~~~~~~~~^~~~~~~~\x1b[m\x1b[K\n'}
[0.490181] (CommunicationCenter) StderrLine: {'line': b'\x1b[01m\x1b[K/home/albusgive/rlfw/rlfw_deploy/src/CommunicationCenter/motor_driver/DMMotor.h:71:46:\x1b[m\x1b[K \x1b[01;35m\x1b[Kwarning: \x1b[m\x1b[Kunused parameter \xe2\x80\x98\x1b[01m\x1b[Kkd\x1b[m\x1b[K\xe2\x80\x99 [\x1b[01;35m\x1b[K\x1b]8;;https://gcc.gnu.org/onlinedocs/gcc/Warning-Options.html#index-Wunused-parameter\x07-Wunused-parameter\x1b]8;;\x07\x1b[m\x1b[K]\n'}
[0.490235] (CommunicationCenter) StderrLine: {'line': b'   71 |   DMCANMsg *setPosKD(uint8_t motor_id, \x1b[01;35m\x1b[Kfloat kd\x1b[m\x1b[K) override { return nullptr; };\n'}
[0.490285] (CommunicationCenter) StderrLine: {'line': b'      |                                        \x1b[01;35m\x1b[K~~~~~~^~\x1b[m\x1b[K\n'}
[0.490348] (CommunicationCenter) StderrLine: {'line': b'\x1b[01m\x1b[K/home/albusgive/rlfw/rlfw_deploy/src/CommunicationCenter/motor_driver/DMMotor.h:\x1b[m\x1b[K In member function \xe2\x80\x98\x1b[01m\x1b[Kvirtual DMCANMsg* DMMotor::\x1b[01;32m\x1b[KsetVelKP\x1b[m\x1b[K(uint8_t, float)\x1b[m\x1b[K\xe2\x80\x99:\n'}
[0.490402] (CommunicationCenter) StderrLine: {'line': b'\x1b[01m\x1b[K/home/albusgive/rlfw/rlfw_deploy/src/CommunicationCenter/motor_driver/DMMotor.h:73:30:\x1b[m\x1b[K \x1b[01;35m\x1b[Kwarning: \x1b[m\x1b[Kunused parameter \xe2\x80\x98\x1b[01m\x1b[Kmotor_id\x1b[m\x1b[K\xe2\x80\x99 [\x1b[01;35m\x1b[K\x1b]8;;https://gcc.gnu.org/onlinedocs/gcc/Warning-Options.html#index-Wunused-parameter\x07-Wunused-parameter\x1b]8;;\x07\x1b[m\x1b[K]\n'}
[0.490456] (CommunicationCenter) StderrLine: {'line': b'   73 |   DMCANMsg *setVelKP(\x1b[01;35m\x1b[Kuint8_t motor_id\x1b[m\x1b[K, float kp) override { return nullptr; };\n'}
[0.490506] (CommunicationCenter) StderrLine: {'line': b'      |                      \x1b[01;35m\x1b[K~~~~~~~~^~~~~~~~\x1b[m\x1b[K\n'}
[0.490556] (CommunicationCenter) StderrLine: {'line': b'\x1b[01m\x1b[K/home/albusgive/rlfw/rlfw_deploy/src/CommunicationCenter/motor_driver/DMMotor.h:73:46:\x1b[m\x1b[K \x1b[01;35m\x1b[Kwarning: \x1b[m\x1b[Kunused parameter \xe2\x80\x98\x1b[01m\x1b[Kkp\x1b[m\x1b[K\xe2\x80\x99 [\x1b[01;35m\x1b[K\x1b]8;;https://gcc.gnu.org/onlinedocs/gcc/Warning-Options.html#index-Wunused-parameter\x07-Wunused-parameter\x1b]8;;\x07\x1b[m\x1b[K]\n'}
[0.490611] (CommunicationCenter) StderrLine: {'line': b'   73 |   DMCANMsg *setVelKP(uint8_t motor_id, \x1b[01;35m\x1b[Kfloat kp\x1b[m\x1b[K) override { return nullptr; };\n'}
[0.490661] (CommunicationCenter) StderrLine: {'line': b'      |                                        \x1b[01;35m\x1b[K~~~~~~^~\x1b[m\x1b[K\n'}
[0.490711] (CommunicationCenter) StderrLine: {'line': b'\x1b[01m\x1b[K/home/albusgive/rlfw/rlfw_deploy/src/CommunicationCenter/motor_driver/DMMotor.h:\x1b[m\x1b[K In member function \xe2\x80\x98\x1b[01m\x1b[Kvirtual DMCANMsg* DMMotor::\x1b[01;32m\x1b[KsetVelKI\x1b[m\x1b[K(uint8_t, float)\x1b[m\x1b[K\xe2\x80\x99:\n'}
[0.490762] (CommunicationCenter) StderrLine: {'line': b'\x1b[01m\x1b[K/home/albusgive/rlfw/rlfw_deploy/src/CommunicationCenter/motor_driver/DMMotor.h:74:30:\x1b[m\x1b[K \x1b[01;35m\x1b[Kwarning: \x1b[m\x1b[Kunused parameter \xe2\x80\x98\x1b[01m\x1b[Kmotor_id\x1b[m\x1b[K\xe2\x80\x99 [\x1b[01;35m\x1b[K\x1b]8;;https://gcc.gnu.org/onlinedocs/gcc/Warning-Options.html#index-Wunused-parameter\x07-Wunused-parameter\x1b]8;;\x07\x1b[m\x1b[K]\n'}
[0.490814] (CommunicationCenter) StderrLine: {'line': b'   74 |   DMCANMsg *setVelKI(\x1b[01;35m\x1b[Kuint8_t motor_id\x1b[m\x1b[K, float ki) override { return nullptr; };\n'}
[0.490865] (CommunicationCenter) StderrLine: {'line': b'      |                      \x1b[01;35m\x1b[K~~~~~~~~^~~~~~~~\x1b[m\x1b[K\n'}
[0.490914] (CommunicationCenter) StderrLine: {'line': b'\x1b[01m\x1b[K/home/albusgive/rlfw/rlfw_deploy/src/CommunicationCenter/motor_driver/DMMotor.h:74:46:\x1b[m\x1b[K \x1b[01;35m\x1b[Kwarning: \x1b[m\x1b[Kunused parameter \xe2\x80\x98\x1b[01m\x1b[Kki\x1b[m\x1b[K\xe2\x80\x99 [\x1b[01;35m\x1b[K\x1b]8;;https://gcc.gnu.org/onlinedocs/gcc/Warning-Options.html#index-Wunused-parameter\x07-Wunused-parameter\x1b]8;;\x07\x1b[m\x1b[K]\n'}
[0.490966] (CommunicationCenter) StderrLine: {'line': b'   74 |   DMCANMsg *setVelKI(uint8_t motor_id, \x1b[01;35m\x1b[Kfloat ki\x1b[m\x1b[K) override { return nullptr; };\n'}
[0.491016] (CommunicationCenter) StderrLine: {'line': b'      |                                        \x1b[01;35m\x1b[K~~~~~~^~\x1b[m\x1b[K\n'}
[0.491148] (CommunicationCenter) StderrLine: {'line': b'\x1b[01m\x1b[K/home/albusgive/rlfw/rlfw_deploy/src/CommunicationCenter/motor_driver/DMMotor.h:\x1b[m\x1b[K In member function \xe2\x80\x98\x1b[01m\x1b[Kvirtual DMCANMsg* DMMotor::\x1b[01;32m\x1b[KsetTorqueKP\x1b[m\x1b[K(uint8_t, float)\x1b[m\x1b[K\xe2\x80\x99:\n'}
[0.491203] (CommunicationCenter) StderrLine: {'line': b'\x1b[01m\x1b[K/home/albusgive/rlfw/rlfw_deploy/src/CommunicationCenter/motor_driver/DMMotor.h:76:33:\x1b[m\x1b[K \x1b[01;35m\x1b[Kwarning: \x1b[m\x1b[Kunused parameter \xe2\x80\x98\x1b[01m\x1b[Kmotor_id\x1b[m\x1b[K\xe2\x80\x99 [\x1b[01;35m\x1b[K\x1b]8;;https://gcc.gnu.org/onlinedocs/gcc/Warning-Options.html#index-Wunused-parameter\x07-Wunused-parameter\x1b]8;;\x07\x1b[m\x1b[K]\n'}
[0.491274] (CommunicationCenter) StderrLine: {'line': b'   76 |   DMCANMsg *setTorqueKP(\x1b[01;35m\x1b[Kuint8_t motor_id\x1b[m\x1b[K, float kp) override {\n'}
[0.491333] (CommunicationCenter) StderrLine: {'line': b'      |                         \x1b[01;35m\x1b[K~~~~~~~~^~~~~~~~\x1b[m\x1b[K\n'}
[0.491531] (CommunicationCenter) StderrLine: {'line': b'\x1b[01m\x1b[K/home/albusgive/rlfw/rlfw_deploy/src/CommunicationCenter/motor_driver/DMMotor.h:76:49:\x1b[m\x1b[K \x1b[01;35m\x1b[Kwarning: \x1b[m\x1b[Kunused parameter \xe2\x80\x98\x1b[01m\x1b[Kkp\x1b[m\x1b[K\xe2\x80\x99 [\x1b[01;35m\x1b[K\x1b]8;;https://gcc.gnu.org/onlinedocs/gcc/Warning-Options.html#index-Wunused-parameter\x07-Wunused-parameter\x1b]8;;\x07\x1b[m\x1b[K]\n'}
[0.491586] (CommunicationCenter) StderrLine: {'line': b'   76 |   DMCANMsg *setTorqueKP(uint8_t motor_id, \x1b[01;35m\x1b[Kfloat kp\x1b[m\x1b[K) override {\n'}
[0.491638] (CommunicationCenter) StderrLine: {'line': b'      |                                           \x1b[01;35m\x1b[K~~~~~~^~\x1b[m\x1b[K\n'}
[0.491690] (CommunicationCenter) StderrLine: {'line': b'\x1b[01m\x1b[K/home/albusgive/rlfw/rlfw_deploy/src/CommunicationCenter/motor_driver/DMMotor.h:\x1b[m\x1b[K In member function \xe2\x80\x98\x1b[01m\x1b[Kvirtual DMCANMsg* DMMotor::\x1b[01;32m\x1b[KsetTorqueKI\x1b[m\x1b[K(uint8_t, float)\x1b[m\x1b[K\xe2\x80\x99:\n'}
[0.491741] (CommunicationCenter) StderrLine: {'line': b'\x1b[01m\x1b[K/home/albusgive/rlfw/rlfw_deploy/src/CommunicationCenter/motor_driver/DMMotor.h:79:33:\x1b[m\x1b[K \x1b[01;35m\x1b[Kwarning: \x1b[m\x1b[Kunused parameter \xe2\x80\x98\x1b[01m\x1b[Kmotor_id\x1b[m\x1b[K\xe2\x80\x99 [\x1b[01;35m\x1b[K\x1b]8;;https://gcc.gnu.org/onlinedocs/gcc/Warning-Options.html#index-Wunused-parameter\x07-Wunused-parameter\x1b]8;;\x07\x1b[m\x1b[K]\n'}
[0.491796] (CommunicationCenter) StderrLine: {'line': b'   79 |   DMCANMsg *setTorqueKI(\x1b[01;35m\x1b[Kuint8_t motor_id\x1b[m\x1b[K, float ki) override {\n'}
[0.491846] (CommunicationCenter) StderrLine: {'line': b'      |                         \x1b[01;35m\x1b[K~~~~~~~~^~~~~~~~\x1b[m\x1b[K\n'}
[0.491896] (CommunicationCenter) StderrLine: {'line': b'\x1b[01m\x1b[K/home/albusgive/rlfw/rlfw_deploy/src/CommunicationCenter/motor_driver/DMMotor.h:79:49:\x1b[m\x1b[K \x1b[01;35m\x1b[Kwarning: \x1b[m\x1b[Kunused parameter \xe2\x80\x98\x1b[01m\x1b[Kki\x1b[m\x1b[K\xe2\x80\x99 [\x1b[01;35m\x1b[K\x1b]8;;https://gcc.gnu.org/onlinedocs/gcc/Warning-Options.html#index-Wunused-parameter\x07-Wunused-parameter\x1b]8;;\x07\x1b[m\x1b[K]\n'}
[0.491947] (CommunicationCenter) StderrLine: {'line': b'   79 |   DMCANMsg *setTorqueKI(uint8_t motor_id, \x1b[01;35m\x1b[Kfloat ki\x1b[m\x1b[K) override {\n'}
[0.492000] (CommunicationCenter) StderrLine: {'line': b'      |                                           \x1b[01;35m\x1b[K~~~~~~^~\x1b[m\x1b[K\n'}
[0.492051] (CommunicationCenter) StderrLine: {'line': b'\x1b[01m\x1b[K/home/albusgive/rlfw/rlfw_deploy/src/CommunicationCenter/motor_driver/DMMotor.h:\x1b[m\x1b[K In member function \xe2\x80\x98\x1b[01m\x1b[Kvirtual DMCANMsg* DMMotor::\x1b[01;32m\x1b[KsetSafeTorque\x1b[m\x1b[K(uint8_t, float)\x1b[m\x1b[K\xe2\x80\x99:\n'}
[0.492105] (CommunicationCenter) StderrLine: {'line': b'\x1b[01m\x1b[K/home/albusgive/rlfw/rlfw_deploy/src/CommunicationCenter/motor_driver/DMMotor.h:83:35:\x1b[m\x1b[K \x1b[01;35m\x1b[Kwarning: \x1b[m\x1b[Kunused parameter \xe2\x80\x98\x1b[01m\x1b[Kmotor_id\x1b[m\x1b[K\xe2\x80\x99 [\x1b[01;35m\x1b[K\x1b]8;;https://gcc.gnu.org/onlinedocs/gcc/Warning-Options.html#index-Wunused-parameter\x07-Wunused-parameter\x1b]8;;\x07\x1b[m\x1b[K]\n'}
[0.492157] (CommunicationCenter) StderrLine: {'line': b'   83 |   DMCANMsg *setSafeTorque(\x1b[01;35m\x1b[Kuint8_t motor_id\x1b[m\x1b[K, float torque) override {\n'}
[0.492210] (CommunicationCenter) StderrLine: {'line': b'      |                           \x1b[01;35m\x1b[K~~~~~~~~^~~~~~~~\x1b[m\x1b[K\n'}
[0.492262] (CommunicationCenter) StderrLine: {'line': b'\x1b[01m\x1b[K/home/albusgive/rlfw/rlfw_deploy/src/CommunicationCenter/motor_driver/DMMotor.h:83:51:\x1b[m\x1b[K \x1b[01;35m\x1b[Kwarning: \x1b[m\x1b[Kunused parameter \xe2\x80\x98\x1b[01m\x1b[Ktorque\x1b[m\x1b[K\xe2\x80\x99 [\x1b[01;35m\x1b[K\x1b]8;;https://gcc.gnu.org/onlinedocs/gcc/Warning-Options.html#index-Wunused-parameter\x07-Wunused-parameter\x1b]8;;\x07\x1b[m\x1b[K]\n'}
[0.492314] (CommunicationCenter) StderrLine: {'line': b'   83 |   DMCANMsg *setSafeTorque(uint8_t motor_id, \x1b[01;35m\x1b[Kfloat torque\x1b[m\x1b[K) override {\n'}
[0.492373] (CommunicationCenter) StderrLine: {'line': b'      |                                             \x1b[01;35m\x1b[K~~~~~~^~~~~~\x1b[m\x1b[K\n'}
[0.492424] (CommunicationCenter) StderrLine: {'line': b'\x1b[01m\x1b[K/home/albusgive/rlfw/rlfw_deploy/src/CommunicationCenter/motor_driver/DMMotor.h:\x1b[m\x1b[K In member function \xe2\x80\x98\x1b[01m\x1b[Kvirtual DMCANMsg* DMMotor::\x1b[01;32m\x1b[KsetSafePos\x1b[m\x1b[K(uint8_t, float)\x1b[m\x1b[K\xe2\x80\x99:\n'}
[0.492475] (CommunicationCenter) StderrLine: {'line': b'\x1b[01m\x1b[K/home/albusgive/rlfw/rlfw_deploy/src/CommunicationCenter/motor_driver/DMMotor.h:86:32:\x1b[m\x1b[K \x1b[01;35m\x1b[Kwarning: \x1b[m\x1b[Kunused parameter \xe2\x80\x98\x1b[01m\x1b[Kmotor_id\x1b[m\x1b[K\xe2\x80\x99 [\x1b[01;35m\x1b[K\x1b]8;;https://gcc.gnu.org/onlinedocs/gcc/Warning-Options.html#index-Wunused-parameter\x07-Wunused-parameter\x1b]8;;\x07\x1b[m\x1b[K]\n'}
[0.492527] (CommunicationCenter) StderrLine: {'line': b'   86 |   DMCANMsg *setSafePos(\x1b[01;35m\x1b[Kuint8_t motor_id\x1b[m\x1b[K, float pos) override {\n'}
[0.492577] (CommunicationCenter) StderrLine: {'line': b'      |                        \x1b[01;35m\x1b[K~~~~~~~~^~~~~~~~\x1b[m\x1b[K\n'}
[0.492626] (CommunicationCenter) StderrLine: {'line': b'\x1b[01m\x1b[K/home/albusgive/rlfw/rlfw_deploy/src/CommunicationCenter/motor_driver/DMMotor.h:86:48:\x1b[m\x1b[K \x1b[01;35m\x1b[Kwarning: \x1b[m\x1b[Kunused parameter \xe2\x80\x98\x1b[01m\x1b[Kpos\x1b[m\x1b[K\xe2\x80\x99 [\x1b[01;35m\x1b[K\x1b]8;;https://gcc.gnu.org/onlinedocs/gcc/Warning-Options.html#index-Wunused-parameter\x07-Wunused-parameter\x1b]8;;\x07\x1b[m\x1b[K]\n'}
[0.492677] (CommunicationCenter) StderrLine: {'line': b'   86 |   DMCANMsg *setSafePos(uint8_t motor_id, \x1b[01;35m\x1b[Kfloat pos\x1b[m\x1b[K) override {\n'}
[0.492728] (CommunicationCenter) StderrLine: {'line': b'      |                                          \x1b[01;35m\x1b[K~~~~~~^~~\x1b[m\x1b[K\n'}
[0.492778] (CommunicationCenter) StderrLine: {'line': b'\x1b[01m\x1b[K/home/albusgive/rlfw/rlfw_deploy/src/CommunicationCenter/motor_driver/DMMotor.h:\x1b[m\x1b[K In member function \xe2\x80\x98\x1b[01m\x1b[Kvirtual DMCANMsg* DMMotor::\x1b[01;32m\x1b[KsetSafeVel\x1b[m\x1b[K(uint8_t, float)\x1b[m\x1b[K\xe2\x80\x99:\n'}
[0.492828] (CommunicationCenter) StderrLine: {'line': b'\x1b[01m\x1b[K/home/albusgive/rlfw/rlfw_deploy/src/CommunicationCenter/motor_driver/DMMotor.h:89:32:\x1b[m\x1b[K \x1b[01;35m\x1b[Kwarning: \x1b[m\x1b[Kunused parameter \xe2\x80\x98\x1b[01m\x1b[Kmotor_id\x1b[m\x1b[K\xe2\x80\x99 [\x1b[01;35m\x1b[K\x1b]8;;https://gcc.gnu.org/onlinedocs/gcc/Warning-Options.html#index-Wunused-parameter\x07-Wunused-parameter\x1b]8;;\x07\x1b[m\x1b[K]\n'}
[0.492883] (CommunicationCenter) StderrLine: {'line': b'   89 |   DMCANMsg *setSafeVel(\x1b[01;35m\x1b[Kuint8_t motor_id\x1b[m\x1b[K, float vel) override {\n'}
[0.492934] (CommunicationCenter) StderrLine: {'line': b'      |                        \x1b[01;35m\x1b[K~~~~~~~~^~~~~~~~\x1b[m\x1b[K\n'}
[0.492984] (CommunicationCenter) StderrLine: {'line': b'\x1b[01m\x1b[K/home/albusgive/rlfw/rlfw_deploy/src/CommunicationCenter/motor_driver/DMMotor.h:89:48:\x1b[m\x1b[K \x1b[01;35m\x1b[Kwarning: \x1b[m\x1b[Kunused parameter \xe2\x80\x98\x1b[01m\x1b[Kvel\x1b[m\x1b[K\xe2\x80\x99 [\x1b[01;35m\x1b[K\x1b]8;;https://gcc.gnu.org/onlinedocs/gcc/Warning-Options.html#index-Wunused-parameter\x07-Wunused-parameter\x1b]8;;\x07\x1b[m\x1b[K]\n'}
[0.493039] (CommunicationCenter) StderrLine: {'line': b'   89 |   DMCANMsg *setSafeVel(uint8_t motor_id, \x1b[01;35m\x1b[Kfloat vel\x1b[m\x1b[K) override {\n'}
[0.493089] (CommunicationCenter) StderrLine: {'line': b'      |                                          \x1b[01;35m\x1b[K~~~~~~^~~\x1b[m\x1b[K\n'}
[0.493142] (CommunicationCenter) StderrLine: {'line': b'\x1b[01m\x1b[K/home/albusgive/rlfw/rlfw_deploy/src/CommunicationCenter/motor_driver/Motor.hpp:\x1b[m\x1b[K At global scope:\n'}
[0.493193] (CommunicationCenter) StderrLine: {'line': b'\x1b[01m\x1b[K/home/albusgive/rlfw/rlfw_deploy/src/CommunicationCenter/motor_driver/Motor.hpp:276:13:\x1b[m\x1b[K \x1b[01;35m\x1b[Kwarning: \x1b[m\x1b[K\xe2\x80\x98\x1b[01m\x1b[Kvirtual MotorBack CANMotor::\x1b[01;32m\x1b[Kdecode\x1b[m\x1b[K()\x1b[m\x1b[K\xe2\x80\x99 was hidden [\x1b[01;35m\x1b[K\x1b]8;;https://gcc.gnu.org/onlinedocs/gcc/Warning-Options.html#index-Woverloaded-virtual=\x07-Woverloaded-virtual=\x1b]8;;\x07\x1b[m\x1b[K]\n'}
[0.493248] (CommunicationCenter) StderrLine: {'line': b'  276 |   MotorBack \x1b[01;35m\x1b[Kdecode\x1b[m\x1b[K() override { return MotorBack(); };\n'}
[0.493299] (CommunicationCenter) StderrLine: {'line': b'      |             \x1b[01;35m\x1b[K^~~~~~\x1b[m\x1b[K\n'}
[0.493359] (CommunicationCenter) StderrLine: {'line': b'In file included from \x1b[01m\x1b[K/home/albusgive/rlfw/rlfw_deploy/src/CommunicationCenter/include/CommunicationCenter.hpp:6\x1b[m\x1b[K:\n'}
[0.493414] (CommunicationCenter) StderrLine: {'line': b'\x1b[01m\x1b[K/home/albusgive/rlfw/rlfw_deploy/src/CommunicationCenter/motor_driver/STWMotor.h:69:13:\x1b[m\x1b[K \x1b[01;36m\x1b[Knote: \x1b[m\x1b[K  by \xe2\x80\x98\x1b[01m\x1b[Kvirtual MotorBack STWMotor::\x1b[01;32m\x1b[Kdecode\x1b[m\x1b[K(CANMSG)\x1b[m\x1b[K\xe2\x80\x99\n'}
[0.493466] (CommunicationCenter) StderrLine: {'line': b'   69 |   MotorBack \x1b[01;36m\x1b[Kdecode\x1b[m\x1b[K(CANMSG msg) override;\n'}
[0.493516] (CommunicationCenter) StderrLine: {'line': b'      |             \x1b[01;36m\x1b[K^~~~~~\x1b[m\x1b[K\n'}
[0.493566] (CommunicationCenter) StderrLine: {'line': b'\x1b[01m\x1b[K/home/albusgive/rlfw/rlfw_deploy/src/CommunicationCenter/motor_driver/Motor.hpp:275:13:\x1b[m\x1b[K \x1b[01;35m\x1b[Kwarning: \x1b[m\x1b[K\xe2\x80\x98\x1b[01m\x1b[Kvirtual MotorBack CANMotor::\x1b[01;32m\x1b[Kdecode\x1b[m\x1b[K(UnitreeMsg)\x1b[m\x1b[K\xe2\x80\x99 was hidden [\x1b[01;35m\x1b[K\x1b]8;;https://gcc.gnu.org/onlinedocs/gcc/Warning-Options.html#index-Woverloaded-virtual=\x07-Woverloaded-virtual=\x1b]8;;\x07\x1b[m\x1b[K]\n'}
[0.493619] (CommunicationCenter) StderrLine: {'line': b'  275 |   MotorBack \x1b[01;35m\x1b[Kdecode\x1b[m\x1b[K(UnitreeMsg /*msg*/) override { return MotorBack(); };\n'}
[0.493732] (CommunicationCenter) StderrLine: {'line': b'      |             \x1b[01;35m\x1b[K^~~~~~\x1b[m\x1b[K\n'}
[0.493788] (CommunicationCenter) StderrLine: {'line': b'\x1b[01m\x1b[K/home/albusgive/rlfw/rlfw_deploy/src/CommunicationCenter/motor_driver/STWMotor.h:69:13:\x1b[m\x1b[K \x1b[01;36m\x1b[Knote: \x1b[m\x1b[K  by \xe2\x80\x98\x1b[01m\x1b[Kvirtual MotorBack STWMotor::\x1b[01;32m\x1b[Kdecode\x1b[m\x1b[K(CANMSG)\x1b[m\x1b[K\xe2\x80\x99\n'}
[0.493842] (CommunicationCenter) StderrLine: {'line': b'   69 |   MotorBack \x1b[01;36m\x1b[Kdecode\x1b[m\x1b[K(CANMSG msg) override;\n'}
[0.493896] (CommunicationCenter) StderrLine: {'line': b'      |             \x1b[01;36m\x1b[K^~~~~~\x1b[m\x1b[K\n'}
[0.493951] (CommunicationCenter) StderrLine: {'line': b'\x1b[01m\x1b[K/home/albusgive/rlfw/rlfw_deploy/src/CommunicationCenter/motor_driver/STWMotor.h:\x1b[m\x1b[K In member function \xe2\x80\x98\x1b[01m\x1b[Kvirtual STWCANMsg* STWMotor::\x1b[01;32m\x1b[Kctrl_pos\x1b[m\x1b[K(uint8_t, float)\x1b[m\x1b[K\xe2\x80\x99:\n'}
[0.494005] (CommunicationCenter) StderrLine: {'line': b'\x1b[01m\x1b[K/home/albusgive/rlfw/rlfw_deploy/src/CommunicationCenter/motor_driver/STWMotor.h:76:31:\x1b[m\x1b[K \x1b[01;35m\x1b[Kwarning: \x1b[m\x1b[Kunused parameter \xe2\x80\x98\x1b[01m\x1b[Kmotor_id\x1b[m\x1b[K\xe2\x80\x99 [\x1b[01;35m\x1b[K\x1b]8;;https://gcc.gnu.org/onlinedocs/gcc/Warning-Options.html#index-Wunused-parameter\x07-Wunused-parameter\x1b]8;;\x07\x1b[m\x1b[K]\n'}
[0.494078] (CommunicationCenter) StderrLine: {'line': b'   76 |   STWCANMsg *ctrl_pos(\x1b[01;35m\x1b[Kuint8_t motor_id\x1b[m\x1b[K, float pos) override { return nullptr; };\n'}
[0.494132] (CommunicationCenter) StderrLine: {'line': b'      |                       \x1b[01;35m\x1b[K~~~~~~~~^~~~~~~~\x1b[m\x1b[K\n'}
[0.494185] (CommunicationCenter) StderrLine: {'line': b'\x1b[01m\x1b[K/home/albusgive/rlfw/rlfw_deploy/src/CommunicationCenter/motor_driver/STWMotor.h:76:47:\x1b[m\x1b[K \x1b[01;35m\x1b[Kwarning: \x1b[m\x1b[Kunused parameter \xe2\x80\x98\x1b[01m\x1b[Kpos\x1b[m\x1b[K\xe2\x80\x99 [\x1b[01;35m\x1b[K\x1b]8;;https://gcc.gnu.org/onlinedocs/gcc/Warning-Options.html#index-Wunused-parameter\x07-Wunused-parameter\x1b]8;;\x07\x1b[m\x1b[K]\n'}
[0.494241] (CommunicationCenter) StderrLine: {'line': b'   76 |   STWCANMsg *ctrl_pos(uint8_t motor_id, \x1b[01;35m\x1b[Kfloat pos\x1b[m\x1b[K) override { return nullptr; };\n'}
[0.494295] (CommunicationCenter) StderrLine: {'line': b'      |                                         \x1b[01;35m\x1b[K~~~~~~^~~\x1b[m\x1b[K\n'}
[0.494497] (CommunicationCenter) StderrLine: {'line': b'\x1b[01m\x1b[K/home/albusgive/rlfw/rlfw_deploy/src/CommunicationCenter/motor_driver/STWMotor.h:\x1b[m\x1b[K In member function \xe2\x80\x98\x1b[01m\x1b[Kvirtual STWCANMsg* STWMotor::\x1b[01;32m\x1b[Kctrl_vel\x1b[m\x1b[K(uint8_t, float)\x1b[m\x1b[K\xe2\x80\x99:\n'}
[0.494554] (CommunicationCenter) StderrLine: {'line': b'\x1b[01m\x1b[K/home/albusgive/rlfw/rlfw_deploy/src/CommunicationCenter/motor_driver/STWMotor.h:78:31:\x1b[m\x1b[K \x1b[01;35m\x1b[Kwarning: \x1b[m\x1b[Kunused parameter \xe2\x80\x98\x1b[01m\x1b[Kmotor_id\x1b[m\x1b[K\xe2\x80\x99 [\x1b[01;35m\x1b[K\x1b]8;;https://gcc.gnu.org/onlinedocs/gcc/Warning-Options.html#index-Wunused-parameter\x07-Wunused-parameter\x1b]8;;\x07\x1b[m\x1b[K]\n'}
[0.494607] (CommunicationCenter) StderrLine: {'line': b'   78 |   STWCANMsg *ctrl_vel(\x1b[01;35m\x1b[Kuint8_t motor_id\x1b[m\x1b[K, float vel) override { return nullptr; };\n'}
[0.494659] (CommunicationCenter) StderrLine: {'line': b'      |                       \x1b[01;35m\x1b[K~~~~~~~~^~~~~~~~\x1b[m\x1b[K\n'}
[0.494710] (CommunicationCenter) StderrLine: {'line': b'\x1b[01m\x1b[K/home/albusgive/rlfw/rlfw_deploy/src/CommunicationCenter/motor_driver/STWMotor.h:78:47:\x1b[m\x1b[K \x1b[01;35m\x1b[Kwarning: \x1b[m\x1b[Kunused parameter \xe2\x80\x98\x1b[01m\x1b[Kvel\x1b[m\x1b[K\xe2\x80\x99 [\x1b[01;35m\x1b[K\x1b]8;;https://gcc.gnu.org/onlinedocs/gcc/Warning-Options.html#index-Wunused-parameter\x07-Wunused-parameter\x1b]8;;\x07\x1b[m\x1b[K]\n'}
[0.494761] (CommunicationCenter) StderrLine: {'line': b'   78 |   STWCANMsg *ctrl_vel(uint8_t motor_id, \x1b[01;35m\x1b[Kfloat vel\x1b[m\x1b[K) override { return nullptr; };\n'}
[0.494815] (CommunicationCenter) StderrLine: {'line': b'      |                                         \x1b[01;35m\x1b[K~~~~~~^~~\x1b[m\x1b[K\n'}
[0.494867] (CommunicationCenter) StderrLine: {'line': b'\x1b[01m\x1b[K/home/albusgive/rlfw/rlfw_deploy/src/CommunicationCenter/motor_driver/STWMotor.h:\x1b[m\x1b[K In member function \xe2\x80\x98\x1b[01m\x1b[Kvirtual STWCANMsg* STWMotor::\x1b[01;32m\x1b[Kctrl_pos_vel\x1b[m\x1b[K(uint8_t, float, float)\x1b[m\x1b[K\xe2\x80\x99:\n'}
[0.494918] (CommunicationCenter) StderrLine: {'line': b'\x1b[01m\x1b[K/home/albusgive/rlfw/rlfw_deploy/src/CommunicationCenter/motor_driver/STWMotor.h:80:35:\x1b[m\x1b[K \x1b[01;35m\x1b[Kwarning: \x1b[m\x1b[Kunused parameter \xe2\x80\x98\x1b[01m\x1b[Kmotor_id\x1b[m\x1b[K\xe2\x80\x99 [\x1b[01;35m\x1b[K\x1b]8;;https://gcc.gnu.org/onlinedocs/gcc/Warning-Options.html#index-Wunused-parameter\x07-Wunused-parameter\x1b]8;;\x07\x1b[m\x1b[K]\n'}
[0.494976] (CommunicationCenter) StderrLine: {'line': b'   80 |   STWCANMsg *ctrl_pos_vel(\x1b[01;35m\x1b[Kuint8_t motor_id\x1b[m\x1b[K, float pos, float vel) override {\n'}
[0.495028] (CommunicationCenter) StderrLine: {'line': b'      |                           \x1b[01;35m\x1b[K~~~~~~~~^~~~~~~~\x1b[m\x1b[K\n'}
[0.495083] (CommunicationCenter) StderrLine: {'line': b'\x1b[01m\x1b[K/home/albusgive/rlfw/rlfw_deploy/src/CommunicationCenter/motor_driver/STWMotor.h:80:51:\x1b[m\x1b[K \x1b[01;35m\x1b[Kwarning: \x1b[m\x1b[Kunused parameter \xe2\x80\x98\x1b[01m\x1b[Kpos\x1b[m\x1b[K\xe2\x80\x99 [\x1b[01;35m\x1b[K\x1b]8;;https://gcc.gnu.org/onlinedocs/gcc/Warning-Options.html#index-Wunused-parameter\x07-Wunused-parameter\x1b]8;;\x07\x1b[m\x1b[K]\n'}
[0.495134] (CommunicationCenter) StderrLine: {'line': b'   80 |   STWCANMsg *ctrl_pos_vel(uint8_t motor_id, \x1b[01;35m\x1b[Kfloat pos\x1b[m\x1b[K, float vel) override {\n'}
[0.495186] (CommunicationCenter) StderrLine: {'line': b'      |                                             \x1b[01;35m\x1b[K~~~~~~^~~\x1b[m\x1b[K\n'}
[0.495235] (CommunicationCenter) StderrLine: {'line': b'\x1b[01m\x1b[K/home/albusgive/rlfw/rlfw_deploy/src/CommunicationCenter/motor_driver/STWMotor.h:80:62:\x1b[m\x1b[K \x1b[01;35m\x1b[Kwarning: \x1b[m\x1b[Kunused parameter \xe2\x80\x98\x1b[01m\x1b[Kvel\x1b[m\x1b[K\xe2\x80\x99 [\x1b[01;35m\x1b[K\x1b]8;;https://gcc.gnu.org/onlinedocs/gcc/Warning-Options.html#index-Wunused-parameter\x07-Wunused-parameter\x1b]8;;\x07\x1b[m\x1b[K]\n'}
[0.495288] (CommunicationCenter) StderrLine: {'line': b'   80 |   STWCANMsg *ctrl_pos_vel(uint8_t motor_id, float pos, \x1b[01;35m\x1b[Kfloat vel\x1b[m\x1b[K) override {\n'}
[0.495348] (CommunicationCenter) StderrLine: {'line': b'      |                                                        \x1b[01;35m\x1b[K~~~~~~^~~\x1b[m\x1b[K\n'}
[0.495401] (CommunicationCenter) StderrLine: {'line': b'\x1b[01m\x1b[K/home/albusgive/rlfw/rlfw_deploy/src/CommunicationCenter/motor_driver/STWMotor.h:\x1b[m\x1b[K In member function \xe2\x80\x98\x1b[01m\x1b[Kvirtual STWCANMsg* STWMotor::\x1b[01;32m\x1b[Kctrl_torque\x1b[m\x1b[K(uint8_t, float)\x1b[m\x1b[K\xe2\x80\x99:\n'}
[0.495455] (CommunicationCenter) StderrLine: {'line': b'\x1b[01m\x1b[K/home/albusgive/rlfw/rlfw_deploy/src/CommunicationCenter/motor_driver/STWMotor.h:84:34:\x1b[m\x1b[K \x1b[01;35m\x1b[Kwarning: \x1b[m\x1b[Kunused parameter \xe2\x80\x98\x1b[01m\x1b[Kmotor_id\x1b[m\x1b[K\xe2\x80\x99 [\x1b[01;35m\x1b[K\x1b]8;;https://gcc.gnu.org/onlinedocs/gcc/Warning-Options.html#index-Wunused-parameter\x07-Wunused-parameter\x1b]8;;\x07\x1b[m\x1b[K]\n'}
[0.495507] (CommunicationCenter) StderrLine: {'line': b'   84 |   STWCANMsg *ctrl_torque(\x1b[01;35m\x1b[Kuint8_t motor_id\x1b[m\x1b[K, float torque) override {\n'}
[0.495558] (CommunicationCenter) StderrLine: {'line': b'      |                          \x1b[01;35m\x1b[K~~~~~~~~^~~~~~~~\x1b[m\x1b[K\n'}
[0.495608] (CommunicationCenter) StderrLine: {'line': b'\x1b[01m\x1b[K/home/albusgive/rlfw/rlfw_deploy/src/CommunicationCenter/motor_driver/STWMotor.h:84:50:\x1b[m\x1b[K \x1b[01;35m\x1b[Kwarning: \x1b[m\x1b[Kunused parameter \xe2\x80\x98\x1b[01m\x1b[Ktorque\x1b[m\x1b[K\xe2\x80\x99 [\x1b[01;35m\x1b[K\x1b]8;;https://gcc.gnu.org/onlinedocs/gcc/Warning-Options.html#index-Wunused-parameter\x07-Wunused-parameter\x1b]8;;\x07\x1b[m\x1b[K]\n'}
[0.495660] (CommunicationCenter) StderrLine: {'line': b'   84 |   STWCANMsg *ctrl_torque(uint8_t motor_id, \x1b[01;35m\x1b[Kfloat torque\x1b[m\x1b[K) override {\n'}
[0.495710] (CommunicationCenter) StderrLine: {'line': b'      |                                            \x1b[01;35m\x1b[K~~~~~~^~~~~~\x1b[m\x1b[K\n'}
[0.495761] (CommunicationCenter) StderrLine: {'line': b'\x1b[01m\x1b[K/home/albusgive/rlfw/rlfw_deploy/src/CommunicationCenter/motor_driver/STWMotor.h:\x1b[m\x1b[K In member function \xe2\x80\x98\x1b[01m\x1b[Kvirtual STWCANMsg* STWMotor::\x1b[01;32m\x1b[KsetPosKP\x1b[m\x1b[K(uint8_t, float)\x1b[m\x1b[K\xe2\x80\x99:\n'}
[0.495812] (CommunicationCenter) StderrLine: {'line': b'\x1b[01m\x1b[K/home/albusgive/rlfw/rlfw_deploy/src/CommunicationCenter/motor_driver/STWMotor.h:90:31:\x1b[m\x1b[K \x1b[01;35m\x1b[Kwarning: \x1b[m\x1b[Kunused parameter \xe2\x80\x98\x1b[01m\x1b[Kmotor_id\x1b[m\x1b[K\xe2\x80\x99 [\x1b[01;35m\x1b[K\x1b]8;;https://gcc.gnu.org/onlinedocs/gcc/Warning-Options.html#index-Wunused-parameter\x07-Wunused-parameter\x1b]8;;\x07\x1b[m\x1b[K]\n'}
[0.495866] (CommunicationCenter) StderrLine: {'line': b'   90 |   STWCANMsg *setPosKP(\x1b[01;35m\x1b[Kuint8_t motor_id\x1b[m\x1b[K, float kp) override { return nullptr; };\n'}
[0.495918] (CommunicationCenter) StderrLine: {'line': b'      |                       \x1b[01;35m\x1b[K~~~~~~~~^~~~~~~~\x1b[m\x1b[K\n'}
[0.495968] (CommunicationCenter) StderrLine: {'line': b'\x1b[01m\x1b[K/home/albusgive/rlfw/rlfw_deploy/src/CommunicationCenter/motor_driver/STWMotor.h:90:47:\x1b[m\x1b[K \x1b[01;35m\x1b[Kwarning: \x1b[m\x1b[Kunused parameter \xe2\x80\x98\x1b[01m\x1b[Kkp\x1b[m\x1b[K\xe2\x80\x99 [\x1b[01;35m\x1b[K\x1b]8;;https://gcc.gnu.org/onlinedocs/gcc/Warning-Options.html#index-Wunused-parameter\x07-Wunused-parameter\x1b]8;;\x07\x1b[m\x1b[K]\n'}
[0.496019] (CommunicationCenter) StderrLine: {'line': b'   90 |   STWCANMsg *setPosKP(uint8_t motor_id, \x1b[01;35m\x1b[Kfloat kp\x1b[m\x1b[K) override { return nullptr; };\n'}
[0.496070] (CommunicationCenter) StderrLine: {'line': b'      |                                         \x1b[01;35m\x1b[K~~~~~~^~\x1b[m\x1b[K\n'}
[0.496121] (CommunicationCenter) StderrLine: {'line': b'\x1b[01m\x1b[K/home/albusgive/rlfw/rlfw_deploy/src/CommunicationCenter/motor_driver/STWMotor.h:\x1b[m\x1b[K In member function \xe2\x80\x98\x1b[01m\x1b[Kvirtual STWCANMsg* STWMotor::\x1b[01;32m\x1b[KsetPosKD\x1b[m\x1b[K(uint8_t, float)\x1b[m\x1b[K\xe2\x80\x99:\n'}
[0.496176] (CommunicationCenter) StderrLine: {'line': b'\x1b[01m\x1b[K/home/albusgive/rlfw/rlfw_deploy/src/CommunicationCenter/motor_driver/STWMotor.h:91:31:\x1b[m\x1b[K \x1b[01;35m\x1b[Kwarning: \x1b[m\x1b[Kunused parameter \xe2\x80\x98\x1b[01m\x1b[Kmotor_id\x1b[m\x1b[K\xe2\x80\x99 [\x1b[01;35m\x1b[K\x1b]8;;https://gcc.gnu.org/onlinedocs/gcc/Warning-Options.html#index-Wunused-parameter\x07-Wunused-parameter\x1b]8;;\x07\x1b[m\x1b[K]\n'}
[0.496228] (CommunicationCenter) StderrLine: {'line': b'   91 |   STWCANMsg *setPosKD(\x1b[01;35m\x1b[Kuint8_t motor_id\x1b[m\x1b[K, float kd) override { return nullptr; };\n'}
[0.496280] (CommunicationCenter) StderrLine: {'line': b'      |                       \x1b[01;35m\x1b[K~~~~~~~~^~~~~~~~\x1b[m\x1b[K\n'}
[0.496337] (CommunicationCenter) StderrLine: {'line': b'\x1b[01m\x1b[K/home/albusgive/rlfw/rlfw_deploy/src/CommunicationCenter/motor_driver/STWMotor.h:91:47:\x1b[m\x1b[K \x1b[01;35m\x1b[Kwarning: \x1b[m\x1b[Kunused parameter \xe2\x80\x98\x1b[01m\x1b[Kkd\x1b[m\x1b[K\xe2\x80\x99 [\x1b[01;35m\x1b[K\x1b]8;;https://gcc.gnu.org/onlinedocs/gcc/Warning-Options.html#index-Wunused-parameter\x07-Wunused-parameter\x1b]8;;\x07\x1b[m\x1b[K]\n'}
[0.496393] (CommunicationCenter) StderrLine: {'line': b'   91 |   STWCANMsg *setPosKD(uint8_t motor_id, \x1b[01;35m\x1b[Kfloat kd\x1b[m\x1b[K) override { return nullptr; };\n'}
[0.496446] (CommunicationCenter) StderrLine: {'line': b'      |                                         \x1b[01;35m\x1b[K~~~~~~^~\x1b[m\x1b[K\n'}
[0.496499] (CommunicationCenter) StderrLine: {'line': b'\x1b[01m\x1b[K/home/albusgive/rlfw/rlfw_deploy/src/CommunicationCenter/motor_driver/STWMotor.h:\x1b[m\x1b[K In member function \xe2\x80\x98\x1b[01m\x1b[Kvirtual STWCANMsg* STWMotor::\x1b[01;32m\x1b[KsetVelKP\x1b[m\x1b[K(uint8_t, float)\x1b[m\x1b[K\xe2\x80\x99:\n'}
[0.496551] (CommunicationCenter) StderrLine: {'line': b'\x1b[01m\x1b[K/home/albusgive/rlfw/rlfw_deploy/src/CommunicationCenter/motor_driver/STWMotor.h:93:31:\x1b[m\x1b[K \x1b[01;35m\x1b[Kwarning: \x1b[m\x1b[Kunused parameter \xe2\x80\x98\x1b[01m\x1b[Kmotor_id\x1b[m\x1b[K\xe2\x80\x99 [\x1b[01;35m\x1b[K\x1b]8;;https://gcc.gnu.org/onlinedocs/gcc/Warning-Options.html#index-Wunused-parameter\x07-Wunused-parameter\x1b]8;;\x07\x1b[m\x1b[K]\n'}
[0.496603] (CommunicationCenter) StderrLine: {'line': b'   93 |   STWCANMsg *setVelKP(\x1b[01;35m\x1b[Kuint8_t motor_id\x1b[m\x1b[K, float kp) override { return nullptr; };\n'}
[0.496653] (CommunicationCenter) StderrLine: {'line': b'      |                       \x1b[01;35m\x1b[K~~~~~~~~^~~~~~~~\x1b[m\x1b[K\n'}
[0.496708] (CommunicationCenter) StderrLine: {'line': b'\x1b[01m\x1b[K/home/albusgive/rlfw/rlfw_deploy/src/CommunicationCenter/motor_driver/STWMotor.h:93:47:\x1b[m\x1b[K \x1b[01;35m\x1b[Kwarning: \x1b[m\x1b[Kunused parameter \xe2\x80\x98\x1b[01m\x1b[Kkp\x1b[m\x1b[K\xe2\x80\x99 [\x1b[01;35m\x1b[K\x1b]8;;https://gcc.gnu.org/onlinedocs/gcc/Warning-Options.html#index-Wunused-parameter\x07-Wunused-parameter\x1b]8;;\x07\x1b[m\x1b[K]\n'}
[0.496761] (CommunicationCenter) StderrLine: {'line': b'   93 |   STWCANMsg *setVelKP(uint8_t motor_id, \x1b[01;35m\x1b[Kfloat kp\x1b[m\x1b[K) override { return nullptr; };\n'}
[0.496813] (CommunicationCenter) StderrLine: {'line': b'      |                                         \x1b[01;35m\x1b[K~~~~~~^~\x1b[m\x1b[K\n'}
[0.496865] (CommunicationCenter) StderrLine: {'line': b'\x1b[01m\x1b[K/home/albusgive/rlfw/rlfw_deploy/src/CommunicationCenter/motor_driver/STWMotor.h:\x1b[m\x1b[K In member function \xe2\x80\x98\x1b[01m\x1b[Kvirtual STWCANMsg* STWMotor::\x1b[01;32m\x1b[KsetVelKI\x1b[m\x1b[K(uint8_t, float)\x1b[m\x1b[K\xe2\x80\x99:\n'}
[0.496916] (CommunicationCenter) StderrLine: {'line': b'\x1b[01m\x1b[K/home/albusgive/rlfw/rlfw_deploy/src/CommunicationCenter/motor_driver/STWMotor.h:94:31:\x1b[m\x1b[K \x1b[01;35m\x1b[Kwarning: \x1b[m\x1b[Kunused parameter \xe2\x80\x98\x1b[01m\x1b[Kmotor_id\x1b[m\x1b[K\xe2\x80\x99 [\x1b[01;35m\x1b[K\x1b]8;;https://gcc.gnu.org/onlinedocs/gcc/Warning-Options.html#index-Wunused-parameter\x07-Wunused-parameter\x1b]8;;\x07\x1b[m\x1b[K]\n'}
[0.496968] (CommunicationCenter) StderrLine: {'line': b'   94 |   STWCANMsg *setVelKI(\x1b[01;35m\x1b[Kuint8_t motor_id\x1b[m\x1b[K, float ki) override { return nullptr; };\n'}
[0.497020] (CommunicationCenter) StderrLine: {'line': b'      |                       \x1b[01;35m\x1b[K~~~~~~~~^~~~~~~~\x1b[m\x1b[K\n'}
[0.497071] (CommunicationCenter) StderrLine: {'line': b'\x1b[01m\x1b[K/home/albusgive/rlfw/rlfw_deploy/src/CommunicationCenter/motor_driver/STWMotor.h:94:47:\x1b[m\x1b[K \x1b[01;35m\x1b[Kwarning: \x1b[m\x1b[Kunused parameter \xe2\x80\x98\x1b[01m\x1b[Kki\x1b[m\x1b[K\xe2\x80\x99 [\x1b[01;35m\x1b[K\x1b]8;;https://gcc.gnu.org/onlinedocs/gcc/Warning-Options.html#index-Wunused-parameter\x07-Wunused-parameter\x1b]8;;\x07\x1b[m\x1b[K]\n'}
[0.497125] (CommunicationCenter) StderrLine: {'line': b'   94 |   STWCANMsg *setVelKI(uint8_t motor_id, \x1b[01;35m\x1b[Kfloat ki\x1b[m\x1b[K) override { return nullptr; };\n'}
[0.497176] (CommunicationCenter) StderrLine: {'line': b'      |                                         \x1b[01;35m\x1b[K~~~~~~^~\x1b[m\x1b[K\n'}
[0.497229] (CommunicationCenter) StderrLine: {'line': b'\x1b[01m\x1b[K/home/albusgive/rlfw/rlfw_deploy/src/CommunicationCenter/motor_driver/STWMotor.h:\x1b[m\x1b[K In member function \xe2\x80\x98\x1b[01m\x1b[Kvirtual STWCANMsg* STWMotor::\x1b[01;32m\x1b[KsetTorqueKP\x1b[m\x1b[K(uint8_t, float)\x1b[m\x1b[K\xe2\x80\x99:\n'}
[0.497281] (CommunicationCenter) StderrLine: {'line': b'\x1b[01m\x1b[K/home/albusgive/rlfw/rlfw_deploy/src/CommunicationCenter/motor_driver/STWMotor.h:96:34:\x1b[m\x1b[K \x1b[01;35m\x1b[Kwarning: \x1b[m\x1b[Kunused parameter \xe2\x80\x98\x1b[01m\x1b[Kmotor_id\x1b[m\x1b[K\xe2\x80\x99 [\x1b[01;35m\x1b[K\x1b]8;;https://gcc.gnu.org/onlinedocs/gcc/Warning-Options.html#index-Wunused-parameter\x07-Wunused-parameter\x1b]8;;\x07\x1b[m\x1b[K]\n'}
[0.497340] (CommunicationCenter) StderrLine: {'line': b'   96 |   STWCANMsg *setTorqueKP(\x1b[01;35m\x1b[Kuint8_t motor_id\x1b[m\x1b[K, float kp) override {\n'}
[0.497398] (CommunicationCenter) StderrLine: {'line': b'      |                          \x1b[01;35m\x1b[K~~~~~~~~^~~~~~~~\x1b[m\x1b[K\n'}
[0.497449] (CommunicationCenter) StderrLine: {'line': b'\x1b[01m\x1b[K/home/albusgive/rlfw/rlfw_deploy/src/CommunicationCenter/motor_driver/STWMotor.h:96:50:\x1b[m\x1b[K \x1b[01;35m\x1b[Kwarning: \x1b[m\x1b[Kunused parameter \xe2\x80\x98\x1b[01m\x1b[Kkp\x1b[m\x1b[K\xe2\x80\x99 [\x1b[01;35m\x1b[K\x1b]8;;https://gcc.gnu.org/onlinedocs/gcc/Warning-Options.html#index-Wunused-parameter\x07-Wunused-parameter\x1b]8;;\x07\x1b[m\x1b[K]\n'}
[0.497501] (CommunicationCenter) StderrLine: {'line': b'   96 |   STWCANMsg *setTorqueKP(uint8_t motor_id, \x1b[01;35m\x1b[Kfloat kp\x1b[m\x1b[K) override {\n'}
[0.497549] (CommunicationCenter) StderrLine: {'line': b'      |                                            \x1b[01;35m\x1b[K~~~~~~^~\x1b[m\x1b[K\n'}
[0.497596] (CommunicationCenter) StderrLine: {'line': b'\x1b[01m\x1b[K/home/albusgive/rlfw/rlfw_deploy/src/CommunicationCenter/motor_driver/STWMotor.h:\x1b[m\x1b[K In member function \xe2\x80\x98\x1b[01m\x1b[Kvirtual STWCANMsg* STWMotor::\x1b[01;32m\x1b[KsetTorqueKI\x1b[m\x1b[K(uint8_t, float)\x1b[m\x1b[K\xe2\x80\x99:\n'}
[0.497648] (CommunicationCenter) StderrLine: {'line': b'\x1b[01m\x1b[K/home/albusgive/rlfw/rlfw_deploy/src/CommunicationCenter/motor_driver/STWMotor.h:99:34:\x1b[m\x1b[K \x1b[01;35m\x1b[Kwarning: \x1b[m\x1b[Kunused parameter \xe2\x80\x98\x1b[01m\x1b[Kmotor_id\x1b[m\x1b[K\xe2\x80\x99 [\x1b[01;35m\x1b[K\x1b]8;;https://gcc.gnu.org/onlinedocs/gcc/Warning-Options.html#index-Wunused-parameter\x07-Wunused-parameter\x1b]8;;\x07\x1b[m\x1b[K]\n'}
[0.497696] (CommunicationCenter) StderrLine: {'line': b'   99 |   STWCANMsg *setTorqueKI(\x1b[01;35m\x1b[Kuint8_t motor_id\x1b[m\x1b[K, float ki) override {\n'}
[0.497743] (CommunicationCenter) StderrLine: {'line': b'      |                          \x1b[01;35m\x1b[K~~~~~~~~^~~~~~~~\x1b[m\x1b[K\n'}
[0.497791] (CommunicationCenter) StderrLine: {'line': b'\x1b[01m\x1b[K/home/albusgive/rlfw/rlfw_deploy/src/CommunicationCenter/motor_driver/STWMotor.h:99:50:\x1b[m\x1b[K \x1b[01;35m\x1b[Kwarning: \x1b[m\x1b[Kunused parameter \xe2\x80\x98\x1b[01m\x1b[Kki\x1b[m\x1b[K\xe2\x80\x99 [\x1b[01;35m\x1b[K\x1b]8;;https://gcc.gnu.org/onlinedocs/gcc/Warning-Options.html#index-Wunused-parameter\x07-Wunused-parameter\x1b]8;;\x07\x1b[m\x1b[K]\n'}
[0.497840] (CommunicationCenter) StderrLine: {'line': b'   99 |   STWCANMsg *setTorqueKI(uint8_t motor_id, \x1b[01;35m\x1b[Kfloat ki\x1b[m\x1b[K) override {\n'}
[0.497887] (CommunicationCenter) StderrLine: {'line': b'      |                                            \x1b[01;35m\x1b[K~~~~~~^~\x1b[m\x1b[K\n'}
[0.497933] (CommunicationCenter) StderrLine: {'line': b'\x1b[01m\x1b[K/home/albusgive/rlfw/rlfw_deploy/src/CommunicationCenter/motor_driver/STWMotor.h:\x1b[m\x1b[K In member function \xe2\x80\x98\x1b[01m\x1b[Kvirtual STWCANMsg* STWMotor::\x1b[01;32m\x1b[KsetSafeTorque\x1b[m\x1b[K(uint8_t, float)\x1b[m\x1b[K\xe2\x80\x99:\n'}
[0.497982] (CommunicationCenter) StderrLine: {'line': b'\x1b[01m\x1b[K/home/albusgive/rlfw/rlfw_deploy/src/CommunicationCenter/motor_driver/STWMotor.h:103:36:\x1b[m\x1b[K \x1b[01;35m\x1b[Kwarning: \x1b[m\x1b[Kunused parameter \xe2\x80\x98\x1b[01m\x1b[Kmotor_id\x1b[m\x1b[K\xe2\x80\x99 [\x1b[01;35m\x1b[K\x1b]8;;https://gcc.gnu.org/onlinedocs/gcc/Warning-Options.html#index-Wunused-parameter\x07-Wunused-parameter\x1b]8;;\x07\x1b[m\x1b[K]\n'}
[0.498033] (CommunicationCenter) StderrLine: {'line': b'  103 |   STWCANMsg *setSafeTorque(\x1b[01;35m\x1b[Kuint8_t motor_id\x1b[m\x1b[K, float torque) override {\n'}
[0.498082] (CommunicationCenter) StderrLine: {'line': b'      |                            \x1b[01;35m\x1b[K~~~~~~~~^~~~~~~~\x1b[m\x1b[K\n'}
[0.498129] (CommunicationCenter) StderrLine: {'line': b'\x1b[01m\x1b[K/home/albusgive/rlfw/rlfw_deploy/src/CommunicationCenter/motor_driver/STWMotor.h:103:52:\x1b[m\x1b[K \x1b[01;35m\x1b[Kwarning: \x1b[m\x1b[Kunused parameter \xe2\x80\x98\x1b[01m\x1b[Ktorque\x1b[m\x1b[K\xe2\x80\x99 [\x1b[01;35m\x1b[K\x1b]8;;https://gcc.gnu.org/onlinedocs/gcc/Warning-Options.html#index-Wunused-parameter\x07-Wunused-parameter\x1b]8;;\x07\x1b[m\x1b[K]\n'}
[0.498184] (CommunicationCenter) StderrLine: {'line': b'  103 |   STWCANMsg *setSafeTorque(uint8_t motor_id, \x1b[01;35m\x1b[Kfloat torque\x1b[m\x1b[K) override {\n'}
[0.498231] (CommunicationCenter) StderrLine: {'line': b'      |                                              \x1b[01;35m\x1b[K~~~~~~^~~~~~\x1b[m\x1b[K\n'}
[0.498279] (CommunicationCenter) StderrLine: {'line': b'\x1b[01m\x1b[K/home/albusgive/rlfw/rlfw_deploy/src/CommunicationCenter/motor_driver/STWMotor.h:\x1b[m\x1b[K In member function \xe2\x80\x98\x1b[01m\x1b[Kvirtual STWCANMsg* STWMotor::\x1b[01;32m\x1b[KsetSafePos\x1b[m\x1b[K(uint8_t, float)\x1b[m\x1b[K\xe2\x80\x99:\n'}
[0.498333] (CommunicationCenter) StderrLine: {'line': b'\x1b[01m\x1b[K/home/albusgive/rlfw/rlfw_deploy/src/CommunicationCenter/motor_driver/STWMotor.h:106:33:\x1b[m\x1b[K \x1b[01;35m\x1b[Kwarning: \x1b[m\x1b[Kunused parameter \xe2\x80\x98\x1b[01m\x1b[Kmotor_id\x1b[m\x1b[K\xe2\x80\x99 [\x1b[01;35m\x1b[K\x1b]8;;https://gcc.gnu.org/onlinedocs/gcc/Warning-Options.html#index-Wunused-parameter\x07-Wunused-parameter\x1b]8;;\x07\x1b[m\x1b[K]\n'}
[0.498388] (CommunicationCenter) StderrLine: {'line': b'  106 |   STWCANMsg *setSafePos(\x1b[01;35m\x1b[Kuint8_t motor_id\x1b[m\x1b[K, float pos) override {\n'}
[0.498438] (CommunicationCenter) StderrLine: {'line': b'      |                         \x1b[01;35m\x1b[K~~~~~~~~^~~~~~~~\x1b[m\x1b[K\n'}
[0.498486] (CommunicationCenter) StderrLine: {'line': b'\x1b[01m\x1b[K/home/albusgive/rlfw/rlfw_deploy/src/CommunicationCenter/motor_driver/STWMotor.h:106:49:\x1b[m\x1b[K \x1b[01;35m\x1b[Kwarning: \x1b[m\x1b[Kunused parameter \xe2\x80\x98\x1b[01m\x1b[Kpos\x1b[m\x1b[K\xe2\x80\x99 [\x1b[01;35m\x1b[K\x1b]8;;https://gcc.gnu.org/onlinedocs/gcc/Warning-Options.html#index-Wunused-parameter\x07-Wunused-parameter\x1b]8;;\x07\x1b[m\x1b[K]\n'}
[0.498535] (CommunicationCenter) StderrLine: {'line': b'  106 |   STWCANMsg *setSafePos(uint8_t motor_id, \x1b[01;35m\x1b[Kfloat pos\x1b[m\x1b[K) override {\n'}
[0.498586] (CommunicationCenter) StderrLine: {'line': b'      |                                           \x1b[01;35m\x1b[K~~~~~~^~~\x1b[m\x1b[K\n'}
[0.498634] (CommunicationCenter) StderrLine: {'line': b'\x1b[01m\x1b[K/home/albusgive/rlfw/rlfw_deploy/src/CommunicationCenter/motor_driver/STWMotor.h:\x1b[m\x1b[K In member function \xe2\x80\x98\x1b[01m\x1b[Kvirtual STWCANMsg* STWMotor::\x1b[01;32m\x1b[KsetSafeVel\x1b[m\x1b[K(uint8_t, float)\x1b[m\x1b[K\xe2\x80\x99:\n'}
[0.498685] (CommunicationCenter) StderrLine: {'line': b'\x1b[01m\x1b[K/home/albusgive/rlfw/rlfw_deploy/src/CommunicationCenter/motor_driver/STWMotor.h:109:33:\x1b[m\x1b[K \x1b[01;35m\x1b[Kwarning: \x1b[m\x1b[Kunused parameter \xe2\x80\x98\x1b[01m\x1b[Kmotor_id\x1b[m\x1b[K\xe2\x80\x99 [\x1b[01;35m\x1b[K\x1b]8;;https://gcc.gnu.org/onlinedocs/gcc/Warning-Options.html#index-Wunused-parameter\x07-Wunused-parameter\x1b]8;;\x07\x1b[m\x1b[K]\n'}
[0.498734] (CommunicationCenter) StderrLine: {'line': b'  109 |   STWCANMsg *setSafeVel(\x1b[01;35m\x1b[Kuint8_t motor_id\x1b[m\x1b[K, float vel) override {\n'}
[0.498782] (CommunicationCenter) StderrLine: {'line': b'      |                         \x1b[01;35m\x1b[K~~~~~~~~^~~~~~~~\x1b[m\x1b[K\n'}
[0.498830] (CommunicationCenter) StderrLine: {'line': b'\x1b[01m\x1b[K/home/albusgive/rlfw/rlfw_deploy/src/CommunicationCenter/motor_driver/STWMotor.h:109:49:\x1b[m\x1b[K \x1b[01;35m\x1b[Kwarning: \x1b[m\x1b[Kunused parameter \xe2\x80\x98\x1b[01m\x1b[Kvel\x1b[m\x1b[K\xe2\x80\x99 [\x1b[01;35m\x1b[K\x1b]8;;https://gcc.gnu.org/onlinedocs/gcc/Warning-Options.html#index-Wunused-parameter\x07-Wunused-parameter\x1b]8;;\x07\x1b[m\x1b[K]\n'}
[0.498889] (CommunicationCenter) StderrLine: {'line': b'  109 |   STWCANMsg *setSafeVel(uint8_t motor_id, \x1b[01;35m\x1b[Kfloat vel\x1b[m\x1b[K) override {\n'}
[0.498937] (CommunicationCenter) StderrLine: {'line': b'      |                                           \x1b[01;35m\x1b[K~~~~~~^~~\x1b[m\x1b[K\n'}
[0.498984] (CommunicationCenter) StderrLine: {'line': b'In file included from \x1b[01m\x1b[K/home/albusgive/rlfw/rlfw_deploy/src/CommunicationCenter/motor_driver/DMMotor.h:3\x1b[m\x1b[K,\n'}
[0.499032] (CommunicationCenter) StderrLine: {'line': b'                 from \x1b[01m\x1b[K/home/albusgive/rlfw/rlfw_deploy/src/CommunicationCenter/include/CommunicationCenter.hpp:4\x1b[m\x1b[K,\n'}
[0.499079] (CommunicationCenter) StderrLine: {'line': b'                 from \x1b[01m\x1b[K/home/albusgive/rlfw/rlfw_deploy/src/CommunicationCenter/src/CommunicationCenter.cpp:1\x1b[m\x1b[K:\n'}
[0.499126] (CommunicationCenter) StderrLine: {'line': b'\x1b[01m\x1b[K/home/albusgive/rlfw/rlfw_deploy/src/CommunicationCenter/motor_driver/Motor.hpp:276:13:\x1b[m\x1b[K \x1b[01;35m\x1b[Kwarning: \x1b[m\x1b[K\xe2\x80\x98\x1b[01m\x1b[Kvirtual MotorBack CANMotor::\x1b[01;32m\x1b[Kdecode\x1b[m\x1b[K()\x1b[m\x1b[K\xe2\x80\x99 was hidden [\x1b[01;35m\x1b[K\x1b]8;;https://gcc.gnu.org/onlinedocs/gcc/Warning-Options.html#index-Woverloaded-virtual=\x07-Woverloaded-virtual=\x1b]8;;\x07\x1b[m\x1b[K]\n'}
[0.499180] (CommunicationCenter) StderrLine: {'line': b'  276 |   MotorBack \x1b[01;35m\x1b[Kdecode\x1b[m\x1b[K() override { return MotorBack(); };\n'}
[0.499227] (CommunicationCenter) StderrLine: {'line': b'      |             \x1b[01;35m\x1b[K^~~~~~\x1b[m\x1b[K\n'}
[0.499274] (CommunicationCenter) StderrLine: {'line': b'\x1b[01m\x1b[K/home/albusgive/rlfw/rlfw_deploy/src/CommunicationCenter/motor_driver/DMMotor.h:50:13:\x1b[m\x1b[K \x1b[01;36m\x1b[Knote: \x1b[m\x1b[K  by \xe2\x80\x98\x1b[01m\x1b[Kvirtual MotorBack DMMotor::\x1b[01;32m\x1b[Kdecode\x1b[m\x1b[K(CANMSG)\x1b[m\x1b[K\xe2\x80\x99\n'}
[0.499326] (CommunicationCenter) StderrLine: {'line': b'   50 |   MotorBack \x1b[01;36m\x1b[Kdecode\x1b[m\x1b[K(CANMSG msg) override;\n'}
[0.499377] (CommunicationCenter) StderrLine: {'line': b'      |             \x1b[01;36m\x1b[K^~~~~~\x1b[m\x1b[K\n'}
[0.499424] (CommunicationCenter) StderrLine: {'line': b'\x1b[01m\x1b[K/home/albusgive/rlfw/rlfw_deploy/src/CommunicationCenter/motor_driver/Motor.hpp:275:13:\x1b[m\x1b[K \x1b[01;35m\x1b[Kwarning: \x1b[m\x1b[K\xe2\x80\x98\x1b[01m\x1b[Kvirtual MotorBack CANMotor::\x1b[01;32m\x1b[Kdecode\x1b[m\x1b[K(UnitreeMsg)\x1b[m\x1b[K\xe2\x80\x99 was hidden [\x1b[01;35m\x1b[K\x1b]8;;https://gcc.gnu.org/onlinedocs/gcc/Warning-Options.html#index-Woverloaded-virtual=\x07-Woverloaded-virtual=\x1b]8;;\x07\x1b[m\x1b[K]\n'}
[0.499474] (CommunicationCenter) StderrLine: {'line': b'  275 |   MotorBack \x1b[01;35m\x1b[Kdecode\x1b[m\x1b[K(UnitreeMsg /*msg*/) override { return MotorBack(); };\n'}
[0.499521] (CommunicationCenter) StderrLine: {'line': b'      |             \x1b[01;35m\x1b[K^~~~~~\x1b[m\x1b[K\n'}
[0.499568] (CommunicationCenter) StderrLine: {'line': b'\x1b[01m\x1b[K/home/albusgive/rlfw/rlfw_deploy/src/CommunicationCenter/motor_driver/DMMotor.h:50:13:\x1b[m\x1b[K \x1b[01;36m\x1b[Knote: \x1b[m\x1b[K  by \xe2\x80\x98\x1b[01m\x1b[Kvirtual MotorBack DMMotor::\x1b[01;32m\x1b[Kdecode\x1b[m\x1b[K(CANMSG)\x1b[m\x1b[K\xe2\x80\x99\n'}
[0.499616] (CommunicationCenter) StderrLine: {'line': b'   50 |   MotorBack \x1b[01;36m\x1b[Kdecode\x1b[m\x1b[K(CANMSG msg) override;\n'}
[0.499665] (CommunicationCenter) StderrLine: {'line': b'      |             \x1b[01;36m\x1b[K^~~~~~\x1b[m\x1b[K\n'}
[0.499712] (CommunicationCenter) StderrLine: {'line': b'\x1b[01m\x1b[K/home/albusgive/rlfw/rlfw_deploy/src/CommunicationCenter/motor_driver/DMMotor.h:\x1b[m\x1b[K In member function \xe2\x80\x98\x1b[01m\x1b[Kvirtual DMCANMsg* DMMotor::\x1b[01;32m\x1b[KsetCtrlType\x1b[m\x1b[K(uint8_t)\x1b[m\x1b[K\xe2\x80\x99:\n'}
[0.499759] (CommunicationCenter) StderrLine: {'line': b'\x1b[01m\x1b[K/home/albusgive/rlfw/rlfw_deploy/src/CommunicationCenter/motor_driver/DMMotor.h:55:33:\x1b[m\x1b[K \x1b[01;35m\x1b[Kwarning: \x1b[m\x1b[Kunused parameter \xe2\x80\x98\x1b[01m\x1b[Kmotor_id\x1b[m\x1b[K\xe2\x80\x99 [\x1b[01;35m\x1b[K\x1b]8;;https://gcc.gnu.org/onlinedocs/gcc/Warning-Options.html#index-Wunused-parameter\x07-Wunused-parameter\x1b]8;;\x07\x1b[m\x1b[K]\n'}
[0.499808] (CommunicationCenter) StderrLine: {'line': b'   55 |   DMCANMsg *setCtrlType(\x1b[01;35m\x1b[Kuint8_t motor_id\x1b[m\x1b[K) override { return nullptr; };\n'}
[0.499856] (CommunicationCenter) StderrLine: {'line': b'      |                         \x1b[01;35m\x1b[K~~~~~~~~^~~~~~~~\x1b[m\x1b[K\n'}
[0.499906] (CommunicationCenter) StderrLine: {'line': b'\x1b[01m\x1b[K/home/albusgive/rlfw/rlfw_deploy/src/CommunicationCenter/motor_driver/DMMotor.h:\x1b[m\x1b[K In member function \xe2\x80\x98\x1b[01m\x1b[Kvirtual DMCANMsg* DMMotor::\x1b[01;32m\x1b[Kctrl_pos\x1b[m\x1b[K(uint8_t, float)\x1b[m\x1b[K\xe2\x80\x99:\n'}
[0.499956] (CommunicationCenter) StderrLine: {'line': b'\x1b[01m\x1b[K/home/albusgive/rlfw/rlfw_deploy/src/CommunicationCenter/motor_driver/DMMotor.h:57:30:\x1b[m\x1b[K \x1b[01;35m\x1b[Kwarning: \x1b[m\x1b[Kunused parameter \xe2\x80\x98\x1b[01m\x1b[Kmotor_id\x1b[m\x1b[K\xe2\x80\x99 [\x1b[01;35m\x1b[K\x1b]8;;https://gcc.gnu.org/onlinedocs/gcc/Warning-Options.html#index-Wunused-parameter\x07-Wunused-parameter\x1b]8;;\x07\x1b[m\x1b[K]\n'}
[0.500006] (CommunicationCenter) StderrLine: {'line': b'   57 |   DMCANMsg *ctrl_pos(\x1b[01;35m\x1b[Kuint8_t motor_id\x1b[m\x1b[K, float pos) override { return nullptr; };\n'}
[0.500056] (CommunicationCenter) StderrLine: {'line': b'      |                      \x1b[01;35m\x1b[K~~~~~~~~^~~~~~~~\x1b[m\x1b[K\n'}
[0.500104] (CommunicationCenter) StderrLine: {'line': b'\x1b[01m\x1b[K/home/albusgive/rlfw/rlfw_deploy/src/CommunicationCenter/motor_driver/DMMotor.h:57:46:\x1b[m\x1b[K \x1b[01;35m\x1b[Kwarning: \x1b[m\x1b[Kunused parameter \xe2\x80\x98\x1b[01m\x1b[Kpos\x1b[m\x1b[K\xe2\x80\x99 [\x1b[01;35m\x1b[K\x1b]8;;https://gcc.gnu.org/onlinedocs/gcc/Warning-Options.html#index-Wunused-parameter\x07-Wunused-parameter\x1b]8;;\x07\x1b[m\x1b[K]\n'}
[0.500153] (CommunicationCenter) StderrLine: {'line': b'   57 |   DMCANMsg *ctrl_pos(uint8_t motor_id, \x1b[01;35m\x1b[Kfloat pos\x1b[m\x1b[K) override { return nullptr; };\n'}
[0.500201] (CommunicationCenter) StderrLine: {'line': b'      |                                        \x1b[01;35m\x1b[K~~~~~~^~~\x1b[m\x1b[K\n'}
[0.500250] (CommunicationCenter) StderrLine: {'line': b'\x1b[01m\x1b[K/home/albusgive/rlfw/rlfw_deploy/src/CommunicationCenter/motor_driver/DMMotor.h:\x1b[m\x1b[K In member function \xe2\x80\x98\x1b[01m\x1b[Kvirtual DMCANMsg* DMMotor::\x1b[01;32m\x1b[Kctrl_vel\x1b[m\x1b[K(uint8_t, float)\x1b[m\x1b[K\xe2\x80\x99:\n'}
[0.500299] (CommunicationCenter) StderrLine: {'line': b'\x1b[01m\x1b[K/home/albusgive/rlfw/rlfw_deploy/src/CommunicationCenter/motor_driver/DMMotor.h:59:30:\x1b[m\x1b[K \x1b[01;35m\x1b[Kwarning: \x1b[m\x1b[Kunused parameter \xe2\x80\x98\x1b[01m\x1b[Kmotor_id\x1b[m\x1b[K\xe2\x80\x99 [\x1b[01;35m\x1b[K\x1b]8;;https://gcc.gnu.org/onlinedocs/gcc/Warning-Options.html#index-Wunused-parameter\x07-Wunused-parameter\x1b]8;;\x07\x1b[m\x1b[K]\n'}
[0.500357] (CommunicationCenter) StderrLine: {'line': b'   59 |   DMCANMsg *ctrl_vel(\x1b[01;35m\x1b[Kuint8_t motor_id\x1b[m\x1b[K, float vel) override { return nullptr; };\n'}
[0.500406] (CommunicationCenter) StderrLine: {'line': b'      |                      \x1b[01;35m\x1b[K~~~~~~~~^~~~~~~~\x1b[m\x1b[K\n'}
[0.500453] (CommunicationCenter) StderrLine: {'line': b'\x1b[01m\x1b[K/home/albusgive/rlfw/rlfw_deploy/src/CommunicationCenter/motor_driver/DMMotor.h:59:46:\x1b[m\x1b[K \x1b[01;35m\x1b[Kwarning: \x1b[m\x1b[Kunused parameter \xe2\x80\x98\x1b[01m\x1b[Kvel\x1b[m\x1b[K\xe2\x80\x99 [\x1b[01;35m\x1b[K\x1b]8;;https://gcc.gnu.org/onlinedocs/gcc/Warning-Options.html#index-Wunused-parameter\x07-Wunused-parameter\x1b]8;;\x07\x1b[m\x1b[K]\n'}
[0.500503] (CommunicationCenter) StderrLine: {'line': b'   59 |   DMCANMsg *ctrl_vel(uint8_t motor_id, \x1b[01;35m\x1b[Kfloat vel\x1b[m\x1b[K) override { return nullptr; };\n'}
[0.500550] (CommunicationCenter) StderrLine: {'line': b'      |                                        \x1b[01;35m\x1b[K~~~~~~^~~\x1b[m\x1b[K\n'}
[0.500598] (CommunicationCenter) StderrLine: {'line': b'\x1b[01m\x1b[K/home/albusgive/rlfw/rlfw_deploy/src/CommunicationCenter/motor_driver/DMMotor.h:\x1b[m\x1b[K In member function \xe2\x80\x98\x1b[01m\x1b[Kvirtual DMCANMsg* DMMotor::\x1b[01;32m\x1b[Kctrl_pos_vel\x1b[m\x1b[K(uint8_t, float, float)\x1b[m\x1b[K\xe2\x80\x99:\n'}
[0.500648] (CommunicationCenter) StderrLine: {'line': b'\x1b[01m\x1b[K/home/albusgive/rlfw/rlfw_deploy/src/CommunicationCenter/motor_driver/DMMotor.h:61:34:\x1b[m\x1b[K \x1b[01;35m\x1b[Kwarning: \x1b[m\x1b[Kunused parameter \xe2\x80\x98\x1b[01m\x1b[Kmotor_id\x1b[m\x1b[K\xe2\x80\x99 [\x1b[01;35m\x1b[K\x1b]8;;https://gcc.gnu.org/onlinedocs/gcc/Warning-Options.html#index-Wunused-parameter\x07-Wunused-parameter\x1b]8;;\x07\x1b[m\x1b[K]\n'}
[0.500701] (CommunicationCenter) StderrLine: {'line': b'   61 |   DMCANMsg *ctrl_pos_vel(\x1b[01;35m\x1b[Kuint8_t motor_id\x1b[m\x1b[K, float pos, float vel) override {\n'}
[0.500749] (CommunicationCenter) StderrLine: {'line': b'      |                          \x1b[01;35m\x1b[K~~~~~~~~^~~~~~~~\x1b[m\x1b[K\n'}
[0.500797] (CommunicationCenter) StderrLine: {'line': b'\x1b[01m\x1b[K/home/albusgive/rlfw/rlfw_deploy/src/CommunicationCenter/motor_driver/DMMotor.h:61:50:\x1b[m\x1b[K \x1b[01;35m\x1b[Kwarning: \x1b[m\x1b[Kunused parameter \xe2\x80\x98\x1b[01m\x1b[Kpos\x1b[m\x1b[K\xe2\x80\x99 [\x1b[01;35m\x1b[K\x1b]8;;https://gcc.gnu.org/onlinedocs/gcc/Warning-Options.html#index-Wunused-parameter\x07-Wunused-parameter\x1b]8;;\x07\x1b[m\x1b[K]\n'}
[0.500847] (CommunicationCenter) StderrLine: {'line': b'   61 |   DMCANMsg *ctrl_pos_vel(uint8_t motor_id, \x1b[01;35m\x1b[Kfloat pos\x1b[m\x1b[K, float vel) override {\n'}
[0.500895] (CommunicationCenter) StderrLine: {'line': b'      |                                            \x1b[01;35m\x1b[K~~~~~~^~~\x1b[m\x1b[K\n'}
[0.500943] (CommunicationCenter) StderrLine: {'line': b'\x1b[01m\x1b[K/home/albusgive/rlfw/rlfw_deploy/src/CommunicationCenter/motor_driver/DMMotor.h:61:61:\x1b[m\x1b[K \x1b[01;35m\x1b[Kwarning: \x1b[m\x1b[Kunused parameter \xe2\x80\x98\x1b[01m\x1b[Kvel\x1b[m\x1b[K\xe2\x80\x99 [\x1b[01;35m\x1b[K\x1b]8;;https://gcc.gnu.org/onlinedocs/gcc/Warning-Options.html#index-Wunused-parameter\x07-Wunused-parameter\x1b]8;;\x07\x1b[m\x1b[K]\n'}
[0.500993] (CommunicationCenter) StderrLine: {'line': b'   61 |   DMCANMsg *ctrl_pos_vel(uint8_t motor_id, float pos, \x1b[01;35m\x1b[Kfloat vel\x1b[m\x1b[K) override {\n'}
[0.501041] (CommunicationCenter) StderrLine: {'line': b'      |                                                       \x1b[01;35m\x1b[K~~~~~~^~~\x1b[m\x1b[K\n'}
[0.501093] (CommunicationCenter) StderrLine: {'line': b'\x1b[01m\x1b[K/home/albusgive/rlfw/rlfw_deploy/src/CommunicationCenter/motor_driver/DMMotor.h:\x1b[m\x1b[K In member function \xe2\x80\x98\x1b[01m\x1b[Kvirtual DMCANMsg* DMMotor::\x1b[01;32m\x1b[Kctrl_torque\x1b[m\x1b[K(uint8_t, float)\x1b[m\x1b[K\xe2\x80\x99:\n'}
[0.501142] (CommunicationCenter) StderrLine: {'line': b'\x1b[01m\x1b[K/home/albusgive/rlfw/rlfw_deploy/src/CommunicationCenter/motor_driver/DMMotor.h:65:33:\x1b[m\x1b[K \x1b[01;35m\x1b[Kwarning: \x1b[m\x1b[Kunused parameter \xe2\x80\x98\x1b[01m\x1b[Kmotor_id\x1b[m\x1b[K\xe2\x80\x99 [\x1b[01;35m\x1b[K\x1b]8;;https://gcc.gnu.org/onlinedocs/gcc/Warning-Options.html#index-Wunused-parameter\x07-Wunused-parameter\x1b]8;;\x07\x1b[m\x1b[K]\n'}
[0.501192] (CommunicationCenter) StderrLine: {'line': b'   65 |   DMCANMsg *ctrl_torque(\x1b[01;35m\x1b[Kuint8_t motor_id\x1b[m\x1b[K, float torque) override {\n'}
[0.501240] (CommunicationCenter) StderrLine: {'line': b'      |                         \x1b[01;35m\x1b[K~~~~~~~~^~~~~~~~\x1b[m\x1b[K\n'}
[0.501292] (CommunicationCenter) StderrLine: {'line': b'\x1b[01m\x1b[K/home/albusgive/rlfw/rlfw_deploy/src/CommunicationCenter/motor_driver/DMMotor.h:65:49:\x1b[m\x1b[K \x1b[01;35m\x1b[Kwarning: \x1b[m\x1b[Kunused parameter \xe2\x80\x98\x1b[01m\x1b[Ktorque\x1b[m\x1b[K\xe2\x80\x99 [\x1b[01;35m\x1b[K\x1b]8;;https://gcc.gnu.org/onlinedocs/gcc/Warning-Options.html#index-Wunused-parameter\x07-Wunused-parameter\x1b]8;;\x07\x1b[m\x1b[K]\n'}
[0.501353] (CommunicationCenter) StderrLine: {'line': b'   65 |   DMCANMsg *ctrl_torque(uint8_t motor_id, \x1b[01;35m\x1b[Kfloat torque\x1b[m\x1b[K) override {\n'}
[0.501401] (-) TimerEvent: {}
[0.501508] (CommunicationCenter) StderrLine: {'line': b'      |                                           \x1b[01;35m\x1b[K~~~~~~^~~~~~\x1b[m\x1b[K\n'}
[0.501563] (CommunicationCenter) StderrLine: {'line': b'\x1b[01m\x1b[K/home/albusgive/rlfw/rlfw_deploy/src/CommunicationCenter/motor_driver/DMMotor.h:\x1b[m\x1b[K In member function \xe2\x80\x98\x1b[01m\x1b[Kvirtual DMCANMsg* DMMotor::\x1b[01;32m\x1b[KsetPosKP\x1b[m\x1b[K(uint8_t, float)\x1b[m\x1b[K\xe2\x80\x99:\n'}
[0.501619] (CommunicationCenter) StderrLine: {'line': b'\x1b[01m\x1b[K/home/albusgive/rlfw/rlfw_deploy/src/CommunicationCenter/motor_driver/DMMotor.h:70:30:\x1b[m\x1b[K \x1b[01;35m\x1b[Kwarning: \x1b[m\x1b[Kunused parameter \xe2\x80\x98\x1b[01m\x1b[Kmotor_id\x1b[m\x1b[K\xe2\x80\x99 [\x1b[01;35m\x1b[K\x1b]8;;https://gcc.gnu.org/onlinedocs/gcc/Warning-Options.html#index-Wunused-parameter\x07-Wunused-parameter\x1b]8;;\x07\x1b[m\x1b[K]\n'}
[0.501678] (CommunicationCenter) StderrLine: {'line': b'   70 |   DMCANMsg *setPosKP(\x1b[01;35m\x1b[Kuint8_t motor_id\x1b[m\x1b[K, float kp) override { return nullptr; };\n'}
[0.501731] (CommunicationCenter) StderrLine: {'line': b'      |                      \x1b[01;35m\x1b[K~~~~~~~~^~~~~~~~\x1b[m\x1b[K\n'}
[0.501784] (CommunicationCenter) StderrLine: {'line': b'\x1b[01m\x1b[K/home/albusgive/rlfw/rlfw_deploy/src/CommunicationCenter/motor_driver/DMMotor.h:70:46:\x1b[m\x1b[K \x1b[01;35m\x1b[Kwarning: \x1b[m\x1b[Kunused parameter \xe2\x80\x98\x1b[01m\x1b[Kkp\x1b[m\x1b[K\xe2\x80\x99 [\x1b[01;35m\x1b[K\x1b]8;;https://gcc.gnu.org/onlinedocs/gcc/Warning-Options.html#index-Wunused-parameter\x07-Wunused-parameter\x1b]8;;\x07\x1b[m\x1b[K]\n'}
[0.501837] (CommunicationCenter) StderrLine: {'line': b'   70 |   DMCANMsg *setPosKP(uint8_t motor_id, \x1b[01;35m\x1b[Kfloat kp\x1b[m\x1b[K) override { return nullptr; };\n'}
[0.501886] (CommunicationCenter) StderrLine: {'line': b'      |                                        \x1b[01;35m\x1b[K~~~~~~^~\x1b[m\x1b[K\n'}
[0.501935] (CommunicationCenter) StderrLine: {'line': b'\x1b[01m\x1b[K/home/albusgive/rlfw/rlfw_deploy/src/CommunicationCenter/motor_driver/DMMotor.h:\x1b[m\x1b[K In member function \xe2\x80\x98\x1b[01m\x1b[Kvirtual DMCANMsg* DMMotor::\x1b[01;32m\x1b[KsetPosKD\x1b[m\x1b[K(uint8_t, float)\x1b[m\x1b[K\xe2\x80\x99:\n'}
[0.501984] (CommunicationCenter) StderrLine: {'line': b'\x1b[01m\x1b[K/home/albusgive/rlfw/rlfw_deploy/src/CommunicationCenter/motor_driver/DMMotor.h:71:30:\x1b[m\x1b[K \x1b[01;35m\x1b[Kwarning: \x1b[m\x1b[Kunused parameter \xe2\x80\x98\x1b[01m\x1b[Kmotor_id\x1b[m\x1b[K\xe2\x80\x99 [\x1b[01;35m\x1b[K\x1b]8;;https://gcc.gnu.org/onlinedocs/gcc/Warning-Options.html#index-Wunused-parameter\x07-Wunused-parameter\x1b]8;;\x07\x1b[m\x1b[K]\n'}
[0.502035] (CommunicationCenter) StderrLine: {'line': b'   71 |   DMCANMsg *setPosKD(\x1b[01;35m\x1b[Kuint8_t motor_id\x1b[m\x1b[K, float kd) override { return nullptr; };\n'}
[0.502084] (CommunicationCenter) StderrLine: {'line': b'      |                      \x1b[01;35m\x1b[K~~~~~~~~^~~~~~~~\x1b[m\x1b[K\n'}
[0.502132] (CommunicationCenter) StderrLine: {'line': b'\x1b[01m\x1b[K/home/albusgive/rlfw/rlfw_deploy/src/CommunicationCenter/motor_driver/DMMotor.h:71:46:\x1b[m\x1b[K \x1b[01;35m\x1b[Kwarning: \x1b[m\x1b[Kunused parameter \xe2\x80\x98\x1b[01m\x1b[Kkd\x1b[m\x1b[K\xe2\x80\x99 [\x1b[01;35m\x1b[K\x1b]8;;https://gcc.gnu.org/onlinedocs/gcc/Warning-Options.html#index-Wunused-parameter\x07-Wunused-parameter\x1b]8;;\x07\x1b[m\x1b[K]\n'}
[0.502185] (CommunicationCenter) StderrLine: {'line': b'   71 |   DMCANMsg *setPosKD(uint8_t motor_id, \x1b[01;35m\x1b[Kfloat kd\x1b[m\x1b[K) override { return nullptr; };\n'}
[0.502234] (CommunicationCenter) StderrLine: {'line': b'      |                                        \x1b[01;35m\x1b[K~~~~~~^~\x1b[m\x1b[K\n'}
[0.502283] (CommunicationCenter) StderrLine: {'line': b'\x1b[01m\x1b[K/home/albusgive/rlfw/rlfw_deploy/src/CommunicationCenter/motor_driver/DMMotor.h:\x1b[m\x1b[K In member function \xe2\x80\x98\x1b[01m\x1b[Kvirtual DMCANMsg* DMMotor::\x1b[01;32m\x1b[KsetVelKP\x1b[m\x1b[K(uint8_t, float)\x1b[m\x1b[K\xe2\x80\x99:\n'}
[0.502343] (CommunicationCenter) StderrLine: {'line': b'\x1b[01m\x1b[K/home/albusgive/rlfw/rlfw_deploy/src/CommunicationCenter/motor_driver/DMMotor.h:73:30:\x1b[m\x1b[K \x1b[01;35m\x1b[Kwarning: \x1b[m\x1b[Kunused parameter \xe2\x80\x98\x1b[01m\x1b[Kmotor_id\x1b[m\x1b[K\xe2\x80\x99 [\x1b[01;35m\x1b[K\x1b]8;;https://gcc.gnu.org/onlinedocs/gcc/Warning-Options.html#index-Wunused-parameter\x07-Wunused-parameter\x1b]8;;\x07\x1b[m\x1b[K]\n'}
[0.502400] (CommunicationCenter) StderrLine: {'line': b'   73 |   DMCANMsg *setVelKP(\x1b[01;35m\x1b[Kuint8_t motor_id\x1b[m\x1b[K, float kp) override { return nullptr; };\n'}
[0.502454] (CommunicationCenter) StderrLine: {'line': b'      |                      \x1b[01;35m\x1b[K~~~~~~~~^~~~~~~~\x1b[m\x1b[K\n'}
[0.502506] (CommunicationCenter) StderrLine: {'line': b'\x1b[01m\x1b[K/home/albusgive/rlfw/rlfw_deploy/src/CommunicationCenter/motor_driver/DMMotor.h:73:46:\x1b[m\x1b[K \x1b[01;35m\x1b[Kwarning: \x1b[m\x1b[Kunused parameter \xe2\x80\x98\x1b[01m\x1b[Kkp\x1b[m\x1b[K\xe2\x80\x99 [\x1b[01;35m\x1b[K\x1b]8;;https://gcc.gnu.org/onlinedocs/gcc/Warning-Options.html#index-Wunused-parameter\x07-Wunused-parameter\x1b]8;;\x07\x1b[m\x1b[K]\n'}
[0.502556] (CommunicationCenter) StderrLine: {'line': b'   73 |   DMCANMsg *setVelKP(uint8_t motor_id, \x1b[01;35m\x1b[Kfloat kp\x1b[m\x1b[K) override { return nullptr; };\n'}
[0.502604] (CommunicationCenter) StderrLine: {'line': b'      |                                        \x1b[01;35m\x1b[K~~~~~~^~\x1b[m\x1b[K\n'}
[0.502653] (CommunicationCenter) StderrLine: {'line': b'\x1b[01m\x1b[K/home/albusgive/rlfw/rlfw_deploy/src/CommunicationCenter/motor_driver/DMMotor.h:\x1b[m\x1b[K In member function \xe2\x80\x98\x1b[01m\x1b[Kvirtual DMCANMsg* DMMotor::\x1b[01;32m\x1b[KsetVelKI\x1b[m\x1b[K(uint8_t, float)\x1b[m\x1b[K\xe2\x80\x99:\n'}
[0.502704] (CommunicationCenter) StderrLine: {'line': b'\x1b[01m\x1b[K/home/albusgive/rlfw/rlfw_deploy/src/CommunicationCenter/motor_driver/DMMotor.h:74:30:\x1b[m\x1b[K \x1b[01;35m\x1b[Kwarning: \x1b[m\x1b[Kunused parameter \xe2\x80\x98\x1b[01m\x1b[Kmotor_id\x1b[m\x1b[K\xe2\x80\x99 [\x1b[01;35m\x1b[K\x1b]8;;https://gcc.gnu.org/onlinedocs/gcc/Warning-Options.html#index-Wunused-parameter\x07-Wunused-parameter\x1b]8;;\x07\x1b[m\x1b[K]\n'}
[0.502753] (CommunicationCenter) StderrLine: {'line': b'   74 |   DMCANMsg *setVelKI(\x1b[01;35m\x1b[Kuint8_t motor_id\x1b[m\x1b[K, float ki) override { return nullptr; };\n'}
[0.502801] (CommunicationCenter) StderrLine: {'line': b'      |                      \x1b[01;35m\x1b[K~~~~~~~~^~~~~~~~\x1b[m\x1b[K\n'}
[0.502850] (CommunicationCenter) StderrLine: {'line': b'\x1b[01m\x1b[K/home/albusgive/rlfw/rlfw_deploy/src/CommunicationCenter/motor_driver/DMMotor.h:74:46:\x1b[m\x1b[K \x1b[01;35m\x1b[Kwarning: \x1b[m\x1b[Kunused parameter \xe2\x80\x98\x1b[01m\x1b[Kki\x1b[m\x1b[K\xe2\x80\x99 [\x1b[01;35m\x1b[K\x1b]8;;https://gcc.gnu.org/onlinedocs/gcc/Warning-Options.html#index-Wunused-parameter\x07-Wunused-parameter\x1b]8;;\x07\x1b[m\x1b[K]\n'}
[0.502902] (CommunicationCenter) StderrLine: {'line': b'   74 |   DMCANMsg *setVelKI(uint8_t motor_id, \x1b[01;35m\x1b[Kfloat ki\x1b[m\x1b[K) override { return nullptr; };\n'}
[0.502951] (CommunicationCenter) StderrLine: {'line': b'      |                                        \x1b[01;35m\x1b[K~~~~~~^~\x1b[m\x1b[K\n'}
[0.502999] (CommunicationCenter) StderrLine: {'line': b'\x1b[01m\x1b[K/home/albusgive/rlfw/rlfw_deploy/src/CommunicationCenter/motor_driver/DMMotor.h:\x1b[m\x1b[K In member function \xe2\x80\x98\x1b[01m\x1b[Kvirtual DMCANMsg* DMMotor::\x1b[01;32m\x1b[KsetTorqueKP\x1b[m\x1b[K(uint8_t, float)\x1b[m\x1b[K\xe2\x80\x99:\n'}
[0.503048] (CommunicationCenter) StderrLine: {'line': b'\x1b[01m\x1b[K/home/albusgive/rlfw/rlfw_deploy/src/CommunicationCenter/motor_driver/DMMotor.h:76:33:\x1b[m\x1b[K \x1b[01;35m\x1b[Kwarning: \x1b[m\x1b[Kunused parameter \xe2\x80\x98\x1b[01m\x1b[Kmotor_id\x1b[m\x1b[K\xe2\x80\x99 [\x1b[01;35m\x1b[K\x1b]8;;https://gcc.gnu.org/onlinedocs/gcc/Warning-Options.html#index-Wunused-parameter\x07-Wunused-parameter\x1b]8;;\x07\x1b[m\x1b[K]\n'}
[0.503098] (CommunicationCenter) StderrLine: {'line': b'   76 |   DMCANMsg *setTorqueKP(\x1b[01;35m\x1b[Kuint8_t motor_id\x1b[m\x1b[K, float kp) override {\n'}
[0.503147] (CommunicationCenter) StderrLine: {'line': b'      |                         \x1b[01;35m\x1b[K~~~~~~~~^~~~~~~~\x1b[m\x1b[K\n'}
[0.503195] (CommunicationCenter) StderrLine: {'line': b'\x1b[01m\x1b[K/home/albusgive/rlfw/rlfw_deploy/src/CommunicationCenter/motor_driver/DMMotor.h:76:49:\x1b[m\x1b[K \x1b[01;35m\x1b[Kwarning: \x1b[m\x1b[Kunused parameter \xe2\x80\x98\x1b[01m\x1b[Kkp\x1b[m\x1b[K\xe2\x80\x99 [\x1b[01;35m\x1b[K\x1b]8;;https://gcc.gnu.org/onlinedocs/gcc/Warning-Options.html#index-Wunused-parameter\x07-Wunused-parameter\x1b]8;;\x07\x1b[m\x1b[K]\n'}
[0.503250] (CommunicationCenter) StderrLine: {'line': b'   76 |   DMCANMsg *setTorqueKP(uint8_t motor_id, \x1b[01;35m\x1b[Kfloat kp\x1b[m\x1b[K) override {\n'}
[0.503299] (CommunicationCenter) StderrLine: {'line': b'      |                                           \x1b[01;35m\x1b[K~~~~~~^~\x1b[m\x1b[K\n'}
[0.503355] (CommunicationCenter) StderrLine: {'line': b'\x1b[01m\x1b[K/home/albusgive/rlfw/rlfw_deploy/src/CommunicationCenter/motor_driver/DMMotor.h:\x1b[m\x1b[K In member function \xe2\x80\x98\x1b[01m\x1b[Kvirtual DMCANMsg* DMMotor::\x1b[01;32m\x1b[KsetTorqueKI\x1b[m\x1b[K(uint8_t, float)\x1b[m\x1b[K\xe2\x80\x99:\n'}
[0.503408] (CommunicationCenter) StderrLine: {'line': b'\x1b[01m\x1b[K/home/albusgive/rlfw/rlfw_deploy/src/CommunicationCenter/motor_driver/DMMotor.h:79:33:\x1b[m\x1b[K \x1b[01;35m\x1b[Kwarning: \x1b[m\x1b[Kunused parameter \xe2\x80\x98\x1b[01m\x1b[Kmotor_id\x1b[m\x1b[K\xe2\x80\x99 [\x1b[01;35m\x1b[K\x1b]8;;https://gcc.gnu.org/onlinedocs/gcc/Warning-Options.html#index-Wunused-parameter\x07-Wunused-parameter\x1b]8;;\x07\x1b[m\x1b[K]\n'}
[0.503460] (CommunicationCenter) StderrLine: {'line': b'   79 |   DMCANMsg *setTorqueKI(\x1b[01;35m\x1b[Kuint8_t motor_id\x1b[m\x1b[K, float ki) override {\n'}
[0.503512] (CommunicationCenter) StderrLine: {'line': b'      |                         \x1b[01;35m\x1b[K~~~~~~~~^~~~~~~~\x1b[m\x1b[K\n'}
[0.503563] (CommunicationCenter) StderrLine: {'line': b'\x1b[01m\x1b[K/home/albusgive/rlfw/rlfw_deploy/src/CommunicationCenter/motor_driver/DMMotor.h:79:49:\x1b[m\x1b[K \x1b[01;35m\x1b[Kwarning: \x1b[m\x1b[Kunused parameter \xe2\x80\x98\x1b[01m\x1b[Kki\x1b[m\x1b[K\xe2\x80\x99 [\x1b[01;35m\x1b[K\x1b]8;;https://gcc.gnu.org/onlinedocs/gcc/Warning-Options.html#index-Wunused-parameter\x07-Wunused-parameter\x1b]8;;\x07\x1b[m\x1b[K]\n'}
[0.503618] (CommunicationCenter) StderrLine: {'line': b'   79 |   DMCANMsg *setTorqueKI(uint8_t motor_id, \x1b[01;35m\x1b[Kfloat ki\x1b[m\x1b[K) override {\n'}
[0.503670] (CommunicationCenter) StderrLine: {'line': b'      |                                           \x1b[01;35m\x1b[K~~~~~~^~\x1b[m\x1b[K\n'}
[0.503721] (CommunicationCenter) StderrLine: {'line': b'\x1b[01m\x1b[K/home/albusgive/rlfw/rlfw_deploy/src/CommunicationCenter/motor_driver/DMMotor.h:\x1b[m\x1b[K In member function \xe2\x80\x98\x1b[01m\x1b[Kvirtual DMCANMsg* DMMotor::\x1b[01;32m\x1b[KsetSafeTorque\x1b[m\x1b[K(uint8_t, float)\x1b[m\x1b[K\xe2\x80\x99:\n'}
[0.503772] (CommunicationCenter) StderrLine: {'line': b'\x1b[01m\x1b[K/home/albusgive/rlfw/rlfw_deploy/src/CommunicationCenter/motor_driver/DMMotor.h:83:35:\x1b[m\x1b[K \x1b[01;35m\x1b[Kwarning: \x1b[m\x1b[Kunused parameter \xe2\x80\x98\x1b[01m\x1b[Kmotor_id\x1b[m\x1b[K\xe2\x80\x99 [\x1b[01;35m\x1b[K\x1b]8;;https://gcc.gnu.org/onlinedocs/gcc/Warning-Options.html#index-Wunused-parameter\x07-Wunused-parameter\x1b]8;;\x07\x1b[m\x1b[K]\n'}
[0.503826] (CommunicationCenter) StderrLine: {'line': b'   83 |   DMCANMsg *setSafeTorque(\x1b[01;35m\x1b[Kuint8_t motor_id\x1b[m\x1b[K, float torque) override {\n'}
[0.503877] (CommunicationCenter) StderrLine: {'line': b'      |                           \x1b[01;35m\x1b[K~~~~~~~~^~~~~~~~\x1b[m\x1b[K\n'}
[0.503928] (CommunicationCenter) StderrLine: {'line': b'\x1b[01m\x1b[K/home/albusgive/rlfw/rlfw_deploy/src/CommunicationCenter/motor_driver/DMMotor.h:83:51:\x1b[m\x1b[K \x1b[01;35m\x1b[Kwarning: \x1b[m\x1b[Kunused parameter \xe2\x80\x98\x1b[01m\x1b[Ktorque\x1b[m\x1b[K\xe2\x80\x99 [\x1b[01;35m\x1b[K\x1b]8;;https://gcc.gnu.org/onlinedocs/gcc/Warning-Options.html#index-Wunused-parameter\x07-Wunused-parameter\x1b]8;;\x07\x1b[m\x1b[K]\n'}
[0.503985] (CommunicationCenter) StderrLine: {'line': b'   83 |   DMCANMsg *setSafeTorque(uint8_t motor_id, \x1b[01;35m\x1b[Kfloat torque\x1b[m\x1b[K) override {\n'}
[0.504037] (CommunicationCenter) StderrLine: {'line': b'      |                                             \x1b[01;35m\x1b[K~~~~~~^~~~~~\x1b[m\x1b[K\n'}
[0.504093] (CommunicationCenter) StderrLine: {'line': b'\x1b[01m\x1b[K/home/albusgive/rlfw/rlfw_deploy/src/CommunicationCenter/motor_driver/DMMotor.h:\x1b[m\x1b[K In member function \xe2\x80\x98\x1b[01m\x1b[Kvirtual DMCANMsg* DMMotor::\x1b[01;32m\x1b[KsetSafePos\x1b[m\x1b[K(uint8_t, float)\x1b[m\x1b[K\xe2\x80\x99:\n'}
[0.504145] (CommunicationCenter) StderrLine: {'line': b'\x1b[01m\x1b[K/home/albusgive/rlfw/rlfw_deploy/src/CommunicationCenter/motor_driver/DMMotor.h:86:32:\x1b[m\x1b[K \x1b[01;35m\x1b[Kwarning: \x1b[m\x1b[Kunused parameter \xe2\x80\x98\x1b[01m\x1b[Kmotor_id\x1b[m\x1b[K\xe2\x80\x99 [\x1b[01;35m\x1b[K\x1b]8;;https://gcc.gnu.org/onlinedocs/gcc/Warning-Options.html#index-Wunused-parameter\x07-Wunused-parameter\x1b]8;;\x07\x1b[m\x1b[K]\n'}
[0.504202] (CommunicationCenter) StderrLine: {'line': b'   86 |   DMCANMsg *setSafePos(\x1b[01;35m\x1b[Kuint8_t motor_id\x1b[m\x1b[K, float pos) override {\n'}
[0.504253] (CommunicationCenter) StderrLine: {'line': b'      |                        \x1b[01;35m\x1b[K~~~~~~~~^~~~~~~~\x1b[m\x1b[K\n'}
[0.504302] (CommunicationCenter) StderrLine: {'line': b'\x1b[01m\x1b[K/home/albusgive/rlfw/rlfw_deploy/src/CommunicationCenter/motor_driver/DMMotor.h:86:48:\x1b[m\x1b[K \x1b[01;35m\x1b[Kwarning: \x1b[m\x1b[Kunused parameter \xe2\x80\x98\x1b[01m\x1b[Kpos\x1b[m\x1b[K\xe2\x80\x99 [\x1b[01;35m\x1b[K\x1b]8;;https://gcc.gnu.org/onlinedocs/gcc/Warning-Options.html#index-Wunused-parameter\x07-Wunused-parameter\x1b]8;;\x07\x1b[m\x1b[K]\n'}
[0.504360] (CommunicationCenter) StderrLine: {'line': b'   86 |   DMCANMsg *setSafePos(uint8_t motor_id, \x1b[01;35m\x1b[Kfloat pos\x1b[m\x1b[K) override {\n'}
[0.504410] (CommunicationCenter) StderrLine: {'line': b'      |                                          \x1b[01;35m\x1b[K~~~~~~^~~\x1b[m\x1b[K\n'}
[0.504459] (CommunicationCenter) StderrLine: {'line': b'\x1b[01m\x1b[K/home/albusgive/rlfw/rlfw_deploy/src/CommunicationCenter/motor_driver/DMMotor.h:\x1b[m\x1b[K In member function \xe2\x80\x98\x1b[01m\x1b[Kvirtual DMCANMsg* DMMotor::\x1b[01;32m\x1b[KsetSafeVel\x1b[m\x1b[K(uint8_t, float)\x1b[m\x1b[K\xe2\x80\x99:\n'}
[0.504508] (CommunicationCenter) StderrLine: {'line': b'\x1b[01m\x1b[K/home/albusgive/rlfw/rlfw_deploy/src/CommunicationCenter/motor_driver/DMMotor.h:89:32:\x1b[m\x1b[K \x1b[01;35m\x1b[Kwarning: \x1b[m\x1b[Kunused parameter \xe2\x80\x98\x1b[01m\x1b[Kmotor_id\x1b[m\x1b[K\xe2\x80\x99 [\x1b[01;35m\x1b[K\x1b]8;;https://gcc.gnu.org/onlinedocs/gcc/Warning-Options.html#index-Wunused-parameter\x07-Wunused-parameter\x1b]8;;\x07\x1b[m\x1b[K]\n'}
[0.504557] (CommunicationCenter) StderrLine: {'line': b'   89 |   DMCANMsg *setSafeVel(\x1b[01;35m\x1b[Kuint8_t motor_id\x1b[m\x1b[K, float vel) override {\n'}
[0.504606] (CommunicationCenter) StderrLine: {'line': b'      |                        \x1b[01;35m\x1b[K~~~~~~~~^~~~~~~~\x1b[m\x1b[K\n'}
[0.504655] (CommunicationCenter) StderrLine: {'line': b'\x1b[01m\x1b[K/home/albusgive/rlfw/rlfw_deploy/src/CommunicationCenter/motor_driver/DMMotor.h:89:48:\x1b[m\x1b[K \x1b[01;35m\x1b[Kwarning: \x1b[m\x1b[Kunused parameter \xe2\x80\x98\x1b[01m\x1b[Kvel\x1b[m\x1b[K\xe2\x80\x99 [\x1b[01;35m\x1b[K\x1b]8;;https://gcc.gnu.org/onlinedocs/gcc/Warning-Options.html#index-Wunused-parameter\x07-Wunused-parameter\x1b]8;;\x07\x1b[m\x1b[K]\n'}
[0.504705] (CommunicationCenter) StderrLine: {'line': b'   89 |   DMCANMsg *setSafeVel(uint8_t motor_id, \x1b[01;35m\x1b[Kfloat vel\x1b[m\x1b[K) override {\n'}
[0.504753] (CommunicationCenter) StderrLine: {'line': b'      |                                          \x1b[01;35m\x1b[K~~~~~~^~~\x1b[m\x1b[K\n'}
[0.504802] (CommunicationCenter) StderrLine: {'line': b'\x1b[01m\x1b[K/home/albusgive/rlfw/rlfw_deploy/src/CommunicationCenter/motor_driver/Motor.hpp:\x1b[m\x1b[K At global scope:\n'}
[0.504850] (CommunicationCenter) StderrLine: {'line': b'\x1b[01m\x1b[K/home/albusgive/rlfw/rlfw_deploy/src/CommunicationCenter/motor_driver/Motor.hpp:276:13:\x1b[m\x1b[K \x1b[01;35m\x1b[Kwarning: \x1b[m\x1b[K\xe2\x80\x98\x1b[01m\x1b[Kvirtual MotorBack CANMotor::\x1b[01;32m\x1b[Kdecode\x1b[m\x1b[K()\x1b[m\x1b[K\xe2\x80\x99 was hidden [\x1b[01;35m\x1b[K\x1b]8;;https://gcc.gnu.org/onlinedocs/gcc/Warning-Options.html#index-Woverloaded-virtual=\x07-Woverloaded-virtual=\x1b]8;;\x07\x1b[m\x1b[K]\n'}
[0.504907] (CommunicationCenter) StderrLine: {'line': b'  276 |   MotorBack \x1b[01;35m\x1b[Kdecode\x1b[m\x1b[K() override { return MotorBack(); };\n'}
[0.504956] (CommunicationCenter) StderrLine: {'line': b'      |             \x1b[01;35m\x1b[K^~~~~~\x1b[m\x1b[K\n'}
[0.505005] (CommunicationCenter) StderrLine: {'line': b'In file included from \x1b[01m\x1b[K/home/albusgive/rlfw/rlfw_deploy/src/CommunicationCenter/include/CommunicationCenter.hpp:6\x1b[m\x1b[K:\n'}
[0.505053] (CommunicationCenter) StderrLine: {'line': b'\x1b[01m\x1b[K/home/albusgive/rlfw/rlfw_deploy/src/CommunicationCenter/motor_driver/STWMotor.h:69:13:\x1b[m\x1b[K \x1b[01;36m\x1b[Knote: \x1b[m\x1b[K  by \xe2\x80\x98\x1b[01m\x1b[Kvirtual MotorBack STWMotor::\x1b[01;32m\x1b[Kdecode\x1b[m\x1b[K(CANMSG)\x1b[m\x1b[K\xe2\x80\x99\n'}
[0.505106] (CommunicationCenter) StderrLine: {'line': b'   69 |   MotorBack \x1b[01;36m\x1b[Kdecode\x1b[m\x1b[K(CANMSG msg) override;\n'}
[0.505157] (CommunicationCenter) StderrLine: {'line': b'      |             \x1b[01;36m\x1b[K^~~~~~\x1b[m\x1b[K\n'}
[0.505207] (CommunicationCenter) StderrLine: {'line': b'\x1b[01m\x1b[K/home/albusgive/rlfw/rlfw_deploy/src/CommunicationCenter/motor_driver/Motor.hpp:275:13:\x1b[m\x1b[K \x1b[01;35m\x1b[Kwarning: \x1b[m\x1b[K\xe2\x80\x98\x1b[01m\x1b[Kvirtual MotorBack CANMotor::\x1b[01;32m\x1b[Kdecode\x1b[m\x1b[K(UnitreeMsg)\x1b[m\x1b[K\xe2\x80\x99 was hidden [\x1b[01;35m\x1b[K\x1b]8;;https://gcc.gnu.org/onlinedocs/gcc/Warning-Options.html#index-Woverloaded-virtual=\x07-Woverloaded-virtual=\x1b]8;;\x07\x1b[m\x1b[K]\n'}
[0.505261] (CommunicationCenter) StderrLine: {'line': b'  275 |   MotorBack \x1b[01;35m\x1b[Kdecode\x1b[m\x1b[K(UnitreeMsg /*msg*/) override { return MotorBack(); };\n'}
[0.505312] (CommunicationCenter) StderrLine: {'line': b'      |             \x1b[01;35m\x1b[K^~~~~~\x1b[m\x1b[K\n'}
[0.505370] (CommunicationCenter) StderrLine: {'line': b'\x1b[01m\x1b[K/home/albusgive/rlfw/rlfw_deploy/src/CommunicationCenter/motor_driver/STWMotor.h:69:13:\x1b[m\x1b[K \x1b[01;36m\x1b[Knote: \x1b[m\x1b[K  by \xe2\x80\x98\x1b[01m\x1b[Kvirtual MotorBack STWMotor::\x1b[01;32m\x1b[Kdecode\x1b[m\x1b[K(CANMSG)\x1b[m\x1b[K\xe2\x80\x99\n'}
[0.505426] (CommunicationCenter) StderrLine: {'line': b'   69 |   MotorBack \x1b[01;36m\x1b[Kdecode\x1b[m\x1b[K(CANMSG msg) override;\n'}
[0.505477] (CommunicationCenter) StderrLine: {'line': b'      |             \x1b[01;36m\x1b[K^~~~~~\x1b[m\x1b[K\n'}
[0.505527] (CommunicationCenter) StderrLine: {'line': b'\x1b[01m\x1b[K/home/albusgive/rlfw/rlfw_deploy/src/CommunicationCenter/motor_driver/STWMotor.h:\x1b[m\x1b[K In member function \xe2\x80\x98\x1b[01m\x1b[Kvirtual STWCANMsg* STWMotor::\x1b[01;32m\x1b[Kctrl_pos\x1b[m\x1b[K(uint8_t, float)\x1b[m\x1b[K\xe2\x80\x99:\n'}
[0.505579] (CommunicationCenter) StderrLine: {'line': b'\x1b[01m\x1b[K/home/albusgive/rlfw/rlfw_deploy/src/CommunicationCenter/motor_driver/STWMotor.h:76:31:\x1b[m\x1b[K \x1b[01;35m\x1b[Kwarning: \x1b[m\x1b[Kunused parameter \xe2\x80\x98\x1b[01m\x1b[Kmotor_id\x1b[m\x1b[K\xe2\x80\x99 [\x1b[01;35m\x1b[K\x1b]8;;https://gcc.gnu.org/onlinedocs/gcc/Warning-Options.html#index-Wunused-parameter\x07-Wunused-parameter\x1b]8;;\x07\x1b[m\x1b[K]\n'}
[0.505635] (CommunicationCenter) StderrLine: {'line': b'   76 |   STWCANMsg *ctrl_pos(\x1b[01;35m\x1b[Kuint8_t motor_id\x1b[m\x1b[K, float pos) override { return nullptr; };\n'}
[0.505685] (CommunicationCenter) StderrLine: {'line': b'      |                       \x1b[01;35m\x1b[K~~~~~~~~^~~~~~~~\x1b[m\x1b[K\n'}
[0.505732] (CommunicationCenter) StderrLine: {'line': b'\x1b[01m\x1b[K/home/albusgive/rlfw/rlfw_deploy/src/CommunicationCenter/motor_driver/STWMotor.h:76:47:\x1b[m\x1b[K \x1b[01;35m\x1b[Kwarning: \x1b[m\x1b[Kunused parameter \xe2\x80\x98\x1b[01m\x1b[Kpos\x1b[m\x1b[K\xe2\x80\x99 [\x1b[01;35m\x1b[K\x1b]8;;https://gcc.gnu.org/onlinedocs/gcc/Warning-Options.html#index-Wunused-parameter\x07-Wunused-parameter\x1b]8;;\x07\x1b[m\x1b[K]\n'}
[0.505784] (CommunicationCenter) StderrLine: {'line': b'   76 |   STWCANMsg *ctrl_pos(uint8_t motor_id, \x1b[01;35m\x1b[Kfloat pos\x1b[m\x1b[K) override { return nullptr; };\n'}
[0.505833] (CommunicationCenter) StderrLine: {'line': b'      |                                         \x1b[01;35m\x1b[K~~~~~~^~~\x1b[m\x1b[K\n'}
[0.505884] (CommunicationCenter) StderrLine: {'line': b'\x1b[01m\x1b[K/home/albusgive/rlfw/rlfw_deploy/src/CommunicationCenter/motor_driver/STWMotor.h:\x1b[m\x1b[K In member function \xe2\x80\x98\x1b[01m\x1b[Kvirtual STWCANMsg* STWMotor::\x1b[01;32m\x1b[Kctrl_vel\x1b[m\x1b[K(uint8_t, float)\x1b[m\x1b[K\xe2\x80\x99:\n'}
[0.505932] (CommunicationCenter) StderrLine: {'line': b'\x1b[01m\x1b[K/home/albusgive/rlfw/rlfw_deploy/src/CommunicationCenter/motor_driver/STWMotor.h:78:31:\x1b[m\x1b[K \x1b[01;35m\x1b[Kwarning: \x1b[m\x1b[Kunused parameter \xe2\x80\x98\x1b[01m\x1b[Kmotor_id\x1b[m\x1b[K\xe2\x80\x99 [\x1b[01;35m\x1b[K\x1b]8;;https://gcc.gnu.org/onlinedocs/gcc/Warning-Options.html#index-Wunused-parameter\x07-Wunused-parameter\x1b]8;;\x07\x1b[m\x1b[K]\n'}
[0.505982] (CommunicationCenter) StderrLine: {'line': b'   78 |   STWCANMsg *ctrl_vel(\x1b[01;35m\x1b[Kuint8_t motor_id\x1b[m\x1b[K, float vel) override { return nullptr; };\n'}
[0.506031] (CommunicationCenter) StderrLine: {'line': b'      |                       \x1b[01;35m\x1b[K~~~~~~~~^~~~~~~~\x1b[m\x1b[K\n'}
[0.506079] (CommunicationCenter) StderrLine: {'line': b'\x1b[01m\x1b[K/home/albusgive/rlfw/rlfw_deploy/src/CommunicationCenter/motor_driver/STWMotor.h:78:47:\x1b[m\x1b[K \x1b[01;35m\x1b[Kwarning: \x1b[m\x1b[Kunused parameter \xe2\x80\x98\x1b[01m\x1b[Kvel\x1b[m\x1b[K\xe2\x80\x99 [\x1b[01;35m\x1b[K\x1b]8;;https://gcc.gnu.org/onlinedocs/gcc/Warning-Options.html#index-Wunused-parameter\x07-Wunused-parameter\x1b]8;;\x07\x1b[m\x1b[K]\n'}
[0.506129] (CommunicationCenter) StderrLine: {'line': b'   78 |   STWCANMsg *ctrl_vel(uint8_t motor_id, \x1b[01;35m\x1b[Kfloat vel\x1b[m\x1b[K) override { return nullptr; };\n'}
[0.506180] (CommunicationCenter) StderrLine: {'line': b'      |                                         \x1b[01;35m\x1b[K~~~~~~^~~\x1b[m\x1b[K\n'}
[0.506228] (CommunicationCenter) StderrLine: {'line': b'\x1b[01m\x1b[K/home/albusgive/rlfw/rlfw_deploy/src/CommunicationCenter/motor_driver/STWMotor.h:\x1b[m\x1b[K In member function \xe2\x80\x98\x1b[01m\x1b[Kvirtual STWCANMsg* STWMotor::\x1b[01;32m\x1b[Kctrl_pos_vel\x1b[m\x1b[K(uint8_t, float, float)\x1b[m\x1b[K\xe2\x80\x99:\n'}
[0.506277] (CommunicationCenter) StderrLine: {'line': b'\x1b[01m\x1b[K/home/albusgive/rlfw/rlfw_deploy/src/CommunicationCenter/motor_driver/STWMotor.h:80:35:\x1b[m\x1b[K \x1b[01;35m\x1b[Kwarning: \x1b[m\x1b[Kunused parameter \xe2\x80\x98\x1b[01m\x1b[Kmotor_id\x1b[m\x1b[K\xe2\x80\x99 [\x1b[01;35m\x1b[K\x1b]8;;https://gcc.gnu.org/onlinedocs/gcc/Warning-Options.html#index-Wunused-parameter\x07-Wunused-parameter\x1b]8;;\x07\x1b[m\x1b[K]\n'}
[0.506332] (CommunicationCenter) StderrLine: {'line': b'   80 |   STWCANMsg *ctrl_pos_vel(\x1b[01;35m\x1b[Kuint8_t motor_id\x1b[m\x1b[K, float pos, float vel) override {\n'}
[0.506388] (CommunicationCenter) StderrLine: {'line': b'      |                           \x1b[01;35m\x1b[K~~~~~~~~^~~~~~~~\x1b[m\x1b[K\n'}
[0.506437] (CommunicationCenter) StderrLine: {'line': b'\x1b[01m\x1b[K/home/albusgive/rlfw/rlfw_deploy/src/CommunicationCenter/motor_driver/STWMotor.h:80:51:\x1b[m\x1b[K \x1b[01;35m\x1b[Kwarning: \x1b[m\x1b[Kunused parameter \xe2\x80\x98\x1b[01m\x1b[Kpos\x1b[m\x1b[K\xe2\x80\x99 [\x1b[01;35m\x1b[K\x1b]8;;https://gcc.gnu.org/onlinedocs/gcc/Warning-Options.html#index-Wunused-parameter\x07-Wunused-parameter\x1b]8;;\x07\x1b[m\x1b[K]\n'}
[0.506486] (CommunicationCenter) StderrLine: {'line': b'   80 |   STWCANMsg *ctrl_pos_vel(uint8_t motor_id, \x1b[01;35m\x1b[Kfloat pos\x1b[m\x1b[K, float vel) override {\n'}
[0.506534] (CommunicationCenter) StderrLine: {'line': b'      |                                             \x1b[01;35m\x1b[K~~~~~~^~~\x1b[m\x1b[K\n'}
[0.506585] (CommunicationCenter) StderrLine: {'line': b'\x1b[01m\x1b[K/home/albusgive/rlfw/rlfw_deploy/src/CommunicationCenter/motor_driver/STWMotor.h:80:62:\x1b[m\x1b[K \x1b[01;35m\x1b[Kwarning: \x1b[m\x1b[Kunused parameter \xe2\x80\x98\x1b[01m\x1b[Kvel\x1b[m\x1b[K\xe2\x80\x99 [\x1b[01;35m\x1b[K\x1b]8;;https://gcc.gnu.org/onlinedocs/gcc/Warning-Options.html#index-Wunused-parameter\x07-Wunused-parameter\x1b]8;;\x07\x1b[m\x1b[K]\n'}
[0.506635] (CommunicationCenter) StderrLine: {'line': b'   80 |   STWCANMsg *ctrl_pos_vel(uint8_t motor_id, float pos, \x1b[01;35m\x1b[Kfloat vel\x1b[m\x1b[K) override {\n'}
[0.506686] (CommunicationCenter) StderrLine: {'line': b'      |                                                        \x1b[01;35m\x1b[K~~~~~~^~~\x1b[m\x1b[K\n'}
[0.506734] (CommunicationCenter) StderrLine: {'line': b'\x1b[01m\x1b[K/home/albusgive/rlfw/rlfw_deploy/src/CommunicationCenter/motor_driver/STWMotor.h:\x1b[m\x1b[K In member function \xe2\x80\x98\x1b[01m\x1b[Kvirtual STWCANMsg* STWMotor::\x1b[01;32m\x1b[Kctrl_torque\x1b[m\x1b[K(uint8_t, float)\x1b[m\x1b[K\xe2\x80\x99:\n'}
[0.506783] (CommunicationCenter) StderrLine: {'line': b'\x1b[01m\x1b[K/home/albusgive/rlfw/rlfw_deploy/src/CommunicationCenter/motor_driver/STWMotor.h:84:34:\x1b[m\x1b[K \x1b[01;35m\x1b[Kwarning: \x1b[m\x1b[Kunused parameter \xe2\x80\x98\x1b[01m\x1b[Kmotor_id\x1b[m\x1b[K\xe2\x80\x99 [\x1b[01;35m\x1b[K\x1b]8;;https://gcc.gnu.org/onlinedocs/gcc/Warning-Options.html#index-Wunused-parameter\x07-Wunused-parameter\x1b]8;;\x07\x1b[m\x1b[K]\n'}
[0.506836] (CommunicationCenter) StderrLine: {'line': b'   84 |   STWCANMsg *ctrl_torque(\x1b[01;35m\x1b[Kuint8_t motor_id\x1b[m\x1b[K, float torque) override {\n'}
[0.506887] (CommunicationCenter) StderrLine: {'line': b'      |                          \x1b[01;35m\x1b[K~~~~~~~~^~~~~~~~\x1b[m\x1b[K\n'}
[0.506939] (CommunicationCenter) StderrLine: {'line': b'\x1b[01m\x1b[K/home/albusgive/rlfw/rlfw_deploy/src/CommunicationCenter/motor_driver/STWMotor.h:84:50:\x1b[m\x1b[K \x1b[01;35m\x1b[Kwarning: \x1b[m\x1b[Kunused parameter \xe2\x80\x98\x1b[01m\x1b[Ktorque\x1b[m\x1b[K\xe2\x80\x99 [\x1b[01;35m\x1b[K\x1b]8;;https://gcc.gnu.org/onlinedocs/gcc/Warning-Options.html#index-Wunused-parameter\x07-Wunused-parameter\x1b]8;;\x07\x1b[m\x1b[K]\n'}
[0.506993] (CommunicationCenter) StderrLine: {'line': b'   84 |   STWCANMsg *ctrl_torque(uint8_t motor_id, \x1b[01;35m\x1b[Kfloat torque\x1b[m\x1b[K) override {\n'}
[0.507043] (CommunicationCenter) StderrLine: {'line': b'      |                                            \x1b[01;35m\x1b[K~~~~~~^~~~~~\x1b[m\x1b[K\n'}
[0.507095] (CommunicationCenter) StderrLine: {'line': b'\x1b[01m\x1b[K/home/albusgive/rlfw/rlfw_deploy/src/CommunicationCenter/motor_driver/STWMotor.h:\x1b[m\x1b[K In member function \xe2\x80\x98\x1b[01m\x1b[Kvirtual STWCANMsg* STWMotor::\x1b[01;32m\x1b[KsetPosKP\x1b[m\x1b[K(uint8_t, float)\x1b[m\x1b[K\xe2\x80\x99:\n'}
[0.507148] (CommunicationCenter) StderrLine: {'line': b'\x1b[01m\x1b[K/home/albusgive/rlfw/rlfw_deploy/src/CommunicationCenter/motor_driver/STWMotor.h:90:31:\x1b[m\x1b[K \x1b[01;35m\x1b[Kwarning: \x1b[m\x1b[Kunused parameter \xe2\x80\x98\x1b[01m\x1b[Kmotor_id\x1b[m\x1b[K\xe2\x80\x99 [\x1b[01;35m\x1b[K\x1b]8;;https://gcc.gnu.org/onlinedocs/gcc/Warning-Options.html#index-Wunused-parameter\x07-Wunused-parameter\x1b]8;;\x07\x1b[m\x1b[K]\n'}
[0.507205] (CommunicationCenter) StderrLine: {'line': b'   90 |   STWCANMsg *setPosKP(\x1b[01;35m\x1b[Kuint8_t motor_id\x1b[m\x1b[K, float kp) override { return nullptr; };\n'}
[0.507260] (CommunicationCenter) StderrLine: {'line': b'      |                       \x1b[01;35m\x1b[K~~~~~~~~^~~~~~~~\x1b[m\x1b[K\n'}
[0.507314] (CommunicationCenter) StderrLine: {'line': b'\x1b[01m\x1b[K/home/albusgive/rlfw/rlfw_deploy/src/CommunicationCenter/motor_driver/STWMotor.h:90:47:\x1b[m\x1b[K \x1b[01;35m\x1b[Kwarning: \x1b[m\x1b[Kunused parameter \xe2\x80\x98\x1b[01m\x1b[Kkp\x1b[m\x1b[K\xe2\x80\x99 [\x1b[01;35m\x1b[K\x1b]8;;https://gcc.gnu.org/onlinedocs/gcc/Warning-Options.html#index-Wunused-parameter\x07-Wunused-parameter\x1b]8;;\x07\x1b[m\x1b[K]\n'}
[0.507402] (CommunicationCenter) StderrLine: {'line': b'   90 |   STWCANMsg *setPosKP(uint8_t motor_id, \x1b[01;35m\x1b[Kfloat kp\x1b[m\x1b[K) override { return nullptr; };\n'}
[0.507465] (CommunicationCenter) StderrLine: {'line': b'      |                                         \x1b[01;35m\x1b[K~~~~~~^~\x1b[m\x1b[K\n'}
[0.507518] (CommunicationCenter) StderrLine: {'line': b'\x1b[01m\x1b[K/home/albusgive/rlfw/rlfw_deploy/src/CommunicationCenter/motor_driver/STWMotor.h:\x1b[m\x1b[K In member function \xe2\x80\x98\x1b[01m\x1b[Kvirtual STWCANMsg* STWMotor::\x1b[01;32m\x1b[KsetPosKD\x1b[m\x1b[K(uint8_t, float)\x1b[m\x1b[K\xe2\x80\x99:\n'}
[0.507573] (CommunicationCenter) StderrLine: {'line': b'\x1b[01m\x1b[K/home/albusgive/rlfw/rlfw_deploy/src/CommunicationCenter/motor_driver/STWMotor.h:91:31:\x1b[m\x1b[K \x1b[01;35m\x1b[Kwarning: \x1b[m\x1b[Kunused parameter \xe2\x80\x98\x1b[01m\x1b[Kmotor_id\x1b[m\x1b[K\xe2\x80\x99 [\x1b[01;35m\x1b[K\x1b]8;;https://gcc.gnu.org/onlinedocs/gcc/Warning-Options.html#index-Wunused-parameter\x07-Wunused-parameter\x1b]8;;\x07\x1b[m\x1b[K]\n'}
[0.507627] (CommunicationCenter) StderrLine: {'line': b'   91 |   STWCANMsg *setPosKD(\x1b[01;35m\x1b[Kuint8_t motor_id\x1b[m\x1b[K, float kd) override { return nullptr; };\n'}
[0.507679] (CommunicationCenter) StderrLine: {'line': b'      |                       \x1b[01;35m\x1b[K~~~~~~~~^~~~~~~~\x1b[m\x1b[K\n'}
[0.507732] (CommunicationCenter) StderrLine: {'line': b'\x1b[01m\x1b[K/home/albusgive/rlfw/rlfw_deploy/src/CommunicationCenter/motor_driver/STWMotor.h:91:47:\x1b[m\x1b[K \x1b[01;35m\x1b[Kwarning: \x1b[m\x1b[Kunused parameter \xe2\x80\x98\x1b[01m\x1b[Kkd\x1b[m\x1b[K\xe2\x80\x99 [\x1b[01;35m\x1b[K\x1b]8;;https://gcc.gnu.org/onlinedocs/gcc/Warning-Options.html#index-Wunused-parameter\x07-Wunused-parameter\x1b]8;;\x07\x1b[m\x1b[K]\n'}
[0.507790] (CommunicationCenter) StderrLine: {'line': b'   91 |   STWCANMsg *setPosKD(uint8_t motor_id, \x1b[01;35m\x1b[Kfloat kd\x1b[m\x1b[K) override { return nullptr; };\n'}
[0.507841] (CommunicationCenter) StderrLine: {'line': b'      |                                         \x1b[01;35m\x1b[K~~~~~~^~\x1b[m\x1b[K\n'}
[0.507893] (CommunicationCenter) StderrLine: {'line': b'\x1b[01m\x1b[K/home/albusgive/rlfw/rlfw_deploy/src/CommunicationCenter/motor_driver/STWMotor.h:\x1b[m\x1b[K In member function \xe2\x80\x98\x1b[01m\x1b[Kvirtual STWCANMsg* STWMotor::\x1b[01;32m\x1b[KsetVelKP\x1b[m\x1b[K(uint8_t, float)\x1b[m\x1b[K\xe2\x80\x99:\n'}
[0.507945] (CommunicationCenter) StderrLine: {'line': b'\x1b[01m\x1b[K/home/albusgive/rlfw/rlfw_deploy/src/CommunicationCenter/motor_driver/STWMotor.h:93:31:\x1b[m\x1b[K \x1b[01;35m\x1b[Kwarning: \x1b[m\x1b[Kunused parameter \xe2\x80\x98\x1b[01m\x1b[Kmotor_id\x1b[m\x1b[K\xe2\x80\x99 [\x1b[01;35m\x1b[K\x1b]8;;https://gcc.gnu.org/onlinedocs/gcc/Warning-Options.html#index-Wunused-parameter\x07-Wunused-parameter\x1b]8;;\x07\x1b[m\x1b[K]\n'}
[0.508005] (CommunicationCenter) StderrLine: {'line': b'   93 |   STWCANMsg *setVelKP(\x1b[01;35m\x1b[Kuint8_t motor_id\x1b[m\x1b[K, float kp) override { return nullptr; };\n'}
[0.508057] (CommunicationCenter) StderrLine: {'line': b'      |                       \x1b[01;35m\x1b[K~~~~~~~~^~~~~~~~\x1b[m\x1b[K\n'}
[0.508107] (CommunicationCenter) StderrLine: {'line': b'\x1b[01m\x1b[K/home/albusgive/rlfw/rlfw_deploy/src/CommunicationCenter/motor_driver/STWMotor.h:93:47:\x1b[m\x1b[K \x1b[01;35m\x1b[Kwarning: \x1b[m\x1b[Kunused parameter \xe2\x80\x98\x1b[01m\x1b[Kkp\x1b[m\x1b[K\xe2\x80\x99 [\x1b[01;35m\x1b[K\x1b]8;;https://gcc.gnu.org/onlinedocs/gcc/Warning-Options.html#index-Wunused-parameter\x07-Wunused-parameter\x1b]8;;\x07\x1b[m\x1b[K]\n'}
[0.508160] (CommunicationCenter) StderrLine: {'line': b'   93 |   STWCANMsg *setVelKP(uint8_t motor_id, \x1b[01;35m\x1b[Kfloat kp\x1b[m\x1b[K) override { return nullptr; };\n'}
[0.508211] (CommunicationCenter) StderrLine: {'line': b'      |                                         \x1b[01;35m\x1b[K~~~~~~^~\x1b[m\x1b[K\n'}
[0.508268] (CommunicationCenter) StderrLine: {'line': b'\x1b[01m\x1b[K/home/albusgive/rlfw/rlfw_deploy/src/CommunicationCenter/motor_driver/STWMotor.h:\x1b[m\x1b[K In member function \xe2\x80\x98\x1b[01m\x1b[Kvirtual STWCANMsg* STWMotor::\x1b[01;32m\x1b[KsetVelKI\x1b[m\x1b[K(uint8_t, float)\x1b[m\x1b[K\xe2\x80\x99:\n'}
[0.508329] (CommunicationCenter) StderrLine: {'line': b'\x1b[01m\x1b[K/home/albusgive/rlfw/rlfw_deploy/src/CommunicationCenter/motor_driver/STWMotor.h:94:31:\x1b[m\x1b[K \x1b[01;35m\x1b[Kwarning: \x1b[m\x1b[Kunused parameter \xe2\x80\x98\x1b[01m\x1b[Kmotor_id\x1b[m\x1b[K\xe2\x80\x99 [\x1b[01;35m\x1b[K\x1b]8;;https://gcc.gnu.org/onlinedocs/gcc/Warning-Options.html#index-Wunused-parameter\x07-Wunused-parameter\x1b]8;;\x07\x1b[m\x1b[K]\n'}
[0.508394] (CommunicationCenter) StderrLine: {'line': b'   94 |   STWCANMsg *setVelKI(\x1b[01;35m\x1b[Kuint8_t motor_id\x1b[m\x1b[K, float ki) override { return nullptr; };\n'}
[0.508449] (CommunicationCenter) StderrLine: {'line': b'      |                       \x1b[01;35m\x1b[K~~~~~~~~^~~~~~~~\x1b[m\x1b[K\n'}
[0.508500] (CommunicationCenter) StderrLine: {'line': b'\x1b[01m\x1b[K/home/albusgive/rlfw/rlfw_deploy/src/CommunicationCenter/motor_driver/STWMotor.h:94:47:\x1b[m\x1b[K \x1b[01;35m\x1b[Kwarning: \x1b[m\x1b[Kunused parameter \xe2\x80\x98\x1b[01m\x1b[Kki\x1b[m\x1b[K\xe2\x80\x99 [\x1b[01;35m\x1b[K\x1b]8;;https://gcc.gnu.org/onlinedocs/gcc/Warning-Options.html#index-Wunused-parameter\x07-Wunused-parameter\x1b]8;;\x07\x1b[m\x1b[K]\n'}
[0.508553] (CommunicationCenter) StderrLine: {'line': b'   94 |   STWCANMsg *setVelKI(uint8_t motor_id, \x1b[01;35m\x1b[Kfloat ki\x1b[m\x1b[K) override { return nullptr; };\n'}
[0.508604] (CommunicationCenter) StderrLine: {'line': b'      |                                         \x1b[01;35m\x1b[K~~~~~~^~\x1b[m\x1b[K\n'}
[0.508655] (CommunicationCenter) StderrLine: {'line': b'\x1b[01m\x1b[K/home/albusgive/rlfw/rlfw_deploy/src/CommunicationCenter/motor_driver/STWMotor.h:\x1b[m\x1b[K In member function \xe2\x80\x98\x1b[01m\x1b[Kvirtual STWCANMsg* STWMotor::\x1b[01;32m\x1b[KsetTorqueKP\x1b[m\x1b[K(uint8_t, float)\x1b[m\x1b[K\xe2\x80\x99:\n'}
[0.508708] (CommunicationCenter) StderrLine: {'line': b'\x1b[01m\x1b[K/home/albusgive/rlfw/rlfw_deploy/src/CommunicationCenter/motor_driver/STWMotor.h:96:34:\x1b[m\x1b[K \x1b[01;35m\x1b[Kwarning: \x1b[m\x1b[Kunused parameter \xe2\x80\x98\x1b[01m\x1b[Kmotor_id\x1b[m\x1b[K\xe2\x80\x99 [\x1b[01;35m\x1b[K\x1b]8;;https://gcc.gnu.org/onlinedocs/gcc/Warning-Options.html#index-Wunused-parameter\x07-Wunused-parameter\x1b]8;;\x07\x1b[m\x1b[K]\n'}
[0.508769] (CommunicationCenter) StderrLine: {'line': b'   96 |   STWCANMsg *setTorqueKP(\x1b[01;35m\x1b[Kuint8_t motor_id\x1b[m\x1b[K, float kp) override {\n'}
[0.508823] (CommunicationCenter) StderrLine: {'line': b'      |                          \x1b[01;35m\x1b[K~~~~~~~~^~~~~~~~\x1b[m\x1b[K\n'}
[0.508876] (CommunicationCenter) StderrLine: {'line': b'\x1b[01m\x1b[K/home/albusgive/rlfw/rlfw_deploy/src/CommunicationCenter/motor_driver/STWMotor.h:96:50:\x1b[m\x1b[K \x1b[01;35m\x1b[Kwarning: \x1b[m\x1b[Kunused parameter \xe2\x80\x98\x1b[01m\x1b[Kkp\x1b[m\x1b[K\xe2\x80\x99 [\x1b[01;35m\x1b[K\x1b]8;;https://gcc.gnu.org/onlinedocs/gcc/Warning-Options.html#index-Wunused-parameter\x07-Wunused-parameter\x1b]8;;\x07\x1b[m\x1b[K]\n'}
[0.508933] (CommunicationCenter) StderrLine: {'line': b'   96 |   STWCANMsg *setTorqueKP(uint8_t motor_id, \x1b[01;35m\x1b[Kfloat kp\x1b[m\x1b[K) override {\n'}
[0.508988] (CommunicationCenter) StderrLine: {'line': b'      |                                            \x1b[01;35m\x1b[K~~~~~~^~\x1b[m\x1b[K\n'}
[0.509041] (CommunicationCenter) StderrLine: {'line': b'\x1b[01m\x1b[K/home/albusgive/rlfw/rlfw_deploy/src/CommunicationCenter/motor_driver/STWMotor.h:\x1b[m\x1b[K In member function \xe2\x80\x98\x1b[01m\x1b[Kvirtual STWCANMsg* STWMotor::\x1b[01;32m\x1b[KsetTorqueKI\x1b[m\x1b[K(uint8_t, float)\x1b[m\x1b[K\xe2\x80\x99:\n'}
[0.509095] (CommunicationCenter) StderrLine: {'line': b'\x1b[01m\x1b[K/home/albusgive/rlfw/rlfw_deploy/src/CommunicationCenter/motor_driver/STWMotor.h:99:34:\x1b[m\x1b[K \x1b[01;35m\x1b[Kwarning: \x1b[m\x1b[Kunused parameter \xe2\x80\x98\x1b[01m\x1b[Kmotor_id\x1b[m\x1b[K\xe2\x80\x99 [\x1b[01;35m\x1b[K\x1b]8;;https://gcc.gnu.org/onlinedocs/gcc/Warning-Options.html#index-Wunused-parameter\x07-Wunused-parameter\x1b]8;;\x07\x1b[m\x1b[K]\n'}
[0.509158] (CommunicationCenter) StderrLine: {'line': b'   99 |   STWCANMsg *setTorqueKI(\x1b[01;35m\x1b[Kuint8_t motor_id\x1b[m\x1b[K, float ki) override {\n'}
[0.509214] (CommunicationCenter) StderrLine: {'line': b'      |                          \x1b[01;35m\x1b[K~~~~~~~~^~~~~~~~\x1b[m\x1b[K\n'}
[0.509267] (CommunicationCenter) StderrLine: {'line': b'\x1b[01m\x1b[K/home/albusgive/rlfw/rlfw_deploy/src/CommunicationCenter/motor_driver/STWMotor.h:99:50:\x1b[m\x1b[K \x1b[01;35m\x1b[Kwarning: \x1b[m\x1b[Kunused parameter \xe2\x80\x98\x1b[01m\x1b[Kki\x1b[m\x1b[K\xe2\x80\x99 [\x1b[01;35m\x1b[K\x1b]8;;https://gcc.gnu.org/onlinedocs/gcc/Warning-Options.html#index-Wunused-parameter\x07-Wunused-parameter\x1b]8;;\x07\x1b[m\x1b[K]\n'}
[0.509329] (CommunicationCenter) StderrLine: {'line': b'   99 |   STWCANMsg *setTorqueKI(uint8_t motor_id, \x1b[01;35m\x1b[Kfloat ki\x1b[m\x1b[K) override {\n'}
[0.509394] (CommunicationCenter) StderrLine: {'line': b'      |                                            \x1b[01;35m\x1b[K~~~~~~^~\x1b[m\x1b[K\n'}
[0.509447] (CommunicationCenter) StderrLine: {'line': b'\x1b[01m\x1b[K/home/albusgive/rlfw/rlfw_deploy/src/CommunicationCenter/motor_driver/STWMotor.h:\x1b[m\x1b[K In member function \xe2\x80\x98\x1b[01m\x1b[Kvirtual STWCANMsg* STWMotor::\x1b[01;32m\x1b[KsetSafeTorque\x1b[m\x1b[K(uint8_t, float)\x1b[m\x1b[K\xe2\x80\x99:\n'}
[0.509509] (CommunicationCenter) StderrLine: {'line': b'\x1b[01m\x1b[K/home/albusgive/rlfw/rlfw_deploy/src/CommunicationCenter/motor_driver/STWMotor.h:103:36:\x1b[m\x1b[K \x1b[01;35m\x1b[Kwarning: \x1b[m\x1b[Kunused parameter \xe2\x80\x98\x1b[01m\x1b[Kmotor_id\x1b[m\x1b[K\xe2\x80\x99 [\x1b[01;35m\x1b[K\x1b]8;;https://gcc.gnu.org/onlinedocs/gcc/Warning-Options.html#index-Wunused-parameter\x07-Wunused-parameter\x1b]8;;\x07\x1b[m\x1b[K]\n'}
[0.509564] (CommunicationCenter) StderrLine: {'line': b'  103 |   STWCANMsg *setSafeTorque(\x1b[01;35m\x1b[Kuint8_t motor_id\x1b[m\x1b[K, float torque) override {\n'}
[0.509617] (CommunicationCenter) StderrLine: {'line': b'      |                            \x1b[01;35m\x1b[K~~~~~~~~^~~~~~~~\x1b[m\x1b[K\n'}
[0.509677] (CommunicationCenter) StderrLine: {'line': b'\x1b[01m\x1b[K/home/albusgive/rlfw/rlfw_deploy/src/CommunicationCenter/motor_driver/STWMotor.h:103:52:\x1b[m\x1b[K \x1b[01;35m\x1b[Kwarning: \x1b[m\x1b[Kunused parameter \xe2\x80\x98\x1b[01m\x1b[Ktorque\x1b[m\x1b[K\xe2\x80\x99 [\x1b[01;35m\x1b[K\x1b]8;;https://gcc.gnu.org/onlinedocs/gcc/Warning-Options.html#index-Wunused-parameter\x07-Wunused-parameter\x1b]8;;\x07\x1b[m\x1b[K]\n'}
[0.509735] (CommunicationCenter) StderrLine: {'line': b'  103 |   STWCANMsg *setSafeTorque(uint8_t motor_id, \x1b[01;35m\x1b[Kfloat torque\x1b[m\x1b[K) override {\n'}
[0.509788] (CommunicationCenter) StderrLine: {'line': b'      |                                              \x1b[01;35m\x1b[K~~~~~~^~~~~~\x1b[m\x1b[K\n'}
[0.509840] (CommunicationCenter) StderrLine: {'line': b'\x1b[01m\x1b[K/home/albusgive/rlfw/rlfw_deploy/src/CommunicationCenter/motor_driver/STWMotor.h:\x1b[m\x1b[K In member function \xe2\x80\x98\x1b[01m\x1b[Kvirtual STWCANMsg* STWMotor::\x1b[01;32m\x1b[KsetSafePos\x1b[m\x1b[K(uint8_t, float)\x1b[m\x1b[K\xe2\x80\x99:\n'}
[0.509894] (CommunicationCenter) StderrLine: {'line': b'\x1b[01m\x1b[K/home/albusgive/rlfw/rlfw_deploy/src/CommunicationCenter/motor_driver/STWMotor.h:106:33:\x1b[m\x1b[K \x1b[01;35m\x1b[Kwarning: \x1b[m\x1b[Kunused parameter \xe2\x80\x98\x1b[01m\x1b[Kmotor_id\x1b[m\x1b[K\xe2\x80\x99 [\x1b[01;35m\x1b[K\x1b]8;;https://gcc.gnu.org/onlinedocs/gcc/Warning-Options.html#index-Wunused-parameter\x07-Wunused-parameter\x1b]8;;\x07\x1b[m\x1b[K]\n'}
[0.509950] (CommunicationCenter) StderrLine: {'line': b'  106 |   STWCANMsg *setSafePos(\x1b[01;35m\x1b[Kuint8_t motor_id\x1b[m\x1b[K, float pos) override {\n'}
[0.510004] (CommunicationCenter) StderrLine: {'line': b'      |                         \x1b[01;35m\x1b[K~~~~~~~~^~~~~~~~\x1b[m\x1b[K\n'}
[0.510062] (CommunicationCenter) StderrLine: {'line': b'\x1b[01m\x1b[K/home/albusgive/rlfw/rlfw_deploy/src/CommunicationCenter/motor_driver/STWMotor.h:106:49:\x1b[m\x1b[K \x1b[01;35m\x1b[Kwarning: \x1b[m\x1b[Kunused parameter \xe2\x80\x98\x1b[01m\x1b[Kpos\x1b[m\x1b[K\xe2\x80\x99 [\x1b[01;35m\x1b[K\x1b]8;;https://gcc.gnu.org/onlinedocs/gcc/Warning-Options.html#index-Wunused-parameter\x07-Wunused-parameter\x1b]8;;\x07\x1b[m\x1b[K]\n'}
[0.510122] (CommunicationCenter) StderrLine: {'line': b'  106 |   STWCANMsg *setSafePos(uint8_t motor_id, \x1b[01;35m\x1b[Kfloat pos\x1b[m\x1b[K) override {\n'}
[0.510177] (CommunicationCenter) StderrLine: {'line': b'      |                                           \x1b[01;35m\x1b[K~~~~~~^~~\x1b[m\x1b[K\n'}
[0.510234] (CommunicationCenter) StderrLine: {'line': b'\x1b[01m\x1b[K/home/albusgive/rlfw/rlfw_deploy/src/CommunicationCenter/motor_driver/STWMotor.h:\x1b[m\x1b[K In member function \xe2\x80\x98\x1b[01m\x1b[Kvirtual STWCANMsg* STWMotor::\x1b[01;32m\x1b[KsetSafeVel\x1b[m\x1b[K(uint8_t, float)\x1b[m\x1b[K\xe2\x80\x99:\n'}
[0.510288] (CommunicationCenter) StderrLine: {'line': b'\x1b[01m\x1b[K/home/albusgive/rlfw/rlfw_deploy/src/CommunicationCenter/motor_driver/STWMotor.h:109:33:\x1b[m\x1b[K \x1b[01;35m\x1b[Kwarning: \x1b[m\x1b[Kunused parameter \xe2\x80\x98\x1b[01m\x1b[Kmotor_id\x1b[m\x1b[K\xe2\x80\x99 [\x1b[01;35m\x1b[K\x1b]8;;https://gcc.gnu.org/onlinedocs/gcc/Warning-Options.html#index-Wunused-parameter\x07-Wunused-parameter\x1b]8;;\x07\x1b[m\x1b[K]\n'}
[0.510376] (CommunicationCenter) StderrLine: {'line': b'  109 |   STWCANMsg *setSafeVel(\x1b[01;35m\x1b[Kuint8_t motor_id\x1b[m\x1b[K, float vel) override {\n'}
[0.510436] (CommunicationCenter) StderrLine: {'line': b'      |                         \x1b[01;35m\x1b[K~~~~~~~~^~~~~~~~\x1b[m\x1b[K\n'}
[0.510489] (CommunicationCenter) StderrLine: {'line': b'\x1b[01m\x1b[K/home/albusgive/rlfw/rlfw_deploy/src/CommunicationCenter/motor_driver/STWMotor.h:109:49:\x1b[m\x1b[K \x1b[01;35m\x1b[Kwarning: \x1b[m\x1b[Kunused parameter \xe2\x80\x98\x1b[01m\x1b[Kvel\x1b[m\x1b[K\xe2\x80\x99 [\x1b[01;35m\x1b[K\x1b]8;;https://gcc.gnu.org/onlinedocs/gcc/Warning-Options.html#index-Wunused-parameter\x07-Wunused-parameter\x1b]8;;\x07\x1b[m\x1b[K]\n'}
[0.510544] (CommunicationCenter) StderrLine: {'line': b'  109 |   STWCANMsg *setSafeVel(uint8_t motor_id, \x1b[01;35m\x1b[Kfloat vel\x1b[m\x1b[K) override {\n'}
[0.510596] (CommunicationCenter) StderrLine: {'line': b'      |                                           \x1b[01;35m\x1b[K~~~~~~^~~\x1b[m\x1b[K\n'}
[0.601526] (-) TimerEvent: {}
[0.701873] (-) TimerEvent: {}
[0.802151] (-) TimerEvent: {}
[0.902519] (-) TimerEvent: {}
[1.002865] (-) TimerEvent: {}
[1.103227] (-) TimerEvent: {}
[1.203567] (-) TimerEvent: {}
[1.303917] (-) TimerEvent: {}
[1.404279] (-) TimerEvent: {}
[1.504636] (-) TimerEvent: {}
[1.604937] (-) TimerEvent: {}
[1.705218] (-) TimerEvent: {}
[1.805528] (-) TimerEvent: {}
[1.905887] (-) TimerEvent: {}
[2.006144] (-) TimerEvent: {}
[2.106522] (-) TimerEvent: {}
[2.206794] (-) TimerEvent: {}
[2.307084] (-) TimerEvent: {}
[2.407448] (-) TimerEvent: {}
[2.507710] (-) TimerEvent: {}
[2.607999] (-) TimerEvent: {}
[2.708377] (-) TimerEvent: {}
[2.808643] (-) TimerEvent: {}
[2.908929] (-) TimerEvent: {}
[3.009297] (-) TimerEvent: {}
[3.109575] (-) TimerEvent: {}
[3.209817] (-) TimerEvent: {}
[3.310050] (-) TimerEvent: {}
[3.410289] (-) TimerEvent: {}
[3.510522] (-) TimerEvent: {}
[3.610809] (-) TimerEvent: {}
[3.711114] (-) TimerEvent: {}
[3.811422] (-) TimerEvent: {}
[3.911653] (-) TimerEvent: {}
[4.011905] (-) TimerEvent: {}
[4.112175] (-) TimerEvent: {}
[4.138381] (CommunicationCenter) StderrLine: {'line': b'\x1b[01m\x1b[K/home/albusgive/rlfw/rlfw_deploy/src/CommunicationCenter/src/CommunicationCenter.cpp:\x1b[m\x1b[K In member function \xe2\x80\x98\x1b[01m\x1b[Kvoid CommunicationCenter::\x1b[01;32m\x1b[KsendMotor\x1b[m\x1b[K(std::shared_ptr<rlfw_msgs::msg::JointCtrl_<std::allocator<void> > >)\x1b[m\x1b[K\xe2\x80\x99:\n'}
[4.138576] (CommunicationCenter) StderrLine: {'line': b'\x1b[01m\x1b[K/home/albusgive/rlfw/rlfw_deploy/src/CommunicationCenter/src/CommunicationCenter.cpp:201:23:\x1b[m\x1b[K \x1b[01;35m\x1b[Kwarning: \x1b[m\x1b[Kthis statement may fall through [\x1b[01;35m\x1b[K\x1b]8;;https://gcc.gnu.org/onlinedocs/gcc/Warning-Options.html#index-Wimplicit-fallthrough=\x07-Wimplicit-fallthrough=\x1b]8;;\x07\x1b[m\x1b[K]\n'}
[4.138623] (CommunicationCenter) StderrLine: {'line': b'  201 |     \x1b[01;35m\x1b[Kmotor->enableMotor(true)\x1b[m\x1b[K;\n'}
[4.138649] (CommunicationCenter) StderrLine: {'line': b'      |     \x1b[01;35m\x1b[K~~~~~~~~~~~~~~~~~~^~~~~~\x1b[m\x1b[K\n'}
[4.138672] (CommunicationCenter) StderrLine: {'line': b'\x1b[01m\x1b[K/home/albusgive/rlfw/rlfw_deploy/src/CommunicationCenter/src/CommunicationCenter.cpp:203:3:\x1b[m\x1b[K \x1b[01;36m\x1b[Knote: \x1b[m\x1b[Khere\n'}
[4.138698] (CommunicationCenter) StderrLine: {'line': b'  203 |   \x1b[01;36m\x1b[Kcase\x1b[m\x1b[K MotorCtrlType::DISABLE: {\n'}
[4.138720] (CommunicationCenter) StderrLine: {'line': b'      |   \x1b[01;36m\x1b[K^~~~\x1b[m\x1b[K\n'}
[4.212358] (-) TimerEvent: {}
[4.312681] (-) TimerEvent: {}
[4.412925] (-) TimerEvent: {}
[4.513173] (-) TimerEvent: {}
[4.613542] (-) TimerEvent: {}
[4.713855] (-) TimerEvent: {}
[4.814150] (-) TimerEvent: {}
[4.914441] (-) TimerEvent: {}
[5.014733] (-) TimerEvent: {}
[5.114963] (-) TimerEvent: {}
[5.215240] (-) TimerEvent: {}
[5.315541] (-) TimerEvent: {}
[5.415774] (-) TimerEvent: {}
[5.516046] (-) TimerEvent: {}
[5.616337] (-) TimerEvent: {}
[5.716622] (-) TimerEvent: {}
[5.816901] (-) TimerEvent: {}
[5.917182] (-) TimerEvent: {}
[6.017472] (-) TimerEvent: {}
[6.117762] (-) TimerEvent: {}
[6.218054] (-) TimerEvent: {}
[6.318346] (-) TimerEvent: {}
[6.418633] (-) TimerEvent: {}
[6.518914] (-) TimerEvent: {}
[6.619198] (-) TimerEvent: {}
[6.719487] (-) TimerEvent: {}
[6.819774] (-) TimerEvent: {}
[6.920055] (-) TimerEvent: {}
[7.020348] (-) TimerEvent: {}
[7.120641] (-) TimerEvent: {}
[7.220928] (-) TimerEvent: {}
[7.321216] (-) TimerEvent: {}
[7.421554] (-) TimerEvent: {}
[7.521795] (-) TimerEvent: {}
[7.622093] (-) TimerEvent: {}
[7.722377] (-) TimerEvent: {}
[7.822691] (-) TimerEvent: {}
[7.923046] (-) TimerEvent: {}
[8.023621] (-) TimerEvent: {}
[8.123926] (-) TimerEvent: {}
[8.224228] (-) TimerEvent: {}
[8.324532] (-) TimerEvent: {}
[8.424771] (-) TimerEvent: {}
[8.525091] (-) TimerEvent: {}
[8.625421] (-) TimerEvent: {}
[8.648077] (CommunicationCenter) StdoutLine: {'line': b'[ 58%] \x1b[32m\x1b[1mLinking CXX executable CommunicationCenter\x1b[0m\n'}
[8.725610] (-) TimerEvent: {}
[8.825907] (-) TimerEvent: {}
[8.926205] (-) TimerEvent: {}
[9.026551] (-) TimerEvent: {}
[9.123534] (CommunicationCenter) StdoutLine: {'line': b'[100%] Built target CommunicationCenter\n'}
[9.126613] (-) TimerEvent: {}
[9.130188] (CommunicationCenter) CommandEnded: {'returncode': 0}
[9.130645] (CommunicationCenter) JobProgress: {'identifier': 'CommunicationCenter', 'progress': 'install'}
[9.137622] (CommunicationCenter) Command: {'cmd': ['/usr/bin/cmake', '--install', '/home/albusgive/rlfw/rlfw_deploy/build/CommunicationCenter'], 'cwd': '/home/albusgive/rlfw/rlfw_deploy/build/CommunicationCenter', 'env': OrderedDict([('LESSOPEN', '| /usr/bin/lesspipe %s'), ('HTTPS_PROXY', 'http://127.0.0.1:7897/'), ('no_proxy', 'localhost,127.0.0.1,192.168.0.0/16,10.0.0.0/8,172.16.0.0/12,172.29.0.0/16,::1'), ('LANGUAGE', 'zh_CN:zh'), ('USER', 'albusgive'), ('all_proxy', 'socks://127.0.0.1:7897/'), ('XDG_SESSION_TYPE', 'wayland'), ('GIT_ASKPASS', '/usr/share/code/resources/app/extensions/git/dist/askpass.sh'), ('SHLVL', '2'), ('LD_LIBRARY_PATH', '/home/albusgive/Qt/6.9.0/gcc_64/lib:/opt/rocm/lib:/home/albusgive/Qt/6.9.0/gcc_64/lib:/home/albusgive/rlfw/rlfw_interface/install/rlfw_msgs/lib:/opt/rocm/lib:/opt/ros/humble/opt/rviz_ogre_vendor/lib:/opt/ros/humble/lib/x86_64-linux-gnu:/opt/ros/humble/lib'), ('HOME', '/home/albusgive'), ('CHROME_DESKTOP', 'code.desktop'), ('CONDA_SHLVL', '0'), ('OLDPWD', '/home/albusgive/rlfw/rlfw_deploy/src'), ('TERM_PROGRAM_VERSION', '1.97.0'), ('DESKTOP_SESSION', 'ubuntu'), ('NO_PROXY', 'localhost,127.0.0.1,192.168.0.0/16,10.0.0.0/8,172.16.0.0/12,172.29.0.0/16,::1'), ('ROS_PYTHON_VERSION', '3'), ('GNOME_SHELL_SESSION_MODE', 'ubuntu'), ('GTK_MODULES', 'gail:atk-bridge'), ('VSCODE_GIT_ASKPASS_MAIN', '/usr/share/code/resources/app/extensions/git/dist/askpass-main.js'), ('VSCODE_GIT_ASKPASS_NODE', '/usr/share/code/code'), ('DBUS_STARTER_BUS_TYPE', 'session'), ('SYSTEMD_EXEC_PID', '2225'), ('DBUS_SESSION_BUS_ADDRESS', 'unix:path=/run/user/1000/bus,guid=00b124f75750c3840f2623ad683d95a5'), ('COLORTERM', 'truecolor'), ('_CE_M', ''), ('IM_CONFIG_PHASE', '1'), ('WAYLAND_DISPLAY', 'wayland-0'), ('https_proxy', 'http://127.0.0.1:7897'), ('COLCON_PREFIX_PATH', '/home/albusgive/rlfw/rlfw_deploy/install:/home/albusgive/rlfw/rlfw_interface/install'), ('ROS_DISTRO', 'humble'), ('LOGNAME', 'albusgive'), ('ALL_PROXY', 'socks://127.0.0.1:7897/'), ('http_proxy', 'http://127.0.0.1:7897'), ('_', '/usr/bin/colcon'), ('ROS_VERSION', '2'), ('XDG_SESSION_CLASS', 'user'), ('USERNAME', 'albusgive'), ('TERM', 'xterm-256color'), ('GNOME_DESKTOP_SESSION_ID', 'this-is-deprecated'), ('_CE_CONDA', ''), ('ROS_LOCALHOST_ONLY', '0'), ('PATH', '/home/albusgive/Qt/6.9.0/gcc_64/bin:/home/albusgive/Qt/6.9.0/gcc_64/bin:/opt/ros/humble/bin:/home/albusgive/anaconda3/condabin:/usr/local/sbin:/usr/local/bin:/usr/sbin:/usr/bin:/sbin:/bin:/usr/games:/usr/local/games:/snap/bin:/snap/bin'), ('SESSION_MANAGER', 'local/albusgive:@/tmp/.ICE-unix/2225,unix/albusgive:/tmp/.ICE-unix/2225'), ('XDG_MENU_PREFIX', 'gnome-'), ('GNOME_TERMINAL_SCREEN', '/org/gnome/Terminal/screen/cec30dda_8922_4487_9fcf_e037776dbbff'), ('GNOME_SETUP_DISPLAY', ':1'), ('XDG_RUNTIME_DIR', '/run/user/1000'), ('GDK_BACKEND', 'x11'), ('DISPLAY', ':0'), ('LANG', 'zh_CN.UTF-8'), ('XDG_CURRENT_DESKTOP', 'Unity'), ('ROCM_PATH', '/opt/rocm'), ('XMODIFIERS', '@im=ibus'), ('XDG_SESSION_DESKTOP', 'ubuntu'), ('XAUTHORITY', '/run/user/1000/.mutter-Xwaylandauth.UKGL72'), ('LS_COLORS', 'rs=0:di=01;34:ln=01;36:mh=00:pi=40;33:so=01;35:do=01;35:bd=40;33;01:cd=40;33;01:or=40;31;01:mi=00:su=37;41:sg=30;43:ca=30;41:tw=30;42:ow=34;42:st=37;44:ex=01;32:*.tar=01;31:*.tgz=01;31:*.arc=01;31:*.arj=01;31:*.taz=01;31:*.lha=01;31:*.lz4=01;31:*.lzh=01;31:*.lzma=01;31:*.tlz=01;31:*.txz=01;31:*.tzo=01;31:*.t7z=01;31:*.zip=01;31:*.z=01;31:*.dz=01;31:*.gz=01;31:*.lrz=01;31:*.lz=01;31:*.lzo=01;31:*.xz=01;31:*.zst=01;31:*.tzst=01;31:*.bz2=01;31:*.bz=01;31:*.tbz=01;31:*.tbz2=01;31:*.tz=01;31:*.deb=01;31:*.rpm=01;31:*.jar=01;31:*.war=01;31:*.ear=01;31:*.sar=01;31:*.rar=01;31:*.alz=01;31:*.ace=01;31:*.zoo=01;31:*.cpio=01;31:*.7z=01;31:*.rz=01;31:*.cab=01;31:*.wim=01;31:*.swm=01;31:*.dwm=01;31:*.esd=01;31:*.jpg=01;35:*.jpeg=01;35:*.mjpg=01;35:*.mjpeg=01;35:*.gif=01;35:*.bmp=01;35:*.pbm=01;35:*.pgm=01;35:*.ppm=01;35:*.tga=01;35:*.xbm=01;35:*.xpm=01;35:*.tif=01;35:*.tiff=01;35:*.png=01;35:*.svg=01;35:*.svgz=01;35:*.mng=01;35:*.pcx=01;35:*.mov=01;35:*.mpg=01;35:*.mpeg=01;35:*.m2v=01;35:*.mkv=01;35:*.webm=01;35:*.webp=01;35:*.ogm=01;35:*.mp4=01;35:*.m4v=01;35:*.mp4v=01;35:*.vob=01;35:*.qt=01;35:*.nuv=01;35:*.wmv=01;35:*.asf=01;35:*.rm=01;35:*.rmvb=01;35:*.flc=01;35:*.avi=01;35:*.fli=01;35:*.flv=01;35:*.gl=01;35:*.dl=01;35:*.xcf=01;35:*.xwd=01;35:*.yuv=01;35:*.cgm=01;35:*.emf=01;35:*.ogv=01;35:*.ogx=01;35:*.aac=00;36:*.au=00;36:*.flac=00;36:*.m4a=00;36:*.mid=00;36:*.midi=00;36:*.mka=00;36:*.mp3=00;36:*.mpc=00;36:*.ogg=00;36:*.ra=00;36:*.wav=00;36:*.oga=00;36:*.opus=00;36:*.spx=00;36:*.xspf=00;36:'), ('VSCODE_GIT_IPC_HANDLE', '/run/user/1000/vscode-git-a3b7cadb31.sock'), ('GNOME_TERMINAL_SERVICE', ':1.131'), ('TERM_PROGRAM', 'vscode'), ('SSH_AGENT_LAUNCHER', 'gnome-keyring'), ('SSH_AUTH_SOCK', '/run/user/1000/keyring/ssh'), ('AMENT_PREFIX_PATH', '/home/albusgive/rlfw/rlfw_deploy/install/CommunicationCenter:/home/albusgive/rlfw/rlfw_interface/install/rlfw_msgs:/opt/ros/humble'), ('CONDA_PYTHON_EXE', '/home/albusgive/anaconda3/bin/python'), ('ORIGINAL_XDG_CURRENT_DESKTOP', 'ubuntu:GNOME'), ('SHELL', '/bin/bash'), ('QT_ACCESSIBILITY', '1'), ('GDMSESSION', 'ubuntu'), ('LESSCLOSE', '/usr/bin/lesspipe %s %s'), ('VSCODE_GIT_ASKPASS_EXTRA_ARGS', ''), ('QT_IM_MODULE', 'ibus'), ('PWD', '/home/albusgive/rlfw/rlfw_deploy/build/CommunicationCenter'), ('XDG_CONFIG_DIRS', '/etc/xdg/xdg-ubuntu:/etc/xdg'), ('CONDA_EXE', '/home/albusgive/anaconda3/bin/conda'), ('DBUS_STARTER_ADDRESS', 'unix:path=/run/user/1000/bus,guid=00b124f75750c3840f2623ad683d95a5'), ('XDG_DATA_DIRS', '/usr/share/ubuntu:/usr/local/share/:/usr/share/:/var/lib/snapd/desktop'), ('PYTHONPATH', '/home/albusgive/rlfw/rlfw_interface/install/rlfw_msgs/local/lib/python3.10/dist-packages:/opt/ros/humble/lib/python3.10/site-packages:/opt/ros/humble/local/lib/python3.10/dist-packages'), ('HTTP_PROXY', 'http://127.0.0.1:7897/'), ('COLCON', '1'), ('VTE_VERSION', '6800'), ('CMAKE_PREFIX_PATH', '/home/albusgive/rlfw/rlfw_deploy/install/CommunicationCenter:/home/albusgive/rlfw/rlfw_interface/install/rlfw_msgs:/opt/ros/humble')]), 'shell': False}
[9.143326] (CommunicationCenter) StdoutLine: {'line': b'-- Install configuration: ""\n'}
[9.143490] (CommunicationCenter) StdoutLine: {'line': b'-- Installing: /home/albusgive/rlfw/rlfw_deploy/install/CommunicationCenter/lib/CommunicationCenter/CommunicationCenter\n'}
[9.150505] (CommunicationCenter) StdoutLine: {'line': b'-- Set runtime path of "/home/albusgive/rlfw/rlfw_deploy/install/CommunicationCenter/lib/CommunicationCenter/CommunicationCenter" to ""\n'}
[9.150604] (CommunicationCenter) StdoutLine: {'line': b'-- Up-to-date: /home/albusgive/rlfw/rlfw_deploy/install/CommunicationCenter/share/robot_cfg.xml\n'}
[9.150650] (CommunicationCenter) StdoutLine: {'line': b'-- Up-to-date: /home/albusgive/rlfw/rlfw_deploy/install/CommunicationCenter/share/ament_index/resource_index/package_run_dependencies/CommunicationCenter\n'}
[9.150726] (CommunicationCenter) StdoutLine: {'line': b'-- Up-to-date: /home/albusgive/rlfw/rlfw_deploy/install/CommunicationCenter/share/ament_index/resource_index/parent_prefix_path/CommunicationCenter\n'}
[9.150768] (CommunicationCenter) StdoutLine: {'line': b'-- Up-to-date: /home/albusgive/rlfw/rlfw_deploy/install/CommunicationCenter/share/CommunicationCenter/environment/ament_prefix_path.sh\n'}
[9.150832] (CommunicationCenter) StdoutLine: {'line': b'-- Up-to-date: /home/albusgive/rlfw/rlfw_deploy/install/CommunicationCenter/share/CommunicationCenter/environment/ament_prefix_path.dsv\n'}
[9.150877] (CommunicationCenter) StdoutLine: {'line': b'-- Up-to-date: /home/albusgive/rlfw/rlfw_deploy/install/CommunicationCenter/share/CommunicationCenter/environment/path.sh\n'}
[9.150917] (CommunicationCenter) StdoutLine: {'line': b'-- Up-to-date: /home/albusgive/rlfw/rlfw_deploy/install/CommunicationCenter/share/CommunicationCenter/environment/path.dsv\n'}
[9.150957] (CommunicationCenter) StdoutLine: {'line': b'-- Up-to-date: /home/albusgive/rlfw/rlfw_deploy/install/CommunicationCenter/share/CommunicationCenter/local_setup.bash\n'}
[9.150994] (CommunicationCenter) StdoutLine: {'line': b'-- Up-to-date: /home/albusgive/rlfw/rlfw_deploy/install/CommunicationCenter/share/CommunicationCenter/local_setup.sh\n'}
[9.151032] (CommunicationCenter) StdoutLine: {'line': b'-- Up-to-date: /home/albusgive/rlfw/rlfw_deploy/install/CommunicationCenter/share/CommunicationCenter/local_setup.zsh\n'}
[9.151070] (CommunicationCenter) StdoutLine: {'line': b'-- Up-to-date: /home/albusgive/rlfw/rlfw_deploy/install/CommunicationCenter/share/CommunicationCenter/local_setup.dsv\n'}
[9.151123] (CommunicationCenter) StdoutLine: {'line': b'-- Installing: /home/albusgive/rlfw/rlfw_deploy/install/CommunicationCenter/share/CommunicationCenter/package.dsv\n'}
[9.151190] (CommunicationCenter) StdoutLine: {'line': b'-- Up-to-date: /home/albusgive/rlfw/rlfw_deploy/install/CommunicationCenter/share/ament_index/resource_index/packages/CommunicationCenter\n'}
[9.151230] (CommunicationCenter) StdoutLine: {'line': b'-- Up-to-date: /home/albusgive/rlfw/rlfw_deploy/install/CommunicationCenter/share/CommunicationCenter/cmake/CommunicationCenterConfig.cmake\n'}
[9.151266] (CommunicationCenter) StdoutLine: {'line': b'-- Up-to-date: /home/albusgive/rlfw/rlfw_deploy/install/CommunicationCenter/share/CommunicationCenter/cmake/CommunicationCenterConfig-version.cmake\n'}
[9.151315] (CommunicationCenter) StdoutLine: {'line': b'-- Up-to-date: /home/albusgive/rlfw/rlfw_deploy/install/CommunicationCenter/share/CommunicationCenter/package.xml\n'}
[9.151362] (CommunicationCenter) StdoutLine: {'line': b'-- Up-to-date: /home/albusgive/rlfw/rlfw_deploy/install/CommunicationCenter/lib/libtinyxml2.a\n'}
[9.151421] (CommunicationCenter) StdoutLine: {'line': b'-- Up-to-date: /home/albusgive/rlfw/rlfw_deploy/install/CommunicationCenter/lib/cmake/tinyxml2/tinyxml2-static-targets.cmake\n'}
[9.151491] (CommunicationCenter) StdoutLine: {'line': b'-- Up-to-date: /home/albusgive/rlfw/rlfw_deploy/install/CommunicationCenter/lib/cmake/tinyxml2/tinyxml2-static-targets-noconfig.cmake\n'}
[9.151531] (CommunicationCenter) StdoutLine: {'line': b'-- Up-to-date: /home/albusgive/rlfw/rlfw_deploy/install/CommunicationCenter/lib/cmake/tinyxml2/tinyxml2-config.cmake\n'}
[9.151566] (CommunicationCenter) StdoutLine: {'line': b'-- Up-to-date: /home/albusgive/rlfw/rlfw_deploy/install/CommunicationCenter/lib/cmake/tinyxml2/tinyxml2-config-version.cmake\n'}
[9.151604] (CommunicationCenter) StdoutLine: {'line': b'-- Up-to-date: /home/albusgive/rlfw/rlfw_deploy/install/CommunicationCenter/include/tinyxml2.h\n'}
[9.151640] (CommunicationCenter) StdoutLine: {'line': b'-- Up-to-date: /home/albusgive/rlfw/rlfw_deploy/install/CommunicationCenter/lib/pkgconfig/tinyxml2.pc\n'}
[9.152922] (CommunicationCenter) CommandEnded: {'returncode': 0}
[9.166312] (CommunicationCenter) JobEnded: {'identifier': 'CommunicationCenter', 'rc': 0}
[9.167184] (-) EventReactorShutdown: {}
