[0.000000] (-) TimerEvent: {}
[0.000392] (-) JobUnselected: {'identifier': 'agent'}
[0.000469] (-) JobUnselected: {'identifier': 'mujoco_mapping'}
[0.000489] (-) JobUnselected: {'identifier': 'nz-imu'}
[0.000508] (CommunicationCenter) JobQueued: {'identifier': 'CommunicationCenter', 'dependencies': OrderedDict()}
[0.000527] (CommunicationCenter) JobStarted: {'identifier': 'CommunicationCenter'}
[0.004809] (CommunicationCenter) JobProgress: {'identifier': 'CommunicationCenter', 'progress': 'cmake'}
[0.005128] (CommunicationCenter) JobProgress: {'identifier': 'CommunicationCenter', 'progress': 'build'}
[0.005544] (CommunicationCenter) Command: {'cmd': ['/usr/bin/cmake', '--build', '/home/albusgive/rlfw/rlfw_deploy/build/CommunicationCenter', '--', '-j20', '-l20'], 'cwd': '/home/albusgive/rlfw/rlfw_deploy/build/CommunicationCenter', 'env': OrderedDict([('LESSOPEN', '| /usr/bin/lesspipe %s'), ('HTTPS_PROXY', 'http://127.0.0.1:7897/'), ('no_proxy', 'localhost,127.0.0.1,192.168.0.0/16,10.0.0.0/8,172.16.0.0/12,172.29.0.0/16,::1'), ('LANGUAGE', 'zh_CN:zh'), ('USER', 'albusgive'), ('all_proxy', 'socks://127.0.0.1:7897/'), ('XDG_SESSION_TYPE', 'wayland'), ('GIT_ASKPASS', '/usr/share/code/resources/app/extensions/git/dist/askpass.sh'), ('SHLVL', '2'), ('LD_LIBRARY_PATH', '/home/albusgive/Qt/6.9.0/gcc_64/lib:/opt/rocm/lib:/home/albusgive/Qt/6.9.0/gcc_64/lib:/home/albusgive/rlfw/rlfw_interface/install/rlfw_msgs/lib:/opt/rocm/lib:/opt/ros/humble/opt/rviz_ogre_vendor/lib:/opt/ros/humble/lib/x86_64-linux-gnu:/opt/ros/humble/lib'), ('HOME', '/home/albusgive'), ('CHROME_DESKTOP', 'code.desktop'), ('CONDA_SHLVL', '0'), ('OLDPWD', '/home/albusgive/rlfw/rlfw_deploy/src'), ('TERM_PROGRAM_VERSION', '1.97.0'), ('DESKTOP_SESSION', 'ubuntu'), ('NO_PROXY', 'localhost,127.0.0.1,192.168.0.0/16,10.0.0.0/8,172.16.0.0/12,172.29.0.0/16,::1'), ('ROS_PYTHON_VERSION', '3'), ('GNOME_SHELL_SESSION_MODE', 'ubuntu'), ('GTK_MODULES', 'gail:atk-bridge'), ('VSCODE_GIT_ASKPASS_MAIN', '/usr/share/code/resources/app/extensions/git/dist/askpass-main.js'), ('VSCODE_GIT_ASKPASS_NODE', '/usr/share/code/code'), ('DBUS_STARTER_BUS_TYPE', 'session'), ('SYSTEMD_EXEC_PID', '2225'), ('DBUS_SESSION_BUS_ADDRESS', 'unix:path=/run/user/1000/bus,guid=00b124f75750c3840f2623ad683d95a5'), ('COLORTERM', 'truecolor'), ('_CE_M', ''), ('IM_CONFIG_PHASE', '1'), ('WAYLAND_DISPLAY', 'wayland-0'), ('https_proxy', 'http://127.0.0.1:7897'), ('COLCON_PREFIX_PATH', '/home/albusgive/rlfw/rlfw_deploy/install:/home/albusgive/rlfw/rlfw_interface/install'), ('ROS_DISTRO', 'humble'), ('LOGNAME', 'albusgive'), ('ALL_PROXY', 'socks://127.0.0.1:7897/'), ('http_proxy', 'http://127.0.0.1:7897'), ('_', '/usr/bin/colcon'), ('ROS_VERSION', '2'), ('XDG_SESSION_CLASS', 'user'), ('USERNAME', 'albusgive'), ('TERM', 'xterm-256color'), ('GNOME_DESKTOP_SESSION_ID', 'this-is-deprecated'), ('_CE_CONDA', ''), ('ROS_LOCALHOST_ONLY', '0'), ('PATH', '/home/albusgive/Qt/6.9.0/gcc_64/bin:/home/albusgive/Qt/6.9.0/gcc_64/bin:/opt/ros/humble/bin:/home/albusgive/anaconda3/condabin:/usr/local/sbin:/usr/local/bin:/usr/sbin:/usr/bin:/sbin:/bin:/usr/games:/usr/local/games:/snap/bin:/snap/bin'), ('SESSION_MANAGER', 'local/albusgive:@/tmp/.ICE-unix/2225,unix/albusgive:/tmp/.ICE-unix/2225'), ('XDG_MENU_PREFIX', 'gnome-'), ('GNOME_TERMINAL_SCREEN', '/org/gnome/Terminal/screen/cec30dda_8922_4487_9fcf_e037776dbbff'), ('GNOME_SETUP_DISPLAY', ':1'), ('XDG_RUNTIME_DIR', '/run/user/1000'), ('GDK_BACKEND', 'x11'), ('DISPLAY', ':0'), ('LANG', 'zh_CN.UTF-8'), ('XDG_CURRENT_DESKTOP', 'Unity'), ('ROCM_PATH', '/opt/rocm'), ('XMODIFIERS', '@im=ibus'), ('XDG_SESSION_DESKTOP', 'ubuntu'), ('XAUTHORITY', '/run/user/1000/.mutter-Xwaylandauth.UKGL72'), ('LS_COLORS', 'rs=0:di=01;34:ln=01;36:mh=00:pi=40;33:so=01;35:do=01;35:bd=40;33;01:cd=40;33;01:or=40;31;01:mi=00:su=37;41:sg=30;43:ca=30;41:tw=30;42:ow=34;42:st=37;44:ex=01;32:*.tar=01;31:*.tgz=01;31:*.arc=01;31:*.arj=01;31:*.taz=01;31:*.lha=01;31:*.lz4=01;31:*.lzh=01;31:*.lzma=01;31:*.tlz=01;31:*.txz=01;31:*.tzo=01;31:*.t7z=01;31:*.zip=01;31:*.z=01;31:*.dz=01;31:*.gz=01;31:*.lrz=01;31:*.lz=01;31:*.lzo=01;31:*.xz=01;31:*.zst=01;31:*.tzst=01;31:*.bz2=01;31:*.bz=01;31:*.tbz=01;31:*.tbz2=01;31:*.tz=01;31:*.deb=01;31:*.rpm=01;31:*.jar=01;31:*.war=01;31:*.ear=01;31:*.sar=01;31:*.rar=01;31:*.alz=01;31:*.ace=01;31:*.zoo=01;31:*.cpio=01;31:*.7z=01;31:*.rz=01;31:*.cab=01;31:*.wim=01;31:*.swm=01;31:*.dwm=01;31:*.esd=01;31:*.jpg=01;35:*.jpeg=01;35:*.mjpg=01;35:*.mjpeg=01;35:*.gif=01;35:*.bmp=01;35:*.pbm=01;35:*.pgm=01;35:*.ppm=01;35:*.tga=01;35:*.xbm=01;35:*.xpm=01;35:*.tif=01;35:*.tiff=01;35:*.png=01;35:*.svg=01;35:*.svgz=01;35:*.mng=01;35:*.pcx=01;35:*.mov=01;35:*.mpg=01;35:*.mpeg=01;35:*.m2v=01;35:*.mkv=01;35:*.webm=01;35:*.webp=01;35:*.ogm=01;35:*.mp4=01;35:*.m4v=01;35:*.mp4v=01;35:*.vob=01;35:*.qt=01;35:*.nuv=01;35:*.wmv=01;35:*.asf=01;35:*.rm=01;35:*.rmvb=01;35:*.flc=01;35:*.avi=01;35:*.fli=01;35:*.flv=01;35:*.gl=01;35:*.dl=01;35:*.xcf=01;35:*.xwd=01;35:*.yuv=01;35:*.cgm=01;35:*.emf=01;35:*.ogv=01;35:*.ogx=01;35:*.aac=00;36:*.au=00;36:*.flac=00;36:*.m4a=00;36:*.mid=00;36:*.midi=00;36:*.mka=00;36:*.mp3=00;36:*.mpc=00;36:*.ogg=00;36:*.ra=00;36:*.wav=00;36:*.oga=00;36:*.opus=00;36:*.spx=00;36:*.xspf=00;36:'), ('VSCODE_GIT_IPC_HANDLE', '/run/user/1000/vscode-git-a3b7cadb31.sock'), ('GNOME_TERMINAL_SERVICE', ':1.131'), ('TERM_PROGRAM', 'vscode'), ('SSH_AGENT_LAUNCHER', 'gnome-keyring'), ('SSH_AUTH_SOCK', '/run/user/1000/keyring/ssh'), ('AMENT_PREFIX_PATH', '/home/albusgive/rlfw/rlfw_deploy/install/CommunicationCenter:/home/albusgive/rlfw/rlfw_interface/install/rlfw_msgs:/opt/ros/humble'), ('CONDA_PYTHON_EXE', '/home/albusgive/anaconda3/bin/python'), ('ORIGINAL_XDG_CURRENT_DESKTOP', 'ubuntu:GNOME'), ('SHELL', '/bin/bash'), ('QT_ACCESSIBILITY', '1'), ('GDMSESSION', 'ubuntu'), ('LESSCLOSE', '/usr/bin/lesspipe %s %s'), ('VSCODE_GIT_ASKPASS_EXTRA_ARGS', ''), ('QT_IM_MODULE', 'ibus'), ('PWD', '/home/albusgive/rlfw/rlfw_deploy/build/CommunicationCenter'), ('XDG_CONFIG_DIRS', '/etc/xdg/xdg-ubuntu:/etc/xdg'), ('CONDA_EXE', '/home/albusgive/anaconda3/bin/conda'), ('DBUS_STARTER_ADDRESS', 'unix:path=/run/user/1000/bus,guid=00b124f75750c3840f2623ad683d95a5'), ('XDG_DATA_DIRS', '/usr/share/ubuntu:/usr/local/share/:/usr/share/:/var/lib/snapd/desktop'), ('PYTHONPATH', '/home/albusgive/rlfw/rlfw_interface/install/rlfw_msgs/local/lib/python3.10/dist-packages:/opt/ros/humble/lib/python3.10/site-packages:/opt/ros/humble/local/lib/python3.10/dist-packages'), ('HTTP_PROXY', 'http://127.0.0.1:7897/'), ('COLCON', '1'), ('VTE_VERSION', '6800'), ('CMAKE_PREFIX_PATH', '/home/albusgive/rlfw/rlfw_deploy/install/CommunicationCenter:/home/albusgive/rlfw/rlfw_interface/install/rlfw_msgs:/opt/ros/humble')]), 'shell': False}
[0.038870] (CommunicationCenter) StdoutLine: {'line': b'[ 11%] Built target tinyxml2\n'}
[0.063074] (CommunicationCenter) StdoutLine: {'line': b'[ 23%] Built target xmltest\n'}
[0.083953] (CommunicationCenter) StdoutLine: {'line': b'[ 29%] \x1b[32mBuilding CXX object CMakeFiles/CommunicationCenter.dir/motor_driver/DMMotor.cpp.o\x1b[0m\n'}
[0.084093] (CommunicationCenter) StdoutLine: {'line': b'[ 35%] \x1b[32mBuilding CXX object CMakeFiles/CommunicationCenter.dir/src/main.cpp.o\x1b[0m\n'}
[0.084126] (CommunicationCenter) StdoutLine: {'line': b'[ 41%] \x1b[32mBuilding CXX object CMakeFiles/CommunicationCenter.dir/motor_driver/MiMotor.cpp.o\x1b[0m\n'}
[0.084154] (CommunicationCenter) StdoutLine: {'line': b'[ 47%] \x1b[32mBuilding CXX object CMakeFiles/CommunicationCenter.dir/motor_driver/STWMotor.cpp.o\x1b[0m\n'}
[0.084192] (CommunicationCenter) StdoutLine: {'line': b'[ 52%] \x1b[32mBuilding CXX object CMakeFiles/CommunicationCenter.dir/src/CommunicationCenter.cpp.o\x1b[0m\n'}
[0.099893] (-) TimerEvent: {}
[0.200120] (-) TimerEvent: {}
[0.300463] (-) TimerEvent: {}
[0.400884] (-) TimerEvent: {}
[0.420715] (CommunicationCenter) StderrLine: {'line': b'In file included from \x1b[01m\x1b[K/home/albusgive/rlfw/rlfw_deploy/src/CommunicationCenter/motor_driver/DMMotor.h:3\x1b[m\x1b[K,\n'}
[0.421296] (CommunicationCenter) StderrLine: {'line': b'                 from \x1b[01m\x1b[K/home/albusgive/rlfw/rlfw_deploy/src/CommunicationCenter/motor_driver/DMMotor.cpp:1\x1b[m\x1b[K:\n'}
[0.421401] (CommunicationCenter) StderrLine: {'line': b'\x1b[01m\x1b[K/home/albusgive/rlfw/rlfw_deploy/src/CommunicationCenter/motor_driver/Motor.hpp:276:13:\x1b[m\x1b[K \x1b[01;35m\x1b[Kwarning: \x1b[m\x1b[K\xe2\x80\x98\x1b[01m\x1b[Kvirtual MotorBack CANMotor::\x1b[01;32m\x1b[Kdecode\x1b[m\x1b[K()\x1b[m\x1b[K\xe2\x80\x99 was hidden [\x1b[01;35m\x1b[K\x1b]8;;https://gcc.gnu.org/onlinedocs/gcc/Warning-Options.html#index-Woverloaded-virtual=\x07-Woverloaded-virtual=\x1b]8;;\x07\x1b[m\x1b[K]\n'}
[0.421431] (CommunicationCenter) StderrLine: {'line': b'  276 |   MotorBack \x1b[01;35m\x1b[Kdecode\x1b[m\x1b[K() override { return MotorBack(); };\n'}
[0.421524] (CommunicationCenter) StderrLine: {'line': b'      |             \x1b[01;35m\x1b[K^~~~~~\x1b[m\x1b[K\n'}
[0.421549] (CommunicationCenter) StderrLine: {'line': b'In file included from \x1b[01m\x1b[K/home/albusgive/rlfw/rlfw_deploy/src/CommunicationCenter/motor_driver/STWMotor.h:4\x1b[m\x1b[K,\n'}
[0.421575] (CommunicationCenter) StderrLine: {'line': b'                 from \x1b[01m\x1b[K/home/albusgive/rlfw/rlfw_deploy/src/CommunicationCenter/motor_driver/STWMotor.cpp:1\x1b[m\x1b[K:\n'}
[0.421612] (CommunicationCenter) StderrLine: {'line': b'\x1b[01m\x1b[K/home/albusgive/rlfw/rlfw_deploy/src/CommunicationCenter/motor_driver/Motor.hpp:276:13:\x1b[m\x1b[K \x1b[01;35m\x1b[Kwarning: \x1b[m\x1b[K\xe2\x80\x98\x1b[01m\x1b[Kvirtual MotorBack CANMotor::\x1b[01;32m\x1b[Kdecode\x1b[m\x1b[K()\x1b[m\x1b[K\xe2\x80\x99 was hidden [\x1b[01;35m\x1b[K\x1b]8;;https://gcc.gnu.org/onlinedocs/gcc/Warning-Options.html#index-Woverloaded-virtual=\x07-Woverloaded-virtual=\x1b]8;;\x07\x1b[m\x1b[K]\n'}
[0.421638] (CommunicationCenter) StderrLine: {'line': b'  276 |   MotorBack \x1b[01;35m\x1b[Kdecode\x1b[m\x1b[K() override { return MotorBack(); };\n'}
[0.421662] (CommunicationCenter) StderrLine: {'line': b'      |             \x1b[01;35m\x1b[K^~~~~~\x1b[m\x1b[K\n'}
[0.421684] (CommunicationCenter) StderrLine: {'line': b'\x1b[01m\x1b[K/home/albusgive/rlfw/rlfw_deploy/src/CommunicationCenter/motor_driver/DMMotor.h:50:13:\x1b[m\x1b[K \x1b[01;36m\x1b[Knote: \x1b[m\x1b[K  by \xe2\x80\x98\x1b[01m\x1b[Kvirtual MotorBack DMMotor::\x1b[01;32m\x1b[Kdecode\x1b[m\x1b[K(CANMSG)\x1b[m\x1b[K\xe2\x80\x99\n'}
[0.421709] (CommunicationCenter) StderrLine: {'line': b'   50 |   MotorBack \x1b[01;36m\x1b[Kdecode\x1b[m\x1b[K(CANMSG msg) override;\n'}
[0.421732] (CommunicationCenter) StderrLine: {'line': b'      |             \x1b[01;36m\x1b[K^~~~~~\x1b[m\x1b[K\n'}
[0.421754] (CommunicationCenter) StderrLine: {'line': b'\x1b[01m\x1b[K/home/albusgive/rlfw/rlfw_deploy/src/CommunicationCenter/motor_driver/Motor.hpp:275:13:\x1b[m\x1b[K \x1b[01;35m\x1b[Kwarning: \x1b[m\x1b[K\xe2\x80\x98\x1b[01m\x1b[Kvirtual MotorBack CANMotor::\x1b[01;32m\x1b[Kdecode\x1b[m\x1b[K(UnitreeMsg)\x1b[m\x1b[K\xe2\x80\x99 was hidden [\x1b[01;35m\x1b[K\x1b]8;;https://gcc.gnu.org/onlinedocs/gcc/Warning-Options.html#index-Woverloaded-virtual=\x07-Woverloaded-virtual=\x1b]8;;\x07\x1b[m\x1b[K]\n'}
[0.421777] (CommunicationCenter) StderrLine: {'line': b'  275 |   MotorBack \x1b[01;35m\x1b[Kdecode\x1b[m\x1b[K(UnitreeMsg /*msg*/) override { return MotorBack(); };\n'}
[0.421800] (CommunicationCenter) StderrLine: {'line': b'      |             \x1b[01;35m\x1b[K^~~~~~\x1b[m\x1b[K\n'}
[0.421822] (CommunicationCenter) StderrLine: {'line': b'\x1b[01m\x1b[K/home/albusgive/rlfw/rlfw_deploy/src/CommunicationCenter/motor_driver/DMMotor.h:50:13:\x1b[m\x1b[K \x1b[01;36m\x1b[Knote: \x1b[m\x1b[K  by \xe2\x80\x98\x1b[01m\x1b[Kvirtual MotorBack DMMotor::\x1b[01;32m\x1b[Kdecode\x1b[m\x1b[K(CANMSG)\x1b[m\x1b[K\xe2\x80\x99\n'}
[0.421845] (CommunicationCenter) StderrLine: {'line': b'   50 |   MotorBack \x1b[01;36m\x1b[Kdecode\x1b[m\x1b[K(CANMSG msg) override;\n'}
[0.421874] (CommunicationCenter) StderrLine: {'line': b'      |             \x1b[01;36m\x1b[K^~~~~~\x1b[m\x1b[K\n'}
[0.421898] (CommunicationCenter) StderrLine: {'line': b'\x1b[01m\x1b[K/home/albusgive/rlfw/rlfw_deploy/src/CommunicationCenter/motor_driver/STWMotor.h:69:13:\x1b[m\x1b[K \x1b[01;36m\x1b[Knote: \x1b[m\x1b[K  by \xe2\x80\x98\x1b[01m\x1b[Kvirtual MotorBack STWMotor::\x1b[01;32m\x1b[Kdecode\x1b[m\x1b[K(CANMSG)\x1b[m\x1b[K\xe2\x80\x99\n'}
[0.421990] (CommunicationCenter) StderrLine: {'line': b'   69 |   MotorBack \x1b[01;36m\x1b[Kdecode\x1b[m\x1b[K(CANMSG msg) override;\n'}
[0.422014] (CommunicationCenter) StderrLine: {'line': b'      |             \x1b[01;36m\x1b[K^~~~~~\x1b[m\x1b[K\n'}
[0.422037] (CommunicationCenter) StderrLine: {'line': b'\x1b[01m\x1b[K/home/albusgive/rlfw/rlfw_deploy/src/CommunicationCenter/motor_driver/Motor.hpp:275:13:\x1b[m\x1b[K \x1b[01;35m\x1b[Kwarning: \x1b[m\x1b[K\xe2\x80\x98\x1b[01m\x1b[Kvirtual MotorBack CANMotor::\x1b[01;32m\x1b[Kdecode\x1b[m\x1b[K(UnitreeMsg)\x1b[m\x1b[K\xe2\x80\x99 was hidden [\x1b[01;35m\x1b[K\x1b]8;;https://gcc.gnu.org/onlinedocs/gcc/Warning-Options.html#index-Woverloaded-virtual=\x07-Woverloaded-virtual=\x1b]8;;\x07\x1b[m\x1b[K]\n'}
[0.422136] (CommunicationCenter) StderrLine: {'line': b'  275 |   MotorBack \x1b[01;35m\x1b[Kdecode\x1b[m\x1b[K(UnitreeMsg /*msg*/) override { return MotorBack(); };\n'}
[0.422160] (CommunicationCenter) StderrLine: {'line': b'      |             \x1b[01;35m\x1b[K^~~~~~\x1b[m\x1b[K\n'}
[0.422183] (CommunicationCenter) StderrLine: {'line': b'\x1b[01m\x1b[K/home/albusgive/rlfw/rlfw_deploy/src/CommunicationCenter/motor_driver/STWMotor.h:69:13:\x1b[m\x1b[K \x1b[01;36m\x1b[Knote: \x1b[m\x1b[K  by \xe2\x80\x98\x1b[01m\x1b[Kvirtual MotorBack STWMotor::\x1b[01;32m\x1b[Kdecode\x1b[m\x1b[K(CANMSG)\x1b[m\x1b[K\xe2\x80\x99\n'}
[0.422255] (CommunicationCenter) StderrLine: {'line': b'   69 |   MotorBack \x1b[01;36m\x1b[Kdecode\x1b[m\x1b[K(CANMSG msg) override;\n'}
[0.422277] (CommunicationCenter) StderrLine: {'line': b'      |             \x1b[01;36m\x1b[K^~~~~~\x1b[m\x1b[K\n'}
[0.422297] (CommunicationCenter) StderrLine: {'line': b'\x1b[01m\x1b[K/home/albusgive/rlfw/rlfw_deploy/src/CommunicationCenter/motor_driver/DMMotor.h:\x1b[m\x1b[K In member function \xe2\x80\x98\x1b[01m\x1b[Kvirtual DMCANMsg* DMMotor::\x1b[01;32m\x1b[KsetCtrlType\x1b[m\x1b[K(uint8_t)\x1b[m\x1b[K\xe2\x80\x99:\n'}
[0.422320] (CommunicationCenter) StderrLine: {'line': b'\x1b[01m\x1b[K/home/albusgive/rlfw/rlfw_deploy/src/CommunicationCenter/motor_driver/DMMotor.h:55:33:\x1b[m\x1b[K \x1b[01;35m\x1b[Kwarning: \x1b[m\x1b[Kunused parameter \xe2\x80\x98\x1b[01m\x1b[Kmotor_id\x1b[m\x1b[K\xe2\x80\x99 [\x1b[01;35m\x1b[K\x1b]8;;https://gcc.gnu.org/onlinedocs/gcc/Warning-Options.html#index-Wunused-parameter\x07-Wunused-parameter\x1b]8;;\x07\x1b[m\x1b[K]\n'}
[0.422345] (CommunicationCenter) StderrLine: {'line': b'   55 |   DMCANMsg *setCtrlType(\x1b[01;35m\x1b[Kuint8_t motor_id\x1b[m\x1b[K) override { return nullptr; };\n'}
[0.422366] (CommunicationCenter) StderrLine: {'line': b'      |                         \x1b[01;35m\x1b[K~~~~~~~~^~~~~~~~\x1b[m\x1b[K\n'}
[0.422387] (CommunicationCenter) StderrLine: {'line': b'\x1b[01m\x1b[K/home/albusgive/rlfw/rlfw_deploy/src/CommunicationCenter/motor_driver/DMMotor.h:\x1b[m\x1b[K In member function \xe2\x80\x98\x1b[01m\x1b[Kvirtual DMCANMsg* DMMotor::\x1b[01;32m\x1b[Kctrl_pos\x1b[m\x1b[K(uint8_t, float)\x1b[m\x1b[K\xe2\x80\x99:\n'}
[0.422408] (CommunicationCenter) StderrLine: {'line': b'\x1b[01m\x1b[K/home/albusgive/rlfw/rlfw_deploy/src/CommunicationCenter/motor_driver/DMMotor.h:57:30:\x1b[m\x1b[K \x1b[01;35m\x1b[Kwarning: \x1b[m\x1b[Kunused parameter \xe2\x80\x98\x1b[01m\x1b[Kmotor_id\x1b[m\x1b[K\xe2\x80\x99 [\x1b[01;35m\x1b[K\x1b]8;;https://gcc.gnu.org/onlinedocs/gcc/Warning-Options.html#index-Wunused-parameter\x07-Wunused-parameter\x1b]8;;\x07\x1b[m\x1b[K]\n'}
[0.422429] (CommunicationCenter) StderrLine: {'line': b'   57 |   DMCANMsg *ctrl_pos(\x1b[01;35m\x1b[Kuint8_t motor_id\x1b[m\x1b[K, float pos) override { return nullptr; };\n'}
[0.422449] (CommunicationCenter) StderrLine: {'line': b'      |                      \x1b[01;35m\x1b[K~~~~~~~~^~~~~~~~\x1b[m\x1b[K\n'}
[0.422468] (CommunicationCenter) StderrLine: {'line': b'\x1b[01m\x1b[K/home/albusgive/rlfw/rlfw_deploy/src/CommunicationCenter/motor_driver/STWMotor.h:\x1b[m\x1b[K In member function \xe2\x80\x98\x1b[01m\x1b[Kvirtual STWCANMsg* STWMotor::\x1b[01;32m\x1b[Kctrl_pos\x1b[m\x1b[K(uint8_t, float)\x1b[m\x1b[K\xe2\x80\x99:\n'}
[0.422490] (CommunicationCenter) StderrLine: {'line': b'\x1b[01m\x1b[K/home/albusgive/rlfw/rlfw_deploy/src/CommunicationCenter/motor_driver/STWMotor.h:76:31:\x1b[m\x1b[K \x1b[01;35m\x1b[Kwarning: \x1b[m\x1b[Kunused parameter \xe2\x80\x98\x1b[01m\x1b[Kmotor_id\x1b[m\x1b[K\xe2\x80\x99 [\x1b[01;35m\x1b[K\x1b]8;;https://gcc.gnu.org/onlinedocs/gcc/Warning-Options.html#index-Wunused-parameter\x07-Wunused-parameter\x1b]8;;\x07\x1b[m\x1b[K]\n'}
[0.422511] (CommunicationCenter) StderrLine: {'line': b'   76 |   STWCANMsg *ctrl_pos(\x1b[01;35m\x1b[Kuint8_t motor_id\x1b[m\x1b[K, float pos) override { return nullptr; };\n'}
[0.422531] (CommunicationCenter) StderrLine: {'line': b'      |                       \x1b[01;35m\x1b[K~~~~~~~~^~~~~~~~\x1b[m\x1b[K\n'}
[0.422551] (CommunicationCenter) StderrLine: {'line': b'\x1b[01m\x1b[K/home/albusgive/rlfw/rlfw_deploy/src/CommunicationCenter/motor_driver/DMMotor.h:57:46:\x1b[m\x1b[K \x1b[01;35m\x1b[Kwarning: \x1b[m\x1b[Kunused parameter \xe2\x80\x98\x1b[01m\x1b[Kpos\x1b[m\x1b[K\xe2\x80\x99 [\x1b[01;35m\x1b[K\x1b]8;;https://gcc.gnu.org/onlinedocs/gcc/Warning-Options.html#index-Wunused-parameter\x07-Wunused-parameter\x1b]8;;\x07\x1b[m\x1b[K]\n'}
[0.422579] (CommunicationCenter) StderrLine: {'line': b'   57 |   DMCANMsg *ctrl_pos(uint8_t motor_id, \x1b[01;35m\x1b[Kfloat pos\x1b[m\x1b[K) override { return nullptr; };\n'}
[0.422601] (CommunicationCenter) StderrLine: {'line': b'      |                                        \x1b[01;35m\x1b[K~~~~~~^~~\x1b[m\x1b[K\n'}
[0.422623] (CommunicationCenter) StderrLine: {'line': b'\x1b[01m\x1b[K/home/albusgive/rlfw/rlfw_deploy/src/CommunicationCenter/motor_driver/STWMotor.h:76:47:\x1b[m\x1b[K \x1b[01;35m\x1b[Kwarning: \x1b[m\x1b[Kunused parameter \xe2\x80\x98\x1b[01m\x1b[Kpos\x1b[m\x1b[K\xe2\x80\x99 [\x1b[01;35m\x1b[K\x1b]8;;https://gcc.gnu.org/onlinedocs/gcc/Warning-Options.html#index-Wunused-parameter\x07-Wunused-parameter\x1b]8;;\x07\x1b[m\x1b[K]\n'}
[0.422648] (CommunicationCenter) StderrLine: {'line': b'   76 |   STWCANMsg *ctrl_pos(uint8_t motor_id, \x1b[01;35m\x1b[Kfloat pos\x1b[m\x1b[K) override { return nullptr; };\n'}
[0.422671] (CommunicationCenter) StderrLine: {'line': b'      |                                         \x1b[01;35m\x1b[K~~~~~~^~~\x1b[m\x1b[K\n'}
[0.422692] (CommunicationCenter) StderrLine: {'line': b'\x1b[01m\x1b[K/home/albusgive/rlfw/rlfw_deploy/src/CommunicationCenter/motor_driver/DMMotor.h:\x1b[m\x1b[K In member function \xe2\x80\x98\x1b[01m\x1b[Kvirtual DMCANMsg* DMMotor::\x1b[01;32m\x1b[Kctrl_vel\x1b[m\x1b[K(uint8_t, float)\x1b[m\x1b[K\xe2\x80\x99:\n'}
[0.422715] (CommunicationCenter) StderrLine: {'line': b'\x1b[01m\x1b[K/home/albusgive/rlfw/rlfw_deploy/src/CommunicationCenter/motor_driver/DMMotor.h:59:30:\x1b[m\x1b[K \x1b[01;35m\x1b[Kwarning: \x1b[m\x1b[Kunused parameter \xe2\x80\x98\x1b[01m\x1b[Kmotor_id\x1b[m\x1b[K\xe2\x80\x99 [\x1b[01;35m\x1b[K\x1b]8;;https://gcc.gnu.org/onlinedocs/gcc/Warning-Options.html#index-Wunused-parameter\x07-Wunused-parameter\x1b]8;;\x07\x1b[m\x1b[K]\n'}
[0.422738] (CommunicationCenter) StderrLine: {'line': b'   59 |   DMCANMsg *ctrl_vel(\x1b[01;35m\x1b[Kuint8_t motor_id\x1b[m\x1b[K, float vel) override { return nullptr; };\n'}
[0.422760] (CommunicationCenter) StderrLine: {'line': b'      |                      \x1b[01;35m\x1b[K~~~~~~~~^~~~~~~~\x1b[m\x1b[K\n'}
[0.422782] (CommunicationCenter) StderrLine: {'line': b'\x1b[01m\x1b[K/home/albusgive/rlfw/rlfw_deploy/src/CommunicationCenter/motor_driver/STWMotor.h:\x1b[m\x1b[K In member function \xe2\x80\x98\x1b[01m\x1b[Kvirtual STWCANMsg* STWMotor::\x1b[01;32m\x1b[Kctrl_vel\x1b[m\x1b[K(uint8_t, float)\x1b[m\x1b[K\xe2\x80\x99:\n'}
[0.422806] (CommunicationCenter) StderrLine: {'line': b'\x1b[01m\x1b[K/home/albusgive/rlfw/rlfw_deploy/src/CommunicationCenter/motor_driver/STWMotor.h:78:31:\x1b[m\x1b[K \x1b[01;35m\x1b[Kwarning: \x1b[m\x1b[Kunused parameter \xe2\x80\x98\x1b[01m\x1b[Kmotor_id\x1b[m\x1b[K\xe2\x80\x99 [\x1b[01;35m\x1b[K\x1b]8;;https://gcc.gnu.org/onlinedocs/gcc/Warning-Options.html#index-Wunused-parameter\x07-Wunused-parameter\x1b]8;;\x07\x1b[m\x1b[K]\n'}
[0.422831] (CommunicationCenter) StderrLine: {'line': b'   78 |   STWCANMsg *ctrl_vel(\x1b[01;35m\x1b[Kuint8_t motor_id\x1b[m\x1b[K, float vel) override { return nullptr; };\n'}
[0.422853] (CommunicationCenter) StderrLine: {'line': b'      |                       \x1b[01;35m\x1b[K~~~~~~~~^~~~~~~~\x1b[m\x1b[K\n'}
[0.422884] (CommunicationCenter) StderrLine: {'line': b'\x1b[01m\x1b[K/home/albusgive/rlfw/rlfw_deploy/src/CommunicationCenter/motor_driver/DMMotor.h:59:46:\x1b[m\x1b[K \x1b[01;35m\x1b[Kwarning: \x1b[m\x1b[Kunused parameter \xe2\x80\x98\x1b[01m\x1b[Kvel\x1b[m\x1b[K\xe2\x80\x99 [\x1b[01;35m\x1b[K\x1b]8;;https://gcc.gnu.org/onlinedocs/gcc/Warning-Options.html#index-Wunused-parameter\x07-Wunused-parameter\x1b]8;;\x07\x1b[m\x1b[K]\n'}
[0.422910] (CommunicationCenter) StderrLine: {'line': b'   59 |   DMCANMsg *ctrl_vel(uint8_t motor_id, \x1b[01;35m\x1b[Kfloat vel\x1b[m\x1b[K) override { return nullptr; };\n'}
[0.422932] (CommunicationCenter) StderrLine: {'line': b'      |                                        \x1b[01;35m\x1b[K~~~~~~^~~\x1b[m\x1b[K\n'}
[0.423009] (CommunicationCenter) StderrLine: {'line': b'\x1b[01m\x1b[K/home/albusgive/rlfw/rlfw_deploy/src/CommunicationCenter/motor_driver/STWMotor.h:78:47:\x1b[m\x1b[K \x1b[01;35m\x1b[Kwarning: \x1b[m\x1b[Kunused parameter \xe2\x80\x98\x1b[01m\x1b[Kvel\x1b[m\x1b[K\xe2\x80\x99 [\x1b[01;35m\x1b[K\x1b]8;;https://gcc.gnu.org/onlinedocs/gcc/Warning-Options.html#index-Wunused-parameter\x07-Wunused-parameter\x1b]8;;\x07\x1b[m\x1b[K]\n'}
[0.423032] (CommunicationCenter) StderrLine: {'line': b'   78 |   STWCANMsg *ctrl_vel(uint8_t motor_id, \x1b[01;35m\x1b[Kfloat vel\x1b[m\x1b[K) override { return nullptr; };\n'}
[0.423053] (CommunicationCenter) StderrLine: {'line': b'      |                                         \x1b[01;35m\x1b[K~~~~~~^~~\x1b[m\x1b[K\n'}
[0.423072] (CommunicationCenter) StderrLine: {'line': b'\x1b[01m\x1b[K/home/albusgive/rlfw/rlfw_deploy/src/CommunicationCenter/motor_driver/DMMotor.h:\x1b[m\x1b[K In member function \xe2\x80\x98\x1b[01m\x1b[Kvirtual DMCANMsg* DMMotor::\x1b[01;32m\x1b[Kctrl_pos_vel\x1b[m\x1b[K(uint8_t, float, float)\x1b[m\x1b[K\xe2\x80\x99:\n'}
[0.423093] (CommunicationCenter) StderrLine: {'line': b'\x1b[01m\x1b[K/home/albusgive/rlfw/rlfw_deploy/src/CommunicationCenter/motor_driver/DMMotor.h:61:34:\x1b[m\x1b[K \x1b[01;35m\x1b[Kwarning: \x1b[m\x1b[Kunused parameter \xe2\x80\x98\x1b[01m\x1b[Kmotor_id\x1b[m\x1b[K\xe2\x80\x99 [\x1b[01;35m\x1b[K\x1b]8;;https://gcc.gnu.org/onlinedocs/gcc/Warning-Options.html#index-Wunused-parameter\x07-Wunused-parameter\x1b]8;;\x07\x1b[m\x1b[K]\n'}
[0.423114] (CommunicationCenter) StderrLine: {'line': b'   61 |   DMCANMsg *ctrl_pos_vel(\x1b[01;35m\x1b[Kuint8_t motor_id\x1b[m\x1b[K, float pos, float vel) override {\n'}
[0.423134] (CommunicationCenter) StderrLine: {'line': b'      |                          \x1b[01;35m\x1b[K~~~~~~~~^~~~~~~~\x1b[m\x1b[K\n'}
[0.423154] (CommunicationCenter) StderrLine: {'line': b'\x1b[01m\x1b[K/home/albusgive/rlfw/rlfw_deploy/src/CommunicationCenter/motor_driver/STWMotor.h:\x1b[m\x1b[K In member function \xe2\x80\x98\x1b[01m\x1b[Kvirtual STWCANMsg* STWMotor::\x1b[01;32m\x1b[Kctrl_pos_vel\x1b[m\x1b[K(uint8_t, float, float)\x1b[m\x1b[K\xe2\x80\x99:\n'}
[0.423175] (CommunicationCenter) StderrLine: {'line': b'\x1b[01m\x1b[K/home/albusgive/rlfw/rlfw_deploy/src/CommunicationCenter/motor_driver/STWMotor.h:80:35:\x1b[m\x1b[K \x1b[01;35m\x1b[Kwarning: \x1b[m\x1b[Kunused parameter \xe2\x80\x98\x1b[01m\x1b[Kmotor_id\x1b[m\x1b[K\xe2\x80\x99 [\x1b[01;35m\x1b[K\x1b]8;;https://gcc.gnu.org/onlinedocs/gcc/Warning-Options.html#index-Wunused-parameter\x07-Wunused-parameter\x1b]8;;\x07\x1b[m\x1b[K]\n'}
[0.423197] (CommunicationCenter) StderrLine: {'line': b'   80 |   STWCANMsg *ctrl_pos_vel(\x1b[01;35m\x1b[Kuint8_t motor_id\x1b[m\x1b[K, float pos, float vel) override {\n'}
[0.423217] (CommunicationCenter) StderrLine: {'line': b'      |                           \x1b[01;35m\x1b[K~~~~~~~~^~~~~~~~\x1b[m\x1b[K\n'}
[0.423237] (CommunicationCenter) StderrLine: {'line': b'\x1b[01m\x1b[K/home/albusgive/rlfw/rlfw_deploy/src/CommunicationCenter/motor_driver/DMMotor.h:61:50:\x1b[m\x1b[K \x1b[01;35m\x1b[Kwarning: \x1b[m\x1b[Kunused parameter \xe2\x80\x98\x1b[01m\x1b[Kpos\x1b[m\x1b[K\xe2\x80\x99 [\x1b[01;35m\x1b[K\x1b]8;;https://gcc.gnu.org/onlinedocs/gcc/Warning-Options.html#index-Wunused-parameter\x07-Wunused-parameter\x1b]8;;\x07\x1b[m\x1b[K]\n'}
[0.423261] (CommunicationCenter) StderrLine: {'line': b'   61 |   DMCANMsg *ctrl_pos_vel(uint8_t motor_id, \x1b[01;35m\x1b[Kfloat pos\x1b[m\x1b[K, float vel) override {\n'}
[0.423280] (CommunicationCenter) StderrLine: {'line': b'      |                                            \x1b[01;35m\x1b[K~~~~~~^~~\x1b[m\x1b[K\n'}
[0.423301] (CommunicationCenter) StderrLine: {'line': b'\x1b[01m\x1b[K/home/albusgive/rlfw/rlfw_deploy/src/CommunicationCenter/motor_driver/STWMotor.h:80:51:\x1b[m\x1b[K \x1b[01;35m\x1b[Kwarning: \x1b[m\x1b[Kunused parameter \xe2\x80\x98\x1b[01m\x1b[Kpos\x1b[m\x1b[K\xe2\x80\x99 [\x1b[01;35m\x1b[K\x1b]8;;https://gcc.gnu.org/onlinedocs/gcc/Warning-Options.html#index-Wunused-parameter\x07-Wunused-parameter\x1b]8;;\x07\x1b[m\x1b[K]\n'}
[0.423321] (CommunicationCenter) StderrLine: {'line': b'   80 |   STWCANMsg *ctrl_pos_vel(uint8_t motor_id, \x1b[01;35m\x1b[Kfloat pos\x1b[m\x1b[K, float vel) override {\n'}
[0.423341] (CommunicationCenter) StderrLine: {'line': b'      |                                             \x1b[01;35m\x1b[K~~~~~~^~~\x1b[m\x1b[K\n'}
[0.423361] (CommunicationCenter) StderrLine: {'line': b'\x1b[01m\x1b[K/home/albusgive/rlfw/rlfw_deploy/src/CommunicationCenter/motor_driver/DMMotor.h:61:61:\x1b[m\x1b[K \x1b[01;35m\x1b[Kwarning: \x1b[m\x1b[Kunused parameter \xe2\x80\x98\x1b[01m\x1b[Kvel\x1b[m\x1b[K\xe2\x80\x99 [\x1b[01;35m\x1b[K\x1b]8;;https://gcc.gnu.org/onlinedocs/gcc/Warning-Options.html#index-Wunused-parameter\x07-Wunused-parameter\x1b]8;;\x07\x1b[m\x1b[K]\n'}
[0.423383] (CommunicationCenter) StderrLine: {'line': b'   61 |   DMCANMsg *ctrl_pos_vel(uint8_t motor_id, float pos, \x1b[01;35m\x1b[Kfloat vel\x1b[m\x1b[K) override {\n'}
[0.423402] (CommunicationCenter) StderrLine: {'line': b'      |                                                       \x1b[01;35m\x1b[K~~~~~~^~~\x1b[m\x1b[K\n'}
[0.423424] (CommunicationCenter) StderrLine: {'line': b'\x1b[01m\x1b[K/home/albusgive/rlfw/rlfw_deploy/src/CommunicationCenter/motor_driver/STWMotor.h:80:62:\x1b[m\x1b[K \x1b[01;35m\x1b[Kwarning: \x1b[m\x1b[Kunused parameter \xe2\x80\x98\x1b[01m\x1b[Kvel\x1b[m\x1b[K\xe2\x80\x99 [\x1b[01;35m\x1b[K\x1b]8;;https://gcc.gnu.org/onlinedocs/gcc/Warning-Options.html#index-Wunused-parameter\x07-Wunused-parameter\x1b]8;;\x07\x1b[m\x1b[K]\n'}
[0.423447] (CommunicationCenter) StderrLine: {'line': b'   80 |   STWCANMsg *ctrl_pos_vel(uint8_t motor_id, float pos, \x1b[01;35m\x1b[Kfloat vel\x1b[m\x1b[K) override {\n'}
[0.423467] (CommunicationCenter) StderrLine: {'line': b'      |                                                        \x1b[01;35m\x1b[K~~~~~~^~~\x1b[m\x1b[K\n'}
[0.423490] (CommunicationCenter) StderrLine: {'line': b'\x1b[01m\x1b[K/home/albusgive/rlfw/rlfw_deploy/src/CommunicationCenter/motor_driver/DMMotor.h:\x1b[m\x1b[K In member function \xe2\x80\x98\x1b[01m\x1b[Kvirtual DMCANMsg* DMMotor::\x1b[01;32m\x1b[Kctrl_torque\x1b[m\x1b[K(uint8_t, float)\x1b[m\x1b[K\xe2\x80\x99:\n'}
[0.423510] (CommunicationCenter) StderrLine: {'line': b'\x1b[01m\x1b[K/home/albusgive/rlfw/rlfw_deploy/src/CommunicationCenter/motor_driver/DMMotor.h:65:33:\x1b[m\x1b[K \x1b[01;35m\x1b[Kwarning: \x1b[m\x1b[Kunused parameter \xe2\x80\x98\x1b[01m\x1b[Kmotor_id\x1b[m\x1b[K\xe2\x80\x99 [\x1b[01;35m\x1b[K\x1b]8;;https://gcc.gnu.org/onlinedocs/gcc/Warning-Options.html#index-Wunused-parameter\x07-Wunused-parameter\x1b]8;;\x07\x1b[m\x1b[K]\n'}
[0.423531] (CommunicationCenter) StderrLine: {'line': b'   65 |   DMCANMsg *ctrl_torque(\x1b[01;35m\x1b[Kuint8_t motor_id\x1b[m\x1b[K, float torque) override {\n'}
[0.423551] (CommunicationCenter) StderrLine: {'line': b'      |                         \x1b[01;35m\x1b[K~~~~~~~~^~~~~~~~\x1b[m\x1b[K\n'}
[0.423573] (CommunicationCenter) StderrLine: {'line': b'\x1b[01m\x1b[K/home/albusgive/rlfw/rlfw_deploy/src/CommunicationCenter/motor_driver/DMMotor.h:65:49:\x1b[m\x1b[K \x1b[01;35m\x1b[Kwarning: \x1b[m\x1b[Kunused parameter \xe2\x80\x98\x1b[01m\x1b[Ktorque\x1b[m\x1b[K\xe2\x80\x99 [\x1b[01;35m\x1b[K\x1b]8;;https://gcc.gnu.org/onlinedocs/gcc/Warning-Options.html#index-Wunused-parameter\x07-Wunused-parameter\x1b]8;;\x07\x1b[m\x1b[K]\n'}
[0.423595] (CommunicationCenter) StderrLine: {'line': b'   65 |   DMCANMsg *ctrl_torque(uint8_t motor_id, \x1b[01;35m\x1b[Kfloat torque\x1b[m\x1b[K) override {\n'}
[0.423618] (CommunicationCenter) StderrLine: {'line': b'      |                                           \x1b[01;35m\x1b[K~~~~~~^~~~~~\x1b[m\x1b[K\n'}
[0.423640] (CommunicationCenter) StderrLine: {'line': b'\x1b[01m\x1b[K/home/albusgive/rlfw/rlfw_deploy/src/CommunicationCenter/motor_driver/STWMotor.h:\x1b[m\x1b[K In member function \xe2\x80\x98\x1b[01m\x1b[Kvirtual STWCANMsg* STWMotor::\x1b[01;32m\x1b[Kctrl_torque\x1b[m\x1b[K(uint8_t, float)\x1b[m\x1b[K\xe2\x80\x99:\n'}
[0.423662] (CommunicationCenter) StderrLine: {'line': b'\x1b[01m\x1b[K/home/albusgive/rlfw/rlfw_deploy/src/CommunicationCenter/motor_driver/STWMotor.h:84:34:\x1b[m\x1b[K \x1b[01;35m\x1b[Kwarning: \x1b[m\x1b[Kunused parameter \xe2\x80\x98\x1b[01m\x1b[Kmotor_id\x1b[m\x1b[K\xe2\x80\x99 [\x1b[01;35m\x1b[K\x1b]8;;https://gcc.gnu.org/onlinedocs/gcc/Warning-Options.html#index-Wunused-parameter\x07-Wunused-parameter\x1b]8;;\x07\x1b[m\x1b[K]\n'}
[0.423685] (CommunicationCenter) StderrLine: {'line': b'   84 |   STWCANMsg *ctrl_torque(\x1b[01;35m\x1b[Kuint8_t motor_id\x1b[m\x1b[K, float torque) override {\n'}
[0.423706] (CommunicationCenter) StderrLine: {'line': b'      |                          \x1b[01;35m\x1b[K~~~~~~~~^~~~~~~~\x1b[m\x1b[K\n'}
[0.423727] (CommunicationCenter) StderrLine: {'line': b'\x1b[01m\x1b[K/home/albusgive/rlfw/rlfw_deploy/src/CommunicationCenter/motor_driver/STWMotor.h:84:50:\x1b[m\x1b[K \x1b[01;35m\x1b[Kwarning: \x1b[m\x1b[Kunused parameter \xe2\x80\x98\x1b[01m\x1b[Ktorque\x1b[m\x1b[K\xe2\x80\x99 [\x1b[01;35m\x1b[K\x1b]8;;https://gcc.gnu.org/onlinedocs/gcc/Warning-Options.html#index-Wunused-parameter\x07-Wunused-parameter\x1b]8;;\x07\x1b[m\x1b[K]\n'}
[0.423750] (CommunicationCenter) StderrLine: {'line': b'   84 |   STWCANMsg *ctrl_torque(uint8_t motor_id, \x1b[01;35m\x1b[Kfloat torque\x1b[m\x1b[K) override {\n'}
[0.423771] (CommunicationCenter) StderrLine: {'line': b'      |                                            \x1b[01;35m\x1b[K~~~~~~^~~~~~\x1b[m\x1b[K\n'}
[0.423791] (CommunicationCenter) StderrLine: {'line': b'\x1b[01m\x1b[K/home/albusgive/rlfw/rlfw_deploy/src/CommunicationCenter/motor_driver/DMMotor.h:\x1b[m\x1b[K In member function \xe2\x80\x98\x1b[01m\x1b[Kvirtual DMCANMsg* DMMotor::\x1b[01;32m\x1b[KsetPosKP\x1b[m\x1b[K(uint8_t, float)\x1b[m\x1b[K\xe2\x80\x99:\n'}
[0.423814] (CommunicationCenter) StderrLine: {'line': b'\x1b[01m\x1b[K/home/albusgive/rlfw/rlfw_deploy/src/CommunicationCenter/motor_driver/DMMotor.h:70:30:\x1b[m\x1b[K \x1b[01;35m\x1b[Kwarning: \x1b[m\x1b[Kunused parameter \xe2\x80\x98\x1b[01m\x1b[Kmotor_id\x1b[m\x1b[K\xe2\x80\x99 [\x1b[01;35m\x1b[K\x1b]8;;https://gcc.gnu.org/onlinedocs/gcc/Warning-Options.html#index-Wunused-parameter\x07-Wunused-parameter\x1b]8;;\x07\x1b[m\x1b[K]\n'}
[0.423835] (CommunicationCenter) StderrLine: {'line': b'   70 |   DMCANMsg *setPosKP(\x1b[01;35m\x1b[Kuint8_t motor_id\x1b[m\x1b[K, float kp) override { return nullptr; };\n'}
[0.423856] (CommunicationCenter) StderrLine: {'line': b'      |                      \x1b[01;35m\x1b[K~~~~~~~~^~~~~~~~\x1b[m\x1b[K\n'}
[0.423881] (CommunicationCenter) StderrLine: {'line': b'\x1b[01m\x1b[K/home/albusgive/rlfw/rlfw_deploy/src/CommunicationCenter/motor_driver/STWMotor.h:\x1b[m\x1b[K In member function \xe2\x80\x98\x1b[01m\x1b[Kvirtual STWCANMsg* STWMotor::\x1b[01;32m\x1b[KsetPosKP\x1b[m\x1b[K(uint8_t, float)\x1b[m\x1b[K\xe2\x80\x99:\n'}
[0.423903] (CommunicationCenter) StderrLine: {'line': b'\x1b[01m\x1b[K/home/albusgive/rlfw/rlfw_deploy/src/CommunicationCenter/motor_driver/STWMotor.h:90:31:\x1b[m\x1b[K \x1b[01;35m\x1b[Kwarning: \x1b[m\x1b[Kunused parameter \xe2\x80\x98\x1b[01m\x1b[Kmotor_id\x1b[m\x1b[K\xe2\x80\x99 [\x1b[01;35m\x1b[K\x1b]8;;https://gcc.gnu.org/onlinedocs/gcc/Warning-Options.html#index-Wunused-parameter\x07-Wunused-parameter\x1b]8;;\x07\x1b[m\x1b[K]\n'}
[0.423927] (CommunicationCenter) StderrLine: {'line': b'   90 |   STWCANMsg *setPosKP(\x1b[01;35m\x1b[Kuint8_t motor_id\x1b[m\x1b[K, float kp) override { return nullptr; };\n'}
[0.423950] (CommunicationCenter) StderrLine: {'line': b'      |                       \x1b[01;35m\x1b[K~~~~~~~~^~~~~~~~\x1b[m\x1b[K\n'}
[0.423971] (CommunicationCenter) StderrLine: {'line': b'\x1b[01m\x1b[K/home/albusgive/rlfw/rlfw_deploy/src/CommunicationCenter/motor_driver/DMMotor.h:70:46:\x1b[m\x1b[K \x1b[01;35m\x1b[Kwarning: \x1b[m\x1b[Kunused parameter \xe2\x80\x98\x1b[01m\x1b[Kkp\x1b[m\x1b[K\xe2\x80\x99 [\x1b[01;35m\x1b[K\x1b]8;;https://gcc.gnu.org/onlinedocs/gcc/Warning-Options.html#index-Wunused-parameter\x07-Wunused-parameter\x1b]8;;\x07\x1b[m\x1b[K]\n'}
[0.423994] (CommunicationCenter) StderrLine: {'line': b'   70 |   DMCANMsg *setPosKP(uint8_t motor_id, \x1b[01;35m\x1b[Kfloat kp\x1b[m\x1b[K) override { return nullptr; };\n'}
[0.424015] (CommunicationCenter) StderrLine: {'line': b'      |                                        \x1b[01;35m\x1b[K~~~~~~^~\x1b[m\x1b[K\n'}
[0.424037] (CommunicationCenter) StderrLine: {'line': b'\x1b[01m\x1b[K/home/albusgive/rlfw/rlfw_deploy/src/CommunicationCenter/motor_driver/STWMotor.h:90:47:\x1b[m\x1b[K \x1b[01;35m\x1b[Kwarning: \x1b[m\x1b[Kunused parameter \xe2\x80\x98\x1b[01m\x1b[Kkp\x1b[m\x1b[K\xe2\x80\x99 [\x1b[01;35m\x1b[K\x1b]8;;https://gcc.gnu.org/onlinedocs/gcc/Warning-Options.html#index-Wunused-parameter\x07-Wunused-parameter\x1b]8;;\x07\x1b[m\x1b[K]\n'}
[0.424058] (CommunicationCenter) StderrLine: {'line': b'   90 |   STWCANMsg *setPosKP(uint8_t motor_id, \x1b[01;35m\x1b[Kfloat kp\x1b[m\x1b[K) override { return nullptr; };\n'}
[0.424079] (CommunicationCenter) StderrLine: {'line': b'      |                                         \x1b[01;35m\x1b[K~~~~~~^~\x1b[m\x1b[K\n'}
[0.424098] (CommunicationCenter) StderrLine: {'line': b'\x1b[01m\x1b[K/home/albusgive/rlfw/rlfw_deploy/src/CommunicationCenter/motor_driver/DMMotor.h:\x1b[m\x1b[K In member function \xe2\x80\x98\x1b[01m\x1b[Kvirtual DMCANMsg* DMMotor::\x1b[01;32m\x1b[KsetPosKD\x1b[m\x1b[K(uint8_t, float)\x1b[m\x1b[K\xe2\x80\x99:\n'}
[0.424122] (CommunicationCenter) StderrLine: {'line': b'\x1b[01m\x1b[K/home/albusgive/rlfw/rlfw_deploy/src/CommunicationCenter/motor_driver/DMMotor.h:71:30:\x1b[m\x1b[K \x1b[01;35m\x1b[Kwarning: \x1b[m\x1b[Kunused parameter \xe2\x80\x98\x1b[01m\x1b[Kmotor_id\x1b[m\x1b[K\xe2\x80\x99 [\x1b[01;35m\x1b[K\x1b]8;;https://gcc.gnu.org/onlinedocs/gcc/Warning-Options.html#index-Wunused-parameter\x07-Wunused-parameter\x1b]8;;\x07\x1b[m\x1b[K]\n'}
[0.424145] (CommunicationCenter) StderrLine: {'line': b'   71 |   DMCANMsg *setPosKD(\x1b[01;35m\x1b[Kuint8_t motor_id\x1b[m\x1b[K, float kd) override { return nullptr; };\n'}
[0.424165] (CommunicationCenter) StderrLine: {'line': b'      |                      \x1b[01;35m\x1b[K~~~~~~~~^~~~~~~~\x1b[m\x1b[K\n'}
[0.424186] (CommunicationCenter) StderrLine: {'line': b'\x1b[01m\x1b[K/home/albusgive/rlfw/rlfw_deploy/src/CommunicationCenter/motor_driver/STWMotor.h:\x1b[m\x1b[K In member function \xe2\x80\x98\x1b[01m\x1b[Kvirtual STWCANMsg* STWMotor::\x1b[01;32m\x1b[KsetPosKD\x1b[m\x1b[K(uint8_t, float)\x1b[m\x1b[K\xe2\x80\x99:\n'}
[0.424207] (CommunicationCenter) StderrLine: {'line': b'\x1b[01m\x1b[K/home/albusgive/rlfw/rlfw_deploy/src/CommunicationCenter/motor_driver/STWMotor.h:91:31:\x1b[m\x1b[K \x1b[01;35m\x1b[Kwarning: \x1b[m\x1b[Kunused parameter \xe2\x80\x98\x1b[01m\x1b[Kmotor_id\x1b[m\x1b[K\xe2\x80\x99 [\x1b[01;35m\x1b[K\x1b]8;;https://gcc.gnu.org/onlinedocs/gcc/Warning-Options.html#index-Wunused-parameter\x07-Wunused-parameter\x1b]8;;\x07\x1b[m\x1b[K]\n'}
[0.424227] (CommunicationCenter) StderrLine: {'line': b'   91 |   STWCANMsg *setPosKD(\x1b[01;35m\x1b[Kuint8_t motor_id\x1b[m\x1b[K, float kd) override { return nullptr; };\n'}
[0.424264] (CommunicationCenter) StderrLine: {'line': b'      |                       \x1b[01;35m\x1b[K~~~~~~~~^~~~~~~~\x1b[m\x1b[K\n'}
[0.424284] (CommunicationCenter) StderrLine: {'line': b'\x1b[01m\x1b[K/home/albusgive/rlfw/rlfw_deploy/src/CommunicationCenter/motor_driver/DMMotor.h:71:46:\x1b[m\x1b[K \x1b[01;35m\x1b[Kwarning: \x1b[m\x1b[Kunused parameter \xe2\x80\x98\x1b[01m\x1b[Kkd\x1b[m\x1b[K\xe2\x80\x99 [\x1b[01;35m\x1b[K\x1b]8;;https://gcc.gnu.org/onlinedocs/gcc/Warning-Options.html#index-Wunused-parameter\x07-Wunused-parameter\x1b]8;;\x07\x1b[m\x1b[K]\n'}
[0.424305] (CommunicationCenter) StderrLine: {'line': b'   71 |   DMCANMsg *setPosKD(uint8_t motor_id, \x1b[01;35m\x1b[Kfloat kd\x1b[m\x1b[K) override { return nullptr; };\n'}
[0.424327] (CommunicationCenter) StderrLine: {'line': b'      |                                        \x1b[01;35m\x1b[K~~~~~~^~\x1b[m\x1b[K\n'}
[0.424348] (CommunicationCenter) StderrLine: {'line': b'\x1b[01m\x1b[K/home/albusgive/rlfw/rlfw_deploy/src/CommunicationCenter/motor_driver/STWMotor.h:91:47:\x1b[m\x1b[K \x1b[01;35m\x1b[Kwarning: \x1b[m\x1b[Kunused parameter \xe2\x80\x98\x1b[01m\x1b[Kkd\x1b[m\x1b[K\xe2\x80\x99 [\x1b[01;35m\x1b[K\x1b]8;;https://gcc.gnu.org/onlinedocs/gcc/Warning-Options.html#index-Wunused-parameter\x07-Wunused-parameter\x1b]8;;\x07\x1b[m\x1b[K]\n'}
[0.424370] (CommunicationCenter) StderrLine: {'line': b'   91 |   STWCANMsg *setPosKD(uint8_t motor_id, \x1b[01;35m\x1b[Kfloat kd\x1b[m\x1b[K) override { return nullptr; };\n'}
[0.424390] (CommunicationCenter) StderrLine: {'line': b'      |                                         \x1b[01;35m\x1b[K~~~~~~^~\x1b[m\x1b[K\n'}
[0.424414] (CommunicationCenter) StderrLine: {'line': b'\x1b[01m\x1b[K/home/albusgive/rlfw/rlfw_deploy/src/CommunicationCenter/motor_driver/DMMotor.h:\x1b[m\x1b[K In member function \xe2\x80\x98\x1b[01m\x1b[Kvirtual DMCANMsg* DMMotor::\x1b[01;32m\x1b[KsetVelKP\x1b[m\x1b[K(uint8_t, float)\x1b[m\x1b[K\xe2\x80\x99:\n'}
[0.424436] (CommunicationCenter) StderrLine: {'line': b'\x1b[01m\x1b[K/home/albusgive/rlfw/rlfw_deploy/src/CommunicationCenter/motor_driver/DMMotor.h:73:30:\x1b[m\x1b[K \x1b[01;35m\x1b[Kwarning: \x1b[m\x1b[Kunused parameter \xe2\x80\x98\x1b[01m\x1b[Kmotor_id\x1b[m\x1b[K\xe2\x80\x99 [\x1b[01;35m\x1b[K\x1b]8;;https://gcc.gnu.org/onlinedocs/gcc/Warning-Options.html#index-Wunused-parameter\x07-Wunused-parameter\x1b]8;;\x07\x1b[m\x1b[K]\n'}
[0.424457] (CommunicationCenter) StderrLine: {'line': b'   73 |   DMCANMsg *setVelKP(\x1b[01;35m\x1b[Kuint8_t motor_id\x1b[m\x1b[K, float kp) override { return nullptr; };\n'}
[0.424478] (CommunicationCenter) StderrLine: {'line': b'      |                      \x1b[01;35m\x1b[K~~~~~~~~^~~~~~~~\x1b[m\x1b[K\n'}
[0.424498] (CommunicationCenter) StderrLine: {'line': b'\x1b[01m\x1b[K/home/albusgive/rlfw/rlfw_deploy/src/CommunicationCenter/motor_driver/DMMotor.h:73:46:\x1b[m\x1b[K \x1b[01;35m\x1b[Kwarning: \x1b[m\x1b[Kunused parameter \xe2\x80\x98\x1b[01m\x1b[Kkp\x1b[m\x1b[K\xe2\x80\x99 [\x1b[01;35m\x1b[K\x1b]8;;https://gcc.gnu.org/onlinedocs/gcc/Warning-Options.html#index-Wunused-parameter\x07-Wunused-parameter\x1b]8;;\x07\x1b[m\x1b[K]\n'}
[0.424520] (CommunicationCenter) StderrLine: {'line': b'   73 |   DMCANMsg *setVelKP(uint8_t motor_id, \x1b[01;35m\x1b[Kfloat kp\x1b[m\x1b[K) override { return nullptr; };\n'}
[0.424540] (CommunicationCenter) StderrLine: {'line': b'      |                                        \x1b[01;35m\x1b[K~~~~~~^~\x1b[m\x1b[K\n'}
[0.424560] (CommunicationCenter) StderrLine: {'line': b'\x1b[01m\x1b[K/home/albusgive/rlfw/rlfw_deploy/src/CommunicationCenter/motor_driver/STWMotor.h:\x1b[m\x1b[K In member function \xe2\x80\x98\x1b[01m\x1b[Kvirtual STWCANMsg* STWMotor::\x1b[01;32m\x1b[KsetVelKP\x1b[m\x1b[K(uint8_t, float)\x1b[m\x1b[K\xe2\x80\x99:\n'}
[0.424582] (CommunicationCenter) StderrLine: {'line': b'\x1b[01m\x1b[K/home/albusgive/rlfw/rlfw_deploy/src/CommunicationCenter/motor_driver/STWMotor.h:93:31:\x1b[m\x1b[K \x1b[01;35m\x1b[Kwarning: \x1b[m\x1b[Kunused parameter \xe2\x80\x98\x1b[01m\x1b[Kmotor_id\x1b[m\x1b[K\xe2\x80\x99 [\x1b[01;35m\x1b[K\x1b]8;;https://gcc.gnu.org/onlinedocs/gcc/Warning-Options.html#index-Wunused-parameter\x07-Wunused-parameter\x1b]8;;\x07\x1b[m\x1b[K]\n'}
[0.424603] (CommunicationCenter) StderrLine: {'line': b'   93 |   STWCANMsg *setVelKP(\x1b[01;35m\x1b[Kuint8_t motor_id\x1b[m\x1b[K, float kp) override { return nullptr; };\n'}
[0.424623] (CommunicationCenter) StderrLine: {'line': b'      |                       \x1b[01;35m\x1b[K~~~~~~~~^~~~~~~~\x1b[m\x1b[K\n'}
[0.424644] (CommunicationCenter) StderrLine: {'line': b'\x1b[01m\x1b[K/home/albusgive/rlfw/rlfw_deploy/src/CommunicationCenter/motor_driver/STWMotor.h:93:47:\x1b[m\x1b[K \x1b[01;35m\x1b[Kwarning: \x1b[m\x1b[Kunused parameter \xe2\x80\x98\x1b[01m\x1b[Kkp\x1b[m\x1b[K\xe2\x80\x99 [\x1b[01;35m\x1b[K\x1b]8;;https://gcc.gnu.org/onlinedocs/gcc/Warning-Options.html#index-Wunused-parameter\x07-Wunused-parameter\x1b]8;;\x07\x1b[m\x1b[K]\n'}
[0.424665] (CommunicationCenter) StderrLine: {'line': b'   93 |   STWCANMsg *setVelKP(uint8_t motor_id, \x1b[01;35m\x1b[Kfloat kp\x1b[m\x1b[K) override { return nullptr; };\n'}
[0.424686] (CommunicationCenter) StderrLine: {'line': b'      |                                         \x1b[01;35m\x1b[K~~~~~~^~\x1b[m\x1b[K\n'}
[0.424708] (CommunicationCenter) StderrLine: {'line': b'\x1b[01m\x1b[K/home/albusgive/rlfw/rlfw_deploy/src/CommunicationCenter/motor_driver/DMMotor.h:\x1b[m\x1b[K In member function \xe2\x80\x98\x1b[01m\x1b[Kvirtual DMCANMsg* DMMotor::\x1b[01;32m\x1b[KsetVelKI\x1b[m\x1b[K(uint8_t, float)\x1b[m\x1b[K\xe2\x80\x99:\n'}
[0.424731] (CommunicationCenter) StderrLine: {'line': b'\x1b[01m\x1b[K/home/albusgive/rlfw/rlfw_deploy/src/CommunicationCenter/motor_driver/DMMotor.h:74:30:\x1b[m\x1b[K \x1b[01;35m\x1b[Kwarning: \x1b[m\x1b[Kunused parameter \xe2\x80\x98\x1b[01m\x1b[Kmotor_id\x1b[m\x1b[K\xe2\x80\x99 [\x1b[01;35m\x1b[K\x1b]8;;https://gcc.gnu.org/onlinedocs/gcc/Warning-Options.html#index-Wunused-parameter\x07-Wunused-parameter\x1b]8;;\x07\x1b[m\x1b[K]\n'}
[0.424753] (CommunicationCenter) StderrLine: {'line': b'   74 |   DMCANMsg *setVelKI(\x1b[01;35m\x1b[Kuint8_t motor_id\x1b[m\x1b[K, float ki) override { return nullptr; };\n'}
[0.424774] (CommunicationCenter) StderrLine: {'line': b'      |                      \x1b[01;35m\x1b[K~~~~~~~~^~~~~~~~\x1b[m\x1b[K\n'}
[0.424797] (CommunicationCenter) StderrLine: {'line': b'\x1b[01m\x1b[K/home/albusgive/rlfw/rlfw_deploy/src/CommunicationCenter/motor_driver/STWMotor.h:\x1b[m\x1b[K In member function \xe2\x80\x98\x1b[01m\x1b[Kvirtual STWCANMsg* STWMotor::\x1b[01;32m\x1b[KsetVelKI\x1b[m\x1b[K(uint8_t, float)\x1b[m\x1b[K\xe2\x80\x99:\n'}
[0.424818] (CommunicationCenter) StderrLine: {'line': b'\x1b[01m\x1b[K/home/albusgive/rlfw/rlfw_deploy/src/CommunicationCenter/motor_driver/STWMotor.h:94:31:\x1b[m\x1b[K \x1b[01;35m\x1b[Kwarning: \x1b[m\x1b[Kunused parameter \xe2\x80\x98\x1b[01m\x1b[Kmotor_id\x1b[m\x1b[K\xe2\x80\x99 [\x1b[01;35m\x1b[K\x1b]8;;https://gcc.gnu.org/onlinedocs/gcc/Warning-Options.html#index-Wunused-parameter\x07-Wunused-parameter\x1b]8;;\x07\x1b[m\x1b[K]\n'}
[0.424841] (CommunicationCenter) StderrLine: {'line': b'   94 |   STWCANMsg *setVelKI(\x1b[01;35m\x1b[Kuint8_t motor_id\x1b[m\x1b[K, float ki) override { return nullptr; };\n'}
[0.424862] (CommunicationCenter) StderrLine: {'line': b'      |                       \x1b[01;35m\x1b[K~~~~~~~~^~~~~~~~\x1b[m\x1b[K\n'}
[0.424887] (CommunicationCenter) StderrLine: {'line': b'\x1b[01m\x1b[K/home/albusgive/rlfw/rlfw_deploy/src/CommunicationCenter/motor_driver/DMMotor.h:74:46:\x1b[m\x1b[K \x1b[01;35m\x1b[Kwarning: \x1b[m\x1b[Kunused parameter \xe2\x80\x98\x1b[01m\x1b[Kki\x1b[m\x1b[K\xe2\x80\x99 [\x1b[01;35m\x1b[K\x1b]8;;https://gcc.gnu.org/onlinedocs/gcc/Warning-Options.html#index-Wunused-parameter\x07-Wunused-parameter\x1b]8;;\x07\x1b[m\x1b[K]\n'}
[0.424914] (CommunicationCenter) StderrLine: {'line': b'   74 |   DMCANMsg *setVelKI(uint8_t motor_id, \x1b[01;35m\x1b[Kfloat ki\x1b[m\x1b[K) override { return nullptr; };\n'}
[0.424937] (CommunicationCenter) StderrLine: {'line': b'      |                                        \x1b[01;35m\x1b[K~~~~~~^~\x1b[m\x1b[K\n'}
[0.424959] (CommunicationCenter) StderrLine: {'line': b'\x1b[01m\x1b[K/home/albusgive/rlfw/rlfw_deploy/src/CommunicationCenter/motor_driver/STWMotor.h:94:47:\x1b[m\x1b[K \x1b[01;35m\x1b[Kwarning: \x1b[m\x1b[Kunused parameter \xe2\x80\x98\x1b[01m\x1b[Kki\x1b[m\x1b[K\xe2\x80\x99 [\x1b[01;35m\x1b[K\x1b]8;;https://gcc.gnu.org/onlinedocs/gcc/Warning-Options.html#index-Wunused-parameter\x07-Wunused-parameter\x1b]8;;\x07\x1b[m\x1b[K]\n'}
[0.424980] (CommunicationCenter) StderrLine: {'line': b'   94 |   STWCANMsg *setVelKI(uint8_t motor_id, \x1b[01;35m\x1b[Kfloat ki\x1b[m\x1b[K) override { return nullptr; };\n'}
[0.425002] (CommunicationCenter) StderrLine: {'line': b'      |                                         \x1b[01;35m\x1b[K~~~~~~^~\x1b[m\x1b[K\n'}
[0.425022] (CommunicationCenter) StderrLine: {'line': b'\x1b[01m\x1b[K/home/albusgive/rlfw/rlfw_deploy/src/CommunicationCenter/motor_driver/DMMotor.h:\x1b[m\x1b[K In member function \xe2\x80\x98\x1b[01m\x1b[Kvirtual DMCANMsg* DMMotor::\x1b[01;32m\x1b[KsetTorqueKP\x1b[m\x1b[K(uint8_t, float)\x1b[m\x1b[K\xe2\x80\x99:\n'}
[0.425042] (CommunicationCenter) StderrLine: {'line': b'\x1b[01m\x1b[K/home/albusgive/rlfw/rlfw_deploy/src/CommunicationCenter/motor_driver/DMMotor.h:76:33:\x1b[m\x1b[K \x1b[01;35m\x1b[Kwarning: \x1b[m\x1b[Kunused parameter \xe2\x80\x98\x1b[01m\x1b[Kmotor_id\x1b[m\x1b[K\xe2\x80\x99 [\x1b[01;35m\x1b[K\x1b]8;;https://gcc.gnu.org/onlinedocs/gcc/Warning-Options.html#index-Wunused-parameter\x07-Wunused-parameter\x1b]8;;\x07\x1b[m\x1b[K]\n'}
[0.425066] (CommunicationCenter) StderrLine: {'line': b'   76 |   DMCANMsg *setTorqueKP(\x1b[01;35m\x1b[Kuint8_t motor_id\x1b[m\x1b[K, float kp) override {\n'}
[0.425086] (CommunicationCenter) StderrLine: {'line': b'      |                         \x1b[01;35m\x1b[K~~~~~~~~^~~~~~~~\x1b[m\x1b[K\n'}
[0.425106] (CommunicationCenter) StderrLine: {'line': b'\x1b[01m\x1b[K/home/albusgive/rlfw/rlfw_deploy/src/CommunicationCenter/motor_driver/STWMotor.h:\x1b[m\x1b[K In member function \xe2\x80\x98\x1b[01m\x1b[Kvirtual STWCANMsg* STWMotor::\x1b[01;32m\x1b[KsetTorqueKP\x1b[m\x1b[K(uint8_t, float)\x1b[m\x1b[K\xe2\x80\x99:\n'}
[0.425128] (CommunicationCenter) StderrLine: {'line': b'\x1b[01m\x1b[K/home/albusgive/rlfw/rlfw_deploy/src/CommunicationCenter/motor_driver/STWMotor.h:96:34:\x1b[m\x1b[K \x1b[01;35m\x1b[Kwarning: \x1b[m\x1b[Kunused parameter \xe2\x80\x98\x1b[01m\x1b[Kmotor_id\x1b[m\x1b[K\xe2\x80\x99 [\x1b[01;35m\x1b[K\x1b]8;;https://gcc.gnu.org/onlinedocs/gcc/Warning-Options.html#index-Wunused-parameter\x07-Wunused-parameter\x1b]8;;\x07\x1b[m\x1b[K]\n'}
[0.425149] (CommunicationCenter) StderrLine: {'line': b'   96 |   STWCANMsg *setTorqueKP(\x1b[01;35m\x1b[Kuint8_t motor_id\x1b[m\x1b[K, float kp) override {\n'}
[0.425170] (CommunicationCenter) StderrLine: {'line': b'      |                          \x1b[01;35m\x1b[K~~~~~~~~^~~~~~~~\x1b[m\x1b[K\n'}
[0.425190] (CommunicationCenter) StderrLine: {'line': b'\x1b[01m\x1b[K/home/albusgive/rlfw/rlfw_deploy/src/CommunicationCenter/motor_driver/DMMotor.h:76:49:\x1b[m\x1b[K \x1b[01;35m\x1b[Kwarning: \x1b[m\x1b[Kunused parameter \xe2\x80\x98\x1b[01m\x1b[Kkp\x1b[m\x1b[K\xe2\x80\x99 [\x1b[01;35m\x1b[K\x1b]8;;https://gcc.gnu.org/onlinedocs/gcc/Warning-Options.html#index-Wunused-parameter\x07-Wunused-parameter\x1b]8;;\x07\x1b[m\x1b[K]\n'}
[0.425210] (CommunicationCenter) StderrLine: {'line': b'   76 |   DMCANMsg *setTorqueKP(uint8_t motor_id, \x1b[01;35m\x1b[Kfloat kp\x1b[m\x1b[K) override {\n'}
[0.425230] (CommunicationCenter) StderrLine: {'line': b'      |                                           \x1b[01;35m\x1b[K~~~~~~^~\x1b[m\x1b[K\n'}
[0.425249] (CommunicationCenter) StderrLine: {'line': b'\x1b[01m\x1b[K/home/albusgive/rlfw/rlfw_deploy/src/CommunicationCenter/motor_driver/STWMotor.h:96:50:\x1b[m\x1b[K \x1b[01;35m\x1b[Kwarning: \x1b[m\x1b[Kunused parameter \xe2\x80\x98\x1b[01m\x1b[Kkp\x1b[m\x1b[K\xe2\x80\x99 [\x1b[01;35m\x1b[K\x1b]8;;https://gcc.gnu.org/onlinedocs/gcc/Warning-Options.html#index-Wunused-parameter\x07-Wunused-parameter\x1b]8;;\x07\x1b[m\x1b[K]\n'}
[0.425271] (CommunicationCenter) StderrLine: {'line': b'   96 |   STWCANMsg *setTorqueKP(uint8_t motor_id, \x1b[01;35m\x1b[Kfloat kp\x1b[m\x1b[K) override {\n'}
[0.425290] (CommunicationCenter) StderrLine: {'line': b'      |                                            \x1b[01;35m\x1b[K~~~~~~^~\x1b[m\x1b[K\n'}
[0.425311] (CommunicationCenter) StderrLine: {'line': b'\x1b[01m\x1b[K/home/albusgive/rlfw/rlfw_deploy/src/CommunicationCenter/motor_driver/DMMotor.h:\x1b[m\x1b[K In member function \xe2\x80\x98\x1b[01m\x1b[Kvirtual DMCANMsg* DMMotor::\x1b[01;32m\x1b[KsetTorqueKI\x1b[m\x1b[K(uint8_t, float)\x1b[m\x1b[K\xe2\x80\x99:\n'}
[0.425331] (CommunicationCenter) StderrLine: {'line': b'\x1b[01m\x1b[K/home/albusgive/rlfw/rlfw_deploy/src/CommunicationCenter/motor_driver/DMMotor.h:79:33:\x1b[m\x1b[K \x1b[01;35m\x1b[Kwarning: \x1b[m\x1b[Kunused parameter \xe2\x80\x98\x1b[01m\x1b[Kmotor_id\x1b[m\x1b[K\xe2\x80\x99 [\x1b[01;35m\x1b[K\x1b]8;;https://gcc.gnu.org/onlinedocs/gcc/Warning-Options.html#index-Wunused-parameter\x07-Wunused-parameter\x1b]8;;\x07\x1b[m\x1b[K]\n'}
[0.425353] (CommunicationCenter) StderrLine: {'line': b'   79 |   DMCANMsg *setTorqueKI(\x1b[01;35m\x1b[Kuint8_t motor_id\x1b[m\x1b[K, float ki) override {\n'}
[0.425374] (CommunicationCenter) StderrLine: {'line': b'      |                         \x1b[01;35m\x1b[K~~~~~~~~^~~~~~~~\x1b[m\x1b[K\n'}
[0.425394] (CommunicationCenter) StderrLine: {'line': b'\x1b[01m\x1b[K/home/albusgive/rlfw/rlfw_deploy/src/CommunicationCenter/motor_driver/DMMotor.h:79:49:\x1b[m\x1b[K \x1b[01;35m\x1b[Kwarning: \x1b[m\x1b[Kunused parameter \xe2\x80\x98\x1b[01m\x1b[Kki\x1b[m\x1b[K\xe2\x80\x99 [\x1b[01;35m\x1b[K\x1b]8;;https://gcc.gnu.org/onlinedocs/gcc/Warning-Options.html#index-Wunused-parameter\x07-Wunused-parameter\x1b]8;;\x07\x1b[m\x1b[K]\n'}
[0.425414] (CommunicationCenter) StderrLine: {'line': b'   79 |   DMCANMsg *setTorqueKI(uint8_t motor_id, \x1b[01;35m\x1b[Kfloat ki\x1b[m\x1b[K) override {\n'}
[0.425435] (CommunicationCenter) StderrLine: {'line': b'      |                                           \x1b[01;35m\x1b[K~~~~~~^~\x1b[m\x1b[K\n'}
[0.425455] (CommunicationCenter) StderrLine: {'line': b'\x1b[01m\x1b[K/home/albusgive/rlfw/rlfw_deploy/src/CommunicationCenter/motor_driver/STWMotor.h:\x1b[m\x1b[K In member function \xe2\x80\x98\x1b[01m\x1b[Kvirtual STWCANMsg* STWMotor::\x1b[01;32m\x1b[KsetTorqueKI\x1b[m\x1b[K(uint8_t, float)\x1b[m\x1b[K\xe2\x80\x99:\n'}
[0.425475] (CommunicationCenter) StderrLine: {'line': b'\x1b[01m\x1b[K/home/albusgive/rlfw/rlfw_deploy/src/CommunicationCenter/motor_driver/STWMotor.h:99:34:\x1b[m\x1b[K \x1b[01;35m\x1b[Kwarning: \x1b[m\x1b[Kunused parameter \xe2\x80\x98\x1b[01m\x1b[Kmotor_id\x1b[m\x1b[K\xe2\x80\x99 [\x1b[01;35m\x1b[K\x1b]8;;https://gcc.gnu.org/onlinedocs/gcc/Warning-Options.html#index-Wunused-parameter\x07-Wunused-parameter\x1b]8;;\x07\x1b[m\x1b[K]\n'}
[0.425494] (CommunicationCenter) StderrLine: {'line': b'   99 |   STWCANMsg *setTorqueKI(\x1b[01;35m\x1b[Kuint8_t motor_id\x1b[m\x1b[K, float ki) override {\n'}
[0.425514] (CommunicationCenter) StderrLine: {'line': b'      |                          \x1b[01;35m\x1b[K~~~~~~~~^~~~~~~~\x1b[m\x1b[K\n'}
[0.425533] (CommunicationCenter) StderrLine: {'line': b'\x1b[01m\x1b[K/home/albusgive/rlfw/rlfw_deploy/src/CommunicationCenter/motor_driver/DMMotor.h:\x1b[m\x1b[K In member function \xe2\x80\x98\x1b[01m\x1b[Kvirtual DMCANMsg* DMMotor::\x1b[01;32m\x1b[KsetSafeTorque\x1b[m\x1b[K(uint8_t, float)\x1b[m\x1b[K\xe2\x80\x99:\n'}
[0.425553] (CommunicationCenter) StderrLine: {'line': b'\x1b[01m\x1b[K/home/albusgive/rlfw/rlfw_deploy/src/CommunicationCenter/motor_driver/DMMotor.h:83:35:\x1b[m\x1b[K \x1b[01;35m\x1b[Kwarning: \x1b[m\x1b[Kunused parameter \xe2\x80\x98\x1b[01m\x1b[Kmotor_id\x1b[m\x1b[K\xe2\x80\x99 [\x1b[01;35m\x1b[K\x1b]8;;https://gcc.gnu.org/onlinedocs/gcc/Warning-Options.html#index-Wunused-parameter\x07-Wunused-parameter\x1b]8;;\x07\x1b[m\x1b[K]\n'}
[0.425575] (CommunicationCenter) StderrLine: {'line': b'   83 |   DMCANMsg *setSafeTorque(\x1b[01;35m\x1b[Kuint8_t motor_id\x1b[m\x1b[K, float torque) override {\n'}
[0.425597] (CommunicationCenter) StderrLine: {'line': b'      |                           \x1b[01;35m\x1b[K~~~~~~~~^~~~~~~~\x1b[m\x1b[K\n'}
[0.425616] (CommunicationCenter) StderrLine: {'line': b'\x1b[01m\x1b[K/home/albusgive/rlfw/rlfw_deploy/src/CommunicationCenter/motor_driver/DMMotor.h:83:51:\x1b[m\x1b[K \x1b[01;35m\x1b[Kwarning: \x1b[m\x1b[Kunused parameter \xe2\x80\x98\x1b[01m\x1b[Ktorque\x1b[m\x1b[K\xe2\x80\x99 [\x1b[01;35m\x1b[K\x1b]8;;https://gcc.gnu.org/onlinedocs/gcc/Warning-Options.html#index-Wunused-parameter\x07-Wunused-parameter\x1b]8;;\x07\x1b[m\x1b[K]\n'}
[0.425638] (CommunicationCenter) StderrLine: {'line': b'   83 |   DMCANMsg *setSafeTorque(uint8_t motor_id, \x1b[01;35m\x1b[Kfloat torque\x1b[m\x1b[K) override {\n'}
[0.425658] (CommunicationCenter) StderrLine: {'line': b'      |                                             \x1b[01;35m\x1b[K~~~~~~^~~~~~\x1b[m\x1b[K\n'}
[0.425677] (CommunicationCenter) StderrLine: {'line': b'\x1b[01m\x1b[K/home/albusgive/rlfw/rlfw_deploy/src/CommunicationCenter/motor_driver/STWMotor.h:99:50:\x1b[m\x1b[K \x1b[01;35m\x1b[Kwarning: \x1b[m\x1b[Kunused parameter \xe2\x80\x98\x1b[01m\x1b[Kki\x1b[m\x1b[K\xe2\x80\x99 [\x1b[01;35m\x1b[K\x1b]8;;https://gcc.gnu.org/onlinedocs/gcc/Warning-Options.html#index-Wunused-parameter\x07-Wunused-parameter\x1b]8;;\x07\x1b[m\x1b[K]\n'}
[0.425697] (CommunicationCenter) StderrLine: {'line': b'   99 |   STWCANMsg *setTorqueKI(uint8_t motor_id, \x1b[01;35m\x1b[Kfloat ki\x1b[m\x1b[K) override {\n'}
[0.425716] (CommunicationCenter) StderrLine: {'line': b'      |                                            \x1b[01;35m\x1b[K~~~~~~^~\x1b[m\x1b[K\n'}
[0.425736] (CommunicationCenter) StderrLine: {'line': b'\x1b[01m\x1b[K/home/albusgive/rlfw/rlfw_deploy/src/CommunicationCenter/motor_driver/DMMotor.h:\x1b[m\x1b[K In member function \xe2\x80\x98\x1b[01m\x1b[Kvirtual DMCANMsg* DMMotor::\x1b[01;32m\x1b[KsetSafePos\x1b[m\x1b[K(uint8_t, float)\x1b[m\x1b[K\xe2\x80\x99:\n'}
[0.425756] (CommunicationCenter) StderrLine: {'line': b'\x1b[01m\x1b[K/home/albusgive/rlfw/rlfw_deploy/src/CommunicationCenter/motor_driver/DMMotor.h:86:32:\x1b[m\x1b[K \x1b[01;35m\x1b[Kwarning: \x1b[m\x1b[Kunused parameter \xe2\x80\x98\x1b[01m\x1b[Kmotor_id\x1b[m\x1b[K\xe2\x80\x99 [\x1b[01;35m\x1b[K\x1b]8;;https://gcc.gnu.org/onlinedocs/gcc/Warning-Options.html#index-Wunused-parameter\x07-Wunused-parameter\x1b]8;;\x07\x1b[m\x1b[K]\n'}
[0.425776] (CommunicationCenter) StderrLine: {'line': b'   86 |   DMCANMsg *setSafePos(\x1b[01;35m\x1b[Kuint8_t motor_id\x1b[m\x1b[K, float pos) override {\n'}
[0.425795] (CommunicationCenter) StderrLine: {'line': b'      |                        \x1b[01;35m\x1b[K~~~~~~~~^~~~~~~~\x1b[m\x1b[K\n'}
[0.425814] (CommunicationCenter) StderrLine: {'line': b'\x1b[01m\x1b[K/home/albusgive/rlfw/rlfw_deploy/src/CommunicationCenter/motor_driver/DMMotor.h:86:48:\x1b[m\x1b[K \x1b[01;35m\x1b[Kwarning: \x1b[m\x1b[Kunused parameter \xe2\x80\x98\x1b[01m\x1b[Kpos\x1b[m\x1b[K\xe2\x80\x99 [\x1b[01;35m\x1b[K\x1b]8;;https://gcc.gnu.org/onlinedocs/gcc/Warning-Options.html#index-Wunused-parameter\x07-Wunused-parameter\x1b]8;;\x07\x1b[m\x1b[K]\n'}
[0.425835] (CommunicationCenter) StderrLine: {'line': b'   86 |   DMCANMsg *setSafePos(uint8_t motor_id, \x1b[01;35m\x1b[Kfloat pos\x1b[m\x1b[K) override {\n'}
[0.425855] (CommunicationCenter) StderrLine: {'line': b'      |                                          \x1b[01;35m\x1b[K~~~~~~^~~\x1b[m\x1b[K\n'}
[0.425879] (CommunicationCenter) StderrLine: {'line': b'\x1b[01m\x1b[K/home/albusgive/rlfw/rlfw_deploy/src/CommunicationCenter/motor_driver/DMMotor.h:\x1b[m\x1b[K In member function \xe2\x80\x98\x1b[01m\x1b[Kvirtual DMCANMsg* DMMotor::\x1b[01;32m\x1b[KsetSafeVel\x1b[m\x1b[K(uint8_t, float)\x1b[m\x1b[K\xe2\x80\x99:\n'}
[0.425899] (CommunicationCenter) StderrLine: {'line': b'\x1b[01m\x1b[K/home/albusgive/rlfw/rlfw_deploy/src/CommunicationCenter/motor_driver/DMMotor.h:89:32:\x1b[m\x1b[K \x1b[01;35m\x1b[Kwarning: \x1b[m\x1b[Kunused parameter \xe2\x80\x98\x1b[01m\x1b[Kmotor_id\x1b[m\x1b[K\xe2\x80\x99 [\x1b[01;35m\x1b[K\x1b]8;;https://gcc.gnu.org/onlinedocs/gcc/Warning-Options.html#index-Wunused-parameter\x07-Wunused-parameter\x1b]8;;\x07\x1b[m\x1b[K]\n'}
[0.425921] (CommunicationCenter) StderrLine: {'line': b'   89 |   DMCANMsg *setSafeVel(\x1b[01;35m\x1b[Kuint8_t motor_id\x1b[m\x1b[K, float vel) override {\n'}
[0.425942] (CommunicationCenter) StderrLine: {'line': b'      |                        \x1b[01;35m\x1b[K~~~~~~~~^~~~~~~~\x1b[m\x1b[K\n'}
[0.425961] (CommunicationCenter) StderrLine: {'line': b'\x1b[01m\x1b[K/home/albusgive/rlfw/rlfw_deploy/src/CommunicationCenter/motor_driver/DMMotor.h:89:48:\x1b[m\x1b[K \x1b[01;35m\x1b[Kwarning: \x1b[m\x1b[Kunused parameter \xe2\x80\x98\x1b[01m\x1b[Kvel\x1b[m\x1b[K\xe2\x80\x99 [\x1b[01;35m\x1b[K\x1b]8;;https://gcc.gnu.org/onlinedocs/gcc/Warning-Options.html#index-Wunused-parameter\x07-Wunused-parameter\x1b]8;;\x07\x1b[m\x1b[K]\n'}
[0.425983] (CommunicationCenter) StderrLine: {'line': b'   89 |   DMCANMsg *setSafeVel(uint8_t motor_id, \x1b[01;35m\x1b[Kfloat vel\x1b[m\x1b[K) override {\n'}
[0.426002] (CommunicationCenter) StderrLine: {'line': b'      |                                          \x1b[01;35m\x1b[K~~~~~~^~~\x1b[m\x1b[K\n'}
[0.426023] (CommunicationCenter) StderrLine: {'line': b'\x1b[01m\x1b[K/home/albusgive/rlfw/rlfw_deploy/src/CommunicationCenter/motor_driver/STWMotor.h:\x1b[m\x1b[K In member function \xe2\x80\x98\x1b[01m\x1b[Kvirtual STWCANMsg* STWMotor::\x1b[01;32m\x1b[KsetSafeTorque\x1b[m\x1b[K(uint8_t, float)\x1b[m\x1b[K\xe2\x80\x99:\n'}
[0.426043] (CommunicationCenter) StderrLine: {'line': b'\x1b[01m\x1b[K/home/albusgive/rlfw/rlfw_deploy/src/CommunicationCenter/motor_driver/STWMotor.h:103:36:\x1b[m\x1b[K \x1b[01;35m\x1b[Kwarning: \x1b[m\x1b[Kunused parameter \xe2\x80\x98\x1b[01m\x1b[Kmotor_id\x1b[m\x1b[K\xe2\x80\x99 [\x1b[01;35m\x1b[K\x1b]8;;https://gcc.gnu.org/onlinedocs/gcc/Warning-Options.html#index-Wunused-parameter\x07-Wunused-parameter\x1b]8;;\x07\x1b[m\x1b[K]\n'}
[0.426063] (CommunicationCenter) StderrLine: {'line': b'  103 |   STWCANMsg *setSafeTorque(\x1b[01;35m\x1b[Kuint8_t motor_id\x1b[m\x1b[K, float torque) override {\n'}
[0.426084] (CommunicationCenter) StderrLine: {'line': b'      |                            \x1b[01;35m\x1b[K~~~~~~~~^~~~~~~~\x1b[m\x1b[K\n'}
[0.426105] (CommunicationCenter) StderrLine: {'line': b'\x1b[01m\x1b[K/home/albusgive/rlfw/rlfw_deploy/src/CommunicationCenter/motor_driver/STWMotor.h:103:52:\x1b[m\x1b[K \x1b[01;35m\x1b[Kwarning: \x1b[m\x1b[Kunused parameter \xe2\x80\x98\x1b[01m\x1b[Ktorque\x1b[m\x1b[K\xe2\x80\x99 [\x1b[01;35m\x1b[K\x1b]8;;https://gcc.gnu.org/onlinedocs/gcc/Warning-Options.html#index-Wunused-parameter\x07-Wunused-parameter\x1b]8;;\x07\x1b[m\x1b[K]\n'}
[0.426127] (CommunicationCenter) StderrLine: {'line': b'  103 |   STWCANMsg *setSafeTorque(uint8_t motor_id, \x1b[01;35m\x1b[Kfloat torque\x1b[m\x1b[K) override {\n'}
[0.426147] (CommunicationCenter) StderrLine: {'line': b'      |                                              \x1b[01;35m\x1b[K~~~~~~^~~~~~\x1b[m\x1b[K\n'}
[0.426168] (CommunicationCenter) StderrLine: {'line': b'\x1b[01m\x1b[K/home/albusgive/rlfw/rlfw_deploy/src/CommunicationCenter/motor_driver/STWMotor.h:\x1b[m\x1b[K In member function \xe2\x80\x98\x1b[01m\x1b[Kvirtual STWCANMsg* STWMotor::\x1b[01;32m\x1b[KsetSafePos\x1b[m\x1b[K(uint8_t, float)\x1b[m\x1b[K\xe2\x80\x99:\n'}
[0.426189] (CommunicationCenter) StderrLine: {'line': b'\x1b[01m\x1b[K/home/albusgive/rlfw/rlfw_deploy/src/CommunicationCenter/motor_driver/STWMotor.h:106:33:\x1b[m\x1b[K \x1b[01;35m\x1b[Kwarning: \x1b[m\x1b[Kunused parameter \xe2\x80\x98\x1b[01m\x1b[Kmotor_id\x1b[m\x1b[K\xe2\x80\x99 [\x1b[01;35m\x1b[K\x1b]8;;https://gcc.gnu.org/onlinedocs/gcc/Warning-Options.html#index-Wunused-parameter\x07-Wunused-parameter\x1b]8;;\x07\x1b[m\x1b[K]\n'}
[0.426209] (CommunicationCenter) StderrLine: {'line': b'  106 |   STWCANMsg *setSafePos(\x1b[01;35m\x1b[Kuint8_t motor_id\x1b[m\x1b[K, float pos) override {\n'}
[0.426229] (CommunicationCenter) StderrLine: {'line': b'      |                         \x1b[01;35m\x1b[K~~~~~~~~^~~~~~~~\x1b[m\x1b[K\n'}
[0.426250] (CommunicationCenter) StderrLine: {'line': b'\x1b[01m\x1b[K/home/albusgive/rlfw/rlfw_deploy/src/CommunicationCenter/motor_driver/STWMotor.h:106:49:\x1b[m\x1b[K \x1b[01;35m\x1b[Kwarning: \x1b[m\x1b[Kunused parameter \xe2\x80\x98\x1b[01m\x1b[Kpos\x1b[m\x1b[K\xe2\x80\x99 [\x1b[01;35m\x1b[K\x1b]8;;https://gcc.gnu.org/onlinedocs/gcc/Warning-Options.html#index-Wunused-parameter\x07-Wunused-parameter\x1b]8;;\x07\x1b[m\x1b[K]\n'}
[0.426271] (CommunicationCenter) StderrLine: {'line': b'  106 |   STWCANMsg *setSafePos(uint8_t motor_id, \x1b[01;35m\x1b[Kfloat pos\x1b[m\x1b[K) override {\n'}
[0.426291] (CommunicationCenter) StderrLine: {'line': b'      |                                           \x1b[01;35m\x1b[K~~~~~~^~~\x1b[m\x1b[K\n'}
[0.426310] (CommunicationCenter) StderrLine: {'line': b'\x1b[01m\x1b[K/home/albusgive/rlfw/rlfw_deploy/src/CommunicationCenter/motor_driver/STWMotor.h:\x1b[m\x1b[K In member function \xe2\x80\x98\x1b[01m\x1b[Kvirtual STWCANMsg* STWMotor::\x1b[01;32m\x1b[KsetSafeVel\x1b[m\x1b[K(uint8_t, float)\x1b[m\x1b[K\xe2\x80\x99:\n'}
[0.426333] (CommunicationCenter) StderrLine: {'line': b'\x1b[01m\x1b[K/home/albusgive/rlfw/rlfw_deploy/src/CommunicationCenter/motor_driver/STWMotor.h:109:33:\x1b[m\x1b[K \x1b[01;35m\x1b[Kwarning: \x1b[m\x1b[Kunused parameter \xe2\x80\x98\x1b[01m\x1b[Kmotor_id\x1b[m\x1b[K\xe2\x80\x99 [\x1b[01;35m\x1b[K\x1b]8;;https://gcc.gnu.org/onlinedocs/gcc/Warning-Options.html#index-Wunused-parameter\x07-Wunused-parameter\x1b]8;;\x07\x1b[m\x1b[K]\n'}
[0.426354] (CommunicationCenter) StderrLine: {'line': b'  109 |   STWCANMsg *setSafeVel(\x1b[01;35m\x1b[Kuint8_t motor_id\x1b[m\x1b[K, float vel) override {\n'}
[0.426373] (CommunicationCenter) StderrLine: {'line': b'      |                         \x1b[01;35m\x1b[K~~~~~~~~^~~~~~~~\x1b[m\x1b[K\n'}
[0.426392] (CommunicationCenter) StderrLine: {'line': b'\x1b[01m\x1b[K/home/albusgive/rlfw/rlfw_deploy/src/CommunicationCenter/motor_driver/STWMotor.h:109:49:\x1b[m\x1b[K \x1b[01;35m\x1b[Kwarning: \x1b[m\x1b[Kunused parameter \xe2\x80\x98\x1b[01m\x1b[Kvel\x1b[m\x1b[K\xe2\x80\x99 [\x1b[01;35m\x1b[K\x1b]8;;https://gcc.gnu.org/onlinedocs/gcc/Warning-Options.html#index-Wunused-parameter\x07-Wunused-parameter\x1b]8;;\x07\x1b[m\x1b[K]\n'}
[0.426413] (CommunicationCenter) StderrLine: {'line': b'  109 |   STWCANMsg *setSafeVel(uint8_t motor_id, \x1b[01;35m\x1b[Kfloat vel\x1b[m\x1b[K) override {\n'}
[0.426433] (CommunicationCenter) StderrLine: {'line': b'      |                                           \x1b[01;35m\x1b[K~~~~~~^~~\x1b[m\x1b[K\n'}
[0.426454] (CommunicationCenter) StderrLine: {'line': b'\x1b[01m\x1b[K/home/albusgive/rlfw/rlfw_deploy/src/CommunicationCenter/motor_driver/STWMotor.cpp:\x1b[m\x1b[K In member function \xe2\x80\x98\x1b[01m\x1b[Kvirtual STWCANMsg* STWMotor::\x1b[01;32m\x1b[KenableMotor\x1b[m\x1b[K(uint8_t, bool, bool)\x1b[m\x1b[K\xe2\x80\x99:\n'}
[0.426474] (CommunicationCenter) StderrLine: {'line': b'\x1b[01m\x1b[K/home/albusgive/rlfw/rlfw_deploy/src/CommunicationCenter/motor_driver/STWMotor.cpp:7:39:\x1b[m\x1b[K \x1b[01;35m\x1b[Kwarning: \x1b[m\x1b[Kunused parameter \xe2\x80\x98\x1b[01m\x1b[Kclear_fault\x1b[m\x1b[K\xe2\x80\x99 [\x1b[01;35m\x1b[K\x1b]8;;https://gcc.gnu.org/onlinedocs/gcc/Warning-Options.html#index-Wunused-parameter\x07-Wunused-parameter\x1b]8;;\x07\x1b[m\x1b[K]\n'}
[0.426496] (CommunicationCenter) StderrLine: {'line': b'    7 |                                  \x1b[01;35m\x1b[Kbool clear_fault\x1b[m\x1b[K) {\n'}
[0.426516] (CommunicationCenter) StderrLine: {'line': b'      |                                  \x1b[01;35m\x1b[K~~~~~^~~~~~~~~~~\x1b[m\x1b[K\n'}
[0.426536] (CommunicationCenter) StderrLine: {'line': b'\x1b[01m\x1b[K/home/albusgive/rlfw/rlfw_deploy/src/CommunicationCenter/motor_driver/MiMotor.cpp:\x1b[m\x1b[K In member function \xe2\x80\x98\x1b[01m\x1b[Kvirtual MiCANMsg* MiMotor::\x1b[01;32m\x1b[KsetCtrlType\x1b[m\x1b[K(uint8_t)\x1b[m\x1b[K\xe2\x80\x99:\n'}
[0.426556] (CommunicationCenter) StderrLine: {'line': b'\x1b[01m\x1b[K/home/albusgive/rlfw/rlfw_deploy/src/CommunicationCenter/motor_driver/MiMotor.cpp:174:10:\x1b[m\x1b[K \x1b[01;35m\x1b[Kwarning: \x1b[m\x1b[Kenumeration value \xe2\x80\x98\x1b[01m\x1b[KDISABLE\x1b[m\x1b[K\xe2\x80\x99 not handled in switch [\x1b[01;35m\x1b[K\x1b]8;;https://gcc.gnu.org/onlinedocs/gcc/Warning-Options.html#index-Wswitch\x07-Wswitch\x1b]8;;\x07\x1b[m\x1b[K]\n'}
[0.426579] (CommunicationCenter) StderrLine: {'line': b'  174 |   switch \x1b[01;35m\x1b[K(\x1b[m\x1b[Kctrl_type) {\n'}
[0.426600] (CommunicationCenter) StderrLine: {'line': b'      |          \x1b[01;35m\x1b[K^\x1b[m\x1b[K\n'}
[0.426620] (CommunicationCenter) StderrLine: {'line': b'\x1b[01m\x1b[K/home/albusgive/rlfw/rlfw_deploy/src/CommunicationCenter/motor_driver/MiMotor.cpp:174:10:\x1b[m\x1b[K \x1b[01;35m\x1b[Kwarning: \x1b[m\x1b[Kenumeration value \xe2\x80\x98\x1b[01m\x1b[KSETZERO\x1b[m\x1b[K\xe2\x80\x99 not handled in switch [\x1b[01;35m\x1b[K\x1b]8;;https://gcc.gnu.org/onlinedocs/gcc/Warning-Options.html#index-Wswitch\x07-Wswitch\x1b]8;;\x07\x1b[m\x1b[K]\n'}
[0.426642] (CommunicationCenter) StderrLine: {'line': b'\x1b[01m\x1b[K/home/albusgive/rlfw/rlfw_deploy/src/CommunicationCenter/motor_driver/STWMotor.cpp:\x1b[m\x1b[K In member function \xe2\x80\x98\x1b[01m\x1b[Kvirtual STWCANMsg* STWMotor::\x1b[01;32m\x1b[KsetCtrlType\x1b[m\x1b[K(uint8_t)\x1b[m\x1b[K\xe2\x80\x99:\n'}
[0.426664] (CommunicationCenter) StderrLine: {'line': b'\x1b[01m\x1b[K/home/albusgive/rlfw/rlfw_deploy/src/CommunicationCenter/motor_driver/STWMotor.cpp:138:10:\x1b[m\x1b[K \x1b[01;35m\x1b[Kwarning: \x1b[m\x1b[Kenumeration value \xe2\x80\x98\x1b[01m\x1b[KMIT\x1b[m\x1b[K\xe2\x80\x99 not handled in switch [\x1b[01;35m\x1b[K\x1b]8;;https://gcc.gnu.org/onlinedocs/gcc/Warning-Options.html#index-Wswitch\x07-Wswitch\x1b]8;;\x07\x1b[m\x1b[K]\n'}
[0.426684] (CommunicationCenter) StderrLine: {'line': b'  138 |   switch \x1b[01;35m\x1b[K(\x1b[m\x1b[Kctrl_type) {\n'}
[0.426705] (CommunicationCenter) StderrLine: {'line': b'      |          \x1b[01;35m\x1b[K^\x1b[m\x1b[K\n'}
[0.426726] (CommunicationCenter) StderrLine: {'line': b'\x1b[01m\x1b[K/home/albusgive/rlfw/rlfw_deploy/src/CommunicationCenter/motor_driver/STWMotor.cpp:138:10:\x1b[m\x1b[K \x1b[01;35m\x1b[Kwarning: \x1b[m\x1b[Kenumeration value \xe2\x80\x98\x1b[01m\x1b[KPOS_VEL\x1b[m\x1b[K\xe2\x80\x99 not handled in switch [\x1b[01;35m\x1b[K\x1b]8;;https://gcc.gnu.org/onlinedocs/gcc/Warning-Options.html#index-Wswitch\x07-Wswitch\x1b]8;;\x07\x1b[m\x1b[K]\n'}
[0.426747] (CommunicationCenter) StderrLine: {'line': b'\x1b[01m\x1b[K/home/albusgive/rlfw/rlfw_deploy/src/CommunicationCenter/motor_driver/STWMotor.cpp:138:10:\x1b[m\x1b[K \x1b[01;35m\x1b[Kwarning: \x1b[m\x1b[Kenumeration value \xe2\x80\x98\x1b[01m\x1b[KENABLE\x1b[m\x1b[K\xe2\x80\x99 not handled in switch [\x1b[01;35m\x1b[K\x1b]8;;https://gcc.gnu.org/onlinedocs/gcc/Warning-Options.html#index-Wswitch\x07-Wswitch\x1b]8;;\x07\x1b[m\x1b[K]\n'}
[0.426768] (CommunicationCenter) StderrLine: {'line': b'\x1b[01m\x1b[K/home/albusgive/rlfw/rlfw_deploy/src/CommunicationCenter/motor_driver/STWMotor.cpp:138:10:\x1b[m\x1b[K \x1b[01;35m\x1b[Kwarning: \x1b[m\x1b[Kenumeration value \xe2\x80\x98\x1b[01m\x1b[KDISABLE\x1b[m\x1b[K\xe2\x80\x99 not handled in switch [\x1b[01;35m\x1b[K\x1b]8;;https://gcc.gnu.org/onlinedocs/gcc/Warning-Options.html#index-Wswitch\x07-Wswitch\x1b]8;;\x07\x1b[m\x1b[K]\n'}
[0.426791] (CommunicationCenter) StderrLine: {'line': b'\x1b[01m\x1b[K/home/albusgive/rlfw/rlfw_deploy/src/CommunicationCenter/motor_driver/STWMotor.cpp:138:10:\x1b[m\x1b[K \x1b[01;35m\x1b[Kwarning: \x1b[m\x1b[Kenumeration value \xe2\x80\x98\x1b[01m\x1b[KSETZERO\x1b[m\x1b[K\xe2\x80\x99 not handled in switch [\x1b[01;35m\x1b[K\x1b]8;;https://gcc.gnu.org/onlinedocs/gcc/Warning-Options.html#index-Wswitch\x07-Wswitch\x1b]8;;\x07\x1b[m\x1b[K]\n'}
[0.426811] (CommunicationCenter) StderrLine: {'line': b'\x1b[01m\x1b[K/home/albusgive/rlfw/rlfw_deploy/src/CommunicationCenter/motor_driver/STWMotor.cpp:138:10:\x1b[m\x1b[K \x1b[01;35m\x1b[Kwarning: \x1b[m\x1b[Kenumeration value \xe2\x80\x98\x1b[01m\x1b[KERR\x1b[m\x1b[K\xe2\x80\x99 not handled in switch [\x1b[01;35m\x1b[K\x1b]8;;https://gcc.gnu.org/onlinedocs/gcc/Warning-Options.html#index-Wswitch\x07-Wswitch\x1b]8;;\x07\x1b[m\x1b[K]\n'}
[0.491144] (CommunicationCenter) StderrLine: {'line': b'In file included from \x1b[01m\x1b[K/home/albusgive/rlfw/rlfw_deploy/src/CommunicationCenter/motor_driver/DMMotor.h:3\x1b[m\x1b[K,\n'}
[0.491291] (CommunicationCenter) StderrLine: {'line': b'                 from \x1b[01m\x1b[K/home/albusgive/rlfw/rlfw_deploy/src/CommunicationCenter/include/CommunicationCenter.hpp:4\x1b[m\x1b[K,\n'}
[0.491324] (CommunicationCenter) StderrLine: {'line': b'                 from \x1b[01m\x1b[K/home/albusgive/rlfw/rlfw_deploy/src/CommunicationCenter/src/CommunicationCenter.cpp:1\x1b[m\x1b[K:\n'}
[0.491349] (CommunicationCenter) StderrLine: {'line': b'\x1b[01m\x1b[K/home/albusgive/rlfw/rlfw_deploy/src/CommunicationCenter/motor_driver/Motor.hpp:276:13:\x1b[m\x1b[K \x1b[01;35m\x1b[Kwarning: \x1b[m\x1b[K\xe2\x80\x98\x1b[01m\x1b[Kvirtual MotorBack CANMotor::\x1b[01;32m\x1b[Kdecode\x1b[m\x1b[K()\x1b[m\x1b[K\xe2\x80\x99 was hidden [\x1b[01;35m\x1b[K\x1b]8;;https://gcc.gnu.org/onlinedocs/gcc/Warning-Options.html#index-Woverloaded-virtual=\x07-Woverloaded-virtual=\x1b]8;;\x07\x1b[m\x1b[K]\n'}
[0.491378] (CommunicationCenter) StderrLine: {'line': b'  276 |   MotorBack \x1b[01;35m\x1b[Kdecode\x1b[m\x1b[K() override { return MotorBack(); };\n'}
[0.491402] (CommunicationCenter) StderrLine: {'line': b'      |             \x1b[01;35m\x1b[K^~~~~~\x1b[m\x1b[K\n'}
[0.491425] (CommunicationCenter) StderrLine: {'line': b'\x1b[01m\x1b[K/home/albusgive/rlfw/rlfw_deploy/src/CommunicationCenter/motor_driver/DMMotor.h:50:13:\x1b[m\x1b[K \x1b[01;36m\x1b[Knote: \x1b[m\x1b[K  by \xe2\x80\x98\x1b[01m\x1b[Kvirtual MotorBack DMMotor::\x1b[01;32m\x1b[Kdecode\x1b[m\x1b[K(CANMSG)\x1b[m\x1b[K\xe2\x80\x99\n'}
[0.491450] (CommunicationCenter) StderrLine: {'line': b'   50 |   MotorBack \x1b[01;36m\x1b[Kdecode\x1b[m\x1b[K(CANMSG msg) override;\n'}
[0.491473] (CommunicationCenter) StderrLine: {'line': b'      |             \x1b[01;36m\x1b[K^~~~~~\x1b[m\x1b[K\n'}
[0.491495] (CommunicationCenter) StderrLine: {'line': b'\x1b[01m\x1b[K/home/albusgive/rlfw/rlfw_deploy/src/CommunicationCenter/motor_driver/Motor.hpp:275:13:\x1b[m\x1b[K \x1b[01;35m\x1b[Kwarning: \x1b[m\x1b[K\xe2\x80\x98\x1b[01m\x1b[Kvirtual MotorBack CANMotor::\x1b[01;32m\x1b[Kdecode\x1b[m\x1b[K(UnitreeMsg)\x1b[m\x1b[K\xe2\x80\x99 was hidden [\x1b[01;35m\x1b[K\x1b]8;;https://gcc.gnu.org/onlinedocs/gcc/Warning-Options.html#index-Woverloaded-virtual=\x07-Woverloaded-virtual=\x1b]8;;\x07\x1b[m\x1b[K]\n'}
[0.491520] (CommunicationCenter) StderrLine: {'line': b'  275 |   MotorBack \x1b[01;35m\x1b[Kdecode\x1b[m\x1b[K(UnitreeMsg /*msg*/) override { return MotorBack(); };\n'}
[0.491631] (CommunicationCenter) StderrLine: {'line': b'      |             \x1b[01;35m\x1b[K^~~~~~\x1b[m\x1b[K\n'}
[0.491655] (CommunicationCenter) StderrLine: {'line': b'\x1b[01m\x1b[K/home/albusgive/rlfw/rlfw_deploy/src/CommunicationCenter/motor_driver/DMMotor.h:50:13:\x1b[m\x1b[K \x1b[01;36m\x1b[Knote: \x1b[m\x1b[K  by \xe2\x80\x98\x1b[01m\x1b[Kvirtual MotorBack DMMotor::\x1b[01;32m\x1b[Kdecode\x1b[m\x1b[K(CANMSG)\x1b[m\x1b[K\xe2\x80\x99\n'}
[0.491678] (CommunicationCenter) StderrLine: {'line': b'   50 |   MotorBack \x1b[01;36m\x1b[Kdecode\x1b[m\x1b[K(CANMSG msg) override;\n'}
[0.491700] (CommunicationCenter) StderrLine: {'line': b'      |             \x1b[01;36m\x1b[K^~~~~~\x1b[m\x1b[K\n'}
[0.491722] (CommunicationCenter) StderrLine: {'line': b'\x1b[01m\x1b[K/home/albusgive/rlfw/rlfw_deploy/src/CommunicationCenter/motor_driver/DMMotor.h:\x1b[m\x1b[K In member function \xe2\x80\x98\x1b[01m\x1b[Kvirtual DMCANMsg* DMMotor::\x1b[01;32m\x1b[KsetCtrlType\x1b[m\x1b[K(uint8_t)\x1b[m\x1b[K\xe2\x80\x99:\n'}
[0.491747] (CommunicationCenter) StderrLine: {'line': b'\x1b[01m\x1b[K/home/albusgive/rlfw/rlfw_deploy/src/CommunicationCenter/motor_driver/DMMotor.h:55:33:\x1b[m\x1b[K \x1b[01;35m\x1b[Kwarning: \x1b[m\x1b[Kunused parameter \xe2\x80\x98\x1b[01m\x1b[Kmotor_id\x1b[m\x1b[K\xe2\x80\x99 [\x1b[01;35m\x1b[K\x1b]8;;https://gcc.gnu.org/onlinedocs/gcc/Warning-Options.html#index-Wunused-parameter\x07-Wunused-parameter\x1b]8;;\x07\x1b[m\x1b[K]\n'}
[0.491845] (CommunicationCenter) StderrLine: {'line': b'   55 |   DMCANMsg *setCtrlType(\x1b[01;35m\x1b[Kuint8_t motor_id\x1b[m\x1b[K) override { return nullptr; };\n'}
[0.491872] (CommunicationCenter) StderrLine: {'line': b'      |                         \x1b[01;35m\x1b[K~~~~~~~~^~~~~~~~\x1b[m\x1b[K\n'}
[0.491898] (CommunicationCenter) StderrLine: {'line': b'\x1b[01m\x1b[K/home/albusgive/rlfw/rlfw_deploy/src/CommunicationCenter/motor_driver/DMMotor.h:\x1b[m\x1b[K In member function \xe2\x80\x98\x1b[01m\x1b[Kvirtual DMCANMsg* DMMotor::\x1b[01;32m\x1b[Kctrl_pos\x1b[m\x1b[K(uint8_t, float)\x1b[m\x1b[K\xe2\x80\x99:\n'}
[0.491923] (CommunicationCenter) StderrLine: {'line': b'\x1b[01m\x1b[K/home/albusgive/rlfw/rlfw_deploy/src/CommunicationCenter/motor_driver/DMMotor.h:57:30:\x1b[m\x1b[K \x1b[01;35m\x1b[Kwarning: \x1b[m\x1b[Kunused parameter \xe2\x80\x98\x1b[01m\x1b[Kmotor_id\x1b[m\x1b[K\xe2\x80\x99 [\x1b[01;35m\x1b[K\x1b]8;;https://gcc.gnu.org/onlinedocs/gcc/Warning-Options.html#index-Wunused-parameter\x07-Wunused-parameter\x1b]8;;\x07\x1b[m\x1b[K]\n'}
[0.491948] (CommunicationCenter) StderrLine: {'line': b'   57 |   DMCANMsg *ctrl_pos(\x1b[01;35m\x1b[Kuint8_t motor_id\x1b[m\x1b[K, float pos) override { return nullptr; };\n'}
[0.491972] (CommunicationCenter) StderrLine: {'line': b'      |                      \x1b[01;35m\x1b[K~~~~~~~~^~~~~~~~\x1b[m\x1b[K\n'}
[0.491993] (CommunicationCenter) StderrLine: {'line': b'\x1b[01m\x1b[K/home/albusgive/rlfw/rlfw_deploy/src/CommunicationCenter/motor_driver/DMMotor.h:57:46:\x1b[m\x1b[K \x1b[01;35m\x1b[Kwarning: \x1b[m\x1b[Kunused parameter \xe2\x80\x98\x1b[01m\x1b[Kpos\x1b[m\x1b[K\xe2\x80\x99 [\x1b[01;35m\x1b[K\x1b]8;;https://gcc.gnu.org/onlinedocs/gcc/Warning-Options.html#index-Wunused-parameter\x07-Wunused-parameter\x1b]8;;\x07\x1b[m\x1b[K]\n'}
[0.492018] (CommunicationCenter) StderrLine: {'line': b'   57 |   DMCANMsg *ctrl_pos(uint8_t motor_id, \x1b[01;35m\x1b[Kfloat pos\x1b[m\x1b[K) override { return nullptr; };\n'}
[0.492041] (CommunicationCenter) StderrLine: {'line': b'      |                                        \x1b[01;35m\x1b[K~~~~~~^~~\x1b[m\x1b[K\n'}
[0.492064] (CommunicationCenter) StderrLine: {'line': b'\x1b[01m\x1b[K/home/albusgive/rlfw/rlfw_deploy/src/CommunicationCenter/motor_driver/DMMotor.h:\x1b[m\x1b[K In member function \xe2\x80\x98\x1b[01m\x1b[Kvirtual DMCANMsg* DMMotor::\x1b[01;32m\x1b[Kctrl_vel\x1b[m\x1b[K(uint8_t, float)\x1b[m\x1b[K\xe2\x80\x99:\n'}
[0.492087] (CommunicationCenter) StderrLine: {'line': b'\x1b[01m\x1b[K/home/albusgive/rlfw/rlfw_deploy/src/CommunicationCenter/motor_driver/DMMotor.h:59:30:\x1b[m\x1b[K \x1b[01;35m\x1b[Kwarning: \x1b[m\x1b[Kunused parameter \xe2\x80\x98\x1b[01m\x1b[Kmotor_id\x1b[m\x1b[K\xe2\x80\x99 [\x1b[01;35m\x1b[K\x1b]8;;https://gcc.gnu.org/onlinedocs/gcc/Warning-Options.html#index-Wunused-parameter\x07-Wunused-parameter\x1b]8;;\x07\x1b[m\x1b[K]\n'}
[0.492110] (CommunicationCenter) StderrLine: {'line': b'   59 |   DMCANMsg *ctrl_vel(\x1b[01;35m\x1b[Kuint8_t motor_id\x1b[m\x1b[K, float vel) override { return nullptr; };\n'}
[0.492133] (CommunicationCenter) StderrLine: {'line': b'      |                      \x1b[01;35m\x1b[K~~~~~~~~^~~~~~~~\x1b[m\x1b[K\n'}
[0.492156] (CommunicationCenter) StderrLine: {'line': b'\x1b[01m\x1b[K/home/albusgive/rlfw/rlfw_deploy/src/CommunicationCenter/motor_driver/DMMotor.h:59:46:\x1b[m\x1b[K \x1b[01;35m\x1b[Kwarning: \x1b[m\x1b[Kunused parameter \xe2\x80\x98\x1b[01m\x1b[Kvel\x1b[m\x1b[K\xe2\x80\x99 [\x1b[01;35m\x1b[K\x1b]8;;https://gcc.gnu.org/onlinedocs/gcc/Warning-Options.html#index-Wunused-parameter\x07-Wunused-parameter\x1b]8;;\x07\x1b[m\x1b[K]\n'}
[0.492183] (CommunicationCenter) StderrLine: {'line': b'   59 |   DMCANMsg *ctrl_vel(uint8_t motor_id, \x1b[01;35m\x1b[Kfloat vel\x1b[m\x1b[K) override { return nullptr; };\n'}
[0.492274] (CommunicationCenter) StderrLine: {'line': b'      |                                        \x1b[01;35m\x1b[K~~~~~~^~~\x1b[m\x1b[K\n'}
[0.492298] (CommunicationCenter) StderrLine: {'line': b'\x1b[01m\x1b[K/home/albusgive/rlfw/rlfw_deploy/src/CommunicationCenter/motor_driver/DMMotor.h:\x1b[m\x1b[K In member function \xe2\x80\x98\x1b[01m\x1b[Kvirtual DMCANMsg* DMMotor::\x1b[01;32m\x1b[Kctrl_pos_vel\x1b[m\x1b[K(uint8_t, float, float)\x1b[m\x1b[K\xe2\x80\x99:\n'}
[0.492322] (CommunicationCenter) StderrLine: {'line': b'\x1b[01m\x1b[K/home/albusgive/rlfw/rlfw_deploy/src/CommunicationCenter/motor_driver/DMMotor.h:61:34:\x1b[m\x1b[K \x1b[01;35m\x1b[Kwarning: \x1b[m\x1b[Kunused parameter \xe2\x80\x98\x1b[01m\x1b[Kmotor_id\x1b[m\x1b[K\xe2\x80\x99 [\x1b[01;35m\x1b[K\x1b]8;;https://gcc.gnu.org/onlinedocs/gcc/Warning-Options.html#index-Wunused-parameter\x07-Wunused-parameter\x1b]8;;\x07\x1b[m\x1b[K]\n'}
[0.492346] (CommunicationCenter) StderrLine: {'line': b'   61 |   DMCANMsg *ctrl_pos_vel(\x1b[01;35m\x1b[Kuint8_t motor_id\x1b[m\x1b[K, float pos, float vel) override {\n'}
[0.492369] (CommunicationCenter) StderrLine: {'line': b'      |                          \x1b[01;35m\x1b[K~~~~~~~~^~~~~~~~\x1b[m\x1b[K\n'}
[0.492391] (CommunicationCenter) StderrLine: {'line': b'\x1b[01m\x1b[K/home/albusgive/rlfw/rlfw_deploy/src/CommunicationCenter/motor_driver/DMMotor.h:61:50:\x1b[m\x1b[K \x1b[01;35m\x1b[Kwarning: \x1b[m\x1b[Kunused parameter \xe2\x80\x98\x1b[01m\x1b[Kpos\x1b[m\x1b[K\xe2\x80\x99 [\x1b[01;35m\x1b[K\x1b]8;;https://gcc.gnu.org/onlinedocs/gcc/Warning-Options.html#index-Wunused-parameter\x07-Wunused-parameter\x1b]8;;\x07\x1b[m\x1b[K]\n'}
[0.492416] (CommunicationCenter) StderrLine: {'line': b'   61 |   DMCANMsg *ctrl_pos_vel(uint8_t motor_id, \x1b[01;35m\x1b[Kfloat pos\x1b[m\x1b[K, float vel) override {\n'}
[0.492438] (CommunicationCenter) StderrLine: {'line': b'      |                                            \x1b[01;35m\x1b[K~~~~~~^~~\x1b[m\x1b[K\n'}
[0.492459] (CommunicationCenter) StderrLine: {'line': b'\x1b[01m\x1b[K/home/albusgive/rlfw/rlfw_deploy/src/CommunicationCenter/motor_driver/DMMotor.h:61:61:\x1b[m\x1b[K \x1b[01;35m\x1b[Kwarning: \x1b[m\x1b[Kunused parameter \xe2\x80\x98\x1b[01m\x1b[Kvel\x1b[m\x1b[K\xe2\x80\x99 [\x1b[01;35m\x1b[K\x1b]8;;https://gcc.gnu.org/onlinedocs/gcc/Warning-Options.html#index-Wunused-parameter\x07-Wunused-parameter\x1b]8;;\x07\x1b[m\x1b[K]\n'}
[0.492484] (CommunicationCenter) StderrLine: {'line': b'   61 |   DMCANMsg *ctrl_pos_vel(uint8_t motor_id, float pos, \x1b[01;35m\x1b[Kfloat vel\x1b[m\x1b[K) override {\n'}
[0.492571] (CommunicationCenter) StderrLine: {'line': b'      |                                                       \x1b[01;35m\x1b[K~~~~~~^~~\x1b[m\x1b[K\n'}
[0.492595] (CommunicationCenter) StderrLine: {'line': b'\x1b[01m\x1b[K/home/albusgive/rlfw/rlfw_deploy/src/CommunicationCenter/motor_driver/DMMotor.h:\x1b[m\x1b[K In member function \xe2\x80\x98\x1b[01m\x1b[Kvirtual DMCANMsg* DMMotor::\x1b[01;32m\x1b[Kctrl_torque\x1b[m\x1b[K(uint8_t, float)\x1b[m\x1b[K\xe2\x80\x99:\n'}
[0.492618] (CommunicationCenter) StderrLine: {'line': b'\x1b[01m\x1b[K/home/albusgive/rlfw/rlfw_deploy/src/CommunicationCenter/motor_driver/DMMotor.h:65:33:\x1b[m\x1b[K \x1b[01;35m\x1b[Kwarning: \x1b[m\x1b[Kunused parameter \xe2\x80\x98\x1b[01m\x1b[Kmotor_id\x1b[m\x1b[K\xe2\x80\x99 [\x1b[01;35m\x1b[K\x1b]8;;https://gcc.gnu.org/onlinedocs/gcc/Warning-Options.html#index-Wunused-parameter\x07-Wunused-parameter\x1b]8;;\x07\x1b[m\x1b[K]\n'}
[0.492643] (CommunicationCenter) StderrLine: {'line': b'   65 |   DMCANMsg *ctrl_torque(\x1b[01;35m\x1b[Kuint8_t motor_id\x1b[m\x1b[K, float torque) override {\n'}
[0.492665] (CommunicationCenter) StderrLine: {'line': b'      |                         \x1b[01;35m\x1b[K~~~~~~~~^~~~~~~~\x1b[m\x1b[K\n'}
[0.492757] (CommunicationCenter) StderrLine: {'line': b'In file included from \x1b[01m\x1b[K/home/albusgive/rlfw/rlfw_deploy/src/CommunicationCenter/motor_driver/DMMotor.h:3\x1b[m\x1b[K,\n'}
[0.492781] (CommunicationCenter) StderrLine: {'line': b'                 from \x1b[01m\x1b[K/home/albusgive/rlfw/rlfw_deploy/src/CommunicationCenter/include/CommunicationCenter.hpp:4\x1b[m\x1b[K,\n'}
[0.492804] (CommunicationCenter) StderrLine: {'line': b'                 from \x1b[01m\x1b[K/home/albusgive/rlfw/rlfw_deploy/src/CommunicationCenter/src/main.cpp:1\x1b[m\x1b[K:\n'}
[0.492828] (CommunicationCenter) StderrLine: {'line': b'\x1b[01m\x1b[K/home/albusgive/rlfw/rlfw_deploy/src/CommunicationCenter/motor_driver/Motor.hpp:276:13:\x1b[m\x1b[K \x1b[01;35m\x1b[Kwarning: \x1b[m\x1b[K\xe2\x80\x98\x1b[01m\x1b[Kvirtual MotorBack CANMotor::\x1b[01;32m\x1b[Kdecode\x1b[m\x1b[K()\x1b[m\x1b[K\xe2\x80\x99 was hidden [\x1b[01;35m\x1b[K\x1b]8;;https://gcc.gnu.org/onlinedocs/gcc/Warning-Options.html#index-Woverloaded-virtual=\x07-Woverloaded-virtual=\x1b]8;;\x07\x1b[m\x1b[K]\n'}
[0.492853] (CommunicationCenter) StderrLine: {'line': b'  276 |   MotorBack \x1b[01;35m\x1b[Kdecode\x1b[m\x1b[K() override { return MotorBack(); };\n'}
[0.492881] (CommunicationCenter) StderrLine: {'line': b'      |             \x1b[01;35m\x1b[K^~~~~~\x1b[m\x1b[K\n'}
[0.492966] (CommunicationCenter) StderrLine: {'line': b'\x1b[01m\x1b[K/home/albusgive/rlfw/rlfw_deploy/src/CommunicationCenter/motor_driver/DMMotor.h:65:49:\x1b[m\x1b[K \x1b[01;35m\x1b[Kwarning: \x1b[m\x1b[Kunused parameter \xe2\x80\x98\x1b[01m\x1b[Ktorque\x1b[m\x1b[K\xe2\x80\x99 [\x1b[01;35m\x1b[K\x1b]8;;https://gcc.gnu.org/onlinedocs/gcc/Warning-Options.html#index-Wunused-parameter\x07-Wunused-parameter\x1b]8;;\x07\x1b[m\x1b[K]\n'}
[0.492991] (CommunicationCenter) StderrLine: {'line': b'   65 |   DMCANMsg *ctrl_torque(uint8_t motor_id, \x1b[01;35m\x1b[Kfloat torque\x1b[m\x1b[K) override {\n'}
[0.493014] (CommunicationCenter) StderrLine: {'line': b'      |                                           \x1b[01;35m\x1b[K~~~~~~^~~~~~\x1b[m\x1b[K\n'}
[0.493036] (CommunicationCenter) StderrLine: {'line': b'\x1b[01m\x1b[K/home/albusgive/rlfw/rlfw_deploy/src/CommunicationCenter/motor_driver/DMMotor.h:\x1b[m\x1b[K In member function \xe2\x80\x98\x1b[01m\x1b[Kvirtual DMCANMsg* DMMotor::\x1b[01;32m\x1b[KsetPosKP\x1b[m\x1b[K(uint8_t, float)\x1b[m\x1b[K\xe2\x80\x99:\n'}
[0.493059] (CommunicationCenter) StderrLine: {'line': b'\x1b[01m\x1b[K/home/albusgive/rlfw/rlfw_deploy/src/CommunicationCenter/motor_driver/DMMotor.h:70:30:\x1b[m\x1b[K \x1b[01;35m\x1b[Kwarning: \x1b[m\x1b[Kunused parameter \xe2\x80\x98\x1b[01m\x1b[Kmotor_id\x1b[m\x1b[K\xe2\x80\x99 [\x1b[01;35m\x1b[K\x1b]8;;https://gcc.gnu.org/onlinedocs/gcc/Warning-Options.html#index-Wunused-parameter\x07-Wunused-parameter\x1b]8;;\x07\x1b[m\x1b[K]\n'}
[0.493082] (CommunicationCenter) StderrLine: {'line': b'   70 |   DMCANMsg *setPosKP(\x1b[01;35m\x1b[Kuint8_t motor_id\x1b[m\x1b[K, float kp) override { return nullptr; };\n'}
[0.493104] (CommunicationCenter) StderrLine: {'line': b'      |                      \x1b[01;35m\x1b[K~~~~~~~~^~~~~~~~\x1b[m\x1b[K\n'}
[0.493126] (CommunicationCenter) StderrLine: {'line': b'\x1b[01m\x1b[K/home/albusgive/rlfw/rlfw_deploy/src/CommunicationCenter/motor_driver/DMMotor.h:70:46:\x1b[m\x1b[K \x1b[01;35m\x1b[Kwarning: \x1b[m\x1b[Kunused parameter \xe2\x80\x98\x1b[01m\x1b[Kkp\x1b[m\x1b[K\xe2\x80\x99 [\x1b[01;35m\x1b[K\x1b]8;;https://gcc.gnu.org/onlinedocs/gcc/Warning-Options.html#index-Wunused-parameter\x07-Wunused-parameter\x1b]8;;\x07\x1b[m\x1b[K]\n'}
[0.493149] (CommunicationCenter) StderrLine: {'line': b'   70 |   DMCANMsg *setPosKP(uint8_t motor_id, \x1b[01;35m\x1b[Kfloat kp\x1b[m\x1b[K) override { return nullptr; };\n'}
[0.493171] (CommunicationCenter) StderrLine: {'line': b'      |                                        \x1b[01;35m\x1b[K~~~~~~^~\x1b[m\x1b[K\n'}
[0.493193] (CommunicationCenter) StderrLine: {'line': b'\x1b[01m\x1b[K/home/albusgive/rlfw/rlfw_deploy/src/CommunicationCenter/motor_driver/DMMotor.h:50:13:\x1b[m\x1b[K \x1b[01;36m\x1b[Knote: \x1b[m\x1b[K  by \xe2\x80\x98\x1b[01m\x1b[Kvirtual MotorBack DMMotor::\x1b[01;32m\x1b[Kdecode\x1b[m\x1b[K(CANMSG)\x1b[m\x1b[K\xe2\x80\x99\n'}
[0.493216] (CommunicationCenter) StderrLine: {'line': b'   50 |   MotorBack \x1b[01;36m\x1b[Kdecode\x1b[m\x1b[K(CANMSG msg) override;\n'}
[0.493304] (CommunicationCenter) StderrLine: {'line': b'      |             \x1b[01;36m\x1b[K^~~~~~\x1b[m\x1b[K\n'}
[0.493327] (CommunicationCenter) StderrLine: {'line': b'\x1b[01m\x1b[K/home/albusgive/rlfw/rlfw_deploy/src/CommunicationCenter/motor_driver/DMMotor.h:\x1b[m\x1b[K In member function \xe2\x80\x98\x1b[01m\x1b[Kvirtual DMCANMsg* DMMotor::\x1b[01;32m\x1b[KsetPosKD\x1b[m\x1b[K(uint8_t, float)\x1b[m\x1b[K\xe2\x80\x99:\n'}
[0.493432] (CommunicationCenter) StderrLine: {'line': b'\x1b[01m\x1b[K/home/albusgive/rlfw/rlfw_deploy/src/CommunicationCenter/motor_driver/DMMotor.h:71:30:\x1b[m\x1b[K \x1b[01;35m\x1b[Kwarning: \x1b[m\x1b[Kunused parameter \xe2\x80\x98\x1b[01m\x1b[Kmotor_id\x1b[m\x1b[K\xe2\x80\x99 [\x1b[01;35m\x1b[K\x1b]8;;https://gcc.gnu.org/onlinedocs/gcc/Warning-Options.html#index-Wunused-parameter\x07-Wunused-parameter\x1b]8;;\x07\x1b[m\x1b[K]\n'}
[0.493455] (CommunicationCenter) StderrLine: {'line': b'   71 |   DMCANMsg *setPosKD(\x1b[01;35m\x1b[Kuint8_t motor_id\x1b[m\x1b[K, float kd) override { return nullptr; };\n'}
[0.493475] (CommunicationCenter) StderrLine: {'line': b'      |                      \x1b[01;35m\x1b[K~~~~~~~~^~~~~~~~\x1b[m\x1b[K\n'}
[0.493497] (CommunicationCenter) StderrLine: {'line': b'\x1b[01m\x1b[K/home/albusgive/rlfw/rlfw_deploy/src/CommunicationCenter/motor_driver/DMMotor.h:71:46:\x1b[m\x1b[K \x1b[01;35m\x1b[Kwarning: \x1b[m\x1b[Kunused parameter \xe2\x80\x98\x1b[01m\x1b[Kkd\x1b[m\x1b[K\xe2\x80\x99 [\x1b[01;35m\x1b[K\x1b]8;;https://gcc.gnu.org/onlinedocs/gcc/Warning-Options.html#index-Wunused-parameter\x07-Wunused-parameter\x1b]8;;\x07\x1b[m\x1b[K]\n'}
[0.493522] (CommunicationCenter) StderrLine: {'line': b'   71 |   DMCANMsg *setPosKD(uint8_t motor_id, \x1b[01;35m\x1b[Kfloat kd\x1b[m\x1b[K) override { return nullptr; };\n'}
[0.493543] (CommunicationCenter) StderrLine: {'line': b'      |                                        \x1b[01;35m\x1b[K~~~~~~^~\x1b[m\x1b[K\n'}
[0.493564] (CommunicationCenter) StderrLine: {'line': b'\x1b[01m\x1b[K/home/albusgive/rlfw/rlfw_deploy/src/CommunicationCenter/motor_driver/Motor.hpp:275:13:\x1b[m\x1b[K \x1b[01;35m\x1b[Kwarning: \x1b[m\x1b[K\xe2\x80\x98\x1b[01m\x1b[Kvirtual MotorBack CANMotor::\x1b[01;32m\x1b[Kdecode\x1b[m\x1b[K(UnitreeMsg)\x1b[m\x1b[K\xe2\x80\x99 was hidden [\x1b[01;35m\x1b[K\x1b]8;;https://gcc.gnu.org/onlinedocs/gcc/Warning-Options.html#index-Woverloaded-virtual=\x07-Woverloaded-virtual=\x1b]8;;\x07\x1b[m\x1b[K]\n'}
[0.493585] (CommunicationCenter) StderrLine: {'line': b'  275 |   MotorBack \x1b[01;35m\x1b[Kdecode\x1b[m\x1b[K(UnitreeMsg /*msg*/) override { return MotorBack(); };\n'}
[0.493605] (CommunicationCenter) StderrLine: {'line': b'      |             \x1b[01;35m\x1b[K^~~~~~\x1b[m\x1b[K\n'}
[0.493625] (CommunicationCenter) StderrLine: {'line': b'\x1b[01m\x1b[K/home/albusgive/rlfw/rlfw_deploy/src/CommunicationCenter/motor_driver/DMMotor.h:50:13:\x1b[m\x1b[K \x1b[01;36m\x1b[Knote: \x1b[m\x1b[K  by \xe2\x80\x98\x1b[01m\x1b[Kvirtual MotorBack DMMotor::\x1b[01;32m\x1b[Kdecode\x1b[m\x1b[K(CANMSG)\x1b[m\x1b[K\xe2\x80\x99\n'}
[0.493646] (CommunicationCenter) StderrLine: {'line': b'   50 |   MotorBack \x1b[01;36m\x1b[Kdecode\x1b[m\x1b[K(CANMSG msg) override;\n'}
[0.493667] (CommunicationCenter) StderrLine: {'line': b'      |             \x1b[01;36m\x1b[K^~~~~~\x1b[m\x1b[K\n'}
[0.493687] (CommunicationCenter) StderrLine: {'line': b'\x1b[01m\x1b[K/home/albusgive/rlfw/rlfw_deploy/src/CommunicationCenter/motor_driver/DMMotor.h:\x1b[m\x1b[K In member function \xe2\x80\x98\x1b[01m\x1b[Kvirtual DMCANMsg* DMMotor::\x1b[01;32m\x1b[KsetVelKP\x1b[m\x1b[K(uint8_t, float)\x1b[m\x1b[K\xe2\x80\x99:\n'}
[0.493706] (CommunicationCenter) StderrLine: {'line': b'\x1b[01m\x1b[K/home/albusgive/rlfw/rlfw_deploy/src/CommunicationCenter/motor_driver/DMMotor.h:73:30:\x1b[m\x1b[K \x1b[01;35m\x1b[Kwarning: \x1b[m\x1b[Kunused parameter \xe2\x80\x98\x1b[01m\x1b[Kmotor_id\x1b[m\x1b[K\xe2\x80\x99 [\x1b[01;35m\x1b[K\x1b]8;;https://gcc.gnu.org/onlinedocs/gcc/Warning-Options.html#index-Wunused-parameter\x07-Wunused-parameter\x1b]8;;\x07\x1b[m\x1b[K]\n'}
[0.493726] (CommunicationCenter) StderrLine: {'line': b'   73 |   DMCANMsg *setVelKP(\x1b[01;35m\x1b[Kuint8_t motor_id\x1b[m\x1b[K, float kp) override { return nullptr; };\n'}
[0.493749] (CommunicationCenter) StderrLine: {'line': b'      |                      \x1b[01;35m\x1b[K~~~~~~~~^~~~~~~~\x1b[m\x1b[K\n'}
[0.493769] (CommunicationCenter) StderrLine: {'line': b'\x1b[01m\x1b[K/home/albusgive/rlfw/rlfw_deploy/src/CommunicationCenter/motor_driver/DMMotor.h:73:46:\x1b[m\x1b[K \x1b[01;35m\x1b[Kwarning: \x1b[m\x1b[Kunused parameter \xe2\x80\x98\x1b[01m\x1b[Kkp\x1b[m\x1b[K\xe2\x80\x99 [\x1b[01;35m\x1b[K\x1b]8;;https://gcc.gnu.org/onlinedocs/gcc/Warning-Options.html#index-Wunused-parameter\x07-Wunused-parameter\x1b]8;;\x07\x1b[m\x1b[K]\n'}
[0.493790] (CommunicationCenter) StderrLine: {'line': b'   73 |   DMCANMsg *setVelKP(uint8_t motor_id, \x1b[01;35m\x1b[Kfloat kp\x1b[m\x1b[K) override { return nullptr; };\n'}
[0.493810] (CommunicationCenter) StderrLine: {'line': b'      |                                        \x1b[01;35m\x1b[K~~~~~~^~\x1b[m\x1b[K\n'}
[0.493829] (CommunicationCenter) StderrLine: {'line': b'\x1b[01m\x1b[K/home/albusgive/rlfw/rlfw_deploy/src/CommunicationCenter/motor_driver/DMMotor.h:\x1b[m\x1b[K In member function \xe2\x80\x98\x1b[01m\x1b[Kvirtual DMCANMsg* DMMotor::\x1b[01;32m\x1b[KsetVelKI\x1b[m\x1b[K(uint8_t, float)\x1b[m\x1b[K\xe2\x80\x99:\n'}
[0.493849] (CommunicationCenter) StderrLine: {'line': b'\x1b[01m\x1b[K/home/albusgive/rlfw/rlfw_deploy/src/CommunicationCenter/motor_driver/DMMotor.h:74:30:\x1b[m\x1b[K \x1b[01;35m\x1b[Kwarning: \x1b[m\x1b[Kunused parameter \xe2\x80\x98\x1b[01m\x1b[Kmotor_id\x1b[m\x1b[K\xe2\x80\x99 [\x1b[01;35m\x1b[K\x1b]8;;https://gcc.gnu.org/onlinedocs/gcc/Warning-Options.html#index-Wunused-parameter\x07-Wunused-parameter\x1b]8;;\x07\x1b[m\x1b[K]\n'}
[0.493877] (CommunicationCenter) StderrLine: {'line': b'   74 |   DMCANMsg *setVelKI(\x1b[01;35m\x1b[Kuint8_t motor_id\x1b[m\x1b[K, float ki) override { return nullptr; };\n'}
[0.493898] (CommunicationCenter) StderrLine: {'line': b'      |                      \x1b[01;35m\x1b[K~~~~~~~~^~~~~~~~\x1b[m\x1b[K\n'}
[0.493917] (CommunicationCenter) StderrLine: {'line': b'\x1b[01m\x1b[K/home/albusgive/rlfw/rlfw_deploy/src/CommunicationCenter/motor_driver/DMMotor.h:74:46:\x1b[m\x1b[K \x1b[01;35m\x1b[Kwarning: \x1b[m\x1b[Kunused parameter \xe2\x80\x98\x1b[01m\x1b[Kki\x1b[m\x1b[K\xe2\x80\x99 [\x1b[01;35m\x1b[K\x1b]8;;https://gcc.gnu.org/onlinedocs/gcc/Warning-Options.html#index-Wunused-parameter\x07-Wunused-parameter\x1b]8;;\x07\x1b[m\x1b[K]\n'}
[0.493941] (CommunicationCenter) StderrLine: {'line': b'   74 |   DMCANMsg *setVelKI(uint8_t motor_id, \x1b[01;35m\x1b[Kfloat ki\x1b[m\x1b[K) override { return nullptr; };\n'}
[0.493962] (CommunicationCenter) StderrLine: {'line': b'      |                                        \x1b[01;35m\x1b[K~~~~~~^~\x1b[m\x1b[K\n'}
[0.493981] (CommunicationCenter) StderrLine: {'line': b'\x1b[01m\x1b[K/home/albusgive/rlfw/rlfw_deploy/src/CommunicationCenter/motor_driver/DMMotor.h:\x1b[m\x1b[K In member function \xe2\x80\x98\x1b[01m\x1b[Kvirtual DMCANMsg* DMMotor::\x1b[01;32m\x1b[KsetCtrlType\x1b[m\x1b[K(uint8_t)\x1b[m\x1b[K\xe2\x80\x99:\n'}
[0.494003] (CommunicationCenter) StderrLine: {'line': b'\x1b[01m\x1b[K/home/albusgive/rlfw/rlfw_deploy/src/CommunicationCenter/motor_driver/DMMotor.h:55:33:\x1b[m\x1b[K \x1b[01;35m\x1b[Kwarning: \x1b[m\x1b[Kunused parameter \xe2\x80\x98\x1b[01m\x1b[Kmotor_id\x1b[m\x1b[K\xe2\x80\x99 [\x1b[01;35m\x1b[K\x1b]8;;https://gcc.gnu.org/onlinedocs/gcc/Warning-Options.html#index-Wunused-parameter\x07-Wunused-parameter\x1b]8;;\x07\x1b[m\x1b[K]\n'}
[0.494047] (CommunicationCenter) StderrLine: {'line': b'   55 |   DMCANMsg *setCtrlType(\x1b[01;35m\x1b[Kuint8_t motor_id\x1b[m\x1b[K) override { return nullptr; };\n'}
[0.494070] (CommunicationCenter) StderrLine: {'line': b'      |                         \x1b[01;35m\x1b[K~~~~~~~~^~~~~~~~\x1b[m\x1b[K\n'}
[0.494110] (CommunicationCenter) StderrLine: {'line': b'\x1b[01m\x1b[K/home/albusgive/rlfw/rlfw_deploy/src/CommunicationCenter/motor_driver/DMMotor.h:\x1b[m\x1b[K In member function \xe2\x80\x98\x1b[01m\x1b[Kvirtual DMCANMsg* DMMotor::\x1b[01;32m\x1b[KsetTorqueKP\x1b[m\x1b[K(uint8_t, float)\x1b[m\x1b[K\xe2\x80\x99:\n'}
[0.494136] (CommunicationCenter) StderrLine: {'line': b'\x1b[01m\x1b[K/home/albusgive/rlfw/rlfw_deploy/src/CommunicationCenter/motor_driver/DMMotor.h:76:33:\x1b[m\x1b[K \x1b[01;35m\x1b[Kwarning: \x1b[m\x1b[Kunused parameter \xe2\x80\x98\x1b[01m\x1b[Kmotor_id\x1b[m\x1b[K\xe2\x80\x99 [\x1b[01;35m\x1b[K\x1b]8;;https://gcc.gnu.org/onlinedocs/gcc/Warning-Options.html#index-Wunused-parameter\x07-Wunused-parameter\x1b]8;;\x07\x1b[m\x1b[K]\n'}
[0.494190] (CommunicationCenter) StderrLine: {'line': b'   76 |   DMCANMsg *setTorqueKP(\x1b[01;35m\x1b[Kuint8_t motor_id\x1b[m\x1b[K, float kp) override {\n'}
[0.494214] (CommunicationCenter) StderrLine: {'line': b'      |                         \x1b[01;35m\x1b[K~~~~~~~~^~~~~~~~\x1b[m\x1b[K\n'}
[0.494236] (CommunicationCenter) StderrLine: {'line': b'\x1b[01m\x1b[K/home/albusgive/rlfw/rlfw_deploy/src/CommunicationCenter/motor_driver/DMMotor.h:\x1b[m\x1b[K In member function \xe2\x80\x98\x1b[01m\x1b[Kvirtual DMCANMsg* DMMotor::\x1b[01;32m\x1b[Kctrl_pos\x1b[m\x1b[K(uint8_t, float)\x1b[m\x1b[K\xe2\x80\x99:\n'}
[0.494258] (CommunicationCenter) StderrLine: {'line': b'\x1b[01m\x1b[K/home/albusgive/rlfw/rlfw_deploy/src/CommunicationCenter/motor_driver/DMMotor.h:57:30:\x1b[m\x1b[K \x1b[01;35m\x1b[Kwarning: \x1b[m\x1b[Kunused parameter \xe2\x80\x98\x1b[01m\x1b[Kmotor_id\x1b[m\x1b[K\xe2\x80\x99 [\x1b[01;35m\x1b[K\x1b]8;;https://gcc.gnu.org/onlinedocs/gcc/Warning-Options.html#index-Wunused-parameter\x07-Wunused-parameter\x1b]8;;\x07\x1b[m\x1b[K]\n'}
[0.494281] (CommunicationCenter) StderrLine: {'line': b'   57 |   DMCANMsg *ctrl_pos(\x1b[01;35m\x1b[Kuint8_t motor_id\x1b[m\x1b[K, float pos) override { return nullptr; };\n'}
[0.494302] (CommunicationCenter) StderrLine: {'line': b'      |                      \x1b[01;35m\x1b[K~~~~~~~~^~~~~~~~\x1b[m\x1b[K\n'}
[0.494325] (CommunicationCenter) StderrLine: {'line': b'\x1b[01m\x1b[K/home/albusgive/rlfw/rlfw_deploy/src/CommunicationCenter/motor_driver/DMMotor.h:76:49:\x1b[m\x1b[K \x1b[01;35m\x1b[Kwarning: \x1b[m\x1b[Kunused parameter \xe2\x80\x98\x1b[01m\x1b[Kkp\x1b[m\x1b[K\xe2\x80\x99 [\x1b[01;35m\x1b[K\x1b]8;;https://gcc.gnu.org/onlinedocs/gcc/Warning-Options.html#index-Wunused-parameter\x07-Wunused-parameter\x1b]8;;\x07\x1b[m\x1b[K]\n'}
[0.494440] (CommunicationCenter) StderrLine: {'line': b'   76 |   DMCANMsg *setTorqueKP(uint8_t motor_id, \x1b[01;35m\x1b[Kfloat kp\x1b[m\x1b[K) override {\n'}
[0.494465] (CommunicationCenter) StderrLine: {'line': b'      |                                           \x1b[01;35m\x1b[K~~~~~~^~\x1b[m\x1b[K\n'}
[0.494487] (CommunicationCenter) StderrLine: {'line': b'\x1b[01m\x1b[K/home/albusgive/rlfw/rlfw_deploy/src/CommunicationCenter/motor_driver/DMMotor.h:57:46:\x1b[m\x1b[K \x1b[01;35m\x1b[Kwarning: \x1b[m\x1b[Kunused parameter \xe2\x80\x98\x1b[01m\x1b[Kpos\x1b[m\x1b[K\xe2\x80\x99 [\x1b[01;35m\x1b[K\x1b]8;;https://gcc.gnu.org/onlinedocs/gcc/Warning-Options.html#index-Wunused-parameter\x07-Wunused-parameter\x1b]8;;\x07\x1b[m\x1b[K]\n'}
[0.494510] (CommunicationCenter) StderrLine: {'line': b'   57 |   DMCANMsg *ctrl_pos(uint8_t motor_id, \x1b[01;35m\x1b[Kfloat pos\x1b[m\x1b[K) override { return nullptr; };\n'}
[0.494533] (CommunicationCenter) StderrLine: {'line': b'      |                                        \x1b[01;35m\x1b[K~~~~~~^~~\x1b[m\x1b[K\n'}
[0.494555] (CommunicationCenter) StderrLine: {'line': b'\x1b[01m\x1b[K/home/albusgive/rlfw/rlfw_deploy/src/CommunicationCenter/motor_driver/DMMotor.h:\x1b[m\x1b[K In member function \xe2\x80\x98\x1b[01m\x1b[Kvirtual DMCANMsg* DMMotor::\x1b[01;32m\x1b[KsetTorqueKI\x1b[m\x1b[K(uint8_t, float)\x1b[m\x1b[K\xe2\x80\x99:\n'}
[0.494578] (CommunicationCenter) StderrLine: {'line': b'\x1b[01m\x1b[K/home/albusgive/rlfw/rlfw_deploy/src/CommunicationCenter/motor_driver/DMMotor.h:79:33:\x1b[m\x1b[K \x1b[01;35m\x1b[Kwarning: \x1b[m\x1b[Kunused parameter \xe2\x80\x98\x1b[01m\x1b[Kmotor_id\x1b[m\x1b[K\xe2\x80\x99 [\x1b[01;35m\x1b[K\x1b]8;;https://gcc.gnu.org/onlinedocs/gcc/Warning-Options.html#index-Wunused-parameter\x07-Wunused-parameter\x1b]8;;\x07\x1b[m\x1b[K]\n'}
[0.494602] (CommunicationCenter) StderrLine: {'line': b'   79 |   DMCANMsg *setTorqueKI(\x1b[01;35m\x1b[Kuint8_t motor_id\x1b[m\x1b[K, float ki) override {\n'}
[0.494624] (CommunicationCenter) StderrLine: {'line': b'      |                         \x1b[01;35m\x1b[K~~~~~~~~^~~~~~~~\x1b[m\x1b[K\n'}
[0.494646] (CommunicationCenter) StderrLine: {'line': b'\x1b[01m\x1b[K/home/albusgive/rlfw/rlfw_deploy/src/CommunicationCenter/motor_driver/DMMotor.h:\x1b[m\x1b[K In member function \xe2\x80\x98\x1b[01m\x1b[Kvirtual DMCANMsg* DMMotor::\x1b[01;32m\x1b[Kctrl_vel\x1b[m\x1b[K(uint8_t, float)\x1b[m\x1b[K\xe2\x80\x99:\n'}
[0.494670] (CommunicationCenter) StderrLine: {'line': b'\x1b[01m\x1b[K/home/albusgive/rlfw/rlfw_deploy/src/CommunicationCenter/motor_driver/DMMotor.h:59:30:\x1b[m\x1b[K \x1b[01;35m\x1b[Kwarning: \x1b[m\x1b[Kunused parameter \xe2\x80\x98\x1b[01m\x1b[Kmotor_id\x1b[m\x1b[K\xe2\x80\x99 [\x1b[01;35m\x1b[K\x1b]8;;https://gcc.gnu.org/onlinedocs/gcc/Warning-Options.html#index-Wunused-parameter\x07-Wunused-parameter\x1b]8;;\x07\x1b[m\x1b[K]\n'}
[0.494692] (CommunicationCenter) StderrLine: {'line': b'   59 |   DMCANMsg *ctrl_vel(\x1b[01;35m\x1b[Kuint8_t motor_id\x1b[m\x1b[K, float vel) override { return nullptr; };\n'}
[0.494714] (CommunicationCenter) StderrLine: {'line': b'      |                      \x1b[01;35m\x1b[K~~~~~~~~^~~~~~~~\x1b[m\x1b[K\n'}
[0.494737] (CommunicationCenter) StderrLine: {'line': b'\x1b[01m\x1b[K/home/albusgive/rlfw/rlfw_deploy/src/CommunicationCenter/motor_driver/DMMotor.h:79:49:\x1b[m\x1b[K \x1b[01;35m\x1b[Kwarning: \x1b[m\x1b[Kunused parameter \xe2\x80\x98\x1b[01m\x1b[Kki\x1b[m\x1b[K\xe2\x80\x99 [\x1b[01;35m\x1b[K\x1b]8;;https://gcc.gnu.org/onlinedocs/gcc/Warning-Options.html#index-Wunused-parameter\x07-Wunused-parameter\x1b]8;;\x07\x1b[m\x1b[K]\n'}
[0.494762] (CommunicationCenter) StderrLine: {'line': b'   79 |   DMCANMsg *setTorqueKI(uint8_t motor_id, \x1b[01;35m\x1b[Kfloat ki\x1b[m\x1b[K) override {\n'}
[0.494784] (CommunicationCenter) StderrLine: {'line': b'      |                                           \x1b[01;35m\x1b[K~~~~~~^~\x1b[m\x1b[K\n'}
[0.494805] (CommunicationCenter) StderrLine: {'line': b'\x1b[01m\x1b[K/home/albusgive/rlfw/rlfw_deploy/src/CommunicationCenter/motor_driver/DMMotor.h:59:46:\x1b[m\x1b[K \x1b[01;35m\x1b[Kwarning: \x1b[m\x1b[Kunused parameter \xe2\x80\x98\x1b[01m\x1b[Kvel\x1b[m\x1b[K\xe2\x80\x99 [\x1b[01;35m\x1b[K\x1b]8;;https://gcc.gnu.org/onlinedocs/gcc/Warning-Options.html#index-Wunused-parameter\x07-Wunused-parameter\x1b]8;;\x07\x1b[m\x1b[K]\n'}
[0.494827] (CommunicationCenter) StderrLine: {'line': b'   59 |   DMCANMsg *ctrl_vel(uint8_t motor_id, \x1b[01;35m\x1b[Kfloat vel\x1b[m\x1b[K) override { return nullptr; };\n'}
[0.494848] (CommunicationCenter) StderrLine: {'line': b'      |                                        \x1b[01;35m\x1b[K~~~~~~^~~\x1b[m\x1b[K\n'}
[0.494876] (CommunicationCenter) StderrLine: {'line': b'\x1b[01m\x1b[K/home/albusgive/rlfw/rlfw_deploy/src/CommunicationCenter/motor_driver/DMMotor.h:\x1b[m\x1b[K In member function \xe2\x80\x98\x1b[01m\x1b[Kvirtual DMCANMsg* DMMotor::\x1b[01;32m\x1b[KsetSafeTorque\x1b[m\x1b[K(uint8_t, float)\x1b[m\x1b[K\xe2\x80\x99:\n'}
[0.494902] (CommunicationCenter) StderrLine: {'line': b'\x1b[01m\x1b[K/home/albusgive/rlfw/rlfw_deploy/src/CommunicationCenter/motor_driver/DMMotor.h:83:35:\x1b[m\x1b[K \x1b[01;35m\x1b[Kwarning: \x1b[m\x1b[Kunused parameter \xe2\x80\x98\x1b[01m\x1b[Kmotor_id\x1b[m\x1b[K\xe2\x80\x99 [\x1b[01;35m\x1b[K\x1b]8;;https://gcc.gnu.org/onlinedocs/gcc/Warning-Options.html#index-Wunused-parameter\x07-Wunused-parameter\x1b]8;;\x07\x1b[m\x1b[K]\n'}
[0.494991] (CommunicationCenter) StderrLine: {'line': b'   83 |   DMCANMsg *setSafeTorque(\x1b[01;35m\x1b[Kuint8_t motor_id\x1b[m\x1b[K, float torque) override {\n'}
[0.495014] (CommunicationCenter) StderrLine: {'line': b'      |                           \x1b[01;35m\x1b[K~~~~~~~~^~~~~~~~\x1b[m\x1b[K\n'}
[0.495036] (CommunicationCenter) StderrLine: {'line': b'\x1b[01m\x1b[K/home/albusgive/rlfw/rlfw_deploy/src/CommunicationCenter/motor_driver/DMMotor.h:\x1b[m\x1b[K In member function \xe2\x80\x98\x1b[01m\x1b[Kvirtual DMCANMsg* DMMotor::\x1b[01;32m\x1b[Kctrl_pos_vel\x1b[m\x1b[K(uint8_t, float, float)\x1b[m\x1b[K\xe2\x80\x99:\n'}
[0.495061] (CommunicationCenter) StderrLine: {'line': b'\x1b[01m\x1b[K/home/albusgive/rlfw/rlfw_deploy/src/CommunicationCenter/motor_driver/DMMotor.h:61:34:\x1b[m\x1b[K \x1b[01;35m\x1b[Kwarning: \x1b[m\x1b[Kunused parameter \xe2\x80\x98\x1b[01m\x1b[Kmotor_id\x1b[m\x1b[K\xe2\x80\x99 [\x1b[01;35m\x1b[K\x1b]8;;https://gcc.gnu.org/onlinedocs/gcc/Warning-Options.html#index-Wunused-parameter\x07-Wunused-parameter\x1b]8;;\x07\x1b[m\x1b[K]\n'}
[0.495084] (CommunicationCenter) StderrLine: {'line': b'   61 |   DMCANMsg *ctrl_pos_vel(\x1b[01;35m\x1b[Kuint8_t motor_id\x1b[m\x1b[K, float pos, float vel) override {\n'}
[0.495105] (CommunicationCenter) StderrLine: {'line': b'      |                          \x1b[01;35m\x1b[K~~~~~~~~^~~~~~~~\x1b[m\x1b[K\n'}
[0.495128] (CommunicationCenter) StderrLine: {'line': b'\x1b[01m\x1b[K/home/albusgive/rlfw/rlfw_deploy/src/CommunicationCenter/motor_driver/DMMotor.h:83:51:\x1b[m\x1b[K \x1b[01;35m\x1b[Kwarning: \x1b[m\x1b[Kunused parameter \xe2\x80\x98\x1b[01m\x1b[Ktorque\x1b[m\x1b[K\xe2\x80\x99 [\x1b[01;35m\x1b[K\x1b]8;;https://gcc.gnu.org/onlinedocs/gcc/Warning-Options.html#index-Wunused-parameter\x07-Wunused-parameter\x1b]8;;\x07\x1b[m\x1b[K]\n'}
[0.495151] (CommunicationCenter) StderrLine: {'line': b'   83 |   DMCANMsg *setSafeTorque(uint8_t motor_id, \x1b[01;35m\x1b[Kfloat torque\x1b[m\x1b[K) override {\n'}
[0.495176] (CommunicationCenter) StderrLine: {'line': b'      |                                             \x1b[01;35m\x1b[K~~~~~~^~~~~~\x1b[m\x1b[K\n'}
[0.495198] (CommunicationCenter) StderrLine: {'line': b'\x1b[01m\x1b[K/home/albusgive/rlfw/rlfw_deploy/src/CommunicationCenter/motor_driver/DMMotor.h:61:50:\x1b[m\x1b[K \x1b[01;35m\x1b[Kwarning: \x1b[m\x1b[Kunused parameter \xe2\x80\x98\x1b[01m\x1b[Kpos\x1b[m\x1b[K\xe2\x80\x99 [\x1b[01;35m\x1b[K\x1b]8;;https://gcc.gnu.org/onlinedocs/gcc/Warning-Options.html#index-Wunused-parameter\x07-Wunused-parameter\x1b]8;;\x07\x1b[m\x1b[K]\n'}
[0.495219] (CommunicationCenter) StderrLine: {'line': b'   61 |   DMCANMsg *ctrl_pos_vel(uint8_t motor_id, \x1b[01;35m\x1b[Kfloat pos\x1b[m\x1b[K, float vel) override {\n'}
[0.495241] (CommunicationCenter) StderrLine: {'line': b'      |                                            \x1b[01;35m\x1b[K~~~~~~^~~\x1b[m\x1b[K\n'}
[0.495261] (CommunicationCenter) StderrLine: {'line': b'\x1b[01m\x1b[K/home/albusgive/rlfw/rlfw_deploy/src/CommunicationCenter/motor_driver/DMMotor.h:61:61:\x1b[m\x1b[K \x1b[01;35m\x1b[Kwarning: \x1b[m\x1b[Kunused parameter \xe2\x80\x98\x1b[01m\x1b[Kvel\x1b[m\x1b[K\xe2\x80\x99 [\x1b[01;35m\x1b[K\x1b]8;;https://gcc.gnu.org/onlinedocs/gcc/Warning-Options.html#index-Wunused-parameter\x07-Wunused-parameter\x1b]8;;\x07\x1b[m\x1b[K]\n'}
[0.495421] (CommunicationCenter) StderrLine: {'line': b'   61 |   DMCANMsg *ctrl_pos_vel(uint8_t motor_id, float pos, \x1b[01;35m\x1b[Kfloat vel\x1b[m\x1b[K) override {\n'}
[0.495446] (CommunicationCenter) StderrLine: {'line': b'      |                                                       \x1b[01;35m\x1b[K~~~~~~^~~\x1b[m\x1b[K\n'}
[0.495539] (CommunicationCenter) StderrLine: {'line': b'\x1b[01m\x1b[K/home/albusgive/rlfw/rlfw_deploy/src/CommunicationCenter/motor_driver/DMMotor.h:\x1b[m\x1b[K In member function \xe2\x80\x98\x1b[01m\x1b[Kvirtual DMCANMsg* DMMotor::\x1b[01;32m\x1b[KsetSafePos\x1b[m\x1b[K(uint8_t, float)\x1b[m\x1b[K\xe2\x80\x99:\n'}
[0.495564] (CommunicationCenter) StderrLine: {'line': b'\x1b[01m\x1b[K/home/albusgive/rlfw/rlfw_deploy/src/CommunicationCenter/motor_driver/DMMotor.h:86:32:\x1b[m\x1b[K \x1b[01;35m\x1b[Kwarning: \x1b[m\x1b[Kunused parameter \xe2\x80\x98\x1b[01m\x1b[Kmotor_id\x1b[m\x1b[K\xe2\x80\x99 [\x1b[01;35m\x1b[K\x1b]8;;https://gcc.gnu.org/onlinedocs/gcc/Warning-Options.html#index-Wunused-parameter\x07-Wunused-parameter\x1b]8;;\x07\x1b[m\x1b[K]\n'}
[0.495589] (CommunicationCenter) StderrLine: {'line': b'   86 |   DMCANMsg *setSafePos(\x1b[01;35m\x1b[Kuint8_t motor_id\x1b[m\x1b[K, float pos) override {\n'}
[0.495746] (CommunicationCenter) StderrLine: {'line': b'      |                        \x1b[01;35m\x1b[K~~~~~~~~^~~~~~~~\x1b[m\x1b[K\n'}
[0.495773] (CommunicationCenter) StderrLine: {'line': b'\x1b[01m\x1b[K/home/albusgive/rlfw/rlfw_deploy/src/CommunicationCenter/motor_driver/DMMotor.h:86:48:\x1b[m\x1b[K \x1b[01;35m\x1b[Kwarning: \x1b[m\x1b[Kunused parameter \xe2\x80\x98\x1b[01m\x1b[Kpos\x1b[m\x1b[K\xe2\x80\x99 [\x1b[01;35m\x1b[K\x1b]8;;https://gcc.gnu.org/onlinedocs/gcc/Warning-Options.html#index-Wunused-parameter\x07-Wunused-parameter\x1b]8;;\x07\x1b[m\x1b[K]\n'}
[0.495799] (CommunicationCenter) StderrLine: {'line': b'   86 |   DMCANMsg *setSafePos(uint8_t motor_id, \x1b[01;35m\x1b[Kfloat pos\x1b[m\x1b[K) override {\n'}
[0.495823] (CommunicationCenter) StderrLine: {'line': b'      |                                          \x1b[01;35m\x1b[K~~~~~~^~~\x1b[m\x1b[K\n'}
[0.495846] (CommunicationCenter) StderrLine: {'line': b'\x1b[01m\x1b[K/home/albusgive/rlfw/rlfw_deploy/src/CommunicationCenter/motor_driver/DMMotor.h:\x1b[m\x1b[K In member function \xe2\x80\x98\x1b[01m\x1b[Kvirtual DMCANMsg* DMMotor::\x1b[01;32m\x1b[Kctrl_torque\x1b[m\x1b[K(uint8_t, float)\x1b[m\x1b[K\xe2\x80\x99:\n'}
[0.495873] (CommunicationCenter) StderrLine: {'line': b'\x1b[01m\x1b[K/home/albusgive/rlfw/rlfw_deploy/src/CommunicationCenter/motor_driver/DMMotor.h:65:33:\x1b[m\x1b[K \x1b[01;35m\x1b[Kwarning: \x1b[m\x1b[Kunused parameter \xe2\x80\x98\x1b[01m\x1b[Kmotor_id\x1b[m\x1b[K\xe2\x80\x99 [\x1b[01;35m\x1b[K\x1b]8;;https://gcc.gnu.org/onlinedocs/gcc/Warning-Options.html#index-Wunused-parameter\x07-Wunused-parameter\x1b]8;;\x07\x1b[m\x1b[K]\n'}
[0.495899] (CommunicationCenter) StderrLine: {'line': b'   65 |   DMCANMsg *ctrl_torque(\x1b[01;35m\x1b[Kuint8_t motor_id\x1b[m\x1b[K, float torque) override {\n'}
[0.495924] (CommunicationCenter) StderrLine: {'line': b'      |                         \x1b[01;35m\x1b[K~~~~~~~~^~~~~~~~\x1b[m\x1b[K\n'}
[0.495945] (CommunicationCenter) StderrLine: {'line': b'\x1b[01m\x1b[K/home/albusgive/rlfw/rlfw_deploy/src/CommunicationCenter/motor_driver/DMMotor.h:65:49:\x1b[m\x1b[K \x1b[01;35m\x1b[Kwarning: \x1b[m\x1b[Kunused parameter \xe2\x80\x98\x1b[01m\x1b[Ktorque\x1b[m\x1b[K\xe2\x80\x99 [\x1b[01;35m\x1b[K\x1b]8;;https://gcc.gnu.org/onlinedocs/gcc/Warning-Options.html#index-Wunused-parameter\x07-Wunused-parameter\x1b]8;;\x07\x1b[m\x1b[K]\n'}
[0.495970] (CommunicationCenter) StderrLine: {'line': b'   65 |   DMCANMsg *ctrl_torque(uint8_t motor_id, \x1b[01;35m\x1b[Kfloat torque\x1b[m\x1b[K) override {\n'}
[0.495992] (CommunicationCenter) StderrLine: {'line': b'      |                                           \x1b[01;35m\x1b[K~~~~~~^~~~~~\x1b[m\x1b[K\n'}
[0.496014] (CommunicationCenter) StderrLine: {'line': b'\x1b[01m\x1b[K/home/albusgive/rlfw/rlfw_deploy/src/CommunicationCenter/motor_driver/DMMotor.h:\x1b[m\x1b[K In member function \xe2\x80\x98\x1b[01m\x1b[Kvirtual DMCANMsg* DMMotor::\x1b[01;32m\x1b[KsetSafeVel\x1b[m\x1b[K(uint8_t, float)\x1b[m\x1b[K\xe2\x80\x99:\n'}
[0.496037] (CommunicationCenter) StderrLine: {'line': b'\x1b[01m\x1b[K/home/albusgive/rlfw/rlfw_deploy/src/CommunicationCenter/motor_driver/DMMotor.h:89:32:\x1b[m\x1b[K \x1b[01;35m\x1b[Kwarning: \x1b[m\x1b[Kunused parameter \xe2\x80\x98\x1b[01m\x1b[Kmotor_id\x1b[m\x1b[K\xe2\x80\x99 [\x1b[01;35m\x1b[K\x1b]8;;https://gcc.gnu.org/onlinedocs/gcc/Warning-Options.html#index-Wunused-parameter\x07-Wunused-parameter\x1b]8;;\x07\x1b[m\x1b[K]\n'}
[0.496061] (CommunicationCenter) StderrLine: {'line': b'   89 |   DMCANMsg *setSafeVel(\x1b[01;35m\x1b[Kuint8_t motor_id\x1b[m\x1b[K, float vel) override {\n'}
[0.496132] (CommunicationCenter) StderrLine: {'line': b'      |                        \x1b[01;35m\x1b[K~~~~~~~~^~~~~~~~\x1b[m\x1b[K\n'}
[0.496153] (CommunicationCenter) StderrLine: {'line': b'\x1b[01m\x1b[K/home/albusgive/rlfw/rlfw_deploy/src/CommunicationCenter/motor_driver/DMMotor.h:89:48:\x1b[m\x1b[K \x1b[01;35m\x1b[Kwarning: \x1b[m\x1b[Kunused parameter \xe2\x80\x98\x1b[01m\x1b[Kvel\x1b[m\x1b[K\xe2\x80\x99 [\x1b[01;35m\x1b[K\x1b]8;;https://gcc.gnu.org/onlinedocs/gcc/Warning-Options.html#index-Wunused-parameter\x07-Wunused-parameter\x1b]8;;\x07\x1b[m\x1b[K]\n'}
[0.496177] (CommunicationCenter) StderrLine: {'line': b'   89 |   DMCANMsg *setSafeVel(uint8_t motor_id, \x1b[01;35m\x1b[Kfloat vel\x1b[m\x1b[K) override {\n'}
[0.496197] (CommunicationCenter) StderrLine: {'line': b'      |                                          \x1b[01;35m\x1b[K~~~~~~^~~\x1b[m\x1b[K\n'}
[0.496219] (CommunicationCenter) StderrLine: {'line': b'\x1b[01m\x1b[K/home/albusgive/rlfw/rlfw_deploy/src/CommunicationCenter/motor_driver/DMMotor.h:\x1b[m\x1b[K In member function \xe2\x80\x98\x1b[01m\x1b[Kvirtual DMCANMsg* DMMotor::\x1b[01;32m\x1b[KsetPosKP\x1b[m\x1b[K(uint8_t, float)\x1b[m\x1b[K\xe2\x80\x99:\n'}
[0.496240] (CommunicationCenter) StderrLine: {'line': b'\x1b[01m\x1b[K/home/albusgive/rlfw/rlfw_deploy/src/CommunicationCenter/motor_driver/DMMotor.h:70:30:\x1b[m\x1b[K \x1b[01;35m\x1b[Kwarning: \x1b[m\x1b[Kunused parameter \xe2\x80\x98\x1b[01m\x1b[Kmotor_id\x1b[m\x1b[K\xe2\x80\x99 [\x1b[01;35m\x1b[K\x1b]8;;https://gcc.gnu.org/onlinedocs/gcc/Warning-Options.html#index-Wunused-parameter\x07-Wunused-parameter\x1b]8;;\x07\x1b[m\x1b[K]\n'}
[0.496262] (CommunicationCenter) StderrLine: {'line': b'   70 |   DMCANMsg *setPosKP(\x1b[01;35m\x1b[Kuint8_t motor_id\x1b[m\x1b[K, float kp) override { return nullptr; };\n'}
[0.496286] (CommunicationCenter) StderrLine: {'line': b'      |                      \x1b[01;35m\x1b[K~~~~~~~~^~~~~~~~\x1b[m\x1b[K\n'}
[0.496309] (CommunicationCenter) StderrLine: {'line': b'\x1b[01m\x1b[K/home/albusgive/rlfw/rlfw_deploy/src/CommunicationCenter/motor_driver/DMMotor.h:70:46:\x1b[m\x1b[K \x1b[01;35m\x1b[Kwarning: \x1b[m\x1b[Kunused parameter \xe2\x80\x98\x1b[01m\x1b[Kkp\x1b[m\x1b[K\xe2\x80\x99 [\x1b[01;35m\x1b[K\x1b]8;;https://gcc.gnu.org/onlinedocs/gcc/Warning-Options.html#index-Wunused-parameter\x07-Wunused-parameter\x1b]8;;\x07\x1b[m\x1b[K]\n'}
[0.496329] (CommunicationCenter) StderrLine: {'line': b'   70 |   DMCANMsg *setPosKP(uint8_t motor_id, \x1b[01;35m\x1b[Kfloat kp\x1b[m\x1b[K) override { return nullptr; };\n'}
[0.496351] (CommunicationCenter) StderrLine: {'line': b'      |                                        \x1b[01;35m\x1b[K~~~~~~^~\x1b[m\x1b[K\n'}
[0.496370] (CommunicationCenter) StderrLine: {'line': b'\x1b[01m\x1b[K/home/albusgive/rlfw/rlfw_deploy/src/CommunicationCenter/motor_driver/DMMotor.h:\x1b[m\x1b[K In member function \xe2\x80\x98\x1b[01m\x1b[Kvirtual DMCANMsg* DMMotor::\x1b[01;32m\x1b[KsetPosKD\x1b[m\x1b[K(uint8_t, float)\x1b[m\x1b[K\xe2\x80\x99:\n'}
[0.496390] (CommunicationCenter) StderrLine: {'line': b'\x1b[01m\x1b[K/home/albusgive/rlfw/rlfw_deploy/src/CommunicationCenter/motor_driver/DMMotor.h:71:30:\x1b[m\x1b[K \x1b[01;35m\x1b[Kwarning: \x1b[m\x1b[Kunused parameter \xe2\x80\x98\x1b[01m\x1b[Kmotor_id\x1b[m\x1b[K\xe2\x80\x99 [\x1b[01;35m\x1b[K\x1b]8;;https://gcc.gnu.org/onlinedocs/gcc/Warning-Options.html#index-Wunused-parameter\x07-Wunused-parameter\x1b]8;;\x07\x1b[m\x1b[K]\n'}
[0.496410] (CommunicationCenter) StderrLine: {'line': b'   71 |   DMCANMsg *setPosKD(\x1b[01;35m\x1b[Kuint8_t motor_id\x1b[m\x1b[K, float kd) override { return nullptr; };\n'}
[0.496430] (CommunicationCenter) StderrLine: {'line': b'      |                      \x1b[01;35m\x1b[K~~~~~~~~^~~~~~~~\x1b[m\x1b[K\n'}
[0.496450] (CommunicationCenter) StderrLine: {'line': b'\x1b[01m\x1b[K/home/albusgive/rlfw/rlfw_deploy/src/CommunicationCenter/motor_driver/DMMotor.h:71:46:\x1b[m\x1b[K \x1b[01;35m\x1b[Kwarning: \x1b[m\x1b[Kunused parameter \xe2\x80\x98\x1b[01m\x1b[Kkd\x1b[m\x1b[K\xe2\x80\x99 [\x1b[01;35m\x1b[K\x1b]8;;https://gcc.gnu.org/onlinedocs/gcc/Warning-Options.html#index-Wunused-parameter\x07-Wunused-parameter\x1b]8;;\x07\x1b[m\x1b[K]\n'}
[0.496472] (CommunicationCenter) StderrLine: {'line': b'   71 |   DMCANMsg *setPosKD(uint8_t motor_id, \x1b[01;35m\x1b[Kfloat kd\x1b[m\x1b[K) override { return nullptr; };\n'}
[0.496492] (CommunicationCenter) StderrLine: {'line': b'      |                                        \x1b[01;35m\x1b[K~~~~~~^~\x1b[m\x1b[K\n'}
[0.496514] (CommunicationCenter) StderrLine: {'line': b'\x1b[01m\x1b[K/home/albusgive/rlfw/rlfw_deploy/src/CommunicationCenter/motor_driver/DMMotor.h:\x1b[m\x1b[K In member function \xe2\x80\x98\x1b[01m\x1b[Kvirtual DMCANMsg* DMMotor::\x1b[01;32m\x1b[KsetVelKP\x1b[m\x1b[K(uint8_t, float)\x1b[m\x1b[K\xe2\x80\x99:\n'}
[0.496536] (CommunicationCenter) StderrLine: {'line': b'\x1b[01m\x1b[K/home/albusgive/rlfw/rlfw_deploy/src/CommunicationCenter/motor_driver/DMMotor.h:73:30:\x1b[m\x1b[K \x1b[01;35m\x1b[Kwarning: \x1b[m\x1b[Kunused parameter \xe2\x80\x98\x1b[01m\x1b[Kmotor_id\x1b[m\x1b[K\xe2\x80\x99 [\x1b[01;35m\x1b[K\x1b]8;;https://gcc.gnu.org/onlinedocs/gcc/Warning-Options.html#index-Wunused-parameter\x07-Wunused-parameter\x1b]8;;\x07\x1b[m\x1b[K]\n'}
[0.496560] (CommunicationCenter) StderrLine: {'line': b'   73 |   DMCANMsg *setVelKP(\x1b[01;35m\x1b[Kuint8_t motor_id\x1b[m\x1b[K, float kp) override { return nullptr; };\n'}
[0.496581] (CommunicationCenter) StderrLine: {'line': b'      |                      \x1b[01;35m\x1b[K~~~~~~~~^~~~~~~~\x1b[m\x1b[K\n'}
[0.496603] (CommunicationCenter) StderrLine: {'line': b'\x1b[01m\x1b[K/home/albusgive/rlfw/rlfw_deploy/src/CommunicationCenter/motor_driver/DMMotor.h:73:46:\x1b[m\x1b[K \x1b[01;35m\x1b[Kwarning: \x1b[m\x1b[Kunused parameter \xe2\x80\x98\x1b[01m\x1b[Kkp\x1b[m\x1b[K\xe2\x80\x99 [\x1b[01;35m\x1b[K\x1b]8;;https://gcc.gnu.org/onlinedocs/gcc/Warning-Options.html#index-Wunused-parameter\x07-Wunused-parameter\x1b]8;;\x07\x1b[m\x1b[K]\n'}
[0.496624] (CommunicationCenter) StderrLine: {'line': b'   73 |   DMCANMsg *setVelKP(uint8_t motor_id, \x1b[01;35m\x1b[Kfloat kp\x1b[m\x1b[K) override { return nullptr; };\n'}
[0.496645] (CommunicationCenter) StderrLine: {'line': b'      |                                        \x1b[01;35m\x1b[K~~~~~~^~\x1b[m\x1b[K\n'}
[0.496666] (CommunicationCenter) StderrLine: {'line': b'\x1b[01m\x1b[K/home/albusgive/rlfw/rlfw_deploy/src/CommunicationCenter/motor_driver/DMMotor.h:\x1b[m\x1b[K In member function \xe2\x80\x98\x1b[01m\x1b[Kvirtual DMCANMsg* DMMotor::\x1b[01;32m\x1b[KsetVelKI\x1b[m\x1b[K(uint8_t, float)\x1b[m\x1b[K\xe2\x80\x99:\n'}
[0.496687] (CommunicationCenter) StderrLine: {'line': b'\x1b[01m\x1b[K/home/albusgive/rlfw/rlfw_deploy/src/CommunicationCenter/motor_driver/DMMotor.h:74:30:\x1b[m\x1b[K \x1b[01;35m\x1b[Kwarning: \x1b[m\x1b[Kunused parameter \xe2\x80\x98\x1b[01m\x1b[Kmotor_id\x1b[m\x1b[K\xe2\x80\x99 [\x1b[01;35m\x1b[K\x1b]8;;https://gcc.gnu.org/onlinedocs/gcc/Warning-Options.html#index-Wunused-parameter\x07-Wunused-parameter\x1b]8;;\x07\x1b[m\x1b[K]\n'}
[0.496708] (CommunicationCenter) StderrLine: {'line': b'   74 |   DMCANMsg *setVelKI(\x1b[01;35m\x1b[Kuint8_t motor_id\x1b[m\x1b[K, float ki) override { return nullptr; };\n'}
[0.496729] (CommunicationCenter) StderrLine: {'line': b'      |                      \x1b[01;35m\x1b[K~~~~~~~~^~~~~~~~\x1b[m\x1b[K\n'}
[0.496748] (CommunicationCenter) StderrLine: {'line': b'\x1b[01m\x1b[K/home/albusgive/rlfw/rlfw_deploy/src/CommunicationCenter/motor_driver/DMMotor.h:74:46:\x1b[m\x1b[K \x1b[01;35m\x1b[Kwarning: \x1b[m\x1b[Kunused parameter \xe2\x80\x98\x1b[01m\x1b[Kki\x1b[m\x1b[K\xe2\x80\x99 [\x1b[01;35m\x1b[K\x1b]8;;https://gcc.gnu.org/onlinedocs/gcc/Warning-Options.html#index-Wunused-parameter\x07-Wunused-parameter\x1b]8;;\x07\x1b[m\x1b[K]\n'}
[0.496769] (CommunicationCenter) StderrLine: {'line': b'   74 |   DMCANMsg *setVelKI(uint8_t motor_id, \x1b[01;35m\x1b[Kfloat ki\x1b[m\x1b[K) override { return nullptr; };\n'}
[0.496790] (CommunicationCenter) StderrLine: {'line': b'      |                                        \x1b[01;35m\x1b[K~~~~~~^~\x1b[m\x1b[K\n'}
[0.496812] (CommunicationCenter) StderrLine: {'line': b'\x1b[01m\x1b[K/home/albusgive/rlfw/rlfw_deploy/src/CommunicationCenter/motor_driver/DMMotor.h:\x1b[m\x1b[K In member function \xe2\x80\x98\x1b[01m\x1b[Kvirtual DMCANMsg* DMMotor::\x1b[01;32m\x1b[KsetTorqueKP\x1b[m\x1b[K(uint8_t, float)\x1b[m\x1b[K\xe2\x80\x99:\n'}
[0.496834] (CommunicationCenter) StderrLine: {'line': b'\x1b[01m\x1b[K/home/albusgive/rlfw/rlfw_deploy/src/CommunicationCenter/motor_driver/DMMotor.h:76:33:\x1b[m\x1b[K \x1b[01;35m\x1b[Kwarning: \x1b[m\x1b[Kunused parameter \xe2\x80\x98\x1b[01m\x1b[Kmotor_id\x1b[m\x1b[K\xe2\x80\x99 [\x1b[01;35m\x1b[K\x1b]8;;https://gcc.gnu.org/onlinedocs/gcc/Warning-Options.html#index-Wunused-parameter\x07-Wunused-parameter\x1b]8;;\x07\x1b[m\x1b[K]\n'}
[0.496858] (CommunicationCenter) StderrLine: {'line': b'   76 |   DMCANMsg *setTorqueKP(\x1b[01;35m\x1b[Kuint8_t motor_id\x1b[m\x1b[K, float kp) override {\n'}
[0.496886] (CommunicationCenter) StderrLine: {'line': b'      |                         \x1b[01;35m\x1b[K~~~~~~~~^~~~~~~~\x1b[m\x1b[K\n'}
[0.496908] (CommunicationCenter) StderrLine: {'line': b'\x1b[01m\x1b[K/home/albusgive/rlfw/rlfw_deploy/src/CommunicationCenter/motor_driver/DMMotor.h:76:49:\x1b[m\x1b[K \x1b[01;35m\x1b[Kwarning: \x1b[m\x1b[Kunused parameter \xe2\x80\x98\x1b[01m\x1b[Kkp\x1b[m\x1b[K\xe2\x80\x99 [\x1b[01;35m\x1b[K\x1b]8;;https://gcc.gnu.org/onlinedocs/gcc/Warning-Options.html#index-Wunused-parameter\x07-Wunused-parameter\x1b]8;;\x07\x1b[m\x1b[K]\n'}
[0.496929] (CommunicationCenter) StderrLine: {'line': b'   76 |   DMCANMsg *setTorqueKP(uint8_t motor_id, \x1b[01;35m\x1b[Kfloat kp\x1b[m\x1b[K) override {\n'}
[0.496948] (CommunicationCenter) StderrLine: {'line': b'      |                                           \x1b[01;35m\x1b[K~~~~~~^~\x1b[m\x1b[K\n'}
[0.496969] (CommunicationCenter) StderrLine: {'line': b'\x1b[01m\x1b[K/home/albusgive/rlfw/rlfw_deploy/src/CommunicationCenter/motor_driver/DMMotor.h:\x1b[m\x1b[K In member function \xe2\x80\x98\x1b[01m\x1b[Kvirtual DMCANMsg* DMMotor::\x1b[01;32m\x1b[KsetTorqueKI\x1b[m\x1b[K(uint8_t, float)\x1b[m\x1b[K\xe2\x80\x99:\n'}
[0.496990] (CommunicationCenter) StderrLine: {'line': b'\x1b[01m\x1b[K/home/albusgive/rlfw/rlfw_deploy/src/CommunicationCenter/motor_driver/DMMotor.h:79:33:\x1b[m\x1b[K \x1b[01;35m\x1b[Kwarning: \x1b[m\x1b[Kunused parameter \xe2\x80\x98\x1b[01m\x1b[Kmotor_id\x1b[m\x1b[K\xe2\x80\x99 [\x1b[01;35m\x1b[K\x1b]8;;https://gcc.gnu.org/onlinedocs/gcc/Warning-Options.html#index-Wunused-parameter\x07-Wunused-parameter\x1b]8;;\x07\x1b[m\x1b[K]\n'}
[0.497011] (CommunicationCenter) StderrLine: {'line': b'   79 |   DMCANMsg *setTorqueKI(\x1b[01;35m\x1b[Kuint8_t motor_id\x1b[m\x1b[K, float ki) override {\n'}
[0.497033] (CommunicationCenter) StderrLine: {'line': b'      |                         \x1b[01;35m\x1b[K~~~~~~~~^~~~~~~~\x1b[m\x1b[K\n'}
[0.497053] (CommunicationCenter) StderrLine: {'line': b'\x1b[01m\x1b[K/home/albusgive/rlfw/rlfw_deploy/src/CommunicationCenter/motor_driver/DMMotor.h:79:49:\x1b[m\x1b[K \x1b[01;35m\x1b[Kwarning: \x1b[m\x1b[Kunused parameter \xe2\x80\x98\x1b[01m\x1b[Kki\x1b[m\x1b[K\xe2\x80\x99 [\x1b[01;35m\x1b[K\x1b]8;;https://gcc.gnu.org/onlinedocs/gcc/Warning-Options.html#index-Wunused-parameter\x07-Wunused-parameter\x1b]8;;\x07\x1b[m\x1b[K]\n'}
[0.497075] (CommunicationCenter) StderrLine: {'line': b'   79 |   DMCANMsg *setTorqueKI(uint8_t motor_id, \x1b[01;35m\x1b[Kfloat ki\x1b[m\x1b[K) override {\n'}
[0.497097] (CommunicationCenter) StderrLine: {'line': b'      |                                           \x1b[01;35m\x1b[K~~~~~~^~\x1b[m\x1b[K\n'}
[0.497118] (CommunicationCenter) StderrLine: {'line': b'\x1b[01m\x1b[K/home/albusgive/rlfw/rlfw_deploy/src/CommunicationCenter/motor_driver/DMMotor.h:\x1b[m\x1b[K In member function \xe2\x80\x98\x1b[01m\x1b[Kvirtual DMCANMsg* DMMotor::\x1b[01;32m\x1b[KsetSafeTorque\x1b[m\x1b[K(uint8_t, float)\x1b[m\x1b[K\xe2\x80\x99:\n'}
[0.497139] (CommunicationCenter) StderrLine: {'line': b'\x1b[01m\x1b[K/home/albusgive/rlfw/rlfw_deploy/src/CommunicationCenter/motor_driver/DMMotor.h:83:35:\x1b[m\x1b[K \x1b[01;35m\x1b[Kwarning: \x1b[m\x1b[Kunused parameter \xe2\x80\x98\x1b[01m\x1b[Kmotor_id\x1b[m\x1b[K\xe2\x80\x99 [\x1b[01;35m\x1b[K\x1b]8;;https://gcc.gnu.org/onlinedocs/gcc/Warning-Options.html#index-Wunused-parameter\x07-Wunused-parameter\x1b]8;;\x07\x1b[m\x1b[K]\n'}
[0.497159] (CommunicationCenter) StderrLine: {'line': b'   83 |   DMCANMsg *setSafeTorque(\x1b[01;35m\x1b[Kuint8_t motor_id\x1b[m\x1b[K, float torque) override {\n'}
[0.497180] (CommunicationCenter) StderrLine: {'line': b'      |                           \x1b[01;35m\x1b[K~~~~~~~~^~~~~~~~\x1b[m\x1b[K\n'}
[0.497203] (CommunicationCenter) StderrLine: {'line': b'\x1b[01m\x1b[K/home/albusgive/rlfw/rlfw_deploy/src/CommunicationCenter/motor_driver/DMMotor.h:83:51:\x1b[m\x1b[K \x1b[01;35m\x1b[Kwarning: \x1b[m\x1b[Kunused parameter \xe2\x80\x98\x1b[01m\x1b[Ktorque\x1b[m\x1b[K\xe2\x80\x99 [\x1b[01;35m\x1b[K\x1b]8;;https://gcc.gnu.org/onlinedocs/gcc/Warning-Options.html#index-Wunused-parameter\x07-Wunused-parameter\x1b]8;;\x07\x1b[m\x1b[K]\n'}
[0.497224] (CommunicationCenter) StderrLine: {'line': b'   83 |   DMCANMsg *setSafeTorque(uint8_t motor_id, \x1b[01;35m\x1b[Kfloat torque\x1b[m\x1b[K) override {\n'}
[0.497244] (CommunicationCenter) StderrLine: {'line': b'      |                                             \x1b[01;35m\x1b[K~~~~~~^~~~~~\x1b[m\x1b[K\n'}
[0.497263] (CommunicationCenter) StderrLine: {'line': b'\x1b[01m\x1b[K/home/albusgive/rlfw/rlfw_deploy/src/CommunicationCenter/motor_driver/DMMotor.h:\x1b[m\x1b[K In member function \xe2\x80\x98\x1b[01m\x1b[Kvirtual DMCANMsg* DMMotor::\x1b[01;32m\x1b[KsetSafePos\x1b[m\x1b[K(uint8_t, float)\x1b[m\x1b[K\xe2\x80\x99:\n'}
[0.497283] (CommunicationCenter) StderrLine: {'line': b'\x1b[01m\x1b[K/home/albusgive/rlfw/rlfw_deploy/src/CommunicationCenter/motor_driver/DMMotor.h:86:32:\x1b[m\x1b[K \x1b[01;35m\x1b[Kwarning: \x1b[m\x1b[Kunused parameter \xe2\x80\x98\x1b[01m\x1b[Kmotor_id\x1b[m\x1b[K\xe2\x80\x99 [\x1b[01;35m\x1b[K\x1b]8;;https://gcc.gnu.org/onlinedocs/gcc/Warning-Options.html#index-Wunused-parameter\x07-Wunused-parameter\x1b]8;;\x07\x1b[m\x1b[K]\n'}
[0.497304] (CommunicationCenter) StderrLine: {'line': b'   86 |   DMCANMsg *setSafePos(\x1b[01;35m\x1b[Kuint8_t motor_id\x1b[m\x1b[K, float pos) override {\n'}
[0.497325] (CommunicationCenter) StderrLine: {'line': b'      |                        \x1b[01;35m\x1b[K~~~~~~~~^~~~~~~~\x1b[m\x1b[K\n'}
[0.497344] (CommunicationCenter) StderrLine: {'line': b'\x1b[01m\x1b[K/home/albusgive/rlfw/rlfw_deploy/src/CommunicationCenter/motor_driver/DMMotor.h:86:48:\x1b[m\x1b[K \x1b[01;35m\x1b[Kwarning: \x1b[m\x1b[Kunused parameter \xe2\x80\x98\x1b[01m\x1b[Kpos\x1b[m\x1b[K\xe2\x80\x99 [\x1b[01;35m\x1b[K\x1b]8;;https://gcc.gnu.org/onlinedocs/gcc/Warning-Options.html#index-Wunused-parameter\x07-Wunused-parameter\x1b]8;;\x07\x1b[m\x1b[K]\n'}
[0.497367] (CommunicationCenter) StderrLine: {'line': b'   86 |   DMCANMsg *setSafePos(uint8_t motor_id, \x1b[01;35m\x1b[Kfloat pos\x1b[m\x1b[K) override {\n'}
[0.497388] (CommunicationCenter) StderrLine: {'line': b'      |                                          \x1b[01;35m\x1b[K~~~~~~^~~\x1b[m\x1b[K\n'}
[0.497409] (CommunicationCenter) StderrLine: {'line': b'\x1b[01m\x1b[K/home/albusgive/rlfw/rlfw_deploy/src/CommunicationCenter/motor_driver/DMMotor.h:\x1b[m\x1b[K In member function \xe2\x80\x98\x1b[01m\x1b[Kvirtual DMCANMsg* DMMotor::\x1b[01;32m\x1b[KsetSafeVel\x1b[m\x1b[K(uint8_t, float)\x1b[m\x1b[K\xe2\x80\x99:\n'}
[0.497431] (CommunicationCenter) StderrLine: {'line': b'\x1b[01m\x1b[K/home/albusgive/rlfw/rlfw_deploy/src/CommunicationCenter/motor_driver/DMMotor.h:89:32:\x1b[m\x1b[K \x1b[01;35m\x1b[Kwarning: \x1b[m\x1b[Kunused parameter \xe2\x80\x98\x1b[01m\x1b[Kmotor_id\x1b[m\x1b[K\xe2\x80\x99 [\x1b[01;35m\x1b[K\x1b]8;;https://gcc.gnu.org/onlinedocs/gcc/Warning-Options.html#index-Wunused-parameter\x07-Wunused-parameter\x1b]8;;\x07\x1b[m\x1b[K]\n'}
[0.497451] (CommunicationCenter) StderrLine: {'line': b'   89 |   DMCANMsg *setSafeVel(\x1b[01;35m\x1b[Kuint8_t motor_id\x1b[m\x1b[K, float vel) override {\n'}
[0.497472] (CommunicationCenter) StderrLine: {'line': b'      |                        \x1b[01;35m\x1b[K~~~~~~~~^~~~~~~~\x1b[m\x1b[K\n'}
[0.497491] (CommunicationCenter) StderrLine: {'line': b'\x1b[01m\x1b[K/home/albusgive/rlfw/rlfw_deploy/src/CommunicationCenter/motor_driver/DMMotor.h:89:48:\x1b[m\x1b[K \x1b[01;35m\x1b[Kwarning: \x1b[m\x1b[Kunused parameter \xe2\x80\x98\x1b[01m\x1b[Kvel\x1b[m\x1b[K\xe2\x80\x99 [\x1b[01;35m\x1b[K\x1b]8;;https://gcc.gnu.org/onlinedocs/gcc/Warning-Options.html#index-Wunused-parameter\x07-Wunused-parameter\x1b]8;;\x07\x1b[m\x1b[K]\n'}
[0.497514] (CommunicationCenter) StderrLine: {'line': b'   89 |   DMCANMsg *setSafeVel(uint8_t motor_id, \x1b[01;35m\x1b[Kfloat vel\x1b[m\x1b[K) override {\n'}
[0.497534] (CommunicationCenter) StderrLine: {'line': b'      |                                          \x1b[01;35m\x1b[K~~~~~~^~~\x1b[m\x1b[K\n'}
[0.497554] (CommunicationCenter) StderrLine: {'line': b'\x1b[01m\x1b[K/home/albusgive/rlfw/rlfw_deploy/src/CommunicationCenter/motor_driver/Motor.hpp:\x1b[m\x1b[K At global scope:\n'}
[0.497574] (CommunicationCenter) StderrLine: {'line': b'\x1b[01m\x1b[K/home/albusgive/rlfw/rlfw_deploy/src/CommunicationCenter/motor_driver/Motor.hpp:276:13:\x1b[m\x1b[K \x1b[01;35m\x1b[Kwarning: \x1b[m\x1b[K\xe2\x80\x98\x1b[01m\x1b[Kvirtual MotorBack CANMotor::\x1b[01;32m\x1b[Kdecode\x1b[m\x1b[K()\x1b[m\x1b[K\xe2\x80\x99 was hidden [\x1b[01;35m\x1b[K\x1b]8;;https://gcc.gnu.org/onlinedocs/gcc/Warning-Options.html#index-Woverloaded-virtual=\x07-Woverloaded-virtual=\x1b]8;;\x07\x1b[m\x1b[K]\n'}
[0.497595] (CommunicationCenter) StderrLine: {'line': b'  276 |   MotorBack \x1b[01;35m\x1b[Kdecode\x1b[m\x1b[K() override { return MotorBack(); };\n'}
[0.497615] (CommunicationCenter) StderrLine: {'line': b'      |             \x1b[01;35m\x1b[K^~~~~~\x1b[m\x1b[K\n'}
[0.497636] (CommunicationCenter) StderrLine: {'line': b'In file included from \x1b[01m\x1b[K/home/albusgive/rlfw/rlfw_deploy/src/CommunicationCenter/include/CommunicationCenter.hpp:6\x1b[m\x1b[K:\n'}
[0.497657] (CommunicationCenter) StderrLine: {'line': b'\x1b[01m\x1b[K/home/albusgive/rlfw/rlfw_deploy/src/CommunicationCenter/motor_driver/STWMotor.h:69:13:\x1b[m\x1b[K \x1b[01;36m\x1b[Knote: \x1b[m\x1b[K  by \xe2\x80\x98\x1b[01m\x1b[Kvirtual MotorBack STWMotor::\x1b[01;32m\x1b[Kdecode\x1b[m\x1b[K(CANMSG)\x1b[m\x1b[K\xe2\x80\x99\n'}
[0.497678] (CommunicationCenter) StderrLine: {'line': b'   69 |   MotorBack \x1b[01;36m\x1b[Kdecode\x1b[m\x1b[K(CANMSG msg) override;\n'}
[0.497700] (CommunicationCenter) StderrLine: {'line': b'      |             \x1b[01;36m\x1b[K^~~~~~\x1b[m\x1b[K\n'}
[0.497719] (CommunicationCenter) StderrLine: {'line': b'\x1b[01m\x1b[K/home/albusgive/rlfw/rlfw_deploy/src/CommunicationCenter/motor_driver/Motor.hpp:275:13:\x1b[m\x1b[K \x1b[01;35m\x1b[Kwarning: \x1b[m\x1b[K\xe2\x80\x98\x1b[01m\x1b[Kvirtual MotorBack CANMotor::\x1b[01;32m\x1b[Kdecode\x1b[m\x1b[K(UnitreeMsg)\x1b[m\x1b[K\xe2\x80\x99 was hidden [\x1b[01;35m\x1b[K\x1b]8;;https://gcc.gnu.org/onlinedocs/gcc/Warning-Options.html#index-Woverloaded-virtual=\x07-Woverloaded-virtual=\x1b]8;;\x07\x1b[m\x1b[K]\n'}
[0.497741] (CommunicationCenter) StderrLine: {'line': b'  275 |   MotorBack \x1b[01;35m\x1b[Kdecode\x1b[m\x1b[K(UnitreeMsg /*msg*/) override { return MotorBack(); };\n'}
[0.497761] (CommunicationCenter) StderrLine: {'line': b'      |             \x1b[01;35m\x1b[K^~~~~~\x1b[m\x1b[K\n'}
[0.497780] (CommunicationCenter) StderrLine: {'line': b'\x1b[01m\x1b[K/home/albusgive/rlfw/rlfw_deploy/src/CommunicationCenter/motor_driver/STWMotor.h:69:13:\x1b[m\x1b[K \x1b[01;36m\x1b[Knote: \x1b[m\x1b[K  by \xe2\x80\x98\x1b[01m\x1b[Kvirtual MotorBack STWMotor::\x1b[01;32m\x1b[Kdecode\x1b[m\x1b[K(CANMSG)\x1b[m\x1b[K\xe2\x80\x99\n'}
[0.497801] (CommunicationCenter) StderrLine: {'line': b'   69 |   MotorBack \x1b[01;36m\x1b[Kdecode\x1b[m\x1b[K(CANMSG msg) override;\n'}
[0.497820] (CommunicationCenter) StderrLine: {'line': b'      |             \x1b[01;36m\x1b[K^~~~~~\x1b[m\x1b[K\n'}
[0.497840] (CommunicationCenter) StderrLine: {'line': b'\x1b[01m\x1b[K/home/albusgive/rlfw/rlfw_deploy/src/CommunicationCenter/motor_driver/STWMotor.h:\x1b[m\x1b[K In member function \xe2\x80\x98\x1b[01m\x1b[Kvirtual STWCANMsg* STWMotor::\x1b[01;32m\x1b[Kctrl_pos\x1b[m\x1b[K(uint8_t, float)\x1b[m\x1b[K\xe2\x80\x99:\n'}
[0.497862] (CommunicationCenter) StderrLine: {'line': b'\x1b[01m\x1b[K/home/albusgive/rlfw/rlfw_deploy/src/CommunicationCenter/motor_driver/STWMotor.h:76:31:\x1b[m\x1b[K \x1b[01;35m\x1b[Kwarning: \x1b[m\x1b[Kunused parameter \xe2\x80\x98\x1b[01m\x1b[Kmotor_id\x1b[m\x1b[K\xe2\x80\x99 [\x1b[01;35m\x1b[K\x1b]8;;https://gcc.gnu.org/onlinedocs/gcc/Warning-Options.html#index-Wunused-parameter\x07-Wunused-parameter\x1b]8;;\x07\x1b[m\x1b[K]\n'}
[0.497889] (CommunicationCenter) StderrLine: {'line': b'   76 |   STWCANMsg *ctrl_pos(\x1b[01;35m\x1b[Kuint8_t motor_id\x1b[m\x1b[K, float pos) override { return nullptr; };\n'}
[0.497909] (CommunicationCenter) StderrLine: {'line': b'      |                       \x1b[01;35m\x1b[K~~~~~~~~^~~~~~~~\x1b[m\x1b[K\n'}
[0.497929] (CommunicationCenter) StderrLine: {'line': b'\x1b[01m\x1b[K/home/albusgive/rlfw/rlfw_deploy/src/CommunicationCenter/motor_driver/STWMotor.h:76:47:\x1b[m\x1b[K \x1b[01;35m\x1b[Kwarning: \x1b[m\x1b[Kunused parameter \xe2\x80\x98\x1b[01m\x1b[Kpos\x1b[m\x1b[K\xe2\x80\x99 [\x1b[01;35m\x1b[K\x1b]8;;https://gcc.gnu.org/onlinedocs/gcc/Warning-Options.html#index-Wunused-parameter\x07-Wunused-parameter\x1b]8;;\x07\x1b[m\x1b[K]\n'}
[0.497952] (CommunicationCenter) StderrLine: {'line': b'   76 |   STWCANMsg *ctrl_pos(uint8_t motor_id, \x1b[01;35m\x1b[Kfloat pos\x1b[m\x1b[K) override { return nullptr; };\n'}
[0.497973] (CommunicationCenter) StderrLine: {'line': b'      |                                         \x1b[01;35m\x1b[K~~~~~~^~~\x1b[m\x1b[K\n'}
[0.497993] (CommunicationCenter) StderrLine: {'line': b'\x1b[01m\x1b[K/home/albusgive/rlfw/rlfw_deploy/src/CommunicationCenter/motor_driver/STWMotor.h:\x1b[m\x1b[K In member function \xe2\x80\x98\x1b[01m\x1b[Kvirtual STWCANMsg* STWMotor::\x1b[01;32m\x1b[Kctrl_vel\x1b[m\x1b[K(uint8_t, float)\x1b[m\x1b[K\xe2\x80\x99:\n'}
[0.498015] (CommunicationCenter) StderrLine: {'line': b'\x1b[01m\x1b[K/home/albusgive/rlfw/rlfw_deploy/src/CommunicationCenter/motor_driver/STWMotor.h:78:31:\x1b[m\x1b[K \x1b[01;35m\x1b[Kwarning: \x1b[m\x1b[Kunused parameter \xe2\x80\x98\x1b[01m\x1b[Kmotor_id\x1b[m\x1b[K\xe2\x80\x99 [\x1b[01;35m\x1b[K\x1b]8;;https://gcc.gnu.org/onlinedocs/gcc/Warning-Options.html#index-Wunused-parameter\x07-Wunused-parameter\x1b]8;;\x07\x1b[m\x1b[K]\n'}
[0.498035] (CommunicationCenter) StderrLine: {'line': b'   78 |   STWCANMsg *ctrl_vel(\x1b[01;35m\x1b[Kuint8_t motor_id\x1b[m\x1b[K, float vel) override { return nullptr; };\n'}
[0.498056] (CommunicationCenter) StderrLine: {'line': b'      |                       \x1b[01;35m\x1b[K~~~~~~~~^~~~~~~~\x1b[m\x1b[K\n'}
[0.498075] (CommunicationCenter) StderrLine: {'line': b'\x1b[01m\x1b[K/home/albusgive/rlfw/rlfw_deploy/src/CommunicationCenter/motor_driver/STWMotor.h:78:47:\x1b[m\x1b[K \x1b[01;35m\x1b[Kwarning: \x1b[m\x1b[Kunused parameter \xe2\x80\x98\x1b[01m\x1b[Kvel\x1b[m\x1b[K\xe2\x80\x99 [\x1b[01;35m\x1b[K\x1b]8;;https://gcc.gnu.org/onlinedocs/gcc/Warning-Options.html#index-Wunused-parameter\x07-Wunused-parameter\x1b]8;;\x07\x1b[m\x1b[K]\n'}
[0.498099] (CommunicationCenter) StderrLine: {'line': b'   78 |   STWCANMsg *ctrl_vel(uint8_t motor_id, \x1b[01;35m\x1b[Kfloat vel\x1b[m\x1b[K) override { return nullptr; };\n'}
[0.498122] (CommunicationCenter) StderrLine: {'line': b'      |                                         \x1b[01;35m\x1b[K~~~~~~^~~\x1b[m\x1b[K\n'}
[0.498141] (CommunicationCenter) StderrLine: {'line': b'\x1b[01m\x1b[K/home/albusgive/rlfw/rlfw_deploy/src/CommunicationCenter/motor_driver/STWMotor.h:\x1b[m\x1b[K In member function \xe2\x80\x98\x1b[01m\x1b[Kvirtual STWCANMsg* STWMotor::\x1b[01;32m\x1b[Kctrl_pos_vel\x1b[m\x1b[K(uint8_t, float, float)\x1b[m\x1b[K\xe2\x80\x99:\n'}
[0.498161] (CommunicationCenter) StderrLine: {'line': b'\x1b[01m\x1b[K/home/albusgive/rlfw/rlfw_deploy/src/CommunicationCenter/motor_driver/STWMotor.h:80:35:\x1b[m\x1b[K \x1b[01;35m\x1b[Kwarning: \x1b[m\x1b[Kunused parameter \xe2\x80\x98\x1b[01m\x1b[Kmotor_id\x1b[m\x1b[K\xe2\x80\x99 [\x1b[01;35m\x1b[K\x1b]8;;https://gcc.gnu.org/onlinedocs/gcc/Warning-Options.html#index-Wunused-parameter\x07-Wunused-parameter\x1b]8;;\x07\x1b[m\x1b[K]\n'}
[0.498181] (CommunicationCenter) StderrLine: {'line': b'   80 |   STWCANMsg *ctrl_pos_vel(\x1b[01;35m\x1b[Kuint8_t motor_id\x1b[m\x1b[K, float pos, float vel) override {\n'}
[0.498201] (CommunicationCenter) StderrLine: {'line': b'      |                           \x1b[01;35m\x1b[K~~~~~~~~^~~~~~~~\x1b[m\x1b[K\n'}
[0.498222] (CommunicationCenter) StderrLine: {'line': b'\x1b[01m\x1b[K/home/albusgive/rlfw/rlfw_deploy/src/CommunicationCenter/motor_driver/STWMotor.h:80:51:\x1b[m\x1b[K \x1b[01;35m\x1b[Kwarning: \x1b[m\x1b[Kunused parameter \xe2\x80\x98\x1b[01m\x1b[Kpos\x1b[m\x1b[K\xe2\x80\x99 [\x1b[01;35m\x1b[K\x1b]8;;https://gcc.gnu.org/onlinedocs/gcc/Warning-Options.html#index-Wunused-parameter\x07-Wunused-parameter\x1b]8;;\x07\x1b[m\x1b[K]\n'}
[0.498242] (CommunicationCenter) StderrLine: {'line': b'   80 |   STWCANMsg *ctrl_pos_vel(uint8_t motor_id, \x1b[01;35m\x1b[Kfloat pos\x1b[m\x1b[K, float vel) override {\n'}
[0.498262] (CommunicationCenter) StderrLine: {'line': b'      |                                             \x1b[01;35m\x1b[K~~~~~~^~~\x1b[m\x1b[K\n'}
[0.498282] (CommunicationCenter) StderrLine: {'line': b'\x1b[01m\x1b[K/home/albusgive/rlfw/rlfw_deploy/src/CommunicationCenter/motor_driver/STWMotor.h:80:62:\x1b[m\x1b[K \x1b[01;35m\x1b[Kwarning: \x1b[m\x1b[Kunused parameter \xe2\x80\x98\x1b[01m\x1b[Kvel\x1b[m\x1b[K\xe2\x80\x99 [\x1b[01;35m\x1b[K\x1b]8;;https://gcc.gnu.org/onlinedocs/gcc/Warning-Options.html#index-Wunused-parameter\x07-Wunused-parameter\x1b]8;;\x07\x1b[m\x1b[K]\n'}
[0.498302] (CommunicationCenter) StderrLine: {'line': b'   80 |   STWCANMsg *ctrl_pos_vel(uint8_t motor_id, float pos, \x1b[01;35m\x1b[Kfloat vel\x1b[m\x1b[K) override {\n'}
[0.498323] (CommunicationCenter) StderrLine: {'line': b'      |                                                        \x1b[01;35m\x1b[K~~~~~~^~~\x1b[m\x1b[K\n'}
[0.498345] (CommunicationCenter) StderrLine: {'line': b'\x1b[01m\x1b[K/home/albusgive/rlfw/rlfw_deploy/src/CommunicationCenter/motor_driver/STWMotor.h:\x1b[m\x1b[K In member function \xe2\x80\x98\x1b[01m\x1b[Kvirtual STWCANMsg* STWMotor::\x1b[01;32m\x1b[Kctrl_torque\x1b[m\x1b[K(uint8_t, float)\x1b[m\x1b[K\xe2\x80\x99:\n'}
[0.498367] (CommunicationCenter) StderrLine: {'line': b'\x1b[01m\x1b[K/home/albusgive/rlfw/rlfw_deploy/src/CommunicationCenter/motor_driver/STWMotor.h:84:34:\x1b[m\x1b[K \x1b[01;35m\x1b[Kwarning: \x1b[m\x1b[Kunused parameter \xe2\x80\x98\x1b[01m\x1b[Kmotor_id\x1b[m\x1b[K\xe2\x80\x99 [\x1b[01;35m\x1b[K\x1b]8;;https://gcc.gnu.org/onlinedocs/gcc/Warning-Options.html#index-Wunused-parameter\x07-Wunused-parameter\x1b]8;;\x07\x1b[m\x1b[K]\n'}
[0.498389] (CommunicationCenter) StderrLine: {'line': b'   84 |   STWCANMsg *ctrl_torque(\x1b[01;35m\x1b[Kuint8_t motor_id\x1b[m\x1b[K, float torque) override {\n'}
[0.498409] (CommunicationCenter) StderrLine: {'line': b'      |                          \x1b[01;35m\x1b[K~~~~~~~~^~~~~~~~\x1b[m\x1b[K\n'}
[0.498429] (CommunicationCenter) StderrLine: {'line': b'\x1b[01m\x1b[K/home/albusgive/rlfw/rlfw_deploy/src/CommunicationCenter/motor_driver/STWMotor.h:84:50:\x1b[m\x1b[K \x1b[01;35m\x1b[Kwarning: \x1b[m\x1b[Kunused parameter \xe2\x80\x98\x1b[01m\x1b[Ktorque\x1b[m\x1b[K\xe2\x80\x99 [\x1b[01;35m\x1b[K\x1b]8;;https://gcc.gnu.org/onlinedocs/gcc/Warning-Options.html#index-Wunused-parameter\x07-Wunused-parameter\x1b]8;;\x07\x1b[m\x1b[K]\n'}
[0.498452] (CommunicationCenter) StderrLine: {'line': b'   84 |   STWCANMsg *ctrl_torque(uint8_t motor_id, \x1b[01;35m\x1b[Kfloat torque\x1b[m\x1b[K) override {\n'}
[0.498471] (CommunicationCenter) StderrLine: {'line': b'      |                                            \x1b[01;35m\x1b[K~~~~~~^~~~~~\x1b[m\x1b[K\n'}
[0.498491] (CommunicationCenter) StderrLine: {'line': b'\x1b[01m\x1b[K/home/albusgive/rlfw/rlfw_deploy/src/CommunicationCenter/motor_driver/STWMotor.h:\x1b[m\x1b[K In member function \xe2\x80\x98\x1b[01m\x1b[Kvirtual STWCANMsg* STWMotor::\x1b[01;32m\x1b[KsetPosKP\x1b[m\x1b[K(uint8_t, float)\x1b[m\x1b[K\xe2\x80\x99:\n'}
[0.498511] (CommunicationCenter) StderrLine: {'line': b'\x1b[01m\x1b[K/home/albusgive/rlfw/rlfw_deploy/src/CommunicationCenter/motor_driver/STWMotor.h:90:31:\x1b[m\x1b[K \x1b[01;35m\x1b[Kwarning: \x1b[m\x1b[Kunused parameter \xe2\x80\x98\x1b[01m\x1b[Kmotor_id\x1b[m\x1b[K\xe2\x80\x99 [\x1b[01;35m\x1b[K\x1b]8;;https://gcc.gnu.org/onlinedocs/gcc/Warning-Options.html#index-Wunused-parameter\x07-Wunused-parameter\x1b]8;;\x07\x1b[m\x1b[K]\n'}
[0.498534] (CommunicationCenter) StderrLine: {'line': b'   90 |   STWCANMsg *setPosKP(\x1b[01;35m\x1b[Kuint8_t motor_id\x1b[m\x1b[K, float kp) override { return nullptr; };\n'}
[0.498554] (CommunicationCenter) StderrLine: {'line': b'      |                       \x1b[01;35m\x1b[K~~~~~~~~^~~~~~~~\x1b[m\x1b[K\n'}
[0.498573] (CommunicationCenter) StderrLine: {'line': b'\x1b[01m\x1b[K/home/albusgive/rlfw/rlfw_deploy/src/CommunicationCenter/motor_driver/STWMotor.h:90:47:\x1b[m\x1b[K \x1b[01;35m\x1b[Kwarning: \x1b[m\x1b[Kunused parameter \xe2\x80\x98\x1b[01m\x1b[Kkp\x1b[m\x1b[K\xe2\x80\x99 [\x1b[01;35m\x1b[K\x1b]8;;https://gcc.gnu.org/onlinedocs/gcc/Warning-Options.html#index-Wunused-parameter\x07-Wunused-parameter\x1b]8;;\x07\x1b[m\x1b[K]\n'}
[0.498593] (CommunicationCenter) StderrLine: {'line': b'   90 |   STWCANMsg *setPosKP(uint8_t motor_id, \x1b[01;35m\x1b[Kfloat kp\x1b[m\x1b[K) override { return nullptr; };\n'}
[0.498612] (CommunicationCenter) StderrLine: {'line': b'      |                                         \x1b[01;35m\x1b[K~~~~~~^~\x1b[m\x1b[K\n'}
[0.498632] (CommunicationCenter) StderrLine: {'line': b'\x1b[01m\x1b[K/home/albusgive/rlfw/rlfw_deploy/src/CommunicationCenter/motor_driver/STWMotor.h:\x1b[m\x1b[K In member function \xe2\x80\x98\x1b[01m\x1b[Kvirtual STWCANMsg* STWMotor::\x1b[01;32m\x1b[KsetPosKD\x1b[m\x1b[K(uint8_t, float)\x1b[m\x1b[K\xe2\x80\x99:\n'}
[0.498654] (CommunicationCenter) StderrLine: {'line': b'\x1b[01m\x1b[K/home/albusgive/rlfw/rlfw_deploy/src/CommunicationCenter/motor_driver/STWMotor.h:91:31:\x1b[m\x1b[K \x1b[01;35m\x1b[Kwarning: \x1b[m\x1b[Kunused parameter \xe2\x80\x98\x1b[01m\x1b[Kmotor_id\x1b[m\x1b[K\xe2\x80\x99 [\x1b[01;35m\x1b[K\x1b]8;;https://gcc.gnu.org/onlinedocs/gcc/Warning-Options.html#index-Wunused-parameter\x07-Wunused-parameter\x1b]8;;\x07\x1b[m\x1b[K]\n'}
[0.498674] (CommunicationCenter) StderrLine: {'line': b'   91 |   STWCANMsg *setPosKD(\x1b[01;35m\x1b[Kuint8_t motor_id\x1b[m\x1b[K, float kd) override { return nullptr; };\n'}
[0.498693] (CommunicationCenter) StderrLine: {'line': b'      |                       \x1b[01;35m\x1b[K~~~~~~~~^~~~~~~~\x1b[m\x1b[K\n'}
[0.498714] (CommunicationCenter) StderrLine: {'line': b'\x1b[01m\x1b[K/home/albusgive/rlfw/rlfw_deploy/src/CommunicationCenter/motor_driver/STWMotor.h:91:47:\x1b[m\x1b[K \x1b[01;35m\x1b[Kwarning: \x1b[m\x1b[Kunused parameter \xe2\x80\x98\x1b[01m\x1b[Kkd\x1b[m\x1b[K\xe2\x80\x99 [\x1b[01;35m\x1b[K\x1b]8;;https://gcc.gnu.org/onlinedocs/gcc/Warning-Options.html#index-Wunused-parameter\x07-Wunused-parameter\x1b]8;;\x07\x1b[m\x1b[K]\n'}
[0.498738] (CommunicationCenter) StderrLine: {'line': b'   91 |   STWCANMsg *setPosKD(uint8_t motor_id, \x1b[01;35m\x1b[Kfloat kd\x1b[m\x1b[K) override { return nullptr; };\n'}
[0.498758] (CommunicationCenter) StderrLine: {'line': b'      |                                         \x1b[01;35m\x1b[K~~~~~~^~\x1b[m\x1b[K\n'}
[0.498778] (CommunicationCenter) StderrLine: {'line': b'\x1b[01m\x1b[K/home/albusgive/rlfw/rlfw_deploy/src/CommunicationCenter/motor_driver/STWMotor.h:\x1b[m\x1b[K In member function \xe2\x80\x98\x1b[01m\x1b[Kvirtual STWCANMsg* STWMotor::\x1b[01;32m\x1b[KsetVelKP\x1b[m\x1b[K(uint8_t, float)\x1b[m\x1b[K\xe2\x80\x99:\n'}
[0.498797] (CommunicationCenter) StderrLine: {'line': b'\x1b[01m\x1b[K/home/albusgive/rlfw/rlfw_deploy/src/CommunicationCenter/motor_driver/STWMotor.h:93:31:\x1b[m\x1b[K \x1b[01;35m\x1b[Kwarning: \x1b[m\x1b[Kunused parameter \xe2\x80\x98\x1b[01m\x1b[Kmotor_id\x1b[m\x1b[K\xe2\x80\x99 [\x1b[01;35m\x1b[K\x1b]8;;https://gcc.gnu.org/onlinedocs/gcc/Warning-Options.html#index-Wunused-parameter\x07-Wunused-parameter\x1b]8;;\x07\x1b[m\x1b[K]\n'}
[0.498818] (CommunicationCenter) StderrLine: {'line': b'   93 |   STWCANMsg *setVelKP(\x1b[01;35m\x1b[Kuint8_t motor_id\x1b[m\x1b[K, float kp) override { return nullptr; };\n'}
[0.498840] (CommunicationCenter) StderrLine: {'line': b'      |                       \x1b[01;35m\x1b[K~~~~~~~~^~~~~~~~\x1b[m\x1b[K\n'}
[0.498859] (CommunicationCenter) StderrLine: {'line': b'\x1b[01m\x1b[K/home/albusgive/rlfw/rlfw_deploy/src/CommunicationCenter/motor_driver/STWMotor.h:93:47:\x1b[m\x1b[K \x1b[01;35m\x1b[Kwarning: \x1b[m\x1b[Kunused parameter \xe2\x80\x98\x1b[01m\x1b[Kkp\x1b[m\x1b[K\xe2\x80\x99 [\x1b[01;35m\x1b[K\x1b]8;;https://gcc.gnu.org/onlinedocs/gcc/Warning-Options.html#index-Wunused-parameter\x07-Wunused-parameter\x1b]8;;\x07\x1b[m\x1b[K]\n'}
[0.498888] (CommunicationCenter) StderrLine: {'line': b'   93 |   STWCANMsg *setVelKP(uint8_t motor_id, \x1b[01;35m\x1b[Kfloat kp\x1b[m\x1b[K) override { return nullptr; };\n'}
[0.498910] (CommunicationCenter) StderrLine: {'line': b'      |                                         \x1b[01;35m\x1b[K~~~~~~^~\x1b[m\x1b[K\n'}
[0.498931] (CommunicationCenter) StderrLine: {'line': b'\x1b[01m\x1b[K/home/albusgive/rlfw/rlfw_deploy/src/CommunicationCenter/motor_driver/STWMotor.h:\x1b[m\x1b[K In member function \xe2\x80\x98\x1b[01m\x1b[Kvirtual STWCANMsg* STWMotor::\x1b[01;32m\x1b[KsetVelKI\x1b[m\x1b[K(uint8_t, float)\x1b[m\x1b[K\xe2\x80\x99:\n'}
[0.498950] (CommunicationCenter) StderrLine: {'line': b'\x1b[01m\x1b[K/home/albusgive/rlfw/rlfw_deploy/src/CommunicationCenter/motor_driver/STWMotor.h:94:31:\x1b[m\x1b[K \x1b[01;35m\x1b[Kwarning: \x1b[m\x1b[Kunused parameter \xe2\x80\x98\x1b[01m\x1b[Kmotor_id\x1b[m\x1b[K\xe2\x80\x99 [\x1b[01;35m\x1b[K\x1b]8;;https://gcc.gnu.org/onlinedocs/gcc/Warning-Options.html#index-Wunused-parameter\x07-Wunused-parameter\x1b]8;;\x07\x1b[m\x1b[K]\n'}
[0.498973] (CommunicationCenter) StderrLine: {'line': b'   94 |   STWCANMsg *setVelKI(\x1b[01;35m\x1b[Kuint8_t motor_id\x1b[m\x1b[K, float ki) override { return nullptr; };\n'}
[0.498993] (CommunicationCenter) StderrLine: {'line': b'      |                       \x1b[01;35m\x1b[K~~~~~~~~^~~~~~~~\x1b[m\x1b[K\n'}
[0.499013] (CommunicationCenter) StderrLine: {'line': b'\x1b[01m\x1b[K/home/albusgive/rlfw/rlfw_deploy/src/CommunicationCenter/motor_driver/STWMotor.h:94:47:\x1b[m\x1b[K \x1b[01;35m\x1b[Kwarning: \x1b[m\x1b[Kunused parameter \xe2\x80\x98\x1b[01m\x1b[Kki\x1b[m\x1b[K\xe2\x80\x99 [\x1b[01;35m\x1b[K\x1b]8;;https://gcc.gnu.org/onlinedocs/gcc/Warning-Options.html#index-Wunused-parameter\x07-Wunused-parameter\x1b]8;;\x07\x1b[m\x1b[K]\n'}
[0.499036] (CommunicationCenter) StderrLine: {'line': b'   94 |   STWCANMsg *setVelKI(uint8_t motor_id, \x1b[01;35m\x1b[Kfloat ki\x1b[m\x1b[K) override { return nullptr; };\n'}
[0.499056] (CommunicationCenter) StderrLine: {'line': b'      |                                         \x1b[01;35m\x1b[K~~~~~~^~\x1b[m\x1b[K\n'}
[0.499075] (CommunicationCenter) StderrLine: {'line': b'\x1b[01m\x1b[K/home/albusgive/rlfw/rlfw_deploy/src/CommunicationCenter/motor_driver/STWMotor.h:\x1b[m\x1b[K In member function \xe2\x80\x98\x1b[01m\x1b[Kvirtual STWCANMsg* STWMotor::\x1b[01;32m\x1b[KsetTorqueKP\x1b[m\x1b[K(uint8_t, float)\x1b[m\x1b[K\xe2\x80\x99:\n'}
[0.499095] (CommunicationCenter) StderrLine: {'line': b'\x1b[01m\x1b[K/home/albusgive/rlfw/rlfw_deploy/src/CommunicationCenter/motor_driver/STWMotor.h:96:34:\x1b[m\x1b[K \x1b[01;35m\x1b[Kwarning: \x1b[m\x1b[Kunused parameter \xe2\x80\x98\x1b[01m\x1b[Kmotor_id\x1b[m\x1b[K\xe2\x80\x99 [\x1b[01;35m\x1b[K\x1b]8;;https://gcc.gnu.org/onlinedocs/gcc/Warning-Options.html#index-Wunused-parameter\x07-Wunused-parameter\x1b]8;;\x07\x1b[m\x1b[K]\n'}
[0.499117] (CommunicationCenter) StderrLine: {'line': b'   96 |   STWCANMsg *setTorqueKP(\x1b[01;35m\x1b[Kuint8_t motor_id\x1b[m\x1b[K, float kp) override {\n'}
[0.499137] (CommunicationCenter) StderrLine: {'line': b'      |                          \x1b[01;35m\x1b[K~~~~~~~~^~~~~~~~\x1b[m\x1b[K\n'}
[0.499156] (CommunicationCenter) StderrLine: {'line': b'\x1b[01m\x1b[K/home/albusgive/rlfw/rlfw_deploy/src/CommunicationCenter/motor_driver/STWMotor.h:96:50:\x1b[m\x1b[K \x1b[01;35m\x1b[Kwarning: \x1b[m\x1b[Kunused parameter \xe2\x80\x98\x1b[01m\x1b[Kkp\x1b[m\x1b[K\xe2\x80\x99 [\x1b[01;35m\x1b[K\x1b]8;;https://gcc.gnu.org/onlinedocs/gcc/Warning-Options.html#index-Wunused-parameter\x07-Wunused-parameter\x1b]8;;\x07\x1b[m\x1b[K]\n'}
[0.499178] (CommunicationCenter) StderrLine: {'line': b'   96 |   STWCANMsg *setTorqueKP(uint8_t motor_id, \x1b[01;35m\x1b[Kfloat kp\x1b[m\x1b[K) override {\n'}
[0.499201] (CommunicationCenter) StderrLine: {'line': b'      |                                            \x1b[01;35m\x1b[K~~~~~~^~\x1b[m\x1b[K\n'}
[0.499221] (CommunicationCenter) StderrLine: {'line': b'\x1b[01m\x1b[K/home/albusgive/rlfw/rlfw_deploy/src/CommunicationCenter/motor_driver/STWMotor.h:\x1b[m\x1b[K In member function \xe2\x80\x98\x1b[01m\x1b[Kvirtual STWCANMsg* STWMotor::\x1b[01;32m\x1b[KsetTorqueKI\x1b[m\x1b[K(uint8_t, float)\x1b[m\x1b[K\xe2\x80\x99:\n'}
[0.499241] (CommunicationCenter) StderrLine: {'line': b'\x1b[01m\x1b[K/home/albusgive/rlfw/rlfw_deploy/src/CommunicationCenter/motor_driver/STWMotor.h:99:34:\x1b[m\x1b[K \x1b[01;35m\x1b[Kwarning: \x1b[m\x1b[Kunused parameter \xe2\x80\x98\x1b[01m\x1b[Kmotor_id\x1b[m\x1b[K\xe2\x80\x99 [\x1b[01;35m\x1b[K\x1b]8;;https://gcc.gnu.org/onlinedocs/gcc/Warning-Options.html#index-Wunused-parameter\x07-Wunused-parameter\x1b]8;;\x07\x1b[m\x1b[K]\n'}
[0.499261] (CommunicationCenter) StderrLine: {'line': b'   99 |   STWCANMsg *setTorqueKI(\x1b[01;35m\x1b[Kuint8_t motor_id\x1b[m\x1b[K, float ki) override {\n'}
[0.499281] (CommunicationCenter) StderrLine: {'line': b'      |                          \x1b[01;35m\x1b[K~~~~~~~~^~~~~~~~\x1b[m\x1b[K\n'}
[0.499300] (CommunicationCenter) StderrLine: {'line': b'\x1b[01m\x1b[K/home/albusgive/rlfw/rlfw_deploy/src/CommunicationCenter/motor_driver/STWMotor.h:99:50:\x1b[m\x1b[K \x1b[01;35m\x1b[Kwarning: \x1b[m\x1b[Kunused parameter \xe2\x80\x98\x1b[01m\x1b[Kki\x1b[m\x1b[K\xe2\x80\x99 [\x1b[01;35m\x1b[K\x1b]8;;https://gcc.gnu.org/onlinedocs/gcc/Warning-Options.html#index-Wunused-parameter\x07-Wunused-parameter\x1b]8;;\x07\x1b[m\x1b[K]\n'}
[0.499321] (CommunicationCenter) StderrLine: {'line': b'   99 |   STWCANMsg *setTorqueKI(uint8_t motor_id, \x1b[01;35m\x1b[Kfloat ki\x1b[m\x1b[K) override {\n'}
[0.499342] (CommunicationCenter) StderrLine: {'line': b'      |                                            \x1b[01;35m\x1b[K~~~~~~^~\x1b[m\x1b[K\n'}
[0.499362] (CommunicationCenter) StderrLine: {'line': b'\x1b[01m\x1b[K/home/albusgive/rlfw/rlfw_deploy/src/CommunicationCenter/motor_driver/STWMotor.h:\x1b[m\x1b[K In member function \xe2\x80\x98\x1b[01m\x1b[Kvirtual STWCANMsg* STWMotor::\x1b[01;32m\x1b[KsetSafeTorque\x1b[m\x1b[K(uint8_t, float)\x1b[m\x1b[K\xe2\x80\x99:\n'}
[0.499381] (CommunicationCenter) StderrLine: {'line': b'\x1b[01m\x1b[K/home/albusgive/rlfw/rlfw_deploy/src/CommunicationCenter/motor_driver/STWMotor.h:103:36:\x1b[m\x1b[K \x1b[01;35m\x1b[Kwarning: \x1b[m\x1b[Kunused parameter \xe2\x80\x98\x1b[01m\x1b[Kmotor_id\x1b[m\x1b[K\xe2\x80\x99 [\x1b[01;35m\x1b[K\x1b]8;;https://gcc.gnu.org/onlinedocs/gcc/Warning-Options.html#index-Wunused-parameter\x07-Wunused-parameter\x1b]8;;\x07\x1b[m\x1b[K]\n'}
[0.499401] (CommunicationCenter) StderrLine: {'line': b'  103 |   STWCANMsg *setSafeTorque(\x1b[01;35m\x1b[Kuint8_t motor_id\x1b[m\x1b[K, float torque) override {\n'}
[0.499420] (CommunicationCenter) StderrLine: {'line': b'      |                            \x1b[01;35m\x1b[K~~~~~~~~^~~~~~~~\x1b[m\x1b[K\n'}
[0.499440] (CommunicationCenter) StderrLine: {'line': b'\x1b[01m\x1b[K/home/albusgive/rlfw/rlfw_deploy/src/CommunicationCenter/motor_driver/STWMotor.h:103:52:\x1b[m\x1b[K \x1b[01;35m\x1b[Kwarning: \x1b[m\x1b[Kunused parameter \xe2\x80\x98\x1b[01m\x1b[Ktorque\x1b[m\x1b[K\xe2\x80\x99 [\x1b[01;35m\x1b[K\x1b]8;;https://gcc.gnu.org/onlinedocs/gcc/Warning-Options.html#index-Wunused-parameter\x07-Wunused-parameter\x1b]8;;\x07\x1b[m\x1b[K]\n'}
[0.499461] (CommunicationCenter) StderrLine: {'line': b'  103 |   STWCANMsg *setSafeTorque(uint8_t motor_id, \x1b[01;35m\x1b[Kfloat torque\x1b[m\x1b[K) override {\n'}
[0.499481] (CommunicationCenter) StderrLine: {'line': b'      |                                              \x1b[01;35m\x1b[K~~~~~~^~~~~~\x1b[m\x1b[K\n'}
[0.499501] (CommunicationCenter) StderrLine: {'line': b'\x1b[01m\x1b[K/home/albusgive/rlfw/rlfw_deploy/src/CommunicationCenter/motor_driver/STWMotor.h:\x1b[m\x1b[K In member function \xe2\x80\x98\x1b[01m\x1b[Kvirtual STWCANMsg* STWMotor::\x1b[01;32m\x1b[KsetSafePos\x1b[m\x1b[K(uint8_t, float)\x1b[m\x1b[K\xe2\x80\x99:\n'}
[0.499523] (CommunicationCenter) StderrLine: {'line': b'\x1b[01m\x1b[K/home/albusgive/rlfw/rlfw_deploy/src/CommunicationCenter/motor_driver/STWMotor.h:106:33:\x1b[m\x1b[K \x1b[01;35m\x1b[Kwarning: \x1b[m\x1b[Kunused parameter \xe2\x80\x98\x1b[01m\x1b[Kmotor_id\x1b[m\x1b[K\xe2\x80\x99 [\x1b[01;35m\x1b[K\x1b]8;;https://gcc.gnu.org/onlinedocs/gcc/Warning-Options.html#index-Wunused-parameter\x07-Wunused-parameter\x1b]8;;\x07\x1b[m\x1b[K]\n'}
[0.499546] (CommunicationCenter) StderrLine: {'line': b'  106 |   STWCANMsg *setSafePos(\x1b[01;35m\x1b[Kuint8_t motor_id\x1b[m\x1b[K, float pos) override {\n'}
[0.499566] (CommunicationCenter) StderrLine: {'line': b'      |                         \x1b[01;35m\x1b[K~~~~~~~~^~~~~~~~\x1b[m\x1b[K\n'}
[0.499585] (CommunicationCenter) StderrLine: {'line': b'\x1b[01m\x1b[K/home/albusgive/rlfw/rlfw_deploy/src/CommunicationCenter/motor_driver/STWMotor.h:106:49:\x1b[m\x1b[K \x1b[01;35m\x1b[Kwarning: \x1b[m\x1b[Kunused parameter \xe2\x80\x98\x1b[01m\x1b[Kpos\x1b[m\x1b[K\xe2\x80\x99 [\x1b[01;35m\x1b[K\x1b]8;;https://gcc.gnu.org/onlinedocs/gcc/Warning-Options.html#index-Wunused-parameter\x07-Wunused-parameter\x1b]8;;\x07\x1b[m\x1b[K]\n'}
[0.499605] (CommunicationCenter) StderrLine: {'line': b'  106 |   STWCANMsg *setSafePos(uint8_t motor_id, \x1b[01;35m\x1b[Kfloat pos\x1b[m\x1b[K) override {\n'}
[0.499624] (CommunicationCenter) StderrLine: {'line': b'      |                                           \x1b[01;35m\x1b[K~~~~~~^~~\x1b[m\x1b[K\n'}
[0.499645] (CommunicationCenter) StderrLine: {'line': b'\x1b[01m\x1b[K/home/albusgive/rlfw/rlfw_deploy/src/CommunicationCenter/motor_driver/STWMotor.h:\x1b[m\x1b[K In member function \xe2\x80\x98\x1b[01m\x1b[Kvirtual STWCANMsg* STWMotor::\x1b[01;32m\x1b[KsetSafeVel\x1b[m\x1b[K(uint8_t, float)\x1b[m\x1b[K\xe2\x80\x99:\n'}
[0.499665] (CommunicationCenter) StderrLine: {'line': b'\x1b[01m\x1b[K/home/albusgive/rlfw/rlfw_deploy/src/CommunicationCenter/motor_driver/STWMotor.h:109:33:\x1b[m\x1b[K \x1b[01;35m\x1b[Kwarning: \x1b[m\x1b[Kunused parameter \xe2\x80\x98\x1b[01m\x1b[Kmotor_id\x1b[m\x1b[K\xe2\x80\x99 [\x1b[01;35m\x1b[K\x1b]8;;https://gcc.gnu.org/onlinedocs/gcc/Warning-Options.html#index-Wunused-parameter\x07-Wunused-parameter\x1b]8;;\x07\x1b[m\x1b[K]\n'}
[0.499685] (CommunicationCenter) StderrLine: {'line': b'  109 |   STWCANMsg *setSafeVel(\x1b[01;35m\x1b[Kuint8_t motor_id\x1b[m\x1b[K, float vel) override {\n'}
[0.499704] (CommunicationCenter) StderrLine: {'line': b'      |                         \x1b[01;35m\x1b[K~~~~~~~~^~~~~~~~\x1b[m\x1b[K\n'}
[0.499724] (CommunicationCenter) StderrLine: {'line': b'\x1b[01m\x1b[K/home/albusgive/rlfw/rlfw_deploy/src/CommunicationCenter/motor_driver/STWMotor.h:109:49:\x1b[m\x1b[K \x1b[01;35m\x1b[Kwarning: \x1b[m\x1b[Kunused parameter \xe2\x80\x98\x1b[01m\x1b[Kvel\x1b[m\x1b[K\xe2\x80\x99 [\x1b[01;35m\x1b[K\x1b]8;;https://gcc.gnu.org/onlinedocs/gcc/Warning-Options.html#index-Wunused-parameter\x07-Wunused-parameter\x1b]8;;\x07\x1b[m\x1b[K]\n'}
[0.499744] (CommunicationCenter) StderrLine: {'line': b'  109 |   STWCANMsg *setSafeVel(uint8_t motor_id, \x1b[01;35m\x1b[Kfloat vel\x1b[m\x1b[K) override {\n'}
[0.499763] (CommunicationCenter) StderrLine: {'line': b'      |                                           \x1b[01;35m\x1b[K~~~~~~^~~\x1b[m\x1b[K\n'}
[0.499783] (CommunicationCenter) StderrLine: {'line': b'\x1b[01m\x1b[K/home/albusgive/rlfw/rlfw_deploy/src/CommunicationCenter/motor_driver/Motor.hpp:\x1b[m\x1b[K At global scope:\n'}
[0.499803] (CommunicationCenter) StderrLine: {'line': b'\x1b[01m\x1b[K/home/albusgive/rlfw/rlfw_deploy/src/CommunicationCenter/motor_driver/Motor.hpp:276:13:\x1b[m\x1b[K \x1b[01;35m\x1b[Kwarning: \x1b[m\x1b[K\xe2\x80\x98\x1b[01m\x1b[Kvirtual MotorBack CANMotor::\x1b[01;32m\x1b[Kdecode\x1b[m\x1b[K()\x1b[m\x1b[K\xe2\x80\x99 was hidden [\x1b[01;35m\x1b[K\x1b]8;;https://gcc.gnu.org/onlinedocs/gcc/Warning-Options.html#index-Woverloaded-virtual=\x07-Woverloaded-virtual=\x1b]8;;\x07\x1b[m\x1b[K]\n'}
[0.499827] (CommunicationCenter) StderrLine: {'line': b'  276 |   MotorBack \x1b[01;35m\x1b[Kdecode\x1b[m\x1b[K() override { return MotorBack(); };\n'}
[0.499847] (CommunicationCenter) StderrLine: {'line': b'      |             \x1b[01;35m\x1b[K^~~~~~\x1b[m\x1b[K\n'}
[0.499871] (CommunicationCenter) StderrLine: {'line': b'In file included from \x1b[01m\x1b[K/home/albusgive/rlfw/rlfw_deploy/src/CommunicationCenter/include/CommunicationCenter.hpp:6\x1b[m\x1b[K:\n'}
[0.499893] (CommunicationCenter) StderrLine: {'line': b'\x1b[01m\x1b[K/home/albusgive/rlfw/rlfw_deploy/src/CommunicationCenter/motor_driver/STWMotor.h:69:13:\x1b[m\x1b[K \x1b[01;36m\x1b[Knote: \x1b[m\x1b[K  by \xe2\x80\x98\x1b[01m\x1b[Kvirtual MotorBack STWMotor::\x1b[01;32m\x1b[Kdecode\x1b[m\x1b[K(CANMSG)\x1b[m\x1b[K\xe2\x80\x99\n'}
[0.499914] (CommunicationCenter) StderrLine: {'line': b'   69 |   MotorBack \x1b[01;36m\x1b[Kdecode\x1b[m\x1b[K(CANMSG msg) override;\n'}
[0.499933] (CommunicationCenter) StderrLine: {'line': b'      |             \x1b[01;36m\x1b[K^~~~~~\x1b[m\x1b[K\n'}
[0.499952] (CommunicationCenter) StderrLine: {'line': b'\x1b[01m\x1b[K/home/albusgive/rlfw/rlfw_deploy/src/CommunicationCenter/motor_driver/Motor.hpp:275:13:\x1b[m\x1b[K \x1b[01;35m\x1b[Kwarning: \x1b[m\x1b[K\xe2\x80\x98\x1b[01m\x1b[Kvirtual MotorBack CANMotor::\x1b[01;32m\x1b[Kdecode\x1b[m\x1b[K(UnitreeMsg)\x1b[m\x1b[K\xe2\x80\x99 was hidden [\x1b[01;35m\x1b[K\x1b]8;;https://gcc.gnu.org/onlinedocs/gcc/Warning-Options.html#index-Woverloaded-virtual=\x07-Woverloaded-virtual=\x1b]8;;\x07\x1b[m\x1b[K]\n'}
[0.499973] (CommunicationCenter) StderrLine: {'line': b'  275 |   MotorBack \x1b[01;35m\x1b[Kdecode\x1b[m\x1b[K(UnitreeMsg /*msg*/) override { return MotorBack(); };\n'}
[0.499993] (CommunicationCenter) StderrLine: {'line': b'      |             \x1b[01;35m\x1b[K^~~~~~\x1b[m\x1b[K\n'}
[0.500012] (CommunicationCenter) StderrLine: {'line': b'\x1b[01m\x1b[K/home/albusgive/rlfw/rlfw_deploy/src/CommunicationCenter/motor_driver/STWMotor.h:69:13:\x1b[m\x1b[K \x1b[01;36m\x1b[Knote: \x1b[m\x1b[K  by \xe2\x80\x98\x1b[01m\x1b[Kvirtual MotorBack STWMotor::\x1b[01;32m\x1b[Kdecode\x1b[m\x1b[K(CANMSG)\x1b[m\x1b[K\xe2\x80\x99\n'}
[0.500034] (CommunicationCenter) StderrLine: {'line': b'   69 |   MotorBack \x1b[01;36m\x1b[Kdecode\x1b[m\x1b[K(CANMSG msg) override;\n'}
[0.500053] (CommunicationCenter) StderrLine: {'line': b'      |             \x1b[01;36m\x1b[K^~~~~~\x1b[m\x1b[K\n'}
[0.500072] (CommunicationCenter) StderrLine: {'line': b'\x1b[01m\x1b[K/home/albusgive/rlfw/rlfw_deploy/src/CommunicationCenter/motor_driver/STWMotor.h:\x1b[m\x1b[K In member function \xe2\x80\x98\x1b[01m\x1b[Kvirtual STWCANMsg* STWMotor::\x1b[01;32m\x1b[Kctrl_pos\x1b[m\x1b[K(uint8_t, float)\x1b[m\x1b[K\xe2\x80\x99:\n'}
[0.500093] (CommunicationCenter) StderrLine: {'line': b'\x1b[01m\x1b[K/home/albusgive/rlfw/rlfw_deploy/src/CommunicationCenter/motor_driver/STWMotor.h:76:31:\x1b[m\x1b[K \x1b[01;35m\x1b[Kwarning: \x1b[m\x1b[Kunused parameter \xe2\x80\x98\x1b[01m\x1b[Kmotor_id\x1b[m\x1b[K\xe2\x80\x99 [\x1b[01;35m\x1b[K\x1b]8;;https://gcc.gnu.org/onlinedocs/gcc/Warning-Options.html#index-Wunused-parameter\x07-Wunused-parameter\x1b]8;;\x07\x1b[m\x1b[K]\n'}
[0.500115] (CommunicationCenter) StderrLine: {'line': b'   76 |   STWCANMsg *ctrl_pos(\x1b[01;35m\x1b[Kuint8_t motor_id\x1b[m\x1b[K, float pos) override { return nullptr; };\n'}
[0.500135] (CommunicationCenter) StderrLine: {'line': b'      |                       \x1b[01;35m\x1b[K~~~~~~~~^~~~~~~~\x1b[m\x1b[K\n'}
[0.500154] (CommunicationCenter) StderrLine: {'line': b'\x1b[01m\x1b[K/home/albusgive/rlfw/rlfw_deploy/src/CommunicationCenter/motor_driver/STWMotor.h:76:47:\x1b[m\x1b[K \x1b[01;35m\x1b[Kwarning: \x1b[m\x1b[Kunused parameter \xe2\x80\x98\x1b[01m\x1b[Kpos\x1b[m\x1b[K\xe2\x80\x99 [\x1b[01;35m\x1b[K\x1b]8;;https://gcc.gnu.org/onlinedocs/gcc/Warning-Options.html#index-Wunused-parameter\x07-Wunused-parameter\x1b]8;;\x07\x1b[m\x1b[K]\n'}
[0.500175] (CommunicationCenter) StderrLine: {'line': b'   76 |   STWCANMsg *ctrl_pos(uint8_t motor_id, \x1b[01;35m\x1b[Kfloat pos\x1b[m\x1b[K) override { return nullptr; };\n'}
[0.500196] (CommunicationCenter) StderrLine: {'line': b'      |                                         \x1b[01;35m\x1b[K~~~~~~^~~\x1b[m\x1b[K\n'}
[0.500217] (CommunicationCenter) StderrLine: {'line': b'\x1b[01m\x1b[K/home/albusgive/rlfw/rlfw_deploy/src/CommunicationCenter/motor_driver/STWMotor.h:\x1b[m\x1b[K In member function \xe2\x80\x98\x1b[01m\x1b[Kvirtual STWCANMsg* STWMotor::\x1b[01;32m\x1b[Kctrl_vel\x1b[m\x1b[K(uint8_t, float)\x1b[m\x1b[K\xe2\x80\x99:\n'}
[0.500237] (CommunicationCenter) StderrLine: {'line': b'\x1b[01m\x1b[K/home/albusgive/rlfw/rlfw_deploy/src/CommunicationCenter/motor_driver/STWMotor.h:78:31:\x1b[m\x1b[K \x1b[01;35m\x1b[Kwarning: \x1b[m\x1b[Kunused parameter \xe2\x80\x98\x1b[01m\x1b[Kmotor_id\x1b[m\x1b[K\xe2\x80\x99 [\x1b[01;35m\x1b[K\x1b]8;;https://gcc.gnu.org/onlinedocs/gcc/Warning-Options.html#index-Wunused-parameter\x07-Wunused-parameter\x1b]8;;\x07\x1b[m\x1b[K]\n'}
[0.500257] (CommunicationCenter) StderrLine: {'line': b'   78 |   STWCANMsg *ctrl_vel(\x1b[01;35m\x1b[Kuint8_t motor_id\x1b[m\x1b[K, float vel) override { return nullptr; };\n'}
[0.500277] (CommunicationCenter) StderrLine: {'line': b'      |                       \x1b[01;35m\x1b[K~~~~~~~~^~~~~~~~\x1b[m\x1b[K\n'}
[0.500296] (CommunicationCenter) StderrLine: {'line': b'\x1b[01m\x1b[K/home/albusgive/rlfw/rlfw_deploy/src/CommunicationCenter/motor_driver/STWMotor.h:78:47:\x1b[m\x1b[K \x1b[01;35m\x1b[Kwarning: \x1b[m\x1b[Kunused parameter \xe2\x80\x98\x1b[01m\x1b[Kvel\x1b[m\x1b[K\xe2\x80\x99 [\x1b[01;35m\x1b[K\x1b]8;;https://gcc.gnu.org/onlinedocs/gcc/Warning-Options.html#index-Wunused-parameter\x07-Wunused-parameter\x1b]8;;\x07\x1b[m\x1b[K]\n'}
[0.500316] (CommunicationCenter) StderrLine: {'line': b'   78 |   STWCANMsg *ctrl_vel(uint8_t motor_id, \x1b[01;35m\x1b[Kfloat vel\x1b[m\x1b[K) override { return nullptr; };\n'}
[0.500336] (CommunicationCenter) StderrLine: {'line': b'      |                                         \x1b[01;35m\x1b[K~~~~~~^~~\x1b[m\x1b[K\n'}
[0.500357] (CommunicationCenter) StderrLine: {'line': b'\x1b[01m\x1b[K/home/albusgive/rlfw/rlfw_deploy/src/CommunicationCenter/motor_driver/STWMotor.h:\x1b[m\x1b[K In member function \xe2\x80\x98\x1b[01m\x1b[Kvirtual STWCANMsg* STWMotor::\x1b[01;32m\x1b[Kctrl_pos_vel\x1b[m\x1b[K(uint8_t, float, float)\x1b[m\x1b[K\xe2\x80\x99:\n'}
[0.500377] (CommunicationCenter) StderrLine: {'line': b'\x1b[01m\x1b[K/home/albusgive/rlfw/rlfw_deploy/src/CommunicationCenter/motor_driver/STWMotor.h:80:35:\x1b[m\x1b[K \x1b[01;35m\x1b[Kwarning: \x1b[m\x1b[Kunused parameter \xe2\x80\x98\x1b[01m\x1b[Kmotor_id\x1b[m\x1b[K\xe2\x80\x99 [\x1b[01;35m\x1b[K\x1b]8;;https://gcc.gnu.org/onlinedocs/gcc/Warning-Options.html#index-Wunused-parameter\x07-Wunused-parameter\x1b]8;;\x07\x1b[m\x1b[K]\n'}
[0.500396] (CommunicationCenter) StderrLine: {'line': b'   80 |   STWCANMsg *ctrl_pos_vel(\x1b[01;35m\x1b[Kuint8_t motor_id\x1b[m\x1b[K, float pos, float vel) override {\n'}
[0.500416] (CommunicationCenter) StderrLine: {'line': b'      |                           \x1b[01;35m\x1b[K~~~~~~~~^~~~~~~~\x1b[m\x1b[K\n'}
[0.500434] (CommunicationCenter) StderrLine: {'line': b'\x1b[01m\x1b[K/home/albusgive/rlfw/rlfw_deploy/src/CommunicationCenter/motor_driver/STWMotor.h:80:51:\x1b[m\x1b[K \x1b[01;35m\x1b[Kwarning: \x1b[m\x1b[Kunused parameter \xe2\x80\x98\x1b[01m\x1b[Kpos\x1b[m\x1b[K\xe2\x80\x99 [\x1b[01;35m\x1b[K\x1b]8;;https://gcc.gnu.org/onlinedocs/gcc/Warning-Options.html#index-Wunused-parameter\x07-Wunused-parameter\x1b]8;;\x07\x1b[m\x1b[K]\n'}
[0.500454] (CommunicationCenter) StderrLine: {'line': b'   80 |   STWCANMsg *ctrl_pos_vel(uint8_t motor_id, \x1b[01;35m\x1b[Kfloat pos\x1b[m\x1b[K, float vel) override {\n'}
[0.500474] (CommunicationCenter) StderrLine: {'line': b'      |                                             \x1b[01;35m\x1b[K~~~~~~^~~\x1b[m\x1b[K\n'}
[0.500494] (CommunicationCenter) StderrLine: {'line': b'\x1b[01m\x1b[K/home/albusgive/rlfw/rlfw_deploy/src/CommunicationCenter/motor_driver/STWMotor.h:80:62:\x1b[m\x1b[K \x1b[01;35m\x1b[Kwarning: \x1b[m\x1b[Kunused parameter \xe2\x80\x98\x1b[01m\x1b[Kvel\x1b[m\x1b[K\xe2\x80\x99 [\x1b[01;35m\x1b[K\x1b]8;;https://gcc.gnu.org/onlinedocs/gcc/Warning-Options.html#index-Wunused-parameter\x07-Wunused-parameter\x1b]8;;\x07\x1b[m\x1b[K]\n'}
[0.500517] (CommunicationCenter) StderrLine: {'line': b'   80 |   STWCANMsg *ctrl_pos_vel(uint8_t motor_id, float pos, \x1b[01;35m\x1b[Kfloat vel\x1b[m\x1b[K) override {\n'}
[0.500537] (CommunicationCenter) StderrLine: {'line': b'      |                                                        \x1b[01;35m\x1b[K~~~~~~^~~\x1b[m\x1b[K\n'}
[0.500560] (CommunicationCenter) StderrLine: {'line': b'\x1b[01m\x1b[K/home/albusgive/rlfw/rlfw_deploy/src/CommunicationCenter/motor_driver/STWMotor.h:\x1b[m\x1b[K In member function \xe2\x80\x98\x1b[01m\x1b[Kvirtual STWCANMsg* STWMotor::\x1b[01;32m\x1b[Kctrl_torque\x1b[m\x1b[K(uint8_t, float)\x1b[m\x1b[K\xe2\x80\x99:\n'}
[0.500580] (CommunicationCenter) StderrLine: {'line': b'\x1b[01m\x1b[K/home/albusgive/rlfw/rlfw_deploy/src/CommunicationCenter/motor_driver/STWMotor.h:84:34:\x1b[m\x1b[K \x1b[01;35m\x1b[Kwarning: \x1b[m\x1b[Kunused parameter \xe2\x80\x98\x1b[01m\x1b[Kmotor_id\x1b[m\x1b[K\xe2\x80\x99 [\x1b[01;35m\x1b[K\x1b]8;;https://gcc.gnu.org/onlinedocs/gcc/Warning-Options.html#index-Wunused-parameter\x07-Wunused-parameter\x1b]8;;\x07\x1b[m\x1b[K]\n'}
[0.500602] (CommunicationCenter) StderrLine: {'line': b'   84 |   STWCANMsg *ctrl_torque(\x1b[01;35m\x1b[Kuint8_t motor_id\x1b[m\x1b[K, float torque) override {\n'}
[0.500623] (CommunicationCenter) StderrLine: {'line': b'      |                          \x1b[01;35m\x1b[K~~~~~~~~^~~~~~~~\x1b[m\x1b[K\n'}
[0.500643] (CommunicationCenter) StderrLine: {'line': b'\x1b[01m\x1b[K/home/albusgive/rlfw/rlfw_deploy/src/CommunicationCenter/motor_driver/STWMotor.h:84:50:\x1b[m\x1b[K \x1b[01;35m\x1b[Kwarning: \x1b[m\x1b[Kunused parameter \xe2\x80\x98\x1b[01m\x1b[Ktorque\x1b[m\x1b[K\xe2\x80\x99 [\x1b[01;35m\x1b[K\x1b]8;;https://gcc.gnu.org/onlinedocs/gcc/Warning-Options.html#index-Wunused-parameter\x07-Wunused-parameter\x1b]8;;\x07\x1b[m\x1b[K]\n'}
[0.500663] (CommunicationCenter) StderrLine: {'line': b'   84 |   STWCANMsg *ctrl_torque(uint8_t motor_id, \x1b[01;35m\x1b[Kfloat torque\x1b[m\x1b[K) override {\n'}
[0.500683] (CommunicationCenter) StderrLine: {'line': b'      |                                            \x1b[01;35m\x1b[K~~~~~~^~~~~~\x1b[m\x1b[K\n'}
[0.500702] (CommunicationCenter) StderrLine: {'line': b'\x1b[01m\x1b[K/home/albusgive/rlfw/rlfw_deploy/src/CommunicationCenter/motor_driver/STWMotor.h:\x1b[m\x1b[K In member function \xe2\x80\x98\x1b[01m\x1b[Kvirtual STWCANMsg* STWMotor::\x1b[01;32m\x1b[KsetPosKP\x1b[m\x1b[K(uint8_t, float)\x1b[m\x1b[K\xe2\x80\x99:\n'}
[0.500721] (CommunicationCenter) StderrLine: {'line': b'\x1b[01m\x1b[K/home/albusgive/rlfw/rlfw_deploy/src/CommunicationCenter/motor_driver/STWMotor.h:90:31:\x1b[m\x1b[K \x1b[01;35m\x1b[Kwarning: \x1b[m\x1b[Kunused parameter \xe2\x80\x98\x1b[01m\x1b[Kmotor_id\x1b[m\x1b[K\xe2\x80\x99 [\x1b[01;35m\x1b[K\x1b]8;;https://gcc.gnu.org/onlinedocs/gcc/Warning-Options.html#index-Wunused-parameter\x07-Wunused-parameter\x1b]8;;\x07\x1b[m\x1b[K]\n'}
[0.500741] (CommunicationCenter) StderrLine: {'line': b'   90 |   STWCANMsg *setPosKP(\x1b[01;35m\x1b[Kuint8_t motor_id\x1b[m\x1b[K, float kp) override { return nullptr; };\n'}
[0.500763] (CommunicationCenter) StderrLine: {'line': b'      |                       \x1b[01;35m\x1b[K~~~~~~~~^~~~~~~~\x1b[m\x1b[K\n'}
[0.500782] (CommunicationCenter) StderrLine: {'line': b'\x1b[01m\x1b[K/home/albusgive/rlfw/rlfw_deploy/src/CommunicationCenter/motor_driver/STWMotor.h:90:47:\x1b[m\x1b[K \x1b[01;35m\x1b[Kwarning: \x1b[m\x1b[Kunused parameter \xe2\x80\x98\x1b[01m\x1b[Kkp\x1b[m\x1b[K\xe2\x80\x99 [\x1b[01;35m\x1b[K\x1b]8;;https://gcc.gnu.org/onlinedocs/gcc/Warning-Options.html#index-Wunused-parameter\x07-Wunused-parameter\x1b]8;;\x07\x1b[m\x1b[K]\n'}
[0.500802] (CommunicationCenter) StderrLine: {'line': b'   90 |   STWCANMsg *setPosKP(uint8_t motor_id, \x1b[01;35m\x1b[Kfloat kp\x1b[m\x1b[K) override { return nullptr; };\n'}
[0.500828] (CommunicationCenter) StderrLine: {'line': b'      |                                         \x1b[01;35m\x1b[K~~~~~~^~\x1b[m\x1b[K\n'}
[0.500847] (CommunicationCenter) StderrLine: {'line': b'\x1b[01m\x1b[K/home/albusgive/rlfw/rlfw_deploy/src/CommunicationCenter/motor_driver/STWMotor.h:\x1b[m\x1b[K In member function \xe2\x80\x98\x1b[01m\x1b[Kvirtual STWCANMsg* STWMotor::\x1b[01;32m\x1b[KsetPosKD\x1b[m\x1b[K(uint8_t, float)\x1b[m\x1b[K\xe2\x80\x99:\n'}
[0.500874] (-) TimerEvent: {}
[0.500950] (CommunicationCenter) StderrLine: {'line': b'\x1b[01m\x1b[K/home/albusgive/rlfw/rlfw_deploy/src/CommunicationCenter/motor_driver/STWMotor.h:91:31:\x1b[m\x1b[K \x1b[01;35m\x1b[Kwarning: \x1b[m\x1b[Kunused parameter \xe2\x80\x98\x1b[01m\x1b[Kmotor_id\x1b[m\x1b[K\xe2\x80\x99 [\x1b[01;35m\x1b[K\x1b]8;;https://gcc.gnu.org/onlinedocs/gcc/Warning-Options.html#index-Wunused-parameter\x07-Wunused-parameter\x1b]8;;\x07\x1b[m\x1b[K]\n'}
[0.500989] (CommunicationCenter) StderrLine: {'line': b'   91 |   STWCANMsg *setPosKD(\x1b[01;35m\x1b[Kuint8_t motor_id\x1b[m\x1b[K, float kd) override { return nullptr; };\n'}
[0.501014] (CommunicationCenter) StderrLine: {'line': b'      |                       \x1b[01;35m\x1b[K~~~~~~~~^~~~~~~~\x1b[m\x1b[K\n'}
[0.501038] (CommunicationCenter) StderrLine: {'line': b'\x1b[01m\x1b[K/home/albusgive/rlfw/rlfw_deploy/src/CommunicationCenter/motor_driver/STWMotor.h:91:47:\x1b[m\x1b[K \x1b[01;35m\x1b[Kwarning: \x1b[m\x1b[Kunused parameter \xe2\x80\x98\x1b[01m\x1b[Kkd\x1b[m\x1b[K\xe2\x80\x99 [\x1b[01;35m\x1b[K\x1b]8;;https://gcc.gnu.org/onlinedocs/gcc/Warning-Options.html#index-Wunused-parameter\x07-Wunused-parameter\x1b]8;;\x07\x1b[m\x1b[K]\n'}
[0.501060] (CommunicationCenter) StderrLine: {'line': b'   91 |   STWCANMsg *setPosKD(uint8_t motor_id, \x1b[01;35m\x1b[Kfloat kd\x1b[m\x1b[K) override { return nullptr; };\n'}
[0.501082] (CommunicationCenter) StderrLine: {'line': b'      |                                         \x1b[01;35m\x1b[K~~~~~~^~\x1b[m\x1b[K\n'}
[0.501104] (CommunicationCenter) StderrLine: {'line': b'\x1b[01m\x1b[K/home/albusgive/rlfw/rlfw_deploy/src/CommunicationCenter/motor_driver/STWMotor.h:\x1b[m\x1b[K In member function \xe2\x80\x98\x1b[01m\x1b[Kvirtual STWCANMsg* STWMotor::\x1b[01;32m\x1b[KsetVelKP\x1b[m\x1b[K(uint8_t, float)\x1b[m\x1b[K\xe2\x80\x99:\n'}
[0.501125] (CommunicationCenter) StderrLine: {'line': b'\x1b[01m\x1b[K/home/albusgive/rlfw/rlfw_deploy/src/CommunicationCenter/motor_driver/STWMotor.h:93:31:\x1b[m\x1b[K \x1b[01;35m\x1b[Kwarning: \x1b[m\x1b[Kunused parameter \xe2\x80\x98\x1b[01m\x1b[Kmotor_id\x1b[m\x1b[K\xe2\x80\x99 [\x1b[01;35m\x1b[K\x1b]8;;https://gcc.gnu.org/onlinedocs/gcc/Warning-Options.html#index-Wunused-parameter\x07-Wunused-parameter\x1b]8;;\x07\x1b[m\x1b[K]\n'}
[0.501146] (CommunicationCenter) StderrLine: {'line': b'   93 |   STWCANMsg *setVelKP(\x1b[01;35m\x1b[Kuint8_t motor_id\x1b[m\x1b[K, float kp) override { return nullptr; };\n'}
[0.501168] (CommunicationCenter) StderrLine: {'line': b'      |                       \x1b[01;35m\x1b[K~~~~~~~~^~~~~~~~\x1b[m\x1b[K\n'}
[0.501188] (CommunicationCenter) StderrLine: {'line': b'\x1b[01m\x1b[K/home/albusgive/rlfw/rlfw_deploy/src/CommunicationCenter/motor_driver/STWMotor.h:93:47:\x1b[m\x1b[K \x1b[01;35m\x1b[Kwarning: \x1b[m\x1b[Kunused parameter \xe2\x80\x98\x1b[01m\x1b[Kkp\x1b[m\x1b[K\xe2\x80\x99 [\x1b[01;35m\x1b[K\x1b]8;;https://gcc.gnu.org/onlinedocs/gcc/Warning-Options.html#index-Wunused-parameter\x07-Wunused-parameter\x1b]8;;\x07\x1b[m\x1b[K]\n'}
[0.501210] (CommunicationCenter) StderrLine: {'line': b'   93 |   STWCANMsg *setVelKP(uint8_t motor_id, \x1b[01;35m\x1b[Kfloat kp\x1b[m\x1b[K) override { return nullptr; };\n'}
[0.501231] (CommunicationCenter) StderrLine: {'line': b'      |                                         \x1b[01;35m\x1b[K~~~~~~^~\x1b[m\x1b[K\n'}
[0.501253] (CommunicationCenter) StderrLine: {'line': b'\x1b[01m\x1b[K/home/albusgive/rlfw/rlfw_deploy/src/CommunicationCenter/motor_driver/STWMotor.h:\x1b[m\x1b[K In member function \xe2\x80\x98\x1b[01m\x1b[Kvirtual STWCANMsg* STWMotor::\x1b[01;32m\x1b[KsetVelKI\x1b[m\x1b[K(uint8_t, float)\x1b[m\x1b[K\xe2\x80\x99:\n'}
[0.501274] (CommunicationCenter) StderrLine: {'line': b'\x1b[01m\x1b[K/home/albusgive/rlfw/rlfw_deploy/src/CommunicationCenter/motor_driver/STWMotor.h:94:31:\x1b[m\x1b[K \x1b[01;35m\x1b[Kwarning: \x1b[m\x1b[Kunused parameter \xe2\x80\x98\x1b[01m\x1b[Kmotor_id\x1b[m\x1b[K\xe2\x80\x99 [\x1b[01;35m\x1b[K\x1b]8;;https://gcc.gnu.org/onlinedocs/gcc/Warning-Options.html#index-Wunused-parameter\x07-Wunused-parameter\x1b]8;;\x07\x1b[m\x1b[K]\n'}
[0.501295] (CommunicationCenter) StderrLine: {'line': b'   94 |   STWCANMsg *setVelKI(\x1b[01;35m\x1b[Kuint8_t motor_id\x1b[m\x1b[K, float ki) override { return nullptr; };\n'}
[0.501316] (CommunicationCenter) StderrLine: {'line': b'      |                       \x1b[01;35m\x1b[K~~~~~~~~^~~~~~~~\x1b[m\x1b[K\n'}
[0.501337] (CommunicationCenter) StderrLine: {'line': b'\x1b[01m\x1b[K/home/albusgive/rlfw/rlfw_deploy/src/CommunicationCenter/motor_driver/STWMotor.h:94:47:\x1b[m\x1b[K \x1b[01;35m\x1b[Kwarning: \x1b[m\x1b[Kunused parameter \xe2\x80\x98\x1b[01m\x1b[Kki\x1b[m\x1b[K\xe2\x80\x99 [\x1b[01;35m\x1b[K\x1b]8;;https://gcc.gnu.org/onlinedocs/gcc/Warning-Options.html#index-Wunused-parameter\x07-Wunused-parameter\x1b]8;;\x07\x1b[m\x1b[K]\n'}
[0.501358] (CommunicationCenter) StderrLine: {'line': b'   94 |   STWCANMsg *setVelKI(uint8_t motor_id, \x1b[01;35m\x1b[Kfloat ki\x1b[m\x1b[K) override { return nullptr; };\n'}
[0.501379] (CommunicationCenter) StderrLine: {'line': b'      |                                         \x1b[01;35m\x1b[K~~~~~~^~\x1b[m\x1b[K\n'}
[0.501401] (CommunicationCenter) StderrLine: {'line': b'\x1b[01m\x1b[K/home/albusgive/rlfw/rlfw_deploy/src/CommunicationCenter/motor_driver/STWMotor.h:\x1b[m\x1b[K In member function \xe2\x80\x98\x1b[01m\x1b[Kvirtual STWCANMsg* STWMotor::\x1b[01;32m\x1b[KsetTorqueKP\x1b[m\x1b[K(uint8_t, float)\x1b[m\x1b[K\xe2\x80\x99:\n'}
[0.501422] (CommunicationCenter) StderrLine: {'line': b'\x1b[01m\x1b[K/home/albusgive/rlfw/rlfw_deploy/src/CommunicationCenter/motor_driver/STWMotor.h:96:34:\x1b[m\x1b[K \x1b[01;35m\x1b[Kwarning: \x1b[m\x1b[Kunused parameter \xe2\x80\x98\x1b[01m\x1b[Kmotor_id\x1b[m\x1b[K\xe2\x80\x99 [\x1b[01;35m\x1b[K\x1b]8;;https://gcc.gnu.org/onlinedocs/gcc/Warning-Options.html#index-Wunused-parameter\x07-Wunused-parameter\x1b]8;;\x07\x1b[m\x1b[K]\n'}
[0.501444] (CommunicationCenter) StderrLine: {'line': b'   96 |   STWCANMsg *setTorqueKP(\x1b[01;35m\x1b[Kuint8_t motor_id\x1b[m\x1b[K, float kp) override {\n'}
[0.501465] (CommunicationCenter) StderrLine: {'line': b'      |                          \x1b[01;35m\x1b[K~~~~~~~~^~~~~~~~\x1b[m\x1b[K\n'}
[0.501485] (CommunicationCenter) StderrLine: {'line': b'\x1b[01m\x1b[K/home/albusgive/rlfw/rlfw_deploy/src/CommunicationCenter/motor_driver/STWMotor.h:96:50:\x1b[m\x1b[K \x1b[01;35m\x1b[Kwarning: \x1b[m\x1b[Kunused parameter \xe2\x80\x98\x1b[01m\x1b[Kkp\x1b[m\x1b[K\xe2\x80\x99 [\x1b[01;35m\x1b[K\x1b]8;;https://gcc.gnu.org/onlinedocs/gcc/Warning-Options.html#index-Wunused-parameter\x07-Wunused-parameter\x1b]8;;\x07\x1b[m\x1b[K]\n'}
[0.501506] (CommunicationCenter) StderrLine: {'line': b'   96 |   STWCANMsg *setTorqueKP(uint8_t motor_id, \x1b[01;35m\x1b[Kfloat kp\x1b[m\x1b[K) override {\n'}
[0.501526] (CommunicationCenter) StderrLine: {'line': b'      |                                            \x1b[01;35m\x1b[K~~~~~~^~\x1b[m\x1b[K\n'}
[0.501545] (CommunicationCenter) StderrLine: {'line': b'\x1b[01m\x1b[K/home/albusgive/rlfw/rlfw_deploy/src/CommunicationCenter/motor_driver/STWMotor.h:\x1b[m\x1b[K In member function \xe2\x80\x98\x1b[01m\x1b[Kvirtual STWCANMsg* STWMotor::\x1b[01;32m\x1b[KsetTorqueKI\x1b[m\x1b[K(uint8_t, float)\x1b[m\x1b[K\xe2\x80\x99:\n'}
[0.501565] (CommunicationCenter) StderrLine: {'line': b'\x1b[01m\x1b[K/home/albusgive/rlfw/rlfw_deploy/src/CommunicationCenter/motor_driver/STWMotor.h:99:34:\x1b[m\x1b[K \x1b[01;35m\x1b[Kwarning: \x1b[m\x1b[Kunused parameter \xe2\x80\x98\x1b[01m\x1b[Kmotor_id\x1b[m\x1b[K\xe2\x80\x99 [\x1b[01;35m\x1b[K\x1b]8;;https://gcc.gnu.org/onlinedocs/gcc/Warning-Options.html#index-Wunused-parameter\x07-Wunused-parameter\x1b]8;;\x07\x1b[m\x1b[K]\n'}
[0.501588] (CommunicationCenter) StderrLine: {'line': b'   99 |   STWCANMsg *setTorqueKI(\x1b[01;35m\x1b[Kuint8_t motor_id\x1b[m\x1b[K, float ki) override {\n'}
[0.501608] (CommunicationCenter) StderrLine: {'line': b'      |                          \x1b[01;35m\x1b[K~~~~~~~~^~~~~~~~\x1b[m\x1b[K\n'}
[0.501628] (CommunicationCenter) StderrLine: {'line': b'\x1b[01m\x1b[K/home/albusgive/rlfw/rlfw_deploy/src/CommunicationCenter/motor_driver/STWMotor.h:99:50:\x1b[m\x1b[K \x1b[01;35m\x1b[Kwarning: \x1b[m\x1b[Kunused parameter \xe2\x80\x98\x1b[01m\x1b[Kki\x1b[m\x1b[K\xe2\x80\x99 [\x1b[01;35m\x1b[K\x1b]8;;https://gcc.gnu.org/onlinedocs/gcc/Warning-Options.html#index-Wunused-parameter\x07-Wunused-parameter\x1b]8;;\x07\x1b[m\x1b[K]\n'}
[0.501649] (CommunicationCenter) StderrLine: {'line': b'   99 |   STWCANMsg *setTorqueKI(uint8_t motor_id, \x1b[01;35m\x1b[Kfloat ki\x1b[m\x1b[K) override {\n'}
[0.501669] (CommunicationCenter) StderrLine: {'line': b'      |                                            \x1b[01;35m\x1b[K~~~~~~^~\x1b[m\x1b[K\n'}
[0.501689] (CommunicationCenter) StderrLine: {'line': b'\x1b[01m\x1b[K/home/albusgive/rlfw/rlfw_deploy/src/CommunicationCenter/motor_driver/STWMotor.h:\x1b[m\x1b[K In member function \xe2\x80\x98\x1b[01m\x1b[Kvirtual STWCANMsg* STWMotor::\x1b[01;32m\x1b[KsetSafeTorque\x1b[m\x1b[K(uint8_t, float)\x1b[m\x1b[K\xe2\x80\x99:\n'}
[0.501710] (CommunicationCenter) StderrLine: {'line': b'\x1b[01m\x1b[K/home/albusgive/rlfw/rlfw_deploy/src/CommunicationCenter/motor_driver/STWMotor.h:103:36:\x1b[m\x1b[K \x1b[01;35m\x1b[Kwarning: \x1b[m\x1b[Kunused parameter \xe2\x80\x98\x1b[01m\x1b[Kmotor_id\x1b[m\x1b[K\xe2\x80\x99 [\x1b[01;35m\x1b[K\x1b]8;;https://gcc.gnu.org/onlinedocs/gcc/Warning-Options.html#index-Wunused-parameter\x07-Wunused-parameter\x1b]8;;\x07\x1b[m\x1b[K]\n'}
[0.501731] (CommunicationCenter) StderrLine: {'line': b'  103 |   STWCANMsg *setSafeTorque(\x1b[01;35m\x1b[Kuint8_t motor_id\x1b[m\x1b[K, float torque) override {\n'}
[0.501750] (CommunicationCenter) StderrLine: {'line': b'      |                            \x1b[01;35m\x1b[K~~~~~~~~^~~~~~~~\x1b[m\x1b[K\n'}
[0.501771] (CommunicationCenter) StderrLine: {'line': b'\x1b[01m\x1b[K/home/albusgive/rlfw/rlfw_deploy/src/CommunicationCenter/motor_driver/STWMotor.h:103:52:\x1b[m\x1b[K \x1b[01;35m\x1b[Kwarning: \x1b[m\x1b[Kunused parameter \xe2\x80\x98\x1b[01m\x1b[Ktorque\x1b[m\x1b[K\xe2\x80\x99 [\x1b[01;35m\x1b[K\x1b]8;;https://gcc.gnu.org/onlinedocs/gcc/Warning-Options.html#index-Wunused-parameter\x07-Wunused-parameter\x1b]8;;\x07\x1b[m\x1b[K]\n'}
[0.501791] (CommunicationCenter) StderrLine: {'line': b'  103 |   STWCANMsg *setSafeTorque(uint8_t motor_id, \x1b[01;35m\x1b[Kfloat torque\x1b[m\x1b[K) override {\n'}
[0.501812] (CommunicationCenter) StderrLine: {'line': b'      |                                              \x1b[01;35m\x1b[K~~~~~~^~~~~~\x1b[m\x1b[K\n'}
[0.501832] (CommunicationCenter) StderrLine: {'line': b'\x1b[01m\x1b[K/home/albusgive/rlfw/rlfw_deploy/src/CommunicationCenter/motor_driver/STWMotor.h:\x1b[m\x1b[K In member function \xe2\x80\x98\x1b[01m\x1b[Kvirtual STWCANMsg* STWMotor::\x1b[01;32m\x1b[KsetSafePos\x1b[m\x1b[K(uint8_t, float)\x1b[m\x1b[K\xe2\x80\x99:\n'}
[0.501852] (CommunicationCenter) StderrLine: {'line': b'\x1b[01m\x1b[K/home/albusgive/rlfw/rlfw_deploy/src/CommunicationCenter/motor_driver/STWMotor.h:106:33:\x1b[m\x1b[K \x1b[01;35m\x1b[Kwarning: \x1b[m\x1b[Kunused parameter \xe2\x80\x98\x1b[01m\x1b[Kmotor_id\x1b[m\x1b[K\xe2\x80\x99 [\x1b[01;35m\x1b[K\x1b]8;;https://gcc.gnu.org/onlinedocs/gcc/Warning-Options.html#index-Wunused-parameter\x07-Wunused-parameter\x1b]8;;\x07\x1b[m\x1b[K]\n'}
[0.501877] (CommunicationCenter) StderrLine: {'line': b'  106 |   STWCANMsg *setSafePos(\x1b[01;35m\x1b[Kuint8_t motor_id\x1b[m\x1b[K, float pos) override {\n'}
[0.501899] (CommunicationCenter) StderrLine: {'line': b'      |                         \x1b[01;35m\x1b[K~~~~~~~~^~~~~~~~\x1b[m\x1b[K\n'}
[0.501919] (CommunicationCenter) StderrLine: {'line': b'\x1b[01m\x1b[K/home/albusgive/rlfw/rlfw_deploy/src/CommunicationCenter/motor_driver/STWMotor.h:106:49:\x1b[m\x1b[K \x1b[01;35m\x1b[Kwarning: \x1b[m\x1b[Kunused parameter \xe2\x80\x98\x1b[01m\x1b[Kpos\x1b[m\x1b[K\xe2\x80\x99 [\x1b[01;35m\x1b[K\x1b]8;;https://gcc.gnu.org/onlinedocs/gcc/Warning-Options.html#index-Wunused-parameter\x07-Wunused-parameter\x1b]8;;\x07\x1b[m\x1b[K]\n'}
[0.501942] (CommunicationCenter) StderrLine: {'line': b'  106 |   STWCANMsg *setSafePos(uint8_t motor_id, \x1b[01;35m\x1b[Kfloat pos\x1b[m\x1b[K) override {\n'}
[0.501961] (CommunicationCenter) StderrLine: {'line': b'      |                                           \x1b[01;35m\x1b[K~~~~~~^~~\x1b[m\x1b[K\n'}
[0.501982] (CommunicationCenter) StderrLine: {'line': b'\x1b[01m\x1b[K/home/albusgive/rlfw/rlfw_deploy/src/CommunicationCenter/motor_driver/STWMotor.h:\x1b[m\x1b[K In member function \xe2\x80\x98\x1b[01m\x1b[Kvirtual STWCANMsg* STWMotor::\x1b[01;32m\x1b[KsetSafeVel\x1b[m\x1b[K(uint8_t, float)\x1b[m\x1b[K\xe2\x80\x99:\n'}
[0.502003] (CommunicationCenter) StderrLine: {'line': b'\x1b[01m\x1b[K/home/albusgive/rlfw/rlfw_deploy/src/CommunicationCenter/motor_driver/STWMotor.h:109:33:\x1b[m\x1b[K \x1b[01;35m\x1b[Kwarning: \x1b[m\x1b[Kunused parameter \xe2\x80\x98\x1b[01m\x1b[Kmotor_id\x1b[m\x1b[K\xe2\x80\x99 [\x1b[01;35m\x1b[K\x1b]8;;https://gcc.gnu.org/onlinedocs/gcc/Warning-Options.html#index-Wunused-parameter\x07-Wunused-parameter\x1b]8;;\x07\x1b[m\x1b[K]\n'}
[0.502023] (CommunicationCenter) StderrLine: {'line': b'  109 |   STWCANMsg *setSafeVel(\x1b[01;35m\x1b[Kuint8_t motor_id\x1b[m\x1b[K, float vel) override {\n'}
[0.502042] (CommunicationCenter) StderrLine: {'line': b'      |                         \x1b[01;35m\x1b[K~~~~~~~~^~~~~~~~\x1b[m\x1b[K\n'}
[0.502062] (CommunicationCenter) StderrLine: {'line': b'\x1b[01m\x1b[K/home/albusgive/rlfw/rlfw_deploy/src/CommunicationCenter/motor_driver/STWMotor.h:109:49:\x1b[m\x1b[K \x1b[01;35m\x1b[Kwarning: \x1b[m\x1b[Kunused parameter \xe2\x80\x98\x1b[01m\x1b[Kvel\x1b[m\x1b[K\xe2\x80\x99 [\x1b[01;35m\x1b[K\x1b]8;;https://gcc.gnu.org/onlinedocs/gcc/Warning-Options.html#index-Wunused-parameter\x07-Wunused-parameter\x1b]8;;\x07\x1b[m\x1b[K]\n'}
[0.502083] (CommunicationCenter) StderrLine: {'line': b'  109 |   STWCANMsg *setSafeVel(uint8_t motor_id, \x1b[01;35m\x1b[Kfloat vel\x1b[m\x1b[K) override {\n'}
[0.502103] (CommunicationCenter) StderrLine: {'line': b'      |                                           \x1b[01;35m\x1b[K~~~~~~^~~\x1b[m\x1b[K\n'}
[0.600969] (-) TimerEvent: {}
[0.701277] (-) TimerEvent: {}
[0.801610] (-) TimerEvent: {}
[0.901929] (-) TimerEvent: {}
[1.002198] (-) TimerEvent: {}
[1.102520] (-) TimerEvent: {}
[1.202823] (-) TimerEvent: {}
[1.303112] (-) TimerEvent: {}
[1.403441] (-) TimerEvent: {}
[1.503756] (-) TimerEvent: {}
[1.604091] (-) TimerEvent: {}
[1.704438] (-) TimerEvent: {}
[1.804731] (-) TimerEvent: {}
[1.905021] (-) TimerEvent: {}
[2.005329] (-) TimerEvent: {}
[2.105638] (-) TimerEvent: {}
[2.205964] (-) TimerEvent: {}
[2.306301] (-) TimerEvent: {}
[2.406623] (-) TimerEvent: {}
[2.506960] (-) TimerEvent: {}
[2.607285] (-) TimerEvent: {}
[2.707591] (-) TimerEvent: {}
[2.807915] (-) TimerEvent: {}
[2.908240] (-) TimerEvent: {}
[3.008564] (-) TimerEvent: {}
[3.108906] (-) TimerEvent: {}
[3.209250] (-) TimerEvent: {}
[3.309574] (-) TimerEvent: {}
[3.409908] (-) TimerEvent: {}
[3.510243] (-) TimerEvent: {}
[3.610483] (-) TimerEvent: {}
[3.710784] (-) TimerEvent: {}
[3.811092] (-) TimerEvent: {}
[3.911406] (-) TimerEvent: {}
[4.011715] (-) TimerEvent: {}
[4.112027] (-) TimerEvent: {}
[4.117710] (CommunicationCenter) StderrLine: {'line': b'\x1b[01m\x1b[K/home/albusgive/rlfw/rlfw_deploy/src/CommunicationCenter/src/CommunicationCenter.cpp:\x1b[m\x1b[K In member function \xe2\x80\x98\x1b[01m\x1b[Kvoid CommunicationCenter::\x1b[01;32m\x1b[KsendMotor\x1b[m\x1b[K(std::shared_ptr<rlfw_msgs::msg::JointCtrl_<std::allocator<void> > >)\x1b[m\x1b[K\xe2\x80\x99:\n'}
[4.117806] (CommunicationCenter) StderrLine: {'line': b'\x1b[01m\x1b[K/home/albusgive/rlfw/rlfw_deploy/src/CommunicationCenter/src/CommunicationCenter.cpp:201:23:\x1b[m\x1b[K \x1b[01;35m\x1b[Kwarning: \x1b[m\x1b[Kthis statement may fall through [\x1b[01;35m\x1b[K\x1b]8;;https://gcc.gnu.org/onlinedocs/gcc/Warning-Options.html#index-Wimplicit-fallthrough=\x07-Wimplicit-fallthrough=\x1b]8;;\x07\x1b[m\x1b[K]\n'}
[4.117844] (CommunicationCenter) StderrLine: {'line': b'  201 |     \x1b[01;35m\x1b[Kmotor->enableMotor(true)\x1b[m\x1b[K;\n'}
[4.117877] (CommunicationCenter) StderrLine: {'line': b'      |     \x1b[01;35m\x1b[K~~~~~~~~~~~~~~~~~~^~~~~~\x1b[m\x1b[K\n'}
[4.117902] (CommunicationCenter) StderrLine: {'line': b'\x1b[01m\x1b[K/home/albusgive/rlfw/rlfw_deploy/src/CommunicationCenter/src/CommunicationCenter.cpp:203:3:\x1b[m\x1b[K \x1b[01;36m\x1b[Knote: \x1b[m\x1b[Khere\n'}
[4.117928] (CommunicationCenter) StderrLine: {'line': b'  203 |   \x1b[01;36m\x1b[Kcase\x1b[m\x1b[K MotorCtrlType::DISABLE: {\n'}
[4.117949] (CommunicationCenter) StderrLine: {'line': b'      |   \x1b[01;36m\x1b[K^~~~\x1b[m\x1b[K\n'}
[4.212115] (-) TimerEvent: {}
[4.312449] (-) TimerEvent: {}
[4.412714] (-) TimerEvent: {}
[4.512993] (-) TimerEvent: {}
[4.613318] (-) TimerEvent: {}
[4.713574] (-) TimerEvent: {}
[4.813881] (-) TimerEvent: {}
[4.914085] (-) TimerEvent: {}
[5.014305] (-) TimerEvent: {}
[5.114622] (-) TimerEvent: {}
[5.214930] (-) TimerEvent: {}
[5.315236] (-) TimerEvent: {}
[5.415521] (-) TimerEvent: {}
[5.515809] (-) TimerEvent: {}
[5.616100] (-) TimerEvent: {}
[5.716382] (-) TimerEvent: {}
[5.816666] (-) TimerEvent: {}
[5.916949] (-) TimerEvent: {}
[6.017229] (-) TimerEvent: {}
[6.117453] (-) TimerEvent: {}
[6.217732] (-) TimerEvent: {}
[6.318017] (-) TimerEvent: {}
[6.418292] (-) TimerEvent: {}
[6.518582] (-) TimerEvent: {}
[6.618858] (-) TimerEvent: {}
[6.719062] (-) TimerEvent: {}
[6.819373] (-) TimerEvent: {}
[6.919686] (-) TimerEvent: {}
[7.019891] (-) TimerEvent: {}
[7.120181] (-) TimerEvent: {}
[7.220467] (-) TimerEvent: {}
[7.320750] (-) TimerEvent: {}
[7.420947] (-) TimerEvent: {}
[7.521173] (-) TimerEvent: {}
[7.621394] (-) TimerEvent: {}
[7.721614] (-) TimerEvent: {}
[7.821926] (-) TimerEvent: {}
[7.922163] (-) TimerEvent: {}
[8.022398] (-) TimerEvent: {}
[8.122705] (-) TimerEvent: {}
[8.223057] (-) TimerEvent: {}
[8.323426] (-) TimerEvent: {}
[8.423683] (-) TimerEvent: {}
[8.501088] (CommunicationCenter) StdoutLine: {'line': b'[ 58%] \x1b[32m\x1b[1mLinking CXX executable CommunicationCenter\x1b[0m\n'}
[8.523862] (-) TimerEvent: {}
[8.624101] (-) TimerEvent: {}
[8.724423] (-) TimerEvent: {}
[8.824771] (-) TimerEvent: {}
[8.925072] (-) TimerEvent: {}
[8.978440] (CommunicationCenter) StdoutLine: {'line': b'[100%] Built target CommunicationCenter\n'}
[8.986557] (CommunicationCenter) CommandEnded: {'returncode': 0}
[8.987155] (CommunicationCenter) JobProgress: {'identifier': 'CommunicationCenter', 'progress': 'install'}
[8.993589] (CommunicationCenter) Command: {'cmd': ['/usr/bin/cmake', '--install', '/home/albusgive/rlfw/rlfw_deploy/build/CommunicationCenter'], 'cwd': '/home/albusgive/rlfw/rlfw_deploy/build/CommunicationCenter', 'env': OrderedDict([('LESSOPEN', '| /usr/bin/lesspipe %s'), ('HTTPS_PROXY', 'http://127.0.0.1:7897/'), ('no_proxy', 'localhost,127.0.0.1,192.168.0.0/16,10.0.0.0/8,172.16.0.0/12,172.29.0.0/16,::1'), ('LANGUAGE', 'zh_CN:zh'), ('USER', 'albusgive'), ('all_proxy', 'socks://127.0.0.1:7897/'), ('XDG_SESSION_TYPE', 'wayland'), ('GIT_ASKPASS', '/usr/share/code/resources/app/extensions/git/dist/askpass.sh'), ('SHLVL', '2'), ('LD_LIBRARY_PATH', '/home/albusgive/Qt/6.9.0/gcc_64/lib:/opt/rocm/lib:/home/albusgive/Qt/6.9.0/gcc_64/lib:/home/albusgive/rlfw/rlfw_interface/install/rlfw_msgs/lib:/opt/rocm/lib:/opt/ros/humble/opt/rviz_ogre_vendor/lib:/opt/ros/humble/lib/x86_64-linux-gnu:/opt/ros/humble/lib'), ('HOME', '/home/albusgive'), ('CHROME_DESKTOP', 'code.desktop'), ('CONDA_SHLVL', '0'), ('OLDPWD', '/home/albusgive/rlfw/rlfw_deploy/src'), ('TERM_PROGRAM_VERSION', '1.97.0'), ('DESKTOP_SESSION', 'ubuntu'), ('NO_PROXY', 'localhost,127.0.0.1,192.168.0.0/16,10.0.0.0/8,172.16.0.0/12,172.29.0.0/16,::1'), ('ROS_PYTHON_VERSION', '3'), ('GNOME_SHELL_SESSION_MODE', 'ubuntu'), ('GTK_MODULES', 'gail:atk-bridge'), ('VSCODE_GIT_ASKPASS_MAIN', '/usr/share/code/resources/app/extensions/git/dist/askpass-main.js'), ('VSCODE_GIT_ASKPASS_NODE', '/usr/share/code/code'), ('DBUS_STARTER_BUS_TYPE', 'session'), ('SYSTEMD_EXEC_PID', '2225'), ('DBUS_SESSION_BUS_ADDRESS', 'unix:path=/run/user/1000/bus,guid=00b124f75750c3840f2623ad683d95a5'), ('COLORTERM', 'truecolor'), ('_CE_M', ''), ('IM_CONFIG_PHASE', '1'), ('WAYLAND_DISPLAY', 'wayland-0'), ('https_proxy', 'http://127.0.0.1:7897'), ('COLCON_PREFIX_PATH', '/home/albusgive/rlfw/rlfw_deploy/install:/home/albusgive/rlfw/rlfw_interface/install'), ('ROS_DISTRO', 'humble'), ('LOGNAME', 'albusgive'), ('ALL_PROXY', 'socks://127.0.0.1:7897/'), ('http_proxy', 'http://127.0.0.1:7897'), ('_', '/usr/bin/colcon'), ('ROS_VERSION', '2'), ('XDG_SESSION_CLASS', 'user'), ('USERNAME', 'albusgive'), ('TERM', 'xterm-256color'), ('GNOME_DESKTOP_SESSION_ID', 'this-is-deprecated'), ('_CE_CONDA', ''), ('ROS_LOCALHOST_ONLY', '0'), ('PATH', '/home/albusgive/Qt/6.9.0/gcc_64/bin:/home/albusgive/Qt/6.9.0/gcc_64/bin:/opt/ros/humble/bin:/home/albusgive/anaconda3/condabin:/usr/local/sbin:/usr/local/bin:/usr/sbin:/usr/bin:/sbin:/bin:/usr/games:/usr/local/games:/snap/bin:/snap/bin'), ('SESSION_MANAGER', 'local/albusgive:@/tmp/.ICE-unix/2225,unix/albusgive:/tmp/.ICE-unix/2225'), ('XDG_MENU_PREFIX', 'gnome-'), ('GNOME_TERMINAL_SCREEN', '/org/gnome/Terminal/screen/cec30dda_8922_4487_9fcf_e037776dbbff'), ('GNOME_SETUP_DISPLAY', ':1'), ('XDG_RUNTIME_DIR', '/run/user/1000'), ('GDK_BACKEND', 'x11'), ('DISPLAY', ':0'), ('LANG', 'zh_CN.UTF-8'), ('XDG_CURRENT_DESKTOP', 'Unity'), ('ROCM_PATH', '/opt/rocm'), ('XMODIFIERS', '@im=ibus'), ('XDG_SESSION_DESKTOP', 'ubuntu'), ('XAUTHORITY', '/run/user/1000/.mutter-Xwaylandauth.UKGL72'), ('LS_COLORS', 'rs=0:di=01;34:ln=01;36:mh=00:pi=40;33:so=01;35:do=01;35:bd=40;33;01:cd=40;33;01:or=40;31;01:mi=00:su=37;41:sg=30;43:ca=30;41:tw=30;42:ow=34;42:st=37;44:ex=01;32:*.tar=01;31:*.tgz=01;31:*.arc=01;31:*.arj=01;31:*.taz=01;31:*.lha=01;31:*.lz4=01;31:*.lzh=01;31:*.lzma=01;31:*.tlz=01;31:*.txz=01;31:*.tzo=01;31:*.t7z=01;31:*.zip=01;31:*.z=01;31:*.dz=01;31:*.gz=01;31:*.lrz=01;31:*.lz=01;31:*.lzo=01;31:*.xz=01;31:*.zst=01;31:*.tzst=01;31:*.bz2=01;31:*.bz=01;31:*.tbz=01;31:*.tbz2=01;31:*.tz=01;31:*.deb=01;31:*.rpm=01;31:*.jar=01;31:*.war=01;31:*.ear=01;31:*.sar=01;31:*.rar=01;31:*.alz=01;31:*.ace=01;31:*.zoo=01;31:*.cpio=01;31:*.7z=01;31:*.rz=01;31:*.cab=01;31:*.wim=01;31:*.swm=01;31:*.dwm=01;31:*.esd=01;31:*.jpg=01;35:*.jpeg=01;35:*.mjpg=01;35:*.mjpeg=01;35:*.gif=01;35:*.bmp=01;35:*.pbm=01;35:*.pgm=01;35:*.ppm=01;35:*.tga=01;35:*.xbm=01;35:*.xpm=01;35:*.tif=01;35:*.tiff=01;35:*.png=01;35:*.svg=01;35:*.svgz=01;35:*.mng=01;35:*.pcx=01;35:*.mov=01;35:*.mpg=01;35:*.mpeg=01;35:*.m2v=01;35:*.mkv=01;35:*.webm=01;35:*.webp=01;35:*.ogm=01;35:*.mp4=01;35:*.m4v=01;35:*.mp4v=01;35:*.vob=01;35:*.qt=01;35:*.nuv=01;35:*.wmv=01;35:*.asf=01;35:*.rm=01;35:*.rmvb=01;35:*.flc=01;35:*.avi=01;35:*.fli=01;35:*.flv=01;35:*.gl=01;35:*.dl=01;35:*.xcf=01;35:*.xwd=01;35:*.yuv=01;35:*.cgm=01;35:*.emf=01;35:*.ogv=01;35:*.ogx=01;35:*.aac=00;36:*.au=00;36:*.flac=00;36:*.m4a=00;36:*.mid=00;36:*.midi=00;36:*.mka=00;36:*.mp3=00;36:*.mpc=00;36:*.ogg=00;36:*.ra=00;36:*.wav=00;36:*.oga=00;36:*.opus=00;36:*.spx=00;36:*.xspf=00;36:'), ('VSCODE_GIT_IPC_HANDLE', '/run/user/1000/vscode-git-a3b7cadb31.sock'), ('GNOME_TERMINAL_SERVICE', ':1.131'), ('TERM_PROGRAM', 'vscode'), ('SSH_AGENT_LAUNCHER', 'gnome-keyring'), ('SSH_AUTH_SOCK', '/run/user/1000/keyring/ssh'), ('AMENT_PREFIX_PATH', '/home/albusgive/rlfw/rlfw_deploy/install/CommunicationCenter:/home/albusgive/rlfw/rlfw_interface/install/rlfw_msgs:/opt/ros/humble'), ('CONDA_PYTHON_EXE', '/home/albusgive/anaconda3/bin/python'), ('ORIGINAL_XDG_CURRENT_DESKTOP', 'ubuntu:GNOME'), ('SHELL', '/bin/bash'), ('QT_ACCESSIBILITY', '1'), ('GDMSESSION', 'ubuntu'), ('LESSCLOSE', '/usr/bin/lesspipe %s %s'), ('VSCODE_GIT_ASKPASS_EXTRA_ARGS', ''), ('QT_IM_MODULE', 'ibus'), ('PWD', '/home/albusgive/rlfw/rlfw_deploy/build/CommunicationCenter'), ('XDG_CONFIG_DIRS', '/etc/xdg/xdg-ubuntu:/etc/xdg'), ('CONDA_EXE', '/home/albusgive/anaconda3/bin/conda'), ('DBUS_STARTER_ADDRESS', 'unix:path=/run/user/1000/bus,guid=00b124f75750c3840f2623ad683d95a5'), ('XDG_DATA_DIRS', '/usr/share/ubuntu:/usr/local/share/:/usr/share/:/var/lib/snapd/desktop'), ('PYTHONPATH', '/home/albusgive/rlfw/rlfw_interface/install/rlfw_msgs/local/lib/python3.10/dist-packages:/opt/ros/humble/lib/python3.10/site-packages:/opt/ros/humble/local/lib/python3.10/dist-packages'), ('HTTP_PROXY', 'http://127.0.0.1:7897/'), ('COLCON', '1'), ('VTE_VERSION', '6800'), ('CMAKE_PREFIX_PATH', '/home/albusgive/rlfw/rlfw_deploy/install/CommunicationCenter:/home/albusgive/rlfw/rlfw_interface/install/rlfw_msgs:/opt/ros/humble')]), 'shell': False}
[8.998116] (CommunicationCenter) StdoutLine: {'line': b'-- Install configuration: ""\n'}
[8.998255] (CommunicationCenter) StdoutLine: {'line': b'-- Installing: /home/albusgive/rlfw/rlfw_deploy/install/CommunicationCenter/lib/CommunicationCenter/CommunicationCenter\n'}
[9.003597] (CommunicationCenter) StdoutLine: {'line': b'-- Set runtime path of "/home/albusgive/rlfw/rlfw_deploy/install/CommunicationCenter/lib/CommunicationCenter/CommunicationCenter" to ""\n'}
[9.003630] (CommunicationCenter) StdoutLine: {'line': b'-- Installing: /home/albusgive/rlfw/rlfw_deploy/install/CommunicationCenter/share/robot_cfg.xml\n'}
[9.003665] (CommunicationCenter) StdoutLine: {'line': b'-- Up-to-date: /home/albusgive/rlfw/rlfw_deploy/install/CommunicationCenter/share/ament_index/resource_index/package_run_dependencies/CommunicationCenter\n'}
[9.003713] (CommunicationCenter) StdoutLine: {'line': b'-- Up-to-date: /home/albusgive/rlfw/rlfw_deploy/install/CommunicationCenter/share/ament_index/resource_index/parent_prefix_path/CommunicationCenter\n'}
[9.003739] (CommunicationCenter) StdoutLine: {'line': b'-- Up-to-date: /home/albusgive/rlfw/rlfw_deploy/install/CommunicationCenter/share/CommunicationCenter/environment/ament_prefix_path.sh\n'}
[9.003763] (CommunicationCenter) StdoutLine: {'line': b'-- Up-to-date: /home/albusgive/rlfw/rlfw_deploy/install/CommunicationCenter/share/CommunicationCenter/environment/ament_prefix_path.dsv\n'}
[9.003801] (CommunicationCenter) StdoutLine: {'line': b'-- Up-to-date: /home/albusgive/rlfw/rlfw_deploy/install/CommunicationCenter/share/CommunicationCenter/environment/path.sh\n'}
[9.003824] (CommunicationCenter) StdoutLine: {'line': b'-- Up-to-date: /home/albusgive/rlfw/rlfw_deploy/install/CommunicationCenter/share/CommunicationCenter/environment/path.dsv\n'}
[9.003847] (CommunicationCenter) StdoutLine: {'line': b'-- Up-to-date: /home/albusgive/rlfw/rlfw_deploy/install/CommunicationCenter/share/CommunicationCenter/local_setup.bash\n'}
[9.003875] (CommunicationCenter) StdoutLine: {'line': b'-- Up-to-date: /home/albusgive/rlfw/rlfw_deploy/install/CommunicationCenter/share/CommunicationCenter/local_setup.sh\n'}
[9.003899] (CommunicationCenter) StdoutLine: {'line': b'-- Up-to-date: /home/albusgive/rlfw/rlfw_deploy/install/CommunicationCenter/share/CommunicationCenter/local_setup.zsh\n'}
[9.003921] (CommunicationCenter) StdoutLine: {'line': b'-- Up-to-date: /home/albusgive/rlfw/rlfw_deploy/install/CommunicationCenter/share/CommunicationCenter/local_setup.dsv\n'}
[9.003944] (CommunicationCenter) StdoutLine: {'line': b'-- Installing: /home/albusgive/rlfw/rlfw_deploy/install/CommunicationCenter/share/CommunicationCenter/package.dsv\n'}
[9.003977] (CommunicationCenter) StdoutLine: {'line': b'-- Up-to-date: /home/albusgive/rlfw/rlfw_deploy/install/CommunicationCenter/share/ament_index/resource_index/packages/CommunicationCenter\n'}
[9.004016] (CommunicationCenter) StdoutLine: {'line': b'-- Up-to-date: /home/albusgive/rlfw/rlfw_deploy/install/CommunicationCenter/share/CommunicationCenter/cmake/CommunicationCenterConfig.cmake\n'}
[9.004041] (CommunicationCenter) StdoutLine: {'line': b'-- Up-to-date: /home/albusgive/rlfw/rlfw_deploy/install/CommunicationCenter/share/CommunicationCenter/cmake/CommunicationCenterConfig-version.cmake\n'}
[9.004063] (CommunicationCenter) StdoutLine: {'line': b'-- Up-to-date: /home/albusgive/rlfw/rlfw_deploy/install/CommunicationCenter/share/CommunicationCenter/package.xml\n'}
[9.004100] (CommunicationCenter) StdoutLine: {'line': b'-- Up-to-date: /home/albusgive/rlfw/rlfw_deploy/install/CommunicationCenter/lib/libtinyxml2.a\n'}
[9.004122] (CommunicationCenter) StdoutLine: {'line': b'-- Up-to-date: /home/albusgive/rlfw/rlfw_deploy/install/CommunicationCenter/lib/cmake/tinyxml2/tinyxml2-static-targets.cmake\n'}
[9.004144] (CommunicationCenter) StdoutLine: {'line': b'-- Up-to-date: /home/albusgive/rlfw/rlfw_deploy/install/CommunicationCenter/lib/cmake/tinyxml2/tinyxml2-static-targets-noconfig.cmake\n'}
[9.004182] (CommunicationCenter) StdoutLine: {'line': b'-- Up-to-date: /home/albusgive/rlfw/rlfw_deploy/install/CommunicationCenter/lib/cmake/tinyxml2/tinyxml2-config.cmake\n'}
[9.004204] (CommunicationCenter) StdoutLine: {'line': b'-- Up-to-date: /home/albusgive/rlfw/rlfw_deploy/install/CommunicationCenter/lib/cmake/tinyxml2/tinyxml2-config-version.cmake\n'}
[9.004225] (CommunicationCenter) StdoutLine: {'line': b'-- Up-to-date: /home/albusgive/rlfw/rlfw_deploy/install/CommunicationCenter/include/tinyxml2.h\n'}
[9.004244] (CommunicationCenter) StdoutLine: {'line': b'-- Up-to-date: /home/albusgive/rlfw/rlfw_deploy/install/CommunicationCenter/lib/pkgconfig/tinyxml2.pc\n'}
[9.005062] (CommunicationCenter) CommandEnded: {'returncode': 0}
[9.021948] (CommunicationCenter) JobEnded: {'identifier': 'CommunicationCenter', 'rc': 0}
[9.024916] (-) EventReactorShutdown: {}
